#
# A fatal error has been detected by the Java Runtime Environment:
#
#  EXCEPTION_INT_DIVIDE_BY_ZERO (0xc0000094) at pc=0x0000026be2290009, pid=27364, tid=24960
#
# JRE version: OpenJDK Runtime Environment Zulu24.32+13-CA (24.0.2+12) (build 24.0.2+12)
# Java VM: OpenJDK 64-Bit Server VM Zulu24.32+13-CA (24.0.2+12, mixed mode, sharing, tiered, compressed oops, compressed class ptrs, g1 gc, windows-amd64)
# Problematic frame:
# C  0x0000026be2290009
#
# No core dump will be written. Minidumps are not enabled by default on client versions of Windows
#
# If you would like to submit a bug report, please visit:
#   http://www.azul.com/support/
# The crash happened outside the Java Virtual Machine in native code.
# See problematic frame for where to report the bug.
#

---------------  S U M M A R Y ------------

Command Line: -Dorg.gradle.internal.worker.tmpdir=C:\src\kgen\examples\lang\build\tmp\test\work --enable-native-access=ALL-UNNAMED -Xmx512m -Dfile.encoding=UTF-8 -Duser.country=US -Duser.language=en -Duser.variant -ea worker.org.gradle.process.internal.worker.GradleWorkerMain 'Gradle Test Executor 1'

Host: AMD Ryzen 7 7840HS w/ Radeon 780M Graphics     , 16 cores, 25G,  Windows 11 , 64 bit Build 26100 (10.0.26100.3323)
Time: Sat Mar  7 12:53:59 2026 Pacific Standard Time elapsed time: 1.214860 seconds (0d 0h 0m 1s)

---------------  T H R E A D  ---------------

Current thread (0x0000026bfa0b06b0):  JavaThread "Test worker"        [_thread_in_native, id=24960, stack(0x0000008507600000,0x0000008507700000) (1024K)]

Stack: [0x0000008507600000,0x0000008507700000],  sp=0x00000085076fbaa0,  free space=1006k
Native frames: (J=compiled Java code, j=interpreted, Vv=VM code, C=native code)
C  0x0000026be2290009  (no source info available)

Java frames: (J=compiled Java code, j=interpreted, Vv=VM code)
v  ~RuntimeStub::nep_invoker_blob 0x0000026b901b2fe8
j  java.lang.invoke.LambdaForm$MH+0x0000026b9a194400.invoke(Ljava/lang/Object;JJJ)J+12 java.base@24.0.2
j  java.lang.invoke.LambdaForm$MH+0x0000026b9a18f000.invokeExact_MT(Ljava/lang/Object;JJJLjava/lang/Object;)J+23 java.base@24.0.2
j  jdk.internal.foreign.abi.DowncallStub+0x0000026b9a194800.invoke(Ljava/lang/foreign/SegmentAllocator;Ljava/lang/foreign/MemorySegment;JJ)J+52 java.base@24.0.2
j  java.lang.invoke.LambdaForm$DMH+0x0000026b9a194c00.invokeStatic(Ljava/lang/Object;Ljava/lang/Object;Ljava/lang/Object;JJ)J+16 java.base@24.0.2
j  java.lang.invoke.LambdaForm$MH+0x0000026b9a197000.invoke(Ljava/lang/Object;JJ)Ljava/lang/Object;+50 java.base@24.0.2
j  java.lang.invoke.LambdaForm$MH+0x0000026b9a196c00.invoke_MT(Ljava/lang/Object;JJLjava/lang/Object;)Ljava/lang/Object;+23 java.base@24.0.2
j  org.kgen.jit.JitEngine$Companion.invokeHandle(Ljava/lang/invoke/MethodHandle;[J)Ljava/lang/Object;+68
j  org.kgen.jit.JitEngine$Companion.access$invokeHandle(Lorg/kgen/jit/JitEngine$Companion;Ljava/lang/invoke/MethodHandle;[J)Ljava/lang/Object;+3
j  org.kgen.jit.JitEngine.call(Ljava/lang/String;[J)J+88
j  org.kgen.examples.lang.JitRunner.run(Ljava/lang/String;Ljava/lang/String;[J)J+35
j  org.kgen.examples.lang.JitRunnerTest.divisionTruncates()V+53
j  java.lang.invoke.DirectMethodHandle$Holder.invokeSpecial(Ljava/lang/Object;Ljava/lang/Object;)V+10 java.base@24.0.2
j  java.lang.invoke.LambdaForm$MH+0x0000026b9a089000.invoke(Ljava/lang/Object;Ljava/lang/Object;)Ljava/lang/Object;+31 java.base@24.0.2
J 1743 c1 java.lang.invoke.Invokers$Holder.invokeExact_MT(Ljava/lang/Object;Ljava/lang/Object;Ljava/lang/Object;)Ljava/lang/Object; java.base@24.0.2 (23 bytes) @ 0x0000026b88d1bd5c [0x0000026b88d1b780+0x00000000000005dc]
j  jdk.internal.reflect.DirectMethodHandleAccessor.invokeImpl(Ljava/lang/Object;[Ljava/lang/Object;)Ljava/lang/Object;+41 java.base@24.0.2
j  jdk.internal.reflect.DirectMethodHandleAccessor.invoke(Ljava/lang/Object;[Ljava/lang/Object;)Ljava/lang/Object;+23 java.base@24.0.2
j  java.lang.reflect.Method.invoke(Ljava/lang/Object;[Ljava/lang/Object;)Ljava/lang/Object;+102 java.base@24.0.2
j  org.junit.platform.commons.util.ReflectionUtils.invokeMethod(Ljava/lang/reflect/Method;Ljava/lang/Object;[Ljava/lang/Object;)Ljava/lang/Object;+42
j  org.junit.jupiter.engine.execution.MethodInvocation.proceed()Ljava/lang/Object;+16
j  org.junit.jupiter.engine.execution.InvocationInterceptorChain$ValidatingInvocation.proceed()Ljava/lang/Object;+8
j  org.junit.jupiter.engine.extension.TimeoutExtension.intercept(Lorg/junit/jupiter/api/extension/InvocationInterceptor$Invocation;Lorg/junit/jupiter/api/extension/ReflectiveInvocationContext;Lorg/junit/jupiter/api/extension/ExtensionContext;Lorg/junit/jupiter/engine/extension/TimeoutDuration;Lorg/junit/jupiter/engine/extension/TimeoutExtension$TimeoutProvider;)Ljava/lang/Object;+28
j  org.junit.jupiter.engine.extension.TimeoutExtension.interceptTestableMethod(Lorg/junit/jupiter/api/extension/InvocationInterceptor$Invocation;Lorg/junit/jupiter/api/extension/ReflectiveInvocationContext;Lorg/junit/jupiter/api/extension/ExtensionContext;Lorg/junit/jupiter/engine/extension/TimeoutExtension$TimeoutProvider;)Ljava/lang/Object;+31
j  org.junit.jupiter.engine.extension.TimeoutExtension.interceptTestMethod(Lorg/junit/jupiter/api/extension/InvocationInterceptor$Invocation;Lorg/junit/jupiter/api/extension/ReflectiveInvocationContext;Lorg/junit/jupiter/api/extension/ExtensionContext;)V+9
j  org.junit.jupiter.engine.descriptor.TestMethodTestDescriptor$$Lambda+0x0000026b9a0bf6d0.apply(Lorg/junit/jupiter/api/extension/InvocationInterceptor;Lorg/junit/jupiter/api/extension/InvocationInterceptor$Invocation;Lorg/junit/jupiter/api/extension/ReflectiveInvocationContext;Lorg/junit/jupiter/api/extension/ExtensionContext;)V+5
j  org.junit.jupiter.engine.execution.InterceptingExecutableInvoker$ReflectiveInterceptorCall.lambda$ofVoidMethod$0(Lorg/junit/jupiter/engine/execution/InterceptingExecutableInvoker$ReflectiveInterceptorCall$VoidMethodInterceptorCall;Lorg/junit/jupiter/api/extension/InvocationInterceptor;Lorg/junit/jupiter/api/extension/InvocationInterceptor$Invocation;Lorg/junit/jupiter/api/extension/ReflectiveInvocationContext;Lorg/junit/jupiter/api/extension/ExtensionContext;)Ljava/lang/Void;+6
j  org.junit.jupiter.engine.execution.InterceptingExecutableInvoker$ReflectiveInterceptorCall$$Lambda+0x0000026b9a0bf900.apply(Lorg/junit/jupiter/api/extension/InvocationInterceptor;Lorg/junit/jupiter/api/extension/InvocationInterceptor$Invocation;Lorg/junit/jupiter/api/extension/ReflectiveInvocationContext;Lorg/junit/jupiter/api/extension/ExtensionContext;)Ljava/lang/Object;+9
j  org.junit.jupiter.engine.execution.InterceptingExecutableInvoker.lambda$invoke$0(Lorg/junit/jupiter/engine/execution/InterceptingExecutableInvoker$ReflectiveInterceptorCall;Lorg/junit/jupiter/api/extension/ReflectiveInvocationContext;Lorg/junit/jupiter/api/extension/ExtensionContext;Lorg/junit/jupiter/api/extension/InvocationInterceptor;Lorg/junit/jupiter/api/extension/InvocationInterceptor$Invocation;)Ljava/lang/Object;+6
j  org.junit.jupiter.engine.execution.InterceptingExecutableInvoker$$Lambda+0x0000026b9a126820.apply(Lorg/junit/jupiter/api/extension/InvocationInterceptor;Lorg/junit/jupiter/api/extension/InvocationInterceptor$Invocation;)Ljava/lang/Object;+14
j  org.junit.jupiter.engine.execution.InvocationInterceptorChain$InterceptedInvocation.proceed()Ljava/lang/Object;+12
j  org.junit.jupiter.engine.execution.InvocationInterceptorChain.proceed(Lorg/junit/jupiter/api/extension/InvocationInterceptor$Invocation;)Ljava/lang/Object;+1
j  org.junit.jupiter.engine.execution.InvocationInterceptorChain.chainAndInvoke(Lorg/junit/jupiter/api/extension/InvocationInterceptor$Invocation;Lorg/junit/jupiter/engine/execution/InvocationInterceptorChain$InterceptorCall;Ljava/util/List;)Ljava/lang/Object;+24
j  org.junit.jupiter.engine.execution.InvocationInterceptorChain.invoke(Lorg/junit/jupiter/api/extension/InvocationInterceptor$Invocation;Lorg/junit/jupiter/engine/extension/ExtensionRegistry;Lorg/junit/jupiter/engine/execution/InvocationInterceptorChain$InterceptorCall;)Ljava/lang/Object;+31
j  org.junit.jupiter.engine.execution.InterceptingExecutableInvoker.invoke(Lorg/junit/jupiter/api/extension/InvocationInterceptor$Invocation;Lorg/junit/jupiter/api/extension/ReflectiveInvocationContext;Lorg/junit/jupiter/api/extension/ExtensionContext;Lorg/junit/jupiter/engine/extension/ExtensionRegistry;Lorg/junit/jupiter/engine/execution/InterceptingExecutableInvoker$ReflectiveInterceptorCall;)Ljava/lang/Object;+15
j  org.junit.jupiter.engine.execution.InterceptingExecutableInvoker.invoke(Ljava/lang/reflect/Method;Ljava/lang/Object;Lorg/junit/jupiter/api/extension/ExtensionContext;Lorg/junit/jupiter/engine/extension/ExtensionRegistry;Lorg/junit/jupiter/engine/execution/InterceptingExecutableInvoker$ReflectiveInterceptorCall;)Ljava/lang/Object;+55
j  org.junit.jupiter.engine.descriptor.TestMethodTestDescriptor.lambda$invokeTestMethod$7(Lorg/junit/jupiter/api/extension/ExtensionContext;Lorg/junit/jupiter/engine/execution/JupiterEngineExecutionContext;)V+28
j  org.junit.jupiter.engine.descriptor.TestMethodTestDescriptor$$Lambda+0x0000026b9a122910.execute()V+12
J 2506 c1 org.junit.platform.engine.support.hierarchical.ThrowableCollector.execute(Lorg/junit/platform/engine/support/hierarchical/ThrowableCollector$Executable;)V (20 bytes) @ 0x0000026b88e79ff4 [0x0000026b88e79ee0+0x0000000000000114]
j  org.junit.jupiter.engine.descriptor.TestMethodTestDescriptor.invokeTestMethod(Lorg/junit/jupiter/engine/execution/JupiterEngineExecutionContext;Lorg/junit/platform/engine/support/hierarchical/Node$DynamicTestExecutor;)V+21
j  org.junit.jupiter.engine.descriptor.TestMethodTestDescriptor.execute(Lorg/junit/jupiter/engine/execution/JupiterEngineExecutionContext;Lorg/junit/platform/engine/support/hierarchical/Node$DynamicTestExecutor;)Lorg/junit/jupiter/engine/execution/JupiterEngineExecutionContext;+44
j  org.junit.jupiter.engine.descriptor.TestMethodTestDescriptor.execute(Lorg/junit/platform/engine/support/hierarchical/EngineExecutionContext;Lorg/junit/platform/engine/support/hierarchical/Node$DynamicTestExecutor;)Lorg/junit/platform/engine/support/hierarchical/EngineExecutionContext;+6
j  org.junit.platform.engine.support.hierarchical.NodeTestTask.lambda$executeRecursively$6()V+79
j  org.junit.platform.engine.support.hierarchical.NodeTestTask$$Lambda+0x0000026b9a117d20.execute()V+4
J 2506 c1 org.junit.platform.engine.support.hierarchical.ThrowableCollector.execute(Lorg/junit/platform/engine/support/hierarchical/ThrowableCollector$Executable;)V (20 bytes) @ 0x0000026b88e79ff4 [0x0000026b88e79ee0+0x0000000000000114]
j  org.junit.platform.engine.support.hierarchical.NodeTestTask.lambda$executeRecursively$8(Lorg/junit/platform/engine/support/hierarchical/EngineExecutionContext;)V+15
j  org.junit.platform.engine.support.hierarchical.NodeTestTask$$Lambda+0x0000026b9a117ae8.invoke(Lorg/junit/platform/engine/support/hierarchical/EngineExecutionContext;)V+5
j  org.junit.platform.engine.support.hierarchical.Node.around(Lorg/junit/platform/engine/support/hierarchical/EngineExecutionContext;Lorg/junit/platform/engine/support/hierarchical/Node$Invocation;)V+2
j  org.junit.platform.engine.support.hierarchical.NodeTestTask.lambda$executeRecursively$9()V+14
j  org.junit.platform.engine.support.hierarchical.NodeTestTask$$Lambda+0x0000026b9a1178b0.execute()V+4
J 2506 c1 org.junit.platform.engine.support.hierarchical.ThrowableCollector.execute(Lorg/junit/platform/engine/support/hierarchical/ThrowableCollector$Executable;)V (20 bytes) @ 0x0000026b88e79ff4 [0x0000026b88e79ee0+0x0000000000000114]
j  org.junit.platform.engine.support.hierarchical.NodeTestTask.executeRecursively()V+31
j  org.junit.platform.engine.support.hierarchical.NodeTestTask.execute()V+55
j  org.junit.platform.engine.support.hierarchical.SameThreadHierarchicalTestExecutorService$$Lambda+0x0000026b9a115930.accept(Ljava/lang/Object;)V+4
J 2069 c1 java.util.ArrayList.forEach(Ljava/util/function/Consumer;)V java.base@24.0.2 (74 bytes) @ 0x0000026b88d9162c [0x0000026b88d91400+0x000000000000022c]
j  org.junit.platform.engine.support.hierarchical.SameThreadHierarchicalTestExecutorService.invokeAll(Ljava/util/List;)V+6
j  org.junit.platform.engine.support.hierarchical.NodeTestTask.lambda$executeRecursively$6()V+116
j  org.junit.platform.engine.support.hierarchical.NodeTestTask$$Lambda+0x0000026b9a117d20.execute()V+4
J 2506 c1 org.junit.platform.engine.support.hierarchical.ThrowableCollector.execute(Lorg/junit/platform/engine/support/hierarchical/ThrowableCollector$Executable;)V (20 bytes) @ 0x0000026b88e79ff4 [0x0000026b88e79ee0+0x0000000000000114]
j  org.junit.platform.engine.support.hierarchical.NodeTestTask.lambda$executeRecursively$8(Lorg/junit/platform/engine/support/hierarchical/EngineExecutionContext;)V+15
j  org.junit.platform.engine.support.hierarchical.NodeTestTask$$Lambda+0x0000026b9a117ae8.invoke(Lorg/junit/platform/engine/support/hierarchical/EngineExecutionContext;)V+5
j  org.junit.platform.engine.support.hierarchical.Node.around(Lorg/junit/platform/engine/support/hierarchical/EngineExecutionContext;Lorg/junit/platform/engine/support/hierarchical/Node$Invocation;)V+2
j  org.junit.platform.engine.support.hierarchical.NodeTestTask.lambda$executeRecursively$9()V+14
j  org.junit.platform.engine.support.hierarchical.NodeTestTask$$Lambda+0x0000026b9a1178b0.execute()V+4
J 2506 c1 org.junit.platform.engine.support.hierarchical.ThrowableCollector.execute(Lorg/junit/platform/engine/support/hierarchical/ThrowableCollector$Executable;)V (20 bytes) @ 0x0000026b88e79ff4 [0x0000026b88e79ee0+0x0000000000000114]
j  org.junit.platform.engine.support.hierarchical.NodeTestTask.executeRecursively()V+31
j  org.junit.platform.engine.support.hierarchical.NodeTestTask.execute()V+55
j  org.junit.platform.engine.support.hierarchical.SameThreadHierarchicalTestExecutorService$$Lambda+0x0000026b9a115930.accept(Ljava/lang/Object;)V+4
J 2069 c1 java.util.ArrayList.forEach(Ljava/util/function/Consumer;)V java.base@24.0.2 (74 bytes) @ 0x0000026b88d9162c [0x0000026b88d91400+0x000000000000022c]
j  org.junit.platform.engine.support.hierarchical.SameThreadHierarchicalTestExecutorService.invokeAll(Ljava/util/List;)V+6
j  org.junit.platform.engine.support.hierarchical.NodeTestTask.lambda$executeRecursively$6()V+116
j  org.junit.platform.engine.support.hierarchical.NodeTestTask$$Lambda+0x0000026b9a117d20.execute()V+4
j  org.junit.platform.engine.support.hierarchical.ThrowableCollector.execute(Lorg/junit/platform/engine/support/hierarchical/ThrowableCollector$Executable;)V+1
j  org.junit.platform.engine.support.hierarchical.NodeTestTask.lambda$executeRecursively$8(Lorg/junit/platform/engine/support/hierarchical/EngineExecutionContext;)V+15
j  org.junit.platform.engine.support.hierarchical.NodeTestTask$$Lambda+0x0000026b9a117ae8.invoke(Lorg/junit/platform/engine/support/hierarchical/EngineExecutionContext;)V+5
j  org.junit.platform.engine.support.hierarchical.Node.around(Lorg/junit/platform/engine/support/hierarchical/EngineExecutionContext;Lorg/junit/platform/engine/support/hierarchical/Node$Invocation;)V+2
j  org.junit.platform.engine.support.hierarchical.NodeTestTask.lambda$executeRecursively$9()V+14
j  org.junit.platform.engine.support.hierarchical.NodeTestTask$$Lambda+0x0000026b9a1178b0.execute()V+4
j  org.junit.platform.engine.support.hierarchical.ThrowableCollector.execute(Lorg/junit/platform/engine/support/hierarchical/ThrowableCollector$Executable;)V+1
j  org.junit.platform.engine.support.hierarchical.NodeTestTask.executeRecursively()V+31
j  org.junit.platform.engine.support.hierarchical.NodeTestTask.execute()V+55
j  org.junit.platform.engine.support.hierarchical.SameThreadHierarchicalTestExecutorService.submit(Lorg/junit/platform/engine/support/hierarchical/HierarchicalTestExecutorService$TestTask;)Ljava/util/concurrent/Future;+1
j  org.junit.platform.engine.support.hierarchical.HierarchicalTestExecutor.execute()Ljava/util/concurrent/Future;+74
j  org.junit.platform.engine.support.hierarchical.HierarchicalTestEngine.execute(Lorg/junit/platform/engine/ExecutionRequest;)V+31
j  org.junit.platform.launcher.core.EngineExecutionOrchestrator.execute(Lorg/junit/platform/engine/TestDescriptor;Lorg/junit/platform/engine/EngineExecutionListener;Lorg/junit/platform/engine/ConfigurationParameters;Lorg/junit/platform/engine/TestEngine;)V+24
j  org.junit.platform.launcher.core.EngineExecutionOrchestrator.execute(Lorg/junit/platform/launcher/core/LauncherDiscoveryResult;Lorg/junit/platform/engine/EngineExecutionListener;)V+115
j  org.junit.platform.launcher.core.EngineExecutionOrchestrator.execute(Lorg/junit/platform/launcher/core/InternalTestPlan;Lorg/junit/platform/engine/EngineExecutionListener;Lorg/junit/platform/launcher/TestExecutionListener;)V+55
j  org.junit.platform.launcher.core.EngineExecutionOrchestrator.lambda$execute$0(Lorg/junit/platform/launcher/core/InternalTestPlan;Lorg/junit/platform/launcher/TestExecutionListener;)V+6
j  org.junit.platform.launcher.core.EngineExecutionOrchestrator$$Lambda+0x0000026b9a107460.accept(Ljava/lang/Object;)V+12
j  org.junit.platform.launcher.core.EngineExecutionOrchestrator.withInterceptedStreams(Lorg/junit/platform/engine/ConfigurationParameters;Lorg/junit/platform/launcher/core/ListenerRegistry;Ljava/util/function/Consumer;)V+51
j  org.junit.platform.launcher.core.EngineExecutionOrchestrator.execute(Lorg/junit/platform/launcher/core/InternalTestPlan;[Lorg/junit/platform/launcher/TestExecutionListener;)V+23
j  org.junit.platform.launcher.core.DefaultLauncher.execute(Lorg/junit/platform/launcher/core/InternalTestPlan;[Lorg/junit/platform/launcher/TestExecutionListener;)V+6
j  org.junit.platform.launcher.core.DefaultLauncher.execute(Lorg/junit/platform/launcher/LauncherDiscoveryRequest;[Lorg/junit/platform/launcher/TestExecutionListener;)V+34
j  org.junit.platform.launcher.core.DelegatingLauncher.execute(Lorg/junit/platform/launcher/LauncherDiscoveryRequest;[Lorg/junit/platform/launcher/TestExecutionListener;)V+6
j  org.gradle.api.internal.tasks.testing.junitplatform.JUnitPlatformTestClassProcessor$CollectAllTestClassesExecutor.processAllTestClasses()V+94
j  org.gradle.api.internal.tasks.testing.junitplatform.JUnitPlatformTestClassProcessor$CollectAllTestClassesExecutor.access$000(Lorg/gradle/api/internal/tasks/testing/junitplatform/JUnitPlatformTestClassProcessor$CollectAllTestClassesExecutor;)V+1
j  org.gradle.api.internal.tasks.testing.junitplatform.JUnitPlatformTestClassProcessor.stop()V+4
j  org.gradle.api.internal.tasks.testing.SuiteTestClassProcessor.stop()V+4
j  java.lang.invoke.LambdaForm$DMH+0x0000026b9a088800.invokeInterface(Ljava/lang/Object;Ljava/lang/Object;)V+21 java.base@24.0.2
j  java.lang.invoke.LambdaForm$MH+0x0000026b9a089000.invoke(Ljava/lang/Object;Ljava/lang/Object;)Ljava/lang/Object;+31 java.base@24.0.2
j  java.lang.invoke.Invokers$Holder.invokeExact_MT(Ljava/lang/Object;Ljava/lang/Object;Ljava/lang/Object;)Ljava/lang/Object;+19 java.base@24.0.2
j  jdk.internal.reflect.DirectMethodHandleAccessor.invokeImpl(Ljava/lang/Object;[Ljava/lang/Object;)Ljava/lang/Object;+41 java.base@24.0.2
j  jdk.internal.reflect.DirectMethodHandleAccessor.invoke(Ljava/lang/Object;[Ljava/lang/Object;)Ljava/lang/Object;+23 java.base@24.0.2
j  java.lang.reflect.Method.invoke(Ljava/lang/Object;[Ljava/lang/Object;)Ljava/lang/Object;+102 java.base@24.0.2
j  org.gradle.internal.dispatch.ReflectionDispatch.dispatch(Lorg/gradle/internal/dispatch/MethodInvocation;)V+19
j  org.gradle.internal.dispatch.ReflectionDispatch.dispatch(Ljava/lang/Object;)V+5
j  org.gradle.internal.dispatch.ContextClassLoaderDispatch.dispatch(Ljava/lang/Object;)V+22
j  org.gradle.internal.dispatch.ProxyDispatchAdapter$DispatchingInvocationHandler.invoke(Ljava/lang/Object;Ljava/lang/reflect/Method;[Ljava/lang/Object;)Ljava/lang/Object;+177
j  jdk.proxy1.$Proxy4.stop()V+9 jdk.proxy1
j  org.gradle.api.internal.tasks.testing.worker.TestWorker$3.run()V+7
j  org.gradle.api.internal.tasks.testing.worker.TestWorker.executeAndMaintainThreadName(Ljava/lang/Runnable;)V+1
j  org.gradle.api.internal.tasks.testing.worker.TestWorker.execute(Lorg/gradle/process/internal/worker/WorkerProcessContext;)V+76
j  org.gradle.api.internal.tasks.testing.worker.TestWorker.execute(Ljava/lang/Object;)V+5
j  org.gradle.process.internal.worker.child.ActionExecutionWorker.execute(Lorg/gradle/process/internal/worker/WorkerProcessContext;)V+65
j  org.gradle.process.internal.worker.child.SystemApplicationClassLoaderWorker.call()Ljava/lang/Void;+270
j  org.gradle.process.internal.worker.child.SystemApplicationClassLoaderWorker.call()Ljava/lang/Object;+1
j  worker.org.gradle.process.internal.worker.GradleWorkerMain.run()V+250
j  worker.org.gradle.process.internal.worker.GradleWorkerMain.main([Ljava/lang/String;)V+7
v  ~StubRoutines::call_stub 0x0000026b8fe90fcd

siginfo: EXCEPTION_INT_DIVIDE_BY_ZERO (0xc0000094)


Registers:
RAX=0x000000000000000a, RBX=0x0000026bdad10b08, RCX=0x000000000000000a, RDX=0x0000000000000000
RSP=0x00000085076fbaa0, RBP=0x00000085076fbaa0, RSI=0x0000000000000004, RDI=0x00000000f8f9aae8
R8 =0x000000000000000a, R9 =0x0000000000000003, R10=0x0000026be2290000, R11=0x0000026b906ecce0
R12=0x0000000000000000, R13=0x00000085076fbae8, R14=0x00000085076fbbb0, R15=0x0000026bfa0b06b0
RIP=0x0000026be2290009, EFLAGS=0x0000000000010202

XMM[0]=0x0000000000000000 0x0000000000000000
XMM[1]=0x0000000000000000 0x0000000000000000
XMM[2]=0x0000000000000000 0x3ff5555555555555
XMM[3]=0x0000000000000000 0x3ff0000000000000
XMM[4]=0x0000000000000000 0x0000026b8fe98108
XMM[5]=0x0000026bfa0b06b0 0x0000000000b80301
XMM[6]=0x0000000000000000 0x459176a54847ac12
XMM[7]=0x0000000000000000 0x256d17ae5486ab2d
XMM[8]=0x0000000000000000 0xf852d9749b5b6777
XMM[9]=0x0000000000000000 0x1a7dad2524e20570
XMM[10]=0x0000000000000000 0x000000000a64584b
XMM[11]=0x0000000000000000 0x26400c3b4b2211ab
XMM[12]=0x0000000000000000 0x0000000024e20570
XMM[13]=0x0000000000000000 0x0000000000000000
XMM[14]=0x0000000000000000 0x0000000000000000
XMM[15]=0x0000000000000000 0x0000000000000000
  MXCSR=0x00001fa0


Register to memory mapping:

RAX=0x000000000000000a is an unknown value
RBX={method} {0x0000026bdad10b10} 'linkToNative' '(JJJLjava/lang/Object;)J' in 'java/lang/invoke/MethodHandle'
RCX=0x000000000000000a is an unknown value
RDX=0x0 is null
RSP=0x00000085076fbaa0 is pointing into the stack for thread: 0x0000026bfa0b06b0
RBP=0x00000085076fbaa0 is pointing into the stack for thread: 0x0000026bfa0b06b0
RSI=0x0000000000000004 is an unknown value
RDI=0x00000000f8f9aae8 is an oop: jdk.internal.foreign.abi.NativeEntryPoint 
{0x00000000f8f9aae8} - klass: 'jdk/internal/foreign/abi/NativeEntryPoint' - flags: 

 - ---- fields (total size 3 words):
 - private final 'methodType' 'Ljava/lang/invoke/MethodType;' @12  a 'java/lang/invoke/MethodType'{0x00000000f9281440} = (JJJ)J (0xf9281440)
 - private final 'downcallStubAddress' 'J' @16  2661002457056 (0x0000026b901b2fe0)
R8 =0x000000000000000a is an unknown value
R9 =0x0000000000000003 is an unknown value
R10=0x0000026be2290000 points into unknown readable memory: 0x48c18b48ec8b4855 | 55 48 8b ec 48 8b c1 48
R11=0x0000026b906ecce0 is at entry_point+0 in (nmethod*)0x0000026b906ecc08
Compiled method (n/a) 1248 2897     n 0       java.lang.invoke.MethodHandle::linkToNative(JJJL)J (native)
 total in heap  [0x0000026b906ecc08,0x0000026b906ecce8] = 224
 main code      [0x0000026b906ecce0,0x0000026b906ecce7] = 7
 stub code      [0x0000026b906ecce7,0x0000026b906ecce8] = 1
R12=0x0 is null
R13=0x00000085076fbae8 is pointing into the stack for thread: 0x0000026bfa0b06b0
R14=0x00000085076fbbb0 is pointing into the stack for thread: 0x0000026bfa0b06b0
R15=0x0000026bfa0b06b0 is a thread

Top of Stack: (sp=0x00000085076fbaa0)
0x00000085076fbaa0:   00000085076fbad0 0000026b901b3021   ..o.....!0..k...
0x00000085076fbab0:   0000026b8fe98108 0000000000000000   ....k...........
0x00000085076fbac0:   fffffffffffffff7 0000026bdabca358   ........X...k...
0x00000085076fbad0:   00000085076fbb68 0000026b8fe988f6   h.o.........k...
0x00000085076fbae0:   0000026b8fe988f6 00000000f8f9aae8   ....k...........
0x00000085076fbaf0:   0000000000000003 0000000000000000   ................
0x00000085076fbb00:   000000000000000a 0000000000000000   ................
0x00000085076fbb10:   0000026be2290000 0000000000000000   ..).k...........
0x00000085076fbb20:   fffffffffffffff7 0000026bdac38254   ........T...k...
0x00000085076fbb30:   0000000000000009 0000026bdac383f8   ............k...
0x00000085076fbb40:   0000000000000000 00000000f8fa23d0   .........#......
0x00000085076fbb50:   0000026bdac38260 fffffffffffffff0   `...k...........
0x00000085076fbb60:   00000085076fbb80 00000085076fbc00   ..o.......o.....
0x00000085076fbb70:   0000026b8fe988f6 00000000f8f9aae8   ....k...........
0x00000085076fbb80:   0000000000000003 0000000000000000   ................
0x00000085076fbb90:   000000000000000a 0000000000000000   ................
0x00000085076fbba0:   0000026be2290000 0000000000000000   ..).k...........
0x00000085076fbbb0:   00000000f8fa24f8 fffffffffffffff7   .$..............
0x00000085076fbbc0:   0000026bdac2b29f 0000000000000009   ....k...........
0x00000085076fbbd0:   0000026bdac2b460 0000000000000000   `...k...........
0x00000085076fbbe0:   00000000f9091790 0000026bdac2b2b0   ............k...
0x00000085076fbbf0:   fffffffffffffff0 00000085076fbc10   ..........o.....
0x00000085076fbc00:   00000085076fbc98 0000026b8fe988f6   ..o.........k...
0x00000085076fbc10:   00000000f9281440 0000000000000003   @.(.............
0x00000085076fbc20:   0000000000000000 000000000000000a   ................
0x00000085076fbc30:   0000000000000000 0000026be2290000   ..........).k...
0x00000085076fbc40:   0000000000000000 00000000f8fa24f8   .........$......
0x00000085076fbc50:   fffffffffffffff7 0000026bdac38ba4   ............k...
0x00000085076fbc60:   0000000000000011 0000026bdac38da8   ............k...
0x00000085076fbc70:   0000000000000000 00000000f8fac310   ................
0x00000085076fbc80:   0000026bdac38be8 ffffffffffffffef   ....k...........
0x00000085076fbc90:   00000085076fbcf0 00000085076fbd70   ..o.....p.o.....

Instructions: (pc=0x0000026be2290009)
  0x0000026be228ff09:   ?? ?? ?? ?? ?? ?? ?? ?? ?? ?? ?? ?? ?? ?? ?? ??
  0x0000026be228ff19:   ?? ?? ?? ?? ?? ?? ?? ?? ?? ?? ?? ?? ?? ?? ?? ??
  0x0000026be228ff29:   ?? ?? ?? ?? ?? ?? ?? ?? ?? ?? ?? ?? ?? ?? ?? ??
  0x0000026be228ff39:   ?? ?? ?? ?? ?? ?? ?? ?? ?? ?? ?? ?? ?? ?? ?? ??
  0x0000026be228ff49:   ?? ?? ?? ?? ?? ?? ?? ?? ?? ?? ?? ?? ?? ?? ?? ??
  0x0000026be228ff59:   ?? ?? ?? ?? ?? ?? ?? ?? ?? ?? ?? ?? ?? ?? ?? ??
  0x0000026be228ff69:   ?? ?? ?? ?? ?? ?? ?? ?? ?? ?? ?? ?? ?? ?? ?? ??
  0x0000026be228ff79:   ?? ?? ?? ?? ?? ?? ?? ?? ?? ?? ?? ?? ?? ?? ?? ??
  0x0000026be228ff89:   ?? ?? ?? ?? ?? ?? ?? ?? ?? ?? ?? ?? ?? ?? ?? ??
  0x0000026be228ff99:   ?? ?? ?? ?? ?? ?? ?? ?? ?? ?? ?? ?? ?? ?? ?? ??
  0x0000026be228ffa9:   ?? ?? ?? ?? ?? ?? ?? ?? ?? ?? ?? ?? ?? ?? ?? ??
  0x0000026be228ffb9:   ?? ?? ?? ?? ?? ?? ?? ?? ?? ?? ?? ?? ?? ?? ?? ??
  0x0000026be228ffc9:   ?? ?? ?? ?? ?? ?? ?? ?? ?? ?? ?? ?? ?? ?? ?? ??
  0x0000026be228ffd9:   ?? ?? ?? ?? ?? ?? ?? ?? ?? ?? ?? ?? ?? ?? ?? ??
  0x0000026be228ffe9:   ?? ?? ?? ?? ?? ?? ?? ?? ?? ?? ?? ?? ?? ?? ?? ??
  0x0000026be228fff9:   ?? ?? ?? ?? ?? ?? ?? 55 48 8b ec 48 8b c1 48 99
=>0x0000026be2290009:   48 f7 fa 48 8b f0 48 8b c6 5d c3 00 00 00 00 00
  0x0000026be2290019:   00 00 00 00 00 00 00 00 00 00 00 00 00 00 00 00
  0x0000026be2290029:   00 00 00 00 00 00 00 00 00 00 00 00 00 00 00 00
  0x0000026be2290039:   00 00 00 00 00 00 00 00 00 00 00 00 00 00 00 00
  0x0000026be2290049:   00 00 00 00 00 00 00 00 00 00 00 00 00 00 00 00
  0x0000026be2290059:   00 00 00 00 00 00 00 00 00 00 00 00 00 00 00 00
  0x0000026be2290069:   00 00 00 00 00 00 00 00 00 00 00 00 00 00 00 00
  0x0000026be2290079:   00 00 00 00 00 00 00 00 00 00 00 00 00 00 00 00
  0x0000026be2290089:   00 00 00 00 00 00 00 00 00 00 00 00 00 00 00 00
  0x0000026be2290099:   00 00 00 00 00 00 00 00 00 00 00 00 00 00 00 00
  0x0000026be22900a9:   00 00 00 00 00 00 00 00 00 00 00 00 00 00 00 00
  0x0000026be22900b9:   00 00 00 00 00 00 00 00 00 00 00 00 00 00 00 00
  0x0000026be22900c9:   00 00 00 00 00 00 00 00 00 00 00 00 00 00 00 00
  0x0000026be22900d9:   00 00 00 00 00 00 00 00 00 00 00 00 00 00 00 00
  0x0000026be22900e9:   00 00 00 00 00 00 00 00 00 00 00 00 00 00 00 00
  0x0000026be22900f9:   00 00 00 00 00 00 00 00 00 00 00 00 00 00 00 00


Stack slot to memory mapping:

stack at sp + 0 slots: 0x00000085076fbad0 is pointing into the stack for thread: 0x0000026bfa0b06b0
stack at sp + 1 slots: 0x0000026b901b3021 is at code_begin+65 in 
[CodeBlob (0x0000026b901b2f88)]
Framesize: 6
Runtime Stub (0x0000026b901b2f88): nep_invoker_blob
--------------------------------------------------------------------------------
Decoding CodeBlob, name: nep_invoker_blob, at  [0x0000026b901b2fe0, 0x0000026b901b30e8]  264 bytes
[MachCode]
  0x0000026b901b2fe0: 5548 8bec | 4883 ec20 | c5f8 7749 | 89af b803 | 0000 49ba | e82f 1b90 | 6b02 0000 | 4d89 97b0 
  0x0000026b901b3000: 0300 0049 | 89a7 a803 | 0000 41c7 | 8754 0400 | 0004 0000 | 004c 8bd2 | 498b d149 | 8bc8 41ff 
  0x0000026b901b3020: d2c5 f877 | 41c7 8754 | 0400 0005 | 0000 00f0 | 8344 24c0 | 0049 3b6f | 280f 874d | 0000 0041 
  0x0000026b901b3040: 83bf 5004 | 0000 000f | 853f 0000 | 0041 c787 | 5404 0000 | 0800 0000 | 4183 bfd0 | 0400 0002 
  0x0000026b901b3060: 0f84 5300 | 0000 49c7 | 87a8 0300 | 0000 0000 | 0049 c787 | b803 0000 | 0000 0000 | 49c7 87b0 
  0x0000026b901b3080: 0300 0000 | 0000 00c5 | f877 c9c3 | 4889 0424 | 498b cfc5 | f877 4c8b | e448 83ec | 2048 83e4 
  0x0000026b901b30a0: f048 b8f0 | a5f3 51fb | 7f00 00ff | d049 8be4 | 4d33 e448 | 8b04 24eb | 9448 8904 | 24c5 f877 
  0x0000026b901b30c0: 4c8b e448 | 83ec 2048 | 83e4 f048 | b860 742b | 52fb 7f00 | 00ff d049 | 8be4 4d33 | e448 8b04 
  0x0000026b901b30e0: 24eb 83f4 | f4f4 f4f4 
[/MachCode]
--------------------------------------------------------------------------------
stack at sp + 2 slots: 0x0000026b8fe98108 is at code_begin+-56 in 
[CodeBlob (0x0000026b8fe98108)]
Framesize: 0
BufferBlob (0x0000026b8fe98108) used for Interpreter
stack at sp + 3 slots: 0x0 is null
stack at sp + 4 slots: 0xfffffffffffffff7 is an unknown value
stack at sp + 5 slots: 0x0000026bdabca358 is pointing into metadata
stack at sp + 6 slots: 0x00000085076fbb68 is pointing into the stack for thread: 0x0000026bfa0b06b0
stack at sp + 7 slots: 0x0000026b8fe988f6 is at code_begin+1526 in an Interpreter codelet
return entry points  [0x0000026b8fe98300, 0x0000026b8fe98f90]  3216 bytes

Lock stack of current Java thread (top to bottom):

--------------------------------------------------------------------------------
Decoding CodeBlob, name: nep_invoker_blob, at  [0x0000026b901b2fe0, 0x0000026b901b30e8]  264 bytes
[MachCode]
  0x0000026b901b2fe0: 5548 8bec | 4883 ec20 | c5f8 7749 | 89af b803 | 0000 49ba | e82f 1b90 | 6b02 0000 | 4d89 97b0 
  0x0000026b901b3000: 0300 0049 | 89a7 a803 | 0000 41c7 | 8754 0400 | 0004 0000 | 004c 8bd2 | 498b d149 | 8bc8 41ff 
  0x0000026b901b3020: d2c5 f877 | 41c7 8754 | 0400 0005 | 0000 00f0 | 8344 24c0 | 0049 3b6f | 280f 874d | 0000 0041 
  0x0000026b901b3040: 83bf 5004 | 0000 000f | 853f 0000 | 0041 c787 | 5404 0000 | 0800 0000 | 4183 bfd0 | 0400 0002 
  0x0000026b901b3060: 0f84 5300 | 0000 49c7 | 87a8 0300 | 0000 0000 | 0049 c787 | b803 0000 | 0000 0000 | 49c7 87b0 
  0x0000026b901b3080: 0300 0000 | 0000 00c5 | f877 c9c3 | 4889 0424 | 498b cfc5 | f877 4c8b | e448 83ec | 2048 83e4 
  0x0000026b901b30a0: f048 b8f0 | a5f3 51fb | 7f00 00ff | d049 8be4 | 4d33 e448 | 8b04 24eb | 9448 8904 | 24c5 f877 
  0x0000026b901b30c0: 4c8b e448 | 83ec 2048 | 83e4 f048 | b860 742b | 52fb 7f00 | 00ff d049 | 8be4 4d33 | e448 8b04 
  0x0000026b901b30e0: 24eb 83f4 | f4f4 f4f4 
[/MachCode]
--------------------------------------------------------------------------------


Compiled method (c1) 1255 1743       3       java.lang.invoke.Invokers$Holder::invokeExact_MT (23 bytes)
 total in heap  [0x0000026b88d1b608,0x0000026b88d1bf78] = 2416
 relocation     [0x0000026b88d1b6e0,0x0000026b88d1b778] = 152
 main code      [0x0000026b88d1b780,0x0000026b88d1bed8] = 1880
 stub code      [0x0000026b88d1bed8,0x0000026b88d1bf48] = 112
 metadata       [0x0000026b88d1bf48,0x0000026b88d1bf78] = 48
 immutable data [0x0000026bde131260,0x0000026bde131410] = 432
 dependencies   [0x0000026bde131260,0x0000026bde131270] = 16
 nul chk table  [0x0000026bde131270,0x0000026bde131290] = 32
 scopes pcs     [0x0000026bde131290,0x0000026bde131370] = 224
 scopes data    [0x0000026bde131370,0x0000026bde131410] = 160

[Constant Pool (empty)]

[MachCode]
[Verified Entry Point]
  # {method} {0x0000026b991f5000} 'invokeExact_MT' '(Ljava/lang/Object;Ljava/lang/Object;Ljava/lang/Object;)Ljava/lang/Object;' in 'java/lang/invoke/Invokers$Holder'
  # parm0:    rdx:rdx   = 'java/lang/Object'
  # parm1:    r8:r8     = 'java/lang/Object'
  # parm2:    r9:r9     = 'java/lang/Object'
  #           [sp+0x70]  (sp of caller)
  0x0000026b88d1b780: 8984 2400 | 80ff ff55 | 4883 ec60 | 4181 7f20 | 0100 0000 

  0x0000026b88d1b794: ;   {runtime_call StubRoutines (final stubs)}
  0x0000026b88d1b794: 7405 e8c5 | c41a 074c | 8944 2440 

  0x0000026b88d1b7a0: ;   {metadata(method data for {method} {0x0000026b991f5000} 'invokeExact_MT' '(Ljava/lang/Object;Ljava/lang/Object;Ljava/lang/Object;)Ljava/lang/Object;' in 'java/lang/invoke/Invokers$Holder')}
  0x0000026b88d1b7a0: 48be d8dd | 3ada 6b02 | 0000 488d | b688 0200 | 0048 85d2 | 750c f606 | 0175 30f0 | 4883 0e01 
  0x0000026b88d1b7c0: eb29 8b7a | 0849 ba00 | 0000 996b | 0200 0049 | 03fa 4c8b | d748 333e | 48f7 c7fc | ffff ff74 
  0x0000026b88d1b7e0: 0a40 f6c7 | 0275 0448 | 830e 024d | 85c0 750e | f646 1001 | 7534 f048 | 834e 1001 | eb2c 418b 
  0x0000026b88d1b800: 7808 49ba | 0000 0099 | 6b02 0000 | 4903 fa4c | 8bd7 4833 | 7e10 48f7 | c7fc ffff | ff74 0b40 
  0x0000026b88d1b820: f6c7 0275 | 0548 834e 

  0x0000026b88d1b828: ;   {metadata(method data for {method} {0x0000026b991f5000} 'invokeExact_MT' '(Ljava/lang/Object;Ljava/lang/Object;Ljava/lang/Object;)Ljava/lang/Object;' in 'java/lang/invoke/Invokers$Holder')}
  0x0000026b88d1b828: 1002 48be | d8dd 3ada | 6b02 0000 | 8bbe cc00 | 0000 83c7 | 0289 becc | 0000 0081 | e7fe 0700 
  0x0000026b88d1b848: 0085 ff0f | 84a3 0500 | 0048 85d2 

  0x0000026b88d1b854: ;   {metadata(method data for {method} {0x0000026b991f5000} 'invokeExact_MT' '(Ljava/lang/Object;Ljava/lang/Object;Ljava/lang/Object;)Ljava/lang/Object;' in 'java/lang/invoke/Invokers$Holder')}
  0x0000026b88d1b854: 48bf d8dd | 3ada 6b02 | 0000 750c | 808f 0901 | 0000 01e9 | af00 0000 | 8b5a 0849 | ba00 0000 
  0x0000026b88d1b874: 996b 0200 | 0049 03da | 483b 9f18 | 0100 0075 | 0d48 8387 | 2001 0000 | 01e9 6000 | 0000 483b 
  0x0000026b88d1b894: 9f28 0100 | 0075 0d48 | 8387 3001 | 0000 01e9 | 4a00 0000 | 4883 bf18 | 0100 0000 | 7517 4889 
  0x0000026b88d1b8b4: 9f18 0100 | 0048 c787 | 2001 0000 | 0100 0000 | e929 0000 | 0048 83bf | 2801 0000 | 0075 1748 
  0x0000026b88d1b8d4: 899f 2801 | 0000 48c7 | 8730 0100 | 0001 0000 | 00e9 0800 | 0000 4883 | 8710 0100 

  0x0000026b88d1b8f0: ;   {metadata('java/lang/invoke/MethodHandle')}
  0x0000026b88d1b8f0: 0001 48bb | a887 1d99 | 6b02 0000 | 8b7a 0849 | ba00 0000 | 996b 0200 | 0049 03fa | 483b 5f38 
  0x0000026b88d1b910: 0f85 ff04 | 0000 e900 | 0000 0048 | 8bf2 4889 | 7424 484d 

  0x0000026b88d1b924: ;   {metadata(method data for {method} {0x0000026b991f5000} 'invokeExact_MT' '(Ljava/lang/Object;Ljava/lang/Object;Ljava/lang/Object;)Ljava/lang/Object;' in 'java/lang/invoke/Invokers$Holder')}
  0x0000026b88d1b924: 85c9 48bb | d8dd 3ada | 6b02 0000 | 750c 808b | 3901 0000 | 01e9 b000 | 0000 418b | 4108 49ba 
  0x0000026b88d1b944: 0000 0099 | 6b02 0000 | 4903 c248 | 3b83 4801 | 0000 750d | 4883 8350 | 0100 0001 | e960 0000 
  0x0000026b88d1b964: 0048 3b83 | 5801 0000 | 750d 4883 | 8360 0100 | 0001 e94a | 0000 0048 | 83bb 4801 | 0000 0075 
  0x0000026b88d1b984: 1748 8983 | 4801 0000 | 48c7 8350 | 0100 0001 | 0000 00e9 | 2900 0000 | 4883 bb58 | 0100 0000 
  0x0000026b88d1b9a4: 7517 4889 | 8358 0100 | 0048 c783 | 6001 0000 | 0100 0000 | e908 0000 | 0048 8383 | 4001 0000 
  0x0000026b88d1b9c4: ;   {metadata('java/lang/invoke/MethodType')}
  0x0000026b88d1b9c4: 0148 b888 | 9a1d 996b | 0200 0041 | 8b51 0849 | ba00 0000 | 996b 0200 | 0049 03d2 | 483b c20f 
  0x0000026b88d1b9e4: 8535 0400 | 00e9 0000 | 0000 498b 

  0x0000026b88d1b9f0: ;   {metadata(method data for {method} {0x0000026b991f5000} 'invokeExact_MT' '(Ljava/lang/Object;Ljava/lang/Object;Ljava/lang/Object;)Ljava/lang/Object;' in 'java/lang/invoke/Invokers$Holder')}
  0x0000026b88d1b9f0: f948 bad8 | dd3a da6b | 0200 0048 | 8d92 8001 | 0000 4885 | f675 0ef6 | 4208 0175 | 32f0 4883 
  0x0000026b88d1ba10: 4a08 01eb | 2a8b 5e08 | 49ba 0000 | 0099 6b02 | 0000 4903 | da4c 8bd3 | 4833 5a08 | 48f7 c3fc 
  0x0000026b88d1ba30: ffff ff74 | 0af6 c302 | 7505 4883 | 4a08 0248 | 85ff 750c | f642 1801 | 7506 f048 | 834a 1801 
  0x0000026b88d1ba50: ;   {metadata(method data for {method} {0x0000026b991f5000} 'invokeExact_MT' '(Ljava/lang/Object;Ljava/lang/Object;Ljava/lang/Object;)Ljava/lang/Object;' in 'java/lang/invoke/Invokers$Holder')}
  0x0000026b88d1ba50: 48ba d8dd | 3ada 6b02 | 0000 4883 | 8270 0100 

  0x0000026b88d1ba60: ;   {metadata(method data for {method} {0x0000026b9944f2a8} 'checkExactType' '(Ljava/lang/invoke/MethodHandle;Ljava/lang/invoke/MethodType;)V' in 'java/lang/invoke/Invokers')}
  0x0000026b88d1ba60: 0001 48ba | 9878 3ada | 6b02 0000 | 8b9a cc00 | 0000 83c3 | 0289 9acc | 0000 0081 | e3fe ff1f 
  0x0000026b88d1ba80: 0085 db0f | 849e 0300 | 0048 3b06 

  0x0000026b88d1ba8c: ;   {metadata(method data for {method} {0x0000026b9944f2a8} 'checkExactType' '(Ljava/lang/invoke/MethodHandle;Ljava/lang/invoke/MethodType;)V' in 'java/lang/invoke/Invokers')}
  0x0000026b88d1ba8c: 488b d648 | bb98 783a | da6b 0200 | 008b 5208 | 49ba 0000 | 0099 6b02 | 0000 4903 | d248 3b93 
  0x0000026b88d1baac: 1801 0000 | 750d 4883 | 8320 0100 | 0001 e960 | 0000 0048 | 3b93 2801 | 0000 750d | 4883 8330 
  0x0000026b88d1bacc: 0100 0001 | e94a 0000 | 0048 83bb | 1801 0000 | 0075 1748 | 8993 1801 | 0000 48c7 | 8320 0100 
  0x0000026b88d1baec: 0001 0000 | 00e9 2900 | 0000 4883 | bb28 0100 | 0000 7517 | 4889 9328 | 0100 0048 | c783 3001 
  0x0000026b88d1bb0c: 0000 0100 | 0000 e908 | 0000 0048 | 8383 1001 | 0000 018b | 5e10 483b 

  0x0000026b88d1bb24: ;   {metadata(method data for {method} {0x0000026b9944f2a8} 'checkExactType' '(Ljava/lang/invoke/MethodHandle;Ljava/lang/invoke/MethodType;)V' in 'java/lang/invoke/Invokers')}
  0x0000026b88d1bb24: df48 ba98 | 783a da6b | 0200 00b8 | 5001 0000 | 7505 b840 | 0100 0048 | 8b0c 0248 | 8d49 0148 
  0x0000026b88d1bb44: 890c 020f | 8573 0200 

  0x0000026b88d1bb4c: ;   {metadata(method data for {method} {0x0000026b991f5000} 'invokeExact_MT' '(Ljava/lang/Object;Ljava/lang/Object;Ljava/lang/Object;)Ljava/lang/Object;' in 'java/lang/invoke/Invokers$Holder')}
  0x0000026b88d1bb4c: 0048 bad8 | dd3a da6b | 0200 0048 | 8d92 b801 | 0000 8b7e | 0849 ba00 | 0000 996b | 0200 0049 
  0x0000026b88d1bb6c: 03fa 4c8b | d748 337a | 0848 f7c7 | fcff ffff | 740b 40f6 | c702 7505 | 4883 4a08 

  0x0000026b88d1bb88: ;   {metadata(method data for {method} {0x0000026b991f5000} 'invokeExact_MT' '(Ljava/lang/Object;Ljava/lang/Object;Ljava/lang/Object;)Ljava/lang/Object;' in 'java/lang/invoke/Invokers$Holder')}
  0x0000026b88d1bb88: 0248 bad8 | dd3a da6b | 0200 0048 | 8382 a801 

  0x0000026b88d1bb98: ;   {metadata(method data for {method} {0x0000026b9944f1a0} 'checkCustomized' '(Ljava/lang/invoke/MethodHandle;)V' in 'java/lang/invoke/Invokers')}
  0x0000026b88d1bb98: 0000 0148 | ba48 6d3a | da6b 0200 | 008b bacc | 0000 0083 | c702 89ba | cc00 0000 | 81e7 feff 
  0x0000026b88d1bbb8: 1f00 85ff | 0f84 8b02 

  0x0000026b88d1bbc0: ;   {metadata(method data for {method} {0x0000026b9944f1a0} 'checkCustomized' '(Ljava/lang/invoke/MethodHandle;)V' in 'java/lang/invoke/Invokers')}
  0x0000026b88d1bbc0: 0000 48ba | 486d 3ada | 6b02 0000 | 4883 8210 | 0100 0001 

  0x0000026b88d1bbd4: ;   {metadata(method data for {method} {0x0000026b991ddb08} 'isCompileConstant' '(Ljava/lang/Object;)Z' in 'java/lang/invoke/MethodHandleImpl')}
  0x0000026b88d1bbd4: 48ba f86e | 3ada 6b02 | 0000 8bba | cc00 0000 | 83c7 0289 | bacc 0000 | 0081 e7fe | ff1f 0085 
  0x0000026b88d1bbf4: ff0f 8473 

  0x0000026b88d1bbf8: ;   {metadata(method data for {method} {0x0000026b9944f1a0} 'checkCustomized' '(Ljava/lang/invoke/MethodHandle;)V' in 'java/lang/invoke/Invokers')}
  0x0000026b88d1bbf8: 0200 0048 | ba48 6d3a | da6b 0200 | 00ff 8220 | 0100 008b | 5614 8b52 | 1c48 85d2 

  0x0000026b88d1bc14: ;   {metadata(method data for {method} {0x0000026b9944f1a0} 'checkCustomized' '(Ljava/lang/invoke/MethodHandle;)V' in 'java/lang/invoke/Invokers')}
  0x0000026b88d1bc14: 48ba 486d | 3ada 6b02 | 0000 bf40 | 0100 0075 | 05bf 5001 | 0000 488b | 1c3a 488d | 5b01 4889 
  0x0000026b88d1bc34: 1c3a 0f85 | 2800 0000 

  0x0000026b88d1bc3c: ;   {metadata(method data for {method} {0x0000026b9944f1a0} 'checkCustomized' '(Ljava/lang/invoke/MethodHandle;)V' in 'java/lang/invoke/Invokers')}
  0x0000026b88d1bc3c: 48ba 486d | 3ada 6b02 | 0000 4883 | 8260 0100 | 0001 488b | d666 0f1f 

  0x0000026b88d1bc54: ;   {static_call}
  0x0000026b88d1bc54: 4400 00e8 

  0x0000026b88d1bc58: ; ImmutableOopMap {[64]=Oop [72]=Oop }
                      ;*invokestatic maybeCustomize {reexecute=0 rethrow=0 return_oop=0}
                      ; - java.lang.invoke.Invokers::checkCustomized@19 (line 626)
                      ; - java.lang.invoke.Invokers$Holder::invokeExact_MT@14
  0x0000026b88d1bc58: 4414 ffff 

  0x0000026b88d1bc5c: ;   {post_call_nop}
  0x0000026b88d1bc5c: 0f1f 8400 | 5406 0000 | 4c8b 4424 

  0x0000026b88d1bc68: ;   {metadata(method data for {method} {0x0000026b991f5000} 'invokeExact_MT' '(Ljava/lang/Object;Ljava/lang/Object;Ljava/lang/Object;)Ljava/lang/Object;' in 'java/lang/invoke/Invokers$Holder')}
  0x0000026b88d1bc68: 4048 bad8 | dd3a da6b | 0200 0048 | 8d92 0002 | 0000 4d85 | c075 0ef6 | 4208 0175 | 34f0 4883 
  0x0000026b88d1bc88: 4a08 01eb | 2c41 8b70 | 0849 ba00 | 0000 996b | 0200 0049 | 03f2 4c8b | d648 3372 | 0848 f7c6 
  0x0000026b88d1bca8: fcff ffff | 740b 40f6 | c602 7505 | 4883 4a08 | 0248 8b74 

  0x0000026b88d1bcbc: ;   {metadata(method data for {method} {0x0000026b991f5000} 'invokeExact_MT' '(Ljava/lang/Object;Ljava/lang/Object;Ljava/lang/Object;)Ljava/lang/Object;' in 'java/lang/invoke/Invokers$Holder')}
  0x0000026b88d1bcbc: 2448 48ba | d8dd 3ada | 6b02 0000 | 8b76 0849 | ba00 0000 | 996b 0200 | 0049 03f2 | 483b b2d8 
  0x0000026b88d1bcdc: 0100 0075 | 0d48 8382 | e001 0000 | 01e9 6000 | 0000 483b | b2e8 0100 | 0075 0d48 | 8382 f001 
  0x0000026b88d1bcfc: 0000 01e9 | 4a00 0000 | 4883 bad8 | 0100 0000 | 7517 4889 | b2d8 0100 | 0048 c782 | e001 0000 
  0x0000026b88d1bd1c: 0100 0000 | e929 0000 | 0048 83ba | e801 0000 | 0075 1748 | 89b2 e801 | 0000 48c7 | 82f0 0100 
  0x0000026b88d1bd3c: 0001 0000 | 00e9 0800 | 0000 4883 | 82d0 0100 | 0001 488b | 5424 480f 

  0x0000026b88d1bd54: ;   {optimized virtual_call}
  0x0000026b88d1bd54: 1f40 00e8 

  0x0000026b88d1bd58: ; ImmutableOopMap {}
                      ;*invokevirtual invokeBasic {reexecute=0 rethrow=0 return_oop=0}
                      ; - java.lang.invoke.Invokers$Holder::invokeExact_MT@19
  0x0000026b88d1bd58: 24cb 8b07 

  0x0000026b88d1bd5c: ;   {post_call_nop}
  0x0000026b88d1bd5c: 0f1f 8400 | 5407 0001 

  0x0000026b88d1bd64: ;   {metadata(method data for {method} {0x0000026b991f5000} 'invokeExact_MT' '(Ljava/lang/Object;Ljava/lang/Object;Ljava/lang/Object;)Ljava/lang/Object;' in 'java/lang/invoke/Invokers$Holder')}
  0x0000026b88d1bd64: 48ba d8dd | 3ada 6b02 | 0000 488d | 9210 0200 | 0048 85c0 | 750c f602 | 0175 31f0 | 4883 0a01 
  0x0000026b88d1bd84: eb2a 448b | 4008 49ba | 0000 0099 | 6b02 0000 | 4d03 c24d | 8bd0 4c33 | 0249 f7c0 | fcff ffff 
  0x0000026b88d1bda4: 740a 41f6 | c002 7504 | 4883 0a02 | 4883 c460 

  0x0000026b88d1bdb4: ;   {poll_return}
  0x0000026b88d1bdb4: 5d49 3b67 | 280f 87d5 | 0000 00c3 

  0x0000026b88d1bdc0: ;   {metadata(method data for {method} {0x0000026b9944f2a8} 'checkExactType' '(Ljava/lang/invoke/MethodHandle;Ljava/lang/invoke/MethodType;)V' in 'java/lang/invoke/Invokers')}
  0x0000026b88d1bdc0: 48ba 9878 | 3ada 6b02 | 0000 4883 | 8260 0100 | 0001 488b | d34c 8bc7 | 0f1f 8000 

  0x0000026b88d1bddc: ;   {static_call}
  0x0000026b88d1bddc: 0000 00e8 

  0x0000026b88d1bde0: ; ImmutableOopMap {[64]=Oop [72]=Oop }
                      ;*invokestatic newWrongMethodTypeException {reexecute=0 rethrow=0 return_oop=0}
                      ; - java.lang.invoke.Invokers::checkExactType@12 (line 531)
                      ; - java.lang.invoke.Invokers$Holder::invokeExact_MT@10
  0x0000026b88d1bde0: 7c3a 1c07 

  0x0000026b88d1bde4: ;   {post_call_nop}
  0x0000026b88d1bde4: 0f1f 8400 | dc07 0002 

  0x0000026b88d1bdec: ; implicit exception: dispatches to 0x0000026b88d1beaa
  0x0000026b88d1bdec: 483b 00e9 | d800 0000 

  0x0000026b88d1bdf4: ;   {metadata({method} {0x0000026b991f5000} 'invokeExact_MT' '(Ljava/lang/Object;Ljava/lang/Object;Ljava/lang/Object;)Ljava/lang/Object;' in 'java/lang/invoke/Invokers$Holder')}
  0x0000026b88d1bdf4: 49ba f84f | 1f99 6b02 | 0000 4c89 | 5424 0848 | c704 24ff 

  0x0000026b88d1be08: ;   {runtime_call C1 Runtime counter_overflow_blob}
  0x0000026b88d1be08: ffff ffe8 

  0x0000026b88d1be0c: ; ImmutableOopMap {rdx=Oop r8=Oop r9=Oop [64]=Oop }
                      ;*synchronization entry
                      ; - java.lang.invoke.Invokers$Holder::invokeExact_MT@-1
  0x0000026b88d1be0c: 508e 2907 | e93c faff | ff48 8914 

  0x0000026b88d1be18: ;   {runtime_call C1 Runtime throw_class_cast_exception_blob}
  0x0000026b88d1be18: 24e8 c252 

  0x0000026b88d1be1c: ; ImmutableOopMap {r8=Oop r9=Oop [64]=Oop }
                      ;*checkcast {reexecute=0 rethrow=0 return_oop=0}
                      ; - java.lang.invoke.Invokers$Holder::invokeExact_MT@1
  0x0000026b88d1be1c: 2907 4c89 

  0x0000026b88d1be20: ;   {runtime_call C1 Runtime throw_class_cast_exception_blob}
  0x0000026b88d1be20: 0c24 e8b9 

  0x0000026b88d1be24: ; ImmutableOopMap {r8=Oop rsi=Oop [64]=Oop [72]=Oop }
                      ;*checkcast {reexecute=0 rethrow=0 return_oop=0}
                      ; - java.lang.invoke.Invokers$Holder::invokeExact_MT@7
                      ;   {metadata({method} {0x0000026b9944f2a8} 'checkExactType' '(Ljava/lang/invoke/MethodHandle;Ljava/lang/invoke/MethodType;)V' in 'java/lang/invoke/Invokers')}
  0x0000026b88d1be24: 5229 0749 | baa0 f244 | 996b 0200 | 004c 8954 | 2408 48c7 | 0424 ffff 

  0x0000026b88d1be3c: ;   {runtime_call C1 Runtime counter_overflow_blob}
  0x0000026b88d1be3c: ffff e81d 

  0x0000026b88d1be40: ; ImmutableOopMap {r8=Oop rsi=Oop rdi=Oop [64]=Oop [72]=Oop }
                      ;*synchronization entry
                      ; - java.lang.invoke.Invokers::checkExactType@-1 (line 529)
                      ; - java.lang.invoke.Invokers$Holder::invokeExact_MT@10
  0x0000026b88d1be40: 8e29 07e9 | 41fc ffff 

  0x0000026b88d1be48: ;   {runtime_call C1 Runtime throw_null_pointer_exception_blob}
  0x0000026b88d1be48: e893 2529 

  0x0000026b88d1be4c: ; ImmutableOopMap {r8=Oop rsi=Oop rdi=Oop [64]=Oop [72]=Oop }
                      ;*invokevirtual type {reexecute=0 rethrow=0 return_oop=0}
                      ; - java.lang.invoke.Invokers::checkExactType@1 (line 529)
                      ; - java.lang.invoke.Invokers$Holder::invokeExact_MT@10
                      ;   {metadata({method} {0x0000026b9944f1a0} 'checkCustomized' '(Ljava/lang/invoke/MethodHandle;)V' in 'java/lang/invoke/Invokers')}
  0x0000026b88d1be4c: 0749 ba98 | f144 996b | 0200 004c | 8954 2408 | 48c7 0424 | ffff ffff 

  0x0000026b88d1be64: ;   {runtime_call C1 Runtime counter_overflow_blob}
  0x0000026b88d1be64: e8f7 8d29 

  0x0000026b88d1be68: ; ImmutableOopMap {r8=Oop rsi=Oop [64]=Oop [72]=Oop }
                      ;*synchronization entry
                      ; - java.lang.invoke.Invokers::checkCustomized@-1 (line 622)
                      ; - java.lang.invoke.Invokers$Holder::invokeExact_MT@14
  0x0000026b88d1be68: 07e9 54fd 

  0x0000026b88d1be6c: ;   {metadata({method} {0x0000026b991ddb08} 'isCompileConstant' '(Ljava/lang/Object;)Z' in 'java/lang/invoke/MethodHandleImpl')}
  0x0000026b88d1be6c: ffff 49ba | 00db 1d99 | 6b02 0000 | 4c89 5424 | 0848 c704 | 24ff ffff 

  0x0000026b88d1be84: ;   {runtime_call C1 Runtime counter_overflow_blob}
  0x0000026b88d1be84: ffe8 d68d 

  0x0000026b88d1be88: ; ImmutableOopMap {r8=Oop rsi=Oop [64]=Oop [72]=Oop }
                      ;*synchronization entry
                      ; - java.lang.invoke.MethodHandleImpl::isCompileConstant@-1 (line 624)
                      ; - java.lang.invoke.Invokers::checkCustomized@1 (line 622)
                      ; - java.lang.invoke.Invokers$Holder::invokeExact_MT@14
  0x0000026b88d1be88: 2907 e96c 

  0x0000026b88d1be8c: ;   {runtime_call C1 Runtime throw_null_pointer_exception_blob}
  0x0000026b88d1be8c: fdff ffe8 

  0x0000026b88d1be90: ; ImmutableOopMap {r8=Oop rsi=Oop [64]=Oop [72]=Oop }
                      ;*getfield customized {reexecute=1 rethrow=0 return_oop=0}
                      ; - (reexecute) java.lang.invoke.Invokers::checkCustomized@12 (line 625)
                      ; - java.lang.invoke.Invokers$Holder::invokeExact_MT@14
  0x0000026b88d1be90: 4c25 2907 

  0x0000026b88d1be94: ;   {internal_word}
  0x0000026b88d1be94: 49ba b5bd | d188 6b02 | 0000 4d89 | 9760 0400 

  0x0000026b88d1bea4: ;   {runtime_call SafepointBlob}
  0x0000026b88d1bea4: 00e9 36b6 

  0x0000026b88d1bea8: ;   {runtime_call C1 Runtime throw_null_pointer_exception_blob}
  0x0000026b88d1bea8: 1c07 e831 

  0x0000026b88d1beac: ; ImmutableOopMap {rax=Oop [64]=Oop [72]=Oop }
                      ;*athrow {reexecute=1 rethrow=0 return_oop=0}
                      ; - (reexecute) java.lang.invoke.Invokers::checkExactType@15 (line 531)
                      ; - java.lang.invoke.Invokers$Holder::invokeExact_MT@10
  0x0000026b88d1beac: 2529 0749 | 8b87 0805 | 0000 49c7 | 8708 0500 | 0000 0000 | 0049 c787 | 1005 0000 | 0000 0000 
  0x0000026b88d1becc: 4883 c460 

  0x0000026b88d1bed0: ;   {runtime_call C1 Runtime unwind_exception_blob}
  0x0000026b88d1bed0: 5de9 8a07 | 2907 f4f4 
[Stub Code]
  0x0000026b88d1bed8: ;   {no_reloc}
  0x0000026b88d1bed8: 48bb 0000 | 0000 0000 

  0x0000026b88d1bee0: ;   {runtime_call nmethod}
  0x0000026b88d1bee0: 0000 e9fb 

  0x0000026b88d1bee4: ;   {static_stub}
  0x0000026b88d1bee4: ffff ff48 | bb00 0000 | 0000 0000 

  0x0000026b88d1bef0: ;   {runtime_call nmethod}
  0x0000026b88d1bef0: 00e9 fbff 

  0x0000026b88d1bef4: ;   {static_stub}
  0x0000026b88d1bef4: ffff 48bb | 0000 0000 | 0000 0000 

  0x0000026b88d1bf00: ;   {runtime_call nmethod}
  0x0000026b88d1bf00: e9fb ffff 

  0x0000026b88d1bf04: ;   {runtime_call C1 Runtime handle_exception_from_callee_blob}
  0x0000026b88d1bf04: ffe8 d64b 

  0x0000026b88d1bf08: ;   {external_word}
  0x0000026b88d1bf08: 2907 48b9 | e034 5b52 | fb7f 0000 | 4883 e4f0 

  0x0000026b88d1bf18: ;   {runtime_call}
  0x0000026b88d1bf18: 48b8 1090 | 1852 fb7f | 0000 ffd0 

  0x0000026b88d1bf24: ;   {section_word}
  0x0000026b88d1bf24: f449 ba25 | bfd1 886b | 0200 0041 

  0x0000026b88d1bf30: ;   {runtime_call DeoptimizationBlob}
  0x0000026b88d1bf30: 52e9 4a9e 

  0x0000026b88d1bf34: ;   {section_word}
  0x0000026b88d1bf34: 1c07 49ba | 36bf d188 | 6b02 0000 

  0x0000026b88d1bf40: ;   {runtime_call DeoptimizationBlob}
  0x0000026b88d1bf40: 4152 e939 | 9e1c 07f4 
[/MachCode]


Compiled method (c1) 1266 2506   !   3       org.junit.platform.engine.support.hierarchical.ThrowableCollector::execute (20 bytes)
 total in heap  [0x0000026b88e79d88,0x0000026b88e7a2f8] = 1392
 relocation     [0x0000026b88e79e60,0x0000026b88e79ed0] = 112
 main code      [0x0000026b88e79ee0,0x0000026b88e7a270] = 912
 stub code      [0x0000026b88e7a270,0x0000026b88e7a2d8] = 104
 oops           [0x0000026b88e7a2d8,0x0000026b88e7a2e0] = 8
 metadata       [0x0000026b88e7a2e0,0x0000026b88e7a2f8] = 24
 immutable data [0x0000026be0bc8250,0x0000026be0bc8378] = 296
 dependencies   [0x0000026be0bc8250,0x0000026be0bc8258] = 8
 nul chk table  [0x0000026be0bc8258,0x0000026be0bc8268] = 16
 handler table  [0x0000026be0bc8268,0x0000026be0bc8298] = 48
 scopes pcs     [0x0000026be0bc8298,0x0000026be0bc8318] = 128
 scopes data    [0x0000026be0bc8318,0x0000026be0bc8378] = 96

[Constant Pool (empty)]

[MachCode]
[Instructions begin]
  0x0000026b88e79ee0: 660f 1f84 | 0000 0000 | 0066 0f1f | 8400 0000 | 0000 448b | 5208 443b 

  0x0000026b88e79ef8: ;   {runtime_call Shared Runtime ic_miss_blob}
  0x0000026b88e79ef8: 5008 0f85 | 604a 0607 
[Verified Entry Point]
  0x0000026b88e79f00: 8984 2400 | 80ff ff55 | 4883 ec40 | 4181 7f20 | 0100 0000 

  0x0000026b88e79f14: ;   {runtime_call StubRoutines (final stubs)}
  0x0000026b88e79f14: 7405 e845 

  0x0000026b88e79f18: ;   {metadata(method data for {method} {0x0000026bda718c48} 'execute' '(Lorg/junit/platform/engine/support/hierarchical/ThrowableCollector$Executable;)V' in 'org/junit/platform/engine/support/hierarchical/ThrowableCollector')}
  0x0000026b88e79f18: dd04 0748 | be28 549a | da6b 0200 | 008b becc | 0000 0083 | c702 89be | cc00 0000 | 81e7 fe07 
  0x0000026b88e79f38: 0000 85ff | 0f84 9202 | 0000 4889 | 5424 2849 | 3b00 498b 

  0x0000026b88e79f4c: ;   {metadata(method data for {method} {0x0000026bda718c48} 'execute' '(Lorg/junit/platform/engine/support/hierarchical/ThrowableCollector$Executable;)V' in 'org/junit/platform/engine/support/hierarchical/ThrowableCollector')}
  0x0000026b88e79f4c: f048 bf28 | 549a da6b | 0200 008b | 7608 49ba | 0000 0099 | 6b02 0000 | 4903 f248 | 3bb7 1801 
  0x0000026b88e79f6c: 0000 750d | 4883 8720 | 0100 0001 | e960 0000 | 0048 3bb7 | 2801 0000 | 750d 4883 | 8730 0100 
  0x0000026b88e79f8c: 0001 e94a | 0000 0048 | 83bf 1801 | 0000 0075 | 1748 89b7 | 1801 0000 | 48c7 8720 | 0100 0001 
  0x0000026b88e79fac: 0000 00e9 | 2900 0000 | 4883 bf28 | 0100 0000 | 7517 4889 | b728 0100 | 0048 c787 | 3001 0000 
  0x0000026b88e79fcc: 0100 0000 | e908 0000 | 0048 8387 | 1001 0000 | 0149 8bd0 | 0f1f 4400 | 0048 b830 | 43ba e26b 
  0x0000026b88e79fec: ;   {virtual_call}
  0x0000026b88e79fec: 0200 00e8 

  0x0000026b88e79ff0: ; ImmutableOopMap {[40]=Oop }
                      ;*invokeinterface execute {reexecute=0 rethrow=0 return_oop=0}
                      ; - org.junit.platform.engine.support.hierarchical.ThrowableCollector::execute@1 (line 73)
  0x0000026b88e79ff0: ec11 1407 

  0x0000026b88e79ff4: ;   {post_call_nop}
  0x0000026b88e79ff4: 0f1f 8400 | 6c02 0000 | e9b3 0100 | 0049 8b87 | 0805 0000 | 4d33 d24d | 8997 0805 | 0000 4d33 
  0x0000026b88e7a014: d24d 8997 | 1005 0000 

  0x0000026b88e7a01c: ;   {metadata(method data for {method} {0x0000026bda718c48} 'execute' '(Lorg/junit/platform/engine/support/hierarchical/ThrowableCollector$Executable;)V' in 'org/junit/platform/engine/support/hierarchical/ThrowableCollector')}
  0x0000026b88e7a01c: 48ba 2854 | 9ada 6b02 | 0000 4883 | 8258 0100 

  0x0000026b88e7a02c: ;   {metadata(method data for {method} {0x0000026bda72ff10} 'rethrowIfUnrecoverable' '(Ljava/lang/Throwable;)V' in 'org/junit/platform/commons/util/UnrecoverableExceptions')}
  0x0000026b88e7a02c: 0001 48ba | f055 9ada | 6b02 0000 | 8bb2 cc00 | 0000 83c6 | 0289 b2cc | 0000 0081 | e6fe ff1f 
  0x0000026b88e7a04c: 0085 f60f | 84a5 0100 | 0048 85c0 

  0x0000026b88e7a058: ;   {metadata(method data for {method} {0x0000026bda72ff10} 'rethrowIfUnrecoverable' '(Ljava/lang/Throwable;)V' in 'org/junit/platform/commons/util/UnrecoverableExceptions')}
  0x0000026b88e7a058: 48bf f055 | 9ada 6b02 | 0000 750c | 808f 0901 | 0000 01e9 | ae00 0000 | 8b58 0849 | ba00 0000 
  0x0000026b88e7a078: 996b 0200 | 0049 03da | 483b 9f18 | 0100 0075 | 0d48 8387 | 2001 0000 | 01e9 6000 | 0000 483b 
  0x0000026b88e7a098: 9f28 0100 | 0075 0d48 | 8387 3001 | 0000 01e9 | 4a00 0000 | 4883 bf18 | 0100 0000 | 7517 4889 
  0x0000026b88e7a0b8: 9f18 0100 | 0048 c787 | 2001 0000 | 0100 0000 | e929 0000 | 0048 83bf | 2801 0000 | 0075 1748 
  0x0000026b88e7a0d8: 899f 2801 | 0000 48c7 | 8730 0100 | 0001 0000 | 00e9 0800 | 0000 4883 | 8710 0100 

  0x0000026b88e7a0f4: ;   {metadata('java/lang/OutOfMemoryError')}
  0x0000026b88e7a0f4: 0001 48bb | a851 1c99 | 6b02 0000 | 8b70 0849 | ba00 0000 | 996b 0200 | 0049 03f2 | 483b de0f 
  0x0000026b88e7a114: 8505 0000 | 00e9 0500 | 0000 4833 | d2eb 05ba | 0100 0000 

  0x0000026b88e7a128: ;   {metadata(method data for {method} {0x0000026bda72ff10} 'rethrowIfUnrecoverable' '(Ljava/lang/Throwable;)V' in 'org/junit/platform/commons/util/UnrecoverableExceptions')}
  0x0000026b88e7a128: 85d2 48ba | f055 9ada | 6b02 0000 | be50 0100 | 0075 05be | 4001 0000 | 488b 3c32 | 488d 7f01 
  0x0000026b88e7a148: 4889 3c32 | 0f85 0a00 | 0000 4889 | 4424 30e9 | 1800 0000 | 488b d048 | 8944 2430 

  0x0000026b88e7a164: ;   {static_call}
  0x0000026b88e7a164: 6666 90e8 

  0x0000026b88e7a168: ; ImmutableOopMap {[40]=Oop [48]=Oop }
                      ;*invokestatic throwAsUncheckedException {reexecute=0 rethrow=0 return_oop=0}
                      ; - org.junit.platform.commons.util.UnrecoverableExceptions::rethrowIfUnrecoverable@8 (line 52)
                      ; - org.junit.platform.engine.support.hierarchical.ThrowableCollector::execute@11 (line 76)
  0x0000026b88e7a168: f456 0607 

  0x0000026b88e7a16c: ;   {post_call_nop}
  0x0000026b88e7a16c: 0f1f 8400 | e403 0001 | 488b 4424 | 3048 8b54 | 2428 4c8b 

  0x0000026b88e7a180: ;   {metadata(method data for {method} {0x0000026bda718c48} 'execute' '(Lorg/junit/platform/engine/support/hierarchical/ThrowableCollector$Executable;)V' in 'org/junit/platform/engine/support/hierarchical/ThrowableCollector')}
  0x0000026b88e7a180: c248 be28 | 549a da6b | 0200 0048 | 8386 6801 | 0000 014c 

  0x0000026b88e7a194: ;   {optimized virtual_call}
  0x0000026b88e7a194: 8bc0 90e8 

  0x0000026b88e7a198: ; ImmutableOopMap {}
                      ;*invokespecial add {reexecute=0 rethrow=0 return_oop=0}
                      ; - org.junit.platform.engine.support.hierarchical.ThrowableCollector::execute@16 (line 77)
  0x0000026b88e7a198: f800 0000 

  0x0000026b88e7a19c: ;   {post_call_nop}
  0x0000026b88e7a19c: 0f1f 8400 | 1404 0002 | 4883 c440 

  0x0000026b88e7a1a8: ;   {poll_return}
  0x0000026b88e7a1a8: 5d49 3b67 | 280f 8768 | 0000 00c3 

  0x0000026b88e7a1b4: ;   {metadata(method data for {method} {0x0000026bda718c48} 'execute' '(Lorg/junit/platform/engine/support/hierarchical/ThrowableCollector$Executable;)V' in 'org/junit/platform/engine/support/hierarchical/ThrowableCollector')}
  0x0000026b88e7a1b4: 48be 2854 | 9ada 6b02 | 0000 ff86 | 4001 0000 | 4883 c440 

  0x0000026b88e7a1c8: ;   {poll_return}
  0x0000026b88e7a1c8: 5d49 3b67 | 280f 875e | 0000 00c3 

  0x0000026b88e7a1d4: ;   {metadata({method} {0x0000026bda718c48} 'execute' '(Lorg/junit/platform/engine/support/hierarchical/ThrowableCollector$Executable;)V' in 'org/junit/platform/engine/support/hierarchical/ThrowableCollector')}
  0x0000026b88e7a1d4: 49ba 408c | 71da 6b02 | 0000 4c89 | 5424 0848 | c704 24ff 

  0x0000026b88e7a1e8: ;   {runtime_call C1 Runtime counter_overflow_blob}
  0x0000026b88e7a1e8: ffff ffe8 

  0x0000026b88e7a1ec: ; ImmutableOopMap {rdx=Oop r8=Oop }
                      ;*synchronization entry
                      ; - org.junit.platform.engine.support.hierarchical.ThrowableCollector::execute@-1 (line 73)
  0x0000026b88e7a1ec: 70aa 1307 | e94d fdff 

  0x0000026b88e7a1f4: ;   {runtime_call C1 Runtime throw_null_pointer_exception_blob}
  0x0000026b88e7a1f4: ffe8 e641 

  0x0000026b88e7a1f8: ; ImmutableOopMap {r8=Oop [40]=Oop }
                      ;*invokeinterface execute {reexecute=0 rethrow=0 return_oop=0}
                      ; - org.junit.platform.engine.support.hierarchical.ThrowableCollector::execute@1 (line 73)
                      ;   {metadata({method} {0x0000026bda72ff10} 'rethrowIfUnrecoverable' '(Ljava/lang/Throwable;)V' in 'org/junit/platform/commons/util/UnrecoverableExceptions')}
  0x0000026b88e7a1f8: 1307 49ba | 08ff 72da | 6b02 0000 | 4c89 5424 | 0848 c704 | 24ff ffff 

  0x0000026b88e7a210: ;   {runtime_call C1 Runtime counter_overflow_blob}
  0x0000026b88e7a210: ffe8 4aaa 

  0x0000026b88e7a214: ; ImmutableOopMap {rax=Oop [40]=Oop }
                      ;*synchronization entry
                      ; - org.junit.platform.commons.util.UnrecoverableExceptions::rethrowIfUnrecoverable@-1 (line 51)
                      ; - org.junit.platform.engine.support.hierarchical.ThrowableCollector::execute@11 (line 76)
  0x0000026b88e7a214: 1307 e93a 

  0x0000026b88e7a218: ;   {internal_word}
  0x0000026b88e7a218: feff ff49 | baa9 a1e7 | 886b 0200 | 004d 8997 | 6004 0000 

  0x0000026b88e7a22c: ;   {runtime_call SafepointBlob}
  0x0000026b88e7a22c: e9af d206 

  0x0000026b88e7a230: ;   {internal_word}
  0x0000026b88e7a230: 0749 bac9 | a1e7 886b | 0200 004d | 8997 6004 

  0x0000026b88e7a240: ;   {runtime_call SafepointBlob}
  0x0000026b88e7a240: 0000 e999 | d206 0749 | 8b87 0805 | 0000 49c7 | 8708 0500 | 0000 0000 | 0049 c787 | 1005 0000 
  0x0000026b88e7a260: 0000 0000 | 4883 c440 

  0x0000026b88e7a268: ;   {runtime_call C1 Runtime unwind_exception_blob}
  0x0000026b88e7a268: 5de9 f223 | 1307 f4f4 
[Stub Code]
  0x0000026b88e7a270: ;   {no_reloc}
  0x0000026b88e7a270: 0f1f 4400 

  0x0000026b88e7a274: ;   {static_stub}
  0x0000026b88e7a274: 0048 bb00 | 0000 0000 

  0x0000026b88e7a27c: ;   {runtime_call nmethod}
  0x0000026b88e7a27c: 0000 00e9 | fbff ffff 

  0x0000026b88e7a284: ;   {static_stub}
  0x0000026b88e7a284: 9048 bb00 | 0000 0000 

  0x0000026b88e7a28c: ;   {runtime_call nmethod}
  0x0000026b88e7a28c: 0000 00e9 | fbff ffff 

  0x0000026b88e7a294: ;   {static_stub}
  0x0000026b88e7a294: 48bb 508d | 71da 6b02 

  0x0000026b88e7a29c: ;   {runtime_call I2C/C2I adapters}
  0x0000026b88e7a29c: 0000 e993 

  0x0000026b88e7a2a0: ;   {runtime_call C1 Runtime handle_exception_from_callee_blob}
  0x0000026b88e7a2a0: b606 07e8 | 3868 1307 

  0x0000026b88e7a2a8: ;   {external_word}
  0x0000026b88e7a2a8: 48b9 e034 | 5b52 fb7f | 0000 4883 

  0x0000026b88e7a2b4: ;   {runtime_call}
  0x0000026b88e7a2b4: e4f0 48b8 | 1090 1852 | fb7f 0000 

  0x0000026b88e7a2c0: ;   {section_word}
  0x0000026b88e7a2c0: ffd0 f449 | bac3 a2e7 | 886b 0200 

  0x0000026b88e7a2cc: ;   {runtime_call DeoptimizationBlob}
  0x0000026b88e7a2cc: 0041 52e9 | acba 0607 | f4f4 f4f4 
[/MachCode]


---------------  P R O C E S S  ---------------

Threads class SMR info:
_java_thread_list=0x0000026bde11d4a0, length=24, elements={
0x0000026bfa0b06b0, 0x0000026b98345ff0, 0x0000026b98346930, 0x0000026b98349080,
0x0000026b983498f0, 0x0000026b9834e170, 0x0000026b983509f0, 0x0000026b983516c0,
0x0000026b983531b0, 0x0000026b98320090, 0x0000026b984d45b0, 0x0000026b984d7b20,
0x0000026b984f1aa0, 0x0000026b984f31f0, 0x0000026b9858c4e0, 0x0000026b98f39c10,
0x0000026b98f96320, 0x0000026b98f96a60, 0x0000026bde1ae610, 0x0000026bde2797a0,
0x0000026bde279f30, 0x0000026bde283980, 0x0000026bde284110, 0x0000026bde313750
}

Java Threads: ( => current thread )
=>0x0000026bfa0b06b0 JavaThread "Test worker"                       [_thread_in_native, id=24960, stack(0x0000008507600000,0x0000008507700000) (1024K)]
  0x0000026b98345ff0 JavaThread "Reference Handler"          daemon [_thread_blocked, id=41528, stack(0x0000008507e00000,0x0000008507f00000) (1024K)]
  0x0000026b98346930 JavaThread "Finalizer"                  daemon [_thread_blocked, id=41388, stack(0x0000008507f00000,0x0000008508000000) (1024K)]
  0x0000026b98349080 JavaThread "Signal Dispatcher"          daemon [_thread_blocked, id=5560, stack(0x0000008508000000,0x0000008508100000) (1024K)]
  0x0000026b983498f0 JavaThread "Attach Listener"            daemon [_thread_blocked, id=38696, stack(0x0000008508100000,0x0000008508200000) (1024K)]
  0x0000026b9834e170 JavaThread "Service Thread"             daemon [_thread_blocked, id=34840, stack(0x0000008508200000,0x0000008508300000) (1024K)]
  0x0000026b983509f0 JavaThread "Monitor Deflation Thread"   daemon [_thread_blocked, id=17712, stack(0x0000008508300000,0x0000008508400000) (1024K)]
  0x0000026b983516c0 JavaThread "C2 CompilerThread0"         daemon [_thread_blocked, id=24600, stack(0x0000008508400000,0x0000008508500000) (1024K)]
  0x0000026b983531b0 JavaThread "C1 CompilerThread0"         daemon [_thread_blocked, id=34732, stack(0x0000008508500000,0x0000008508600000) (1024K)]
  0x0000026b98320090 JavaThread "C1 CompilerThread1"         daemon [_thread_blocked, id=18444, stack(0x0000008508600000,0x0000008508700000) (1024K)]
  0x0000026b984d45b0 JavaThread "C1 CompilerThread2"         daemon [_thread_blocked, id=33820, stack(0x0000008508700000,0x0000008508800000) (1024K)]
  0x0000026b984d7b20 JavaThread "C1 CompilerThread3"         daemon [_thread_blocked, id=39716, stack(0x0000008508800000,0x0000008508900000) (1024K)]
  0x0000026b984f1aa0 JavaThread "Notification Thread"        daemon [_thread_blocked, id=38952, stack(0x0000008508900000,0x0000008508a00000) (1024K)]
  0x0000026b984f31f0 JavaThread "Common-Cleaner"             daemon [_thread_blocked, id=38968, stack(0x0000008508a00000,0x0000008508b00000) (1024K)]
  0x0000026b9858c4e0 JavaThread "C2 CompilerThread1"         daemon [_thread_in_native, id=39992, stack(0x0000008508b00000,0x0000008508c00000) (1024K)]
  0x0000026b98f39c10 JavaThread "/127.0.0.1:59832 to /127.0.0.1:59831 workers"        [_thread_blocked, id=39712, stack(0x0000008508d00000,0x0000008508e00000) (1024K)]
  0x0000026b98f96320 JavaThread "/127.0.0.1:59832 to /127.0.0.1:59831 workers Thread 2"        [_thread_blocked, id=30236, stack(0x0000008508e00000,0x0000008508f00000) (1024K)]
  0x0000026b98f96a60 JavaThread "/127.0.0.1:59832 to /127.0.0.1:59831 workers Thread 3"        [_thread_in_native, id=41308, stack(0x0000008508f00000,0x0000008509000000) (1024K)]
  0x0000026bde1ae610 JavaThread "C2 CompilerThread2"         daemon [_thread_in_native, id=37388, stack(0x0000008509000000,0x0000008509100000) (1024K)]
  0x0000026bde2797a0 JavaThread "C2 CompilerThread3"         daemon [_thread_blocked, id=36856, stack(0x0000008509100000,0x0000008509200000) (1024K)]
  0x0000026bde279f30 JavaThread "C2 CompilerThread4"         daemon [_thread_blocked, id=2324, stack(0x0000008509200000,0x0000008509300000) (1024K)]
  0x0000026bde283980 JavaThread "C2 CompilerThread5"         daemon [_thread_blocked, id=21304, stack(0x0000008509300000,0x0000008509400000) (1024K)]
  0x0000026bde284110 JavaThread "C2 CompilerThread6"         daemon [_thread_blocked, id=33124, stack(0x0000008509400000,0x0000008509500000) (1024K)]
  0x0000026bde313750 JavaThread "C2 CompilerThread7"         daemon [_thread_blocked, id=25740, stack(0x0000008509500000,0x0000008509600000) (1024K)]
Total: 24

Other Threads:
  0x0000026b9829dac0 VMThread "VM Thread"                           [id=40468, stack(0x0000008507d00000,0x0000008507e00000) (1024K)]
  0x0000026b982982f0 WatcherThread "VM Periodic Task Thread"        [id=37620, stack(0x0000008507c00000,0x0000008507d00000) (1024K)]
  0x0000026bfc569420 WorkerThread "GC Thread#0"                     [id=33540, stack(0x0000008507700000,0x0000008507800000) (1024K)]
  0x0000026be0bc9090 WorkerThread "GC Thread#1"                     [id=22124, stack(0x0000008509600000,0x0000008509700000) (1024K)]
  0x0000026be0bc9f50 WorkerThread "GC Thread#2"                     [id=41096, stack(0x0000008509700000,0x0000008509800000) (1024K)]
  0x0000026be0bca300 WorkerThread "GC Thread#3"                     [id=32096, stack(0x0000008509800000,0x0000008509900000) (1024K)]
  0x0000026be0bc9440 WorkerThread "GC Thread#4"                     [id=39832, stack(0x0000008509900000,0x0000008509a00000) (1024K)]
  0x0000026be0bc97f0 WorkerThread "GC Thread#5"                     [id=15776, stack(0x0000008509a00000,0x0000008509b00000) (1024K)]
  0x0000026be0bc9ba0 WorkerThread "GC Thread#6"                     [id=39268, stack(0x0000008509b00000,0x0000008509c00000) (1024K)]
  0x0000026be0bca6b0 WorkerThread "GC Thread#7"                     [id=40176, stack(0x0000008509c00000,0x0000008509d00000) (1024K)]
  0x0000026be0bcaa60 WorkerThread "GC Thread#8"                     [id=36148, stack(0x0000008509d00000,0x0000008509e00000) (1024K)]
  0x0000026bde501980 WorkerThread "GC Thread#9"                     [id=40236, stack(0x0000008509e00000,0x0000008509f00000) (1024K)]
  0x0000026bfc56f420 ConcurrentGCThread "G1 Main Marker"            [id=40956, stack(0x0000008507800000,0x0000008507900000) (1024K)]
  0x0000026bfc570c90 WorkerThread "G1 Conc#0"                       [id=22972, stack(0x0000008507900000,0x0000008507a00000) (1024K)]
  0x0000026b981dff10 ConcurrentGCThread "G1 Refine#0"               [id=37316, stack(0x0000008507a00000,0x0000008507b00000) (1024K)]
  0x0000026b981e0350 ConcurrentGCThread "G1 Service"                [id=24252, stack(0x0000008507b00000,0x0000008507c00000) (1024K)]
Total: 16

Threads with active compile tasks:
C2 CompilerThread1  1271 2620       4       java.lang.invoke.MethodType::makeImpl (155 bytes)
C2 CompilerThread2  1271 2621       4       java.lang.invoke.MethodType::methodType (69 bytes)
Total: 2

VM state: not at safepoint (normal execution)

VM Mutex/Monitor currently owned by a thread: None

Heap address: 0x00000000e0000000, size: 512 MB, Compressed Oops mode: 32-bit

CDS archive(s) mapped at: [0x0000026b99000000-0x0000026b99d40000-0x0000026b99d40000), size 13893632, SharedBaseAddress: 0x0000026b99000000, ArchiveRelocationMode: 1.
Compressed class space mapped at: 0x0000026b9a000000-0x0000026bda000000, reserved size: 1073741824
UseCompressedClassPointers 1, UseCompactObjectHeaders 0
Narrow klass pointer bits 32, Max shift 3
Narrow klass base: 0x0000026b99000000, Narrow klass shift: 0
Encoding Range: [0x0000026b99000000 - 0x0000026c99000000), (4294967296 bytes)
Klass Range:    [0x0000026b99000000 - 0x0000026bda000000), (1090519040 bytes)
Klass ID Range:  [8 - 1090519033) (1090519025)

GC Precious Log:
 CardTable entry size: 512
 Card Set container configuration: InlinePtr #cards 5 size 8 Array Of Cards #cards 10 size 36 Howl #buckets 4 coarsen threshold 1843 Howl Bitmap #cards 512 size 80 coarsen threshold 460 Card regions per heap region 1 cards per card region 2048
 CPUs: 16 total, 16 available
 Memory: 26421M
 Large Page Support: Disabled
 NUMA Support: Disabled
 Compressed Oops: Enabled (32-bit)
 Heap Region Size: 1M
 Heap Min Capacity: 8M
 Heap Initial Capacity: 414M
 Heap Max Capacity: 512M
 Pre-touch: Disabled
 Parallel Workers: 13
 Concurrent Workers: 3
 Concurrent Refinement Workers: 13
 Periodic GC: Disabled

Heap:
 garbage-first heap   total reserved 524288K, committed 425984K, used 23223K [0x00000000e0000000, 0x0000000100000000)
  region size 1024K, 23 young (23552K), 5 survivors (5120K)
 Metaspace       used 14145K, committed 14784K, reserved 1114112K
  class space    used 1490K, committed 1792K, reserved 1048576K

Heap Regions: E=young(eden), S=young(survivor), O=old, HS=humongous(starts), HC=humongous(continues), CS=collection set, F=free, TAMS=top-at-mark-start, PB=parsable bottom
|   0|0x00000000e0000000, 0x00000000e0000000, 0x00000000e0100000|  0%| F|  |TAMS 0x00000000e0000000| PB 0x00000000e0000000| Untracked |  0
|   1|0x00000000e0100000, 0x00000000e0100000, 0x00000000e0200000|  0%| F|  |TAMS 0x00000000e0100000| PB 0x00000000e0100000| Untracked |  0
|   2|0x00000000e0200000, 0x00000000e0200000, 0x00000000e0300000|  0%| F|  |TAMS 0x00000000e0200000| PB 0x00000000e0200000| Untracked |  0
|   3|0x00000000e0300000, 0x00000000e0300000, 0x00000000e0400000|  0%| F|  |TAMS 0x00000000e0300000| PB 0x00000000e0300000| Untracked |  0
|   4|0x00000000e0400000, 0x00000000e0400000, 0x00000000e0500000|  0%| F|  |TAMS 0x00000000e0400000| PB 0x00000000e0400000| Untracked |  0
|   5|0x00000000e0500000, 0x00000000e0500000, 0x00000000e0600000|  0%| F|  |TAMS 0x00000000e0500000| PB 0x00000000e0500000| Untracked |  0
|   6|0x00000000e0600000, 0x00000000e0600000, 0x00000000e0700000|  0%| F|  |TAMS 0x00000000e0600000| PB 0x00000000e0600000| Untracked |  0
|   7|0x00000000e0700000, 0x00000000e0700000, 0x00000000e0800000|  0%| F|  |TAMS 0x00000000e0700000| PB 0x00000000e0700000| Untracked |  0
|   8|0x00000000e0800000, 0x00000000e0800000, 0x00000000e0900000|  0%| F|  |TAMS 0x00000000e0800000| PB 0x00000000e0800000| Untracked |  0
|   9|0x00000000e0900000, 0x00000000e0900000, 0x00000000e0a00000|  0%| F|  |TAMS 0x00000000e0900000| PB 0x00000000e0900000| Untracked |  0
|  10|0x00000000e0a00000, 0x00000000e0a00000, 0x00000000e0b00000|  0%| F|  |TAMS 0x00000000e0a00000| PB 0x00000000e0a00000| Untracked |  0
|  11|0x00000000e0b00000, 0x00000000e0b00000, 0x00000000e0c00000|  0%| F|  |TAMS 0x00000000e0b00000| PB 0x00000000e0b00000| Untracked |  0
|  12|0x00000000e0c00000, 0x00000000e0c00000, 0x00000000e0d00000|  0%| F|  |TAMS 0x00000000e0c00000| PB 0x00000000e0c00000| Untracked |  0
|  13|0x00000000e0d00000, 0x00000000e0d00000, 0x00000000e0e00000|  0%| F|  |TAMS 0x00000000e0d00000| PB 0x00000000e0d00000| Untracked |  0
|  14|0x00000000e0e00000, 0x00000000e0e00000, 0x00000000e0f00000|  0%| F|  |TAMS 0x00000000e0e00000| PB 0x00000000e0e00000| Untracked |  0
|  15|0x00000000e0f00000, 0x00000000e0f00000, 0x00000000e1000000|  0%| F|  |TAMS 0x00000000e0f00000| PB 0x00000000e0f00000| Untracked |  0
|  16|0x00000000e1000000, 0x00000000e1000000, 0x00000000e1100000|  0%| F|  |TAMS 0x00000000e1000000| PB 0x00000000e1000000| Untracked |  0
|  17|0x00000000e1100000, 0x00000000e1100000, 0x00000000e1200000|  0%| F|  |TAMS 0x00000000e1100000| PB 0x00000000e1100000| Untracked |  0
|  18|0x00000000e1200000, 0x00000000e1200000, 0x00000000e1300000|  0%| F|  |TAMS 0x00000000e1200000| PB 0x00000000e1200000| Untracked |  0
|  19|0x00000000e1300000, 0x00000000e1300000, 0x00000000e1400000|  0%| F|  |TAMS 0x00000000e1300000| PB 0x00000000e1300000| Untracked |  0
|  20|0x00000000e1400000, 0x00000000e1400000, 0x00000000e1500000|  0%| F|  |TAMS 0x00000000e1400000| PB 0x00000000e1400000| Untracked |  0
|  21|0x00000000e1500000, 0x00000000e1500000, 0x00000000e1600000|  0%| F|  |TAMS 0x00000000e1500000| PB 0x00000000e1500000| Untracked |  0
|  22|0x00000000e1600000, 0x00000000e1600000, 0x00000000e1700000|  0%| F|  |TAMS 0x00000000e1600000| PB 0x00000000e1600000| Untracked |  0
|  23|0x00000000e1700000, 0x00000000e1700000, 0x00000000e1800000|  0%| F|  |TAMS 0x00000000e1700000| PB 0x00000000e1700000| Untracked |  0
|  24|0x00000000e1800000, 0x00000000e1800000, 0x00000000e1900000|  0%| F|  |TAMS 0x00000000e1800000| PB 0x00000000e1800000| Untracked |  0
|  25|0x00000000e1900000, 0x00000000e1900000, 0x00000000e1a00000|  0%| F|  |TAMS 0x00000000e1900000| PB 0x00000000e1900000| Untracked |  0
|  26|0x00000000e1a00000, 0x00000000e1a00000, 0x00000000e1b00000|  0%| F|  |TAMS 0x00000000e1a00000| PB 0x00000000e1a00000| Untracked |  0
|  27|0x00000000e1b00000, 0x00000000e1b00000, 0x00000000e1c00000|  0%| F|  |TAMS 0x00000000e1b00000| PB 0x00000000e1b00000| Untracked |  0
|  28|0x00000000e1c00000, 0x00000000e1c00000, 0x00000000e1d00000|  0%| F|  |TAMS 0x00000000e1c00000| PB 0x00000000e1c00000| Untracked |  0
|  29|0x00000000e1d00000, 0x00000000e1d00000, 0x00000000e1e00000|  0%| F|  |TAMS 0x00000000e1d00000| PB 0x00000000e1d00000| Untracked |  0
|  30|0x00000000e1e00000, 0x00000000e1e00000, 0x00000000e1f00000|  0%| F|  |TAMS 0x00000000e1e00000| PB 0x00000000e1e00000| Untracked |  0
|  31|0x00000000e1f00000, 0x00000000e1f00000, 0x00000000e2000000|  0%| F|  |TAMS 0x00000000e1f00000| PB 0x00000000e1f00000| Untracked |  0
|  32|0x00000000e2000000, 0x00000000e2000000, 0x00000000e2100000|  0%| F|  |TAMS 0x00000000e2000000| PB 0x00000000e2000000| Untracked |  0
|  33|0x00000000e2100000, 0x00000000e2100000, 0x00000000e2200000|  0%| F|  |TAMS 0x00000000e2100000| PB 0x00000000e2100000| Untracked |  0
|  34|0x00000000e2200000, 0x00000000e2200000, 0x00000000e2300000|  0%| F|  |TAMS 0x00000000e2200000| PB 0x00000000e2200000| Untracked |  0
|  35|0x00000000e2300000, 0x00000000e2300000, 0x00000000e2400000|  0%| F|  |TAMS 0x00000000e2300000| PB 0x00000000e2300000| Untracked |  0
|  36|0x00000000e2400000, 0x00000000e2400000, 0x00000000e2500000|  0%| F|  |TAMS 0x00000000e2400000| PB 0x00000000e2400000| Untracked |  0
|  37|0x00000000e2500000, 0x00000000e2500000, 0x00000000e2600000|  0%| F|  |TAMS 0x00000000e2500000| PB 0x00000000e2500000| Untracked |  0
|  38|0x00000000e2600000, 0x00000000e2600000, 0x00000000e2700000|  0%| F|  |TAMS 0x00000000e2600000| PB 0x00000000e2600000| Untracked |  0
|  39|0x00000000e2700000, 0x00000000e2700000, 0x00000000e2800000|  0%| F|  |TAMS 0x00000000e2700000| PB 0x00000000e2700000| Untracked |  0
|  40|0x00000000e2800000, 0x00000000e2800000, 0x00000000e2900000|  0%| F|  |TAMS 0x00000000e2800000| PB 0x00000000e2800000| Untracked |  0
|  41|0x00000000e2900000, 0x00000000e2900000, 0x00000000e2a00000|  0%| F|  |TAMS 0x00000000e2900000| PB 0x00000000e2900000| Untracked |  0
|  42|0x00000000e2a00000, 0x00000000e2a00000, 0x00000000e2b00000|  0%| F|  |TAMS 0x00000000e2a00000| PB 0x00000000e2a00000| Untracked |  0
|  43|0x00000000e2b00000, 0x00000000e2b00000, 0x00000000e2c00000|  0%| F|  |TAMS 0x00000000e2b00000| PB 0x00000000e2b00000| Untracked |  0
|  44|0x00000000e2c00000, 0x00000000e2c00000, 0x00000000e2d00000|  0%| F|  |TAMS 0x00000000e2c00000| PB 0x00000000e2c00000| Untracked |  0
|  45|0x00000000e2d00000, 0x00000000e2d00000, 0x00000000e2e00000|  0%| F|  |TAMS 0x00000000e2d00000| PB 0x00000000e2d00000| Untracked |  0
|  46|0x00000000e2e00000, 0x00000000e2e00000, 0x00000000e2f00000|  0%| F|  |TAMS 0x00000000e2e00000| PB 0x00000000e2e00000| Untracked |  0
|  47|0x00000000e2f00000, 0x00000000e2f00000, 0x00000000e3000000|  0%| F|  |TAMS 0x00000000e2f00000| PB 0x00000000e2f00000| Untracked |  0
|  48|0x00000000e3000000, 0x00000000e3000000, 0x00000000e3100000|  0%| F|  |TAMS 0x00000000e3000000| PB 0x00000000e3000000| Untracked |  0
|  49|0x00000000e3100000, 0x00000000e3100000, 0x00000000e3200000|  0%| F|  |TAMS 0x00000000e3100000| PB 0x00000000e3100000| Untracked |  0
|  50|0x00000000e3200000, 0x00000000e3200000, 0x00000000e3300000|  0%| F|  |TAMS 0x00000000e3200000| PB 0x00000000e3200000| Untracked |  0
|  51|0x00000000e3300000, 0x00000000e3300000, 0x00000000e3400000|  0%| F|  |TAMS 0x00000000e3300000| PB 0x00000000e3300000| Untracked |  0
|  52|0x00000000e3400000, 0x00000000e3400000, 0x00000000e3500000|  0%| F|  |TAMS 0x00000000e3400000| PB 0x00000000e3400000| Untracked |  0
|  53|0x00000000e3500000, 0x00000000e3500000, 0x00000000e3600000|  0%| F|  |TAMS 0x00000000e3500000| PB 0x00000000e3500000| Untracked |  0
|  54|0x00000000e3600000, 0x00000000e3600000, 0x00000000e3700000|  0%| F|  |TAMS 0x00000000e3600000| PB 0x00000000e3600000| Untracked |  0
|  55|0x00000000e3700000, 0x00000000e3700000, 0x00000000e3800000|  0%| F|  |TAMS 0x00000000e3700000| PB 0x00000000e3700000| Untracked |  0
|  56|0x00000000e3800000, 0x00000000e3800000, 0x00000000e3900000|  0%| F|  |TAMS 0x00000000e3800000| PB 0x00000000e3800000| Untracked |  0
|  57|0x00000000e3900000, 0x00000000e3900000, 0x00000000e3a00000|  0%| F|  |TAMS 0x00000000e3900000| PB 0x00000000e3900000| Untracked |  0
|  58|0x00000000e3a00000, 0x00000000e3a00000, 0x00000000e3b00000|  0%| F|  |TAMS 0x00000000e3a00000| PB 0x00000000e3a00000| Untracked |  0
|  59|0x00000000e3b00000, 0x00000000e3b00000, 0x00000000e3c00000|  0%| F|  |TAMS 0x00000000e3b00000| PB 0x00000000e3b00000| Untracked |  0
|  60|0x00000000e3c00000, 0x00000000e3c00000, 0x00000000e3d00000|  0%| F|  |TAMS 0x00000000e3c00000| PB 0x00000000e3c00000| Untracked |  0
|  61|0x00000000e3d00000, 0x00000000e3d00000, 0x00000000e3e00000|  0%| F|  |TAMS 0x00000000e3d00000| PB 0x00000000e3d00000| Untracked |  0
|  62|0x00000000e3e00000, 0x00000000e3e00000, 0x00000000e3f00000|  0%| F|  |TAMS 0x00000000e3e00000| PB 0x00000000e3e00000| Untracked |  0
|  63|0x00000000e3f00000, 0x00000000e3f00000, 0x00000000e4000000|  0%| F|  |TAMS 0x00000000e3f00000| PB 0x00000000e3f00000| Untracked |  0
|  64|0x00000000e4000000, 0x00000000e4000000, 0x00000000e4100000|  0%| F|  |TAMS 0x00000000e4000000| PB 0x00000000e4000000| Untracked |  0
|  65|0x00000000e4100000, 0x00000000e4100000, 0x00000000e4200000|  0%| F|  |TAMS 0x00000000e4100000| PB 0x00000000e4100000| Untracked |  0
|  66|0x00000000e4200000, 0x00000000e4200000, 0x00000000e4300000|  0%| F|  |TAMS 0x00000000e4200000| PB 0x00000000e4200000| Untracked |  0
|  67|0x00000000e4300000, 0x00000000e4300000, 0x00000000e4400000|  0%| F|  |TAMS 0x00000000e4300000| PB 0x00000000e4300000| Untracked |  0
|  68|0x00000000e4400000, 0x00000000e4400000, 0x00000000e4500000|  0%| F|  |TAMS 0x00000000e4400000| PB 0x00000000e4400000| Untracked |  0
|  69|0x00000000e4500000, 0x00000000e4500000, 0x00000000e4600000|  0%| F|  |TAMS 0x00000000e4500000| PB 0x00000000e4500000| Untracked |  0
|  70|0x00000000e4600000, 0x00000000e4600000, 0x00000000e4700000|  0%| F|  |TAMS 0x00000000e4600000| PB 0x00000000e4600000| Untracked |  0
|  71|0x00000000e4700000, 0x00000000e4700000, 0x00000000e4800000|  0%| F|  |TAMS 0x00000000e4700000| PB 0x00000000e4700000| Untracked |  0
|  72|0x00000000e4800000, 0x00000000e4800000, 0x00000000e4900000|  0%| F|  |TAMS 0x00000000e4800000| PB 0x00000000e4800000| Untracked |  0
|  73|0x00000000e4900000, 0x00000000e4900000, 0x00000000e4a00000|  0%| F|  |TAMS 0x00000000e4900000| PB 0x00000000e4900000| Untracked |  0
|  74|0x00000000e4a00000, 0x00000000e4a00000, 0x00000000e4b00000|  0%| F|  |TAMS 0x00000000e4a00000| PB 0x00000000e4a00000| Untracked |  0
|  75|0x00000000e4b00000, 0x00000000e4b00000, 0x00000000e4c00000|  0%| F|  |TAMS 0x00000000e4b00000| PB 0x00000000e4b00000| Untracked |  0
|  76|0x00000000e4c00000, 0x00000000e4c00000, 0x00000000e4d00000|  0%| F|  |TAMS 0x00000000e4c00000| PB 0x00000000e4c00000| Untracked |  0
|  77|0x00000000e4d00000, 0x00000000e4d00000, 0x00000000e4e00000|  0%| F|  |TAMS 0x00000000e4d00000| PB 0x00000000e4d00000| Untracked |  0
|  78|0x00000000e4e00000, 0x00000000e4e00000, 0x00000000e4f00000|  0%| F|  |TAMS 0x00000000e4e00000| PB 0x00000000e4e00000| Untracked |  0
|  79|0x00000000e4f00000, 0x00000000e4f00000, 0x00000000e5000000|  0%| F|  |TAMS 0x00000000e4f00000| PB 0x00000000e4f00000| Untracked |  0
|  80|0x00000000e5000000, 0x00000000e5000000, 0x00000000e5100000|  0%| F|  |TAMS 0x00000000e5000000| PB 0x00000000e5000000| Untracked |  0
|  81|0x00000000e5100000, 0x00000000e5100000, 0x00000000e5200000|  0%| F|  |TAMS 0x00000000e5100000| PB 0x00000000e5100000| Untracked |  0
|  82|0x00000000e5200000, 0x00000000e5200000, 0x00000000e5300000|  0%| F|  |TAMS 0x00000000e5200000| PB 0x00000000e5200000| Untracked |  0
|  83|0x00000000e5300000, 0x00000000e5300000, 0x00000000e5400000|  0%| F|  |TAMS 0x00000000e5300000| PB 0x00000000e5300000| Untracked |  0
|  84|0x00000000e5400000, 0x00000000e5400000, 0x00000000e5500000|  0%| F|  |TAMS 0x00000000e5400000| PB 0x00000000e5400000| Untracked |  0
|  85|0x00000000e5500000, 0x00000000e5500000, 0x00000000e5600000|  0%| F|  |TAMS 0x00000000e5500000| PB 0x00000000e5500000| Untracked |  0
|  86|0x00000000e5600000, 0x00000000e5600000, 0x00000000e5700000|  0%| F|  |TAMS 0x00000000e5600000| PB 0x00000000e5600000| Untracked |  0
|  87|0x00000000e5700000, 0x00000000e5700000, 0x00000000e5800000|  0%| F|  |TAMS 0x00000000e5700000| PB 0x00000000e5700000| Untracked |  0
|  88|0x00000000e5800000, 0x00000000e5800000, 0x00000000e5900000|  0%| F|  |TAMS 0x00000000e5800000| PB 0x00000000e5800000| Untracked |  0
|  89|0x00000000e5900000, 0x00000000e5900000, 0x00000000e5a00000|  0%| F|  |TAMS 0x00000000e5900000| PB 0x00000000e5900000| Untracked |  0
|  90|0x00000000e5a00000, 0x00000000e5a00000, 0x00000000e5b00000|  0%| F|  |TAMS 0x00000000e5a00000| PB 0x00000000e5a00000| Untracked |  0
|  91|0x00000000e5b00000, 0x00000000e5b00000, 0x00000000e5c00000|  0%| F|  |TAMS 0x00000000e5b00000| PB 0x00000000e5b00000| Untracked |  0
|  92|0x00000000e5c00000, 0x00000000e5c00000, 0x00000000e5d00000|  0%| F|  |TAMS 0x00000000e5c00000| PB 0x00000000e5c00000| Untracked |  0
|  93|0x00000000e5d00000, 0x00000000e5d00000, 0x00000000e5e00000|  0%| F|  |TAMS 0x00000000e5d00000| PB 0x00000000e5d00000| Untracked |  0
|  94|0x00000000e5e00000, 0x00000000e5e00000, 0x00000000e5f00000|  0%| F|  |TAMS 0x00000000e5e00000| PB 0x00000000e5e00000| Untracked |  0
|  95|0x00000000e5f00000, 0x00000000e5f00000, 0x00000000e6000000|  0%| F|  |TAMS 0x00000000e5f00000| PB 0x00000000e5f00000| Untracked |  0
|  96|0x00000000e6000000, 0x00000000e6000000, 0x00000000e6100000|  0%| F|  |TAMS 0x00000000e6000000| PB 0x00000000e6000000| Untracked |  0
|  97|0x00000000e6100000, 0x00000000e6100000, 0x00000000e6200000|  0%| F|  |TAMS 0x00000000e6100000| PB 0x00000000e6100000| Untracked |  0
|  98|0x00000000e6200000, 0x00000000e6200000, 0x00000000e6300000|  0%| F|  |TAMS 0x00000000e6200000| PB 0x00000000e6200000| Untracked |  0
|  99|0x00000000e6300000, 0x00000000e6300000, 0x00000000e6400000|  0%| F|  |TAMS 0x00000000e6300000| PB 0x00000000e6300000| Untracked |  0
| 100|0x00000000e6400000, 0x00000000e6400000, 0x00000000e6500000|  0%| F|  |TAMS 0x00000000e6400000| PB 0x00000000e6400000| Untracked |  0
| 101|0x00000000e6500000, 0x00000000e6500000, 0x00000000e6600000|  0%| F|  |TAMS 0x00000000e6500000| PB 0x00000000e6500000| Untracked |  0
| 102|0x00000000e6600000, 0x00000000e6600000, 0x00000000e6700000|  0%| F|  |TAMS 0x00000000e6600000| PB 0x00000000e6600000| Untracked |  0
| 103|0x00000000e6700000, 0x00000000e6700000, 0x00000000e6800000|  0%| F|  |TAMS 0x00000000e6700000| PB 0x00000000e6700000| Untracked |  0
| 104|0x00000000e6800000, 0x00000000e6800000, 0x00000000e6900000|  0%| F|  |TAMS 0x00000000e6800000| PB 0x00000000e6800000| Untracked |  0
| 105|0x00000000e6900000, 0x00000000e6900000, 0x00000000e6a00000|  0%| F|  |TAMS 0x00000000e6900000| PB 0x00000000e6900000| Untracked |  0
| 106|0x00000000e6a00000, 0x00000000e6a00000, 0x00000000e6b00000|  0%| F|  |TAMS 0x00000000e6a00000| PB 0x00000000e6a00000| Untracked |  0
| 107|0x00000000e6b00000, 0x00000000e6b00000, 0x00000000e6c00000|  0%| F|  |TAMS 0x00000000e6b00000| PB 0x00000000e6b00000| Untracked |  0
| 108|0x00000000e6c00000, 0x00000000e6c00000, 0x00000000e6d00000|  0%| F|  |TAMS 0x00000000e6c00000| PB 0x00000000e6c00000| Untracked |  0
| 109|0x00000000e6d00000, 0x00000000e6d00000, 0x00000000e6e00000|  0%| F|  |TAMS 0x00000000e6d00000| PB 0x00000000e6d00000| Untracked |  0
| 110|0x00000000e6e00000, 0x00000000e6e00000, 0x00000000e6f00000|  0%| F|  |TAMS 0x00000000e6e00000| PB 0x00000000e6e00000| Untracked |  0
| 111|0x00000000e6f00000, 0x00000000e6f00000, 0x00000000e7000000|  0%| F|  |TAMS 0x00000000e6f00000| PB 0x00000000e6f00000| Untracked |  0
| 112|0x00000000e7000000, 0x00000000e7000000, 0x00000000e7100000|  0%| F|  |TAMS 0x00000000e7000000| PB 0x00000000e7000000| Untracked |  0
| 113|0x00000000e7100000, 0x00000000e7100000, 0x00000000e7200000|  0%| F|  |TAMS 0x00000000e7100000| PB 0x00000000e7100000| Untracked |  0
| 114|0x00000000e7200000, 0x00000000e7200000, 0x00000000e7300000|  0%| F|  |TAMS 0x00000000e7200000| PB 0x00000000e7200000| Untracked |  0
| 115|0x00000000e7300000, 0x00000000e7300000, 0x00000000e7400000|  0%| F|  |TAMS 0x00000000e7300000| PB 0x00000000e7300000| Untracked |  0
| 116|0x00000000e7400000, 0x00000000e7400000, 0x00000000e7500000|  0%| F|  |TAMS 0x00000000e7400000| PB 0x00000000e7400000| Untracked |  0
| 117|0x00000000e7500000, 0x00000000e7500000, 0x00000000e7600000|  0%| F|  |TAMS 0x00000000e7500000| PB 0x00000000e7500000| Untracked |  0
| 118|0x00000000e7600000, 0x00000000e7600000, 0x00000000e7700000|  0%| F|  |TAMS 0x00000000e7600000| PB 0x00000000e7600000| Untracked |  0
| 119|0x00000000e7700000, 0x00000000e7700000, 0x00000000e7800000|  0%| F|  |TAMS 0x00000000e7700000| PB 0x00000000e7700000| Untracked |  0
| 120|0x00000000e7800000, 0x00000000e7800000, 0x00000000e7900000|  0%| F|  |TAMS 0x00000000e7800000| PB 0x00000000e7800000| Untracked |  0
| 121|0x00000000e7900000, 0x00000000e7900000, 0x00000000e7a00000|  0%| F|  |TAMS 0x00000000e7900000| PB 0x00000000e7900000| Untracked |  0
| 122|0x00000000e7a00000, 0x00000000e7a00000, 0x00000000e7b00000|  0%| F|  |TAMS 0x00000000e7a00000| PB 0x00000000e7a00000| Untracked |  0
| 123|0x00000000e7b00000, 0x00000000e7b00000, 0x00000000e7c00000|  0%| F|  |TAMS 0x00000000e7b00000| PB 0x00000000e7b00000| Untracked |  0
| 124|0x00000000e7c00000, 0x00000000e7c00000, 0x00000000e7d00000|  0%| F|  |TAMS 0x00000000e7c00000| PB 0x00000000e7c00000| Untracked |  0
| 125|0x00000000e7d00000, 0x00000000e7d00000, 0x00000000e7e00000|  0%| F|  |TAMS 0x00000000e7d00000| PB 0x00000000e7d00000| Untracked |  0
| 126|0x00000000e7e00000, 0x00000000e7e00000, 0x00000000e7f00000|  0%| F|  |TAMS 0x00000000e7e00000| PB 0x00000000e7e00000| Untracked |  0
| 127|0x00000000e7f00000, 0x00000000e7f00000, 0x00000000e8000000|  0%| F|  |TAMS 0x00000000e7f00000| PB 0x00000000e7f00000| Untracked |  0
| 128|0x00000000e8000000, 0x00000000e8000000, 0x00000000e8100000|  0%| F|  |TAMS 0x00000000e8000000| PB 0x00000000e8000000| Untracked |  0
| 129|0x00000000e8100000, 0x00000000e8100000, 0x00000000e8200000|  0%| F|  |TAMS 0x00000000e8100000| PB 0x00000000e8100000| Untracked |  0
| 130|0x00000000e8200000, 0x00000000e8200000, 0x00000000e8300000|  0%| F|  |TAMS 0x00000000e8200000| PB 0x00000000e8200000| Untracked |  0
| 131|0x00000000e8300000, 0x00000000e8300000, 0x00000000e8400000|  0%| F|  |TAMS 0x00000000e8300000| PB 0x00000000e8300000| Untracked |  0
| 132|0x00000000e8400000, 0x00000000e8400000, 0x00000000e8500000|  0%| F|  |TAMS 0x00000000e8400000| PB 0x00000000e8400000| Untracked |  0
| 133|0x00000000e8500000, 0x00000000e8500000, 0x00000000e8600000|  0%| F|  |TAMS 0x00000000e8500000| PB 0x00000000e8500000| Untracked |  0
| 134|0x00000000e8600000, 0x00000000e8600000, 0x00000000e8700000|  0%| F|  |TAMS 0x00000000e8600000| PB 0x00000000e8600000| Untracked |  0
| 135|0x00000000e8700000, 0x00000000e8700000, 0x00000000e8800000|  0%| F|  |TAMS 0x00000000e8700000| PB 0x00000000e8700000| Untracked |  0
| 136|0x00000000e8800000, 0x00000000e8800000, 0x00000000e8900000|  0%| F|  |TAMS 0x00000000e8800000| PB 0x00000000e8800000| Untracked |  0
| 137|0x00000000e8900000, 0x00000000e8900000, 0x00000000e8a00000|  0%| F|  |TAMS 0x00000000e8900000| PB 0x00000000e8900000| Untracked |  0
| 138|0x00000000e8a00000, 0x00000000e8a00000, 0x00000000e8b00000|  0%| F|  |TAMS 0x00000000e8a00000| PB 0x00000000e8a00000| Untracked |  0
| 139|0x00000000e8b00000, 0x00000000e8b00000, 0x00000000e8c00000|  0%| F|  |TAMS 0x00000000e8b00000| PB 0x00000000e8b00000| Untracked |  0
| 140|0x00000000e8c00000, 0x00000000e8c00000, 0x00000000e8d00000|  0%| F|  |TAMS 0x00000000e8c00000| PB 0x00000000e8c00000| Untracked |  0
| 141|0x00000000e8d00000, 0x00000000e8d00000, 0x00000000e8e00000|  0%| F|  |TAMS 0x00000000e8d00000| PB 0x00000000e8d00000| Untracked |  0
| 142|0x00000000e8e00000, 0x00000000e8e00000, 0x00000000e8f00000|  0%| F|  |TAMS 0x00000000e8e00000| PB 0x00000000e8e00000| Untracked |  0
| 143|0x00000000e8f00000, 0x00000000e8f00000, 0x00000000e9000000|  0%| F|  |TAMS 0x00000000e8f00000| PB 0x00000000e8f00000| Untracked |  0
| 144|0x00000000e9000000, 0x00000000e9000000, 0x00000000e9100000|  0%| F|  |TAMS 0x00000000e9000000| PB 0x00000000e9000000| Untracked |  0
| 145|0x00000000e9100000, 0x00000000e9100000, 0x00000000e9200000|  0%| F|  |TAMS 0x00000000e9100000| PB 0x00000000e9100000| Untracked |  0
| 146|0x00000000e9200000, 0x00000000e9200000, 0x00000000e9300000|  0%| F|  |TAMS 0x00000000e9200000| PB 0x00000000e9200000| Untracked |  0
| 147|0x00000000e9300000, 0x00000000e9300000, 0x00000000e9400000|  0%| F|  |TAMS 0x00000000e9300000| PB 0x00000000e9300000| Untracked |  0
| 148|0x00000000e9400000, 0x00000000e9400000, 0x00000000e9500000|  0%| F|  |TAMS 0x00000000e9400000| PB 0x00000000e9400000| Untracked |  0
| 149|0x00000000e9500000, 0x00000000e9500000, 0x00000000e9600000|  0%| F|  |TAMS 0x00000000e9500000| PB 0x00000000e9500000| Untracked |  0
| 150|0x00000000e9600000, 0x00000000e9600000, 0x00000000e9700000|  0%| F|  |TAMS 0x00000000e9600000| PB 0x00000000e9600000| Untracked |  0
| 151|0x00000000e9700000, 0x00000000e9700000, 0x00000000e9800000|  0%| F|  |TAMS 0x00000000e9700000| PB 0x00000000e9700000| Untracked |  0
| 152|0x00000000e9800000, 0x00000000e9800000, 0x00000000e9900000|  0%| F|  |TAMS 0x00000000e9800000| PB 0x00000000e9800000| Untracked |  0
| 153|0x00000000e9900000, 0x00000000e9900000, 0x00000000e9a00000|  0%| F|  |TAMS 0x00000000e9900000| PB 0x00000000e9900000| Untracked |  0
| 154|0x00000000e9a00000, 0x00000000e9a00000, 0x00000000e9b00000|  0%| F|  |TAMS 0x00000000e9a00000| PB 0x00000000e9a00000| Untracked |  0
| 155|0x00000000e9b00000, 0x00000000e9b00000, 0x00000000e9c00000|  0%| F|  |TAMS 0x00000000e9b00000| PB 0x00000000e9b00000| Untracked |  0
| 156|0x00000000e9c00000, 0x00000000e9c00000, 0x00000000e9d00000|  0%| F|  |TAMS 0x00000000e9c00000| PB 0x00000000e9c00000| Untracked |  0
| 157|0x00000000e9d00000, 0x00000000e9d00000, 0x00000000e9e00000|  0%| F|  |TAMS 0x00000000e9d00000| PB 0x00000000e9d00000| Untracked |  0
| 158|0x00000000e9e00000, 0x00000000e9e00000, 0x00000000e9f00000|  0%| F|  |TAMS 0x00000000e9e00000| PB 0x00000000e9e00000| Untracked |  0
| 159|0x00000000e9f00000, 0x00000000e9f00000, 0x00000000ea000000|  0%| F|  |TAMS 0x00000000e9f00000| PB 0x00000000e9f00000| Untracked |  0
| 160|0x00000000ea000000, 0x00000000ea000000, 0x00000000ea100000|  0%| F|  |TAMS 0x00000000ea000000| PB 0x00000000ea000000| Untracked |  0
| 161|0x00000000ea100000, 0x00000000ea100000, 0x00000000ea200000|  0%| F|  |TAMS 0x00000000ea100000| PB 0x00000000ea100000| Untracked |  0
| 162|0x00000000ea200000, 0x00000000ea200000, 0x00000000ea300000|  0%| F|  |TAMS 0x00000000ea200000| PB 0x00000000ea200000| Untracked |  0
| 163|0x00000000ea300000, 0x00000000ea300000, 0x00000000ea400000|  0%| F|  |TAMS 0x00000000ea300000| PB 0x00000000ea300000| Untracked |  0
| 164|0x00000000ea400000, 0x00000000ea400000, 0x00000000ea500000|  0%| F|  |TAMS 0x00000000ea400000| PB 0x00000000ea400000| Untracked |  0
| 165|0x00000000ea500000, 0x00000000ea500000, 0x00000000ea600000|  0%| F|  |TAMS 0x00000000ea500000| PB 0x00000000ea500000| Untracked |  0
| 166|0x00000000ea600000, 0x00000000ea600000, 0x00000000ea700000|  0%| F|  |TAMS 0x00000000ea600000| PB 0x00000000ea600000| Untracked |  0
| 167|0x00000000ea700000, 0x00000000ea700000, 0x00000000ea800000|  0%| F|  |TAMS 0x00000000ea700000| PB 0x00000000ea700000| Untracked |  0
| 168|0x00000000ea800000, 0x00000000ea800000, 0x00000000ea900000|  0%| F|  |TAMS 0x00000000ea800000| PB 0x00000000ea800000| Untracked |  0
| 169|0x00000000ea900000, 0x00000000ea900000, 0x00000000eaa00000|  0%| F|  |TAMS 0x00000000ea900000| PB 0x00000000ea900000| Untracked |  0
| 170|0x00000000eaa00000, 0x00000000eaa00000, 0x00000000eab00000|  0%| F|  |TAMS 0x00000000eaa00000| PB 0x00000000eaa00000| Untracked |  0
| 171|0x00000000eab00000, 0x00000000eab00000, 0x00000000eac00000|  0%| F|  |TAMS 0x00000000eab00000| PB 0x00000000eab00000| Untracked |  0
| 172|0x00000000eac00000, 0x00000000eac00000, 0x00000000ead00000|  0%| F|  |TAMS 0x00000000eac00000| PB 0x00000000eac00000| Untracked |  0
| 173|0x00000000ead00000, 0x00000000ead00000, 0x00000000eae00000|  0%| F|  |TAMS 0x00000000ead00000| PB 0x00000000ead00000| Untracked |  0
| 174|0x00000000eae00000, 0x00000000eae00000, 0x00000000eaf00000|  0%| F|  |TAMS 0x00000000eae00000| PB 0x00000000eae00000| Untracked |  0
| 175|0x00000000eaf00000, 0x00000000eaf00000, 0x00000000eb000000|  0%| F|  |TAMS 0x00000000eaf00000| PB 0x00000000eaf00000| Untracked |  0
| 176|0x00000000eb000000, 0x00000000eb000000, 0x00000000eb100000|  0%| F|  |TAMS 0x00000000eb000000| PB 0x00000000eb000000| Untracked |  0
| 177|0x00000000eb100000, 0x00000000eb100000, 0x00000000eb200000|  0%| F|  |TAMS 0x00000000eb100000| PB 0x00000000eb100000| Untracked |  0
| 178|0x00000000eb200000, 0x00000000eb200000, 0x00000000eb300000|  0%| F|  |TAMS 0x00000000eb200000| PB 0x00000000eb200000| Untracked |  0
| 179|0x00000000eb300000, 0x00000000eb300000, 0x00000000eb400000|  0%| F|  |TAMS 0x00000000eb300000| PB 0x00000000eb300000| Untracked |  0
| 180|0x00000000eb400000, 0x00000000eb400000, 0x00000000eb500000|  0%| F|  |TAMS 0x00000000eb400000| PB 0x00000000eb400000| Untracked |  0
| 181|0x00000000eb500000, 0x00000000eb500000, 0x00000000eb600000|  0%| F|  |TAMS 0x00000000eb500000| PB 0x00000000eb500000| Untracked |  0
| 182|0x00000000eb600000, 0x00000000eb600000, 0x00000000eb700000|  0%| F|  |TAMS 0x00000000eb600000| PB 0x00000000eb600000| Untracked |  0
| 183|0x00000000eb700000, 0x00000000eb700000, 0x00000000eb800000|  0%| F|  |TAMS 0x00000000eb700000| PB 0x00000000eb700000| Untracked |  0
| 184|0x00000000eb800000, 0x00000000eb800000, 0x00000000eb900000|  0%| F|  |TAMS 0x00000000eb800000| PB 0x00000000eb800000| Untracked |  0
| 185|0x00000000eb900000, 0x00000000eb900000, 0x00000000eba00000|  0%| F|  |TAMS 0x00000000eb900000| PB 0x00000000eb900000| Untracked |  0
| 186|0x00000000eba00000, 0x00000000eba00000, 0x00000000ebb00000|  0%| F|  |TAMS 0x00000000eba00000| PB 0x00000000eba00000| Untracked |  0
| 187|0x00000000ebb00000, 0x00000000ebb00000, 0x00000000ebc00000|  0%| F|  |TAMS 0x00000000ebb00000| PB 0x00000000ebb00000| Untracked |  0
| 188|0x00000000ebc00000, 0x00000000ebc00000, 0x00000000ebd00000|  0%| F|  |TAMS 0x00000000ebc00000| PB 0x00000000ebc00000| Untracked |  0
| 189|0x00000000ebd00000, 0x00000000ebd00000, 0x00000000ebe00000|  0%| F|  |TAMS 0x00000000ebd00000| PB 0x00000000ebd00000| Untracked |  0
| 190|0x00000000ebe00000, 0x00000000ebe00000, 0x00000000ebf00000|  0%| F|  |TAMS 0x00000000ebe00000| PB 0x00000000ebe00000| Untracked |  0
| 191|0x00000000ebf00000, 0x00000000ebf00000, 0x00000000ec000000|  0%| F|  |TAMS 0x00000000ebf00000| PB 0x00000000ebf00000| Untracked |  0
| 192|0x00000000ec000000, 0x00000000ec000000, 0x00000000ec100000|  0%| F|  |TAMS 0x00000000ec000000| PB 0x00000000ec000000| Untracked |  0
| 193|0x00000000ec100000, 0x00000000ec100000, 0x00000000ec200000|  0%| F|  |TAMS 0x00000000ec100000| PB 0x00000000ec100000| Untracked |  0
| 194|0x00000000ec200000, 0x00000000ec200000, 0x00000000ec300000|  0%| F|  |TAMS 0x00000000ec200000| PB 0x00000000ec200000| Untracked |  0
| 195|0x00000000ec300000, 0x00000000ec300000, 0x00000000ec400000|  0%| F|  |TAMS 0x00000000ec300000| PB 0x00000000ec300000| Untracked |  0
| 196|0x00000000ec400000, 0x00000000ec400000, 0x00000000ec500000|  0%| F|  |TAMS 0x00000000ec400000| PB 0x00000000ec400000| Untracked |  0
| 197|0x00000000ec500000, 0x00000000ec500000, 0x00000000ec600000|  0%| F|  |TAMS 0x00000000ec500000| PB 0x00000000ec500000| Untracked |  0
| 198|0x00000000ec600000, 0x00000000ec600000, 0x00000000ec700000|  0%| F|  |TAMS 0x00000000ec600000| PB 0x00000000ec600000| Untracked |  0
| 199|0x00000000ec700000, 0x00000000ec700000, 0x00000000ec800000|  0%| F|  |TAMS 0x00000000ec700000| PB 0x00000000ec700000| Untracked |  0
| 200|0x00000000ec800000, 0x00000000ec800000, 0x00000000ec900000|  0%| F|  |TAMS 0x00000000ec800000| PB 0x00000000ec800000| Untracked |  0
| 201|0x00000000ec900000, 0x00000000ec900000, 0x00000000eca00000|  0%| F|  |TAMS 0x00000000ec900000| PB 0x00000000ec900000| Untracked |  0
| 202|0x00000000eca00000, 0x00000000eca00000, 0x00000000ecb00000|  0%| F|  |TAMS 0x00000000eca00000| PB 0x00000000eca00000| Untracked |  0
| 203|0x00000000ecb00000, 0x00000000ecb00000, 0x00000000ecc00000|  0%| F|  |TAMS 0x00000000ecb00000| PB 0x00000000ecb00000| Untracked |  0
| 204|0x00000000ecc00000, 0x00000000ecc00000, 0x00000000ecd00000|  0%| F|  |TAMS 0x00000000ecc00000| PB 0x00000000ecc00000| Untracked |  0
| 205|0x00000000ecd00000, 0x00000000ecd00000, 0x00000000ece00000|  0%| F|  |TAMS 0x00000000ecd00000| PB 0x00000000ecd00000| Untracked |  0
| 206|0x00000000ece00000, 0x00000000ece00000, 0x00000000ecf00000|  0%| F|  |TAMS 0x00000000ece00000| PB 0x00000000ece00000| Untracked |  0
| 207|0x00000000ecf00000, 0x00000000ecf00000, 0x00000000ed000000|  0%| F|  |TAMS 0x00000000ecf00000| PB 0x00000000ecf00000| Untracked |  0
| 208|0x00000000ed000000, 0x00000000ed000000, 0x00000000ed100000|  0%| F|  |TAMS 0x00000000ed000000| PB 0x00000000ed000000| Untracked |  0
| 209|0x00000000ed100000, 0x00000000ed100000, 0x00000000ed200000|  0%| F|  |TAMS 0x00000000ed100000| PB 0x00000000ed100000| Untracked |  0
| 210|0x00000000ed200000, 0x00000000ed200000, 0x00000000ed300000|  0%| F|  |TAMS 0x00000000ed200000| PB 0x00000000ed200000| Untracked |  0
| 211|0x00000000ed300000, 0x00000000ed300000, 0x00000000ed400000|  0%| F|  |TAMS 0x00000000ed300000| PB 0x00000000ed300000| Untracked |  0
| 212|0x00000000ed400000, 0x00000000ed400000, 0x00000000ed500000|  0%| F|  |TAMS 0x00000000ed400000| PB 0x00000000ed400000| Untracked |  0
| 213|0x00000000ed500000, 0x00000000ed500000, 0x00000000ed600000|  0%| F|  |TAMS 0x00000000ed500000| PB 0x00000000ed500000| Untracked |  0
| 214|0x00000000ed600000, 0x00000000ed600000, 0x00000000ed700000|  0%| F|  |TAMS 0x00000000ed600000| PB 0x00000000ed600000| Untracked |  0
| 215|0x00000000ed700000, 0x00000000ed700000, 0x00000000ed800000|  0%| F|  |TAMS 0x00000000ed700000| PB 0x00000000ed700000| Untracked |  0
| 216|0x00000000ed800000, 0x00000000ed800000, 0x00000000ed900000|  0%| F|  |TAMS 0x00000000ed800000| PB 0x00000000ed800000| Untracked |  0
| 217|0x00000000ed900000, 0x00000000ed900000, 0x00000000eda00000|  0%| F|  |TAMS 0x00000000ed900000| PB 0x00000000ed900000| Untracked |  0
| 218|0x00000000eda00000, 0x00000000eda00000, 0x00000000edb00000|  0%| F|  |TAMS 0x00000000eda00000| PB 0x00000000eda00000| Untracked |  0
| 219|0x00000000edb00000, 0x00000000edb00000, 0x00000000edc00000|  0%| F|  |TAMS 0x00000000edb00000| PB 0x00000000edb00000| Untracked |  0
| 220|0x00000000edc00000, 0x00000000edc00000, 0x00000000edd00000|  0%| F|  |TAMS 0x00000000edc00000| PB 0x00000000edc00000| Untracked |  0
| 221|0x00000000edd00000, 0x00000000edd00000, 0x00000000ede00000|  0%| F|  |TAMS 0x00000000edd00000| PB 0x00000000edd00000| Untracked |  0
| 222|0x00000000ede00000, 0x00000000ede00000, 0x00000000edf00000|  0%| F|  |TAMS 0x00000000ede00000| PB 0x00000000ede00000| Untracked |  0
| 223|0x00000000edf00000, 0x00000000edf00000, 0x00000000ee000000|  0%| F|  |TAMS 0x00000000edf00000| PB 0x00000000edf00000| Untracked |  0
| 224|0x00000000ee000000, 0x00000000ee000000, 0x00000000ee100000|  0%| F|  |TAMS 0x00000000ee000000| PB 0x00000000ee000000| Untracked |  0
| 225|0x00000000ee100000, 0x00000000ee100000, 0x00000000ee200000|  0%| F|  |TAMS 0x00000000ee100000| PB 0x00000000ee100000| Untracked |  0
| 226|0x00000000ee200000, 0x00000000ee200000, 0x00000000ee300000|  0%| F|  |TAMS 0x00000000ee200000| PB 0x00000000ee200000| Untracked |  0
| 227|0x00000000ee300000, 0x00000000ee300000, 0x00000000ee400000|  0%| F|  |TAMS 0x00000000ee300000| PB 0x00000000ee300000| Untracked |  0
| 228|0x00000000ee400000, 0x00000000ee400000, 0x00000000ee500000|  0%| F|  |TAMS 0x00000000ee400000| PB 0x00000000ee400000| Untracked |  0
| 229|0x00000000ee500000, 0x00000000ee500000, 0x00000000ee600000|  0%| F|  |TAMS 0x00000000ee500000| PB 0x00000000ee500000| Untracked |  0
| 230|0x00000000ee600000, 0x00000000ee600000, 0x00000000ee700000|  0%| F|  |TAMS 0x00000000ee600000| PB 0x00000000ee600000| Untracked |  0
| 231|0x00000000ee700000, 0x00000000ee700000, 0x00000000ee800000|  0%| F|  |TAMS 0x00000000ee700000| PB 0x00000000ee700000| Untracked |  0
| 232|0x00000000ee800000, 0x00000000ee800000, 0x00000000ee900000|  0%| F|  |TAMS 0x00000000ee800000| PB 0x00000000ee800000| Untracked |  0
| 233|0x00000000ee900000, 0x00000000ee900000, 0x00000000eea00000|  0%| F|  |TAMS 0x00000000ee900000| PB 0x00000000ee900000| Untracked |  0
| 234|0x00000000eea00000, 0x00000000eea00000, 0x00000000eeb00000|  0%| F|  |TAMS 0x00000000eea00000| PB 0x00000000eea00000| Untracked |  0
| 235|0x00000000eeb00000, 0x00000000eeb00000, 0x00000000eec00000|  0%| F|  |TAMS 0x00000000eeb00000| PB 0x00000000eeb00000| Untracked |  0
| 236|0x00000000eec00000, 0x00000000eec00000, 0x00000000eed00000|  0%| F|  |TAMS 0x00000000eec00000| PB 0x00000000eec00000| Untracked |  0
| 237|0x00000000eed00000, 0x00000000eed00000, 0x00000000eee00000|  0%| F|  |TAMS 0x00000000eed00000| PB 0x00000000eed00000| Untracked |  0
| 238|0x00000000eee00000, 0x00000000eee00000, 0x00000000eef00000|  0%| F|  |TAMS 0x00000000eee00000| PB 0x00000000eee00000| Untracked |  0
| 239|0x00000000eef00000, 0x00000000eef00000, 0x00000000ef000000|  0%| F|  |TAMS 0x00000000eef00000| PB 0x00000000eef00000| Untracked |  0
| 240|0x00000000ef000000, 0x00000000ef000000, 0x00000000ef100000|  0%| F|  |TAMS 0x00000000ef000000| PB 0x00000000ef000000| Untracked |  0
| 241|0x00000000ef100000, 0x00000000ef100000, 0x00000000ef200000|  0%| F|  |TAMS 0x00000000ef100000| PB 0x00000000ef100000| Untracked |  0
| 242|0x00000000ef200000, 0x00000000ef200000, 0x00000000ef300000|  0%| F|  |TAMS 0x00000000ef200000| PB 0x00000000ef200000| Untracked |  0
| 243|0x00000000ef300000, 0x00000000ef300000, 0x00000000ef400000|  0%| F|  |TAMS 0x00000000ef300000| PB 0x00000000ef300000| Untracked |  0
| 244|0x00000000ef400000, 0x00000000ef400000, 0x00000000ef500000|  0%| F|  |TAMS 0x00000000ef400000| PB 0x00000000ef400000| Untracked |  0
| 245|0x00000000ef500000, 0x00000000ef500000, 0x00000000ef600000|  0%| F|  |TAMS 0x00000000ef500000| PB 0x00000000ef500000| Untracked |  0
| 246|0x00000000ef600000, 0x00000000ef600000, 0x00000000ef700000|  0%| F|  |TAMS 0x00000000ef600000| PB 0x00000000ef600000| Untracked |  0
| 247|0x00000000ef700000, 0x00000000ef700000, 0x00000000ef800000|  0%| F|  |TAMS 0x00000000ef700000| PB 0x00000000ef700000| Untracked |  0
| 248|0x00000000ef800000, 0x00000000ef800000, 0x00000000ef900000|  0%| F|  |TAMS 0x00000000ef800000| PB 0x00000000ef800000| Untracked |  0
| 249|0x00000000ef900000, 0x00000000ef900000, 0x00000000efa00000|  0%| F|  |TAMS 0x00000000ef900000| PB 0x00000000ef900000| Untracked |  0
| 250|0x00000000efa00000, 0x00000000efa00000, 0x00000000efb00000|  0%| F|  |TAMS 0x00000000efa00000| PB 0x00000000efa00000| Untracked |  0
| 251|0x00000000efb00000, 0x00000000efb00000, 0x00000000efc00000|  0%| F|  |TAMS 0x00000000efb00000| PB 0x00000000efb00000| Untracked |  0
| 252|0x00000000efc00000, 0x00000000efc00000, 0x00000000efd00000|  0%| F|  |TAMS 0x00000000efc00000| PB 0x00000000efc00000| Untracked |  0
| 253|0x00000000efd00000, 0x00000000efd00000, 0x00000000efe00000|  0%| F|  |TAMS 0x00000000efd00000| PB 0x00000000efd00000| Untracked |  0
| 254|0x00000000efe00000, 0x00000000efe00000, 0x00000000eff00000|  0%| F|  |TAMS 0x00000000efe00000| PB 0x00000000efe00000| Untracked |  0
| 255|0x00000000eff00000, 0x00000000eff00000, 0x00000000f0000000|  0%| F|  |TAMS 0x00000000eff00000| PB 0x00000000eff00000| Untracked |  0
| 256|0x00000000f0000000, 0x00000000f0000000, 0x00000000f0100000|  0%| F|  |TAMS 0x00000000f0000000| PB 0x00000000f0000000| Untracked |  0
| 257|0x00000000f0100000, 0x00000000f0100000, 0x00000000f0200000|  0%| F|  |TAMS 0x00000000f0100000| PB 0x00000000f0100000| Untracked |  0
| 258|0x00000000f0200000, 0x00000000f0200000, 0x00000000f0300000|  0%| F|  |TAMS 0x00000000f0200000| PB 0x00000000f0200000| Untracked |  0
| 259|0x00000000f0300000, 0x00000000f0300000, 0x00000000f0400000|  0%| F|  |TAMS 0x00000000f0300000| PB 0x00000000f0300000| Untracked |  0
| 260|0x00000000f0400000, 0x00000000f0400000, 0x00000000f0500000|  0%| F|  |TAMS 0x00000000f0400000| PB 0x00000000f0400000| Untracked |  0
| 261|0x00000000f0500000, 0x00000000f0500000, 0x00000000f0600000|  0%| F|  |TAMS 0x00000000f0500000| PB 0x00000000f0500000| Untracked |  0
| 262|0x00000000f0600000, 0x00000000f0600000, 0x00000000f0700000|  0%| F|  |TAMS 0x00000000f0600000| PB 0x00000000f0600000| Untracked |  0
| 263|0x00000000f0700000, 0x00000000f0700000, 0x00000000f0800000|  0%| F|  |TAMS 0x00000000f0700000| PB 0x00000000f0700000| Untracked |  0
| 264|0x00000000f0800000, 0x00000000f0800000, 0x00000000f0900000|  0%| F|  |TAMS 0x00000000f0800000| PB 0x00000000f0800000| Untracked |  0
| 265|0x00000000f0900000, 0x00000000f0900000, 0x00000000f0a00000|  0%| F|  |TAMS 0x00000000f0900000| PB 0x00000000f0900000| Untracked |  0
| 266|0x00000000f0a00000, 0x00000000f0a00000, 0x00000000f0b00000|  0%| F|  |TAMS 0x00000000f0a00000| PB 0x00000000f0a00000| Untracked |  0
| 267|0x00000000f0b00000, 0x00000000f0b00000, 0x00000000f0c00000|  0%| F|  |TAMS 0x00000000f0b00000| PB 0x00000000f0b00000| Untracked |  0
| 268|0x00000000f0c00000, 0x00000000f0c00000, 0x00000000f0d00000|  0%| F|  |TAMS 0x00000000f0c00000| PB 0x00000000f0c00000| Untracked |  0
| 269|0x00000000f0d00000, 0x00000000f0d00000, 0x00000000f0e00000|  0%| F|  |TAMS 0x00000000f0d00000| PB 0x00000000f0d00000| Untracked |  0
| 270|0x00000000f0e00000, 0x00000000f0e00000, 0x00000000f0f00000|  0%| F|  |TAMS 0x00000000f0e00000| PB 0x00000000f0e00000| Untracked |  0
| 271|0x00000000f0f00000, 0x00000000f0f00000, 0x00000000f1000000|  0%| F|  |TAMS 0x00000000f0f00000| PB 0x00000000f0f00000| Untracked |  0
| 272|0x00000000f1000000, 0x00000000f1000000, 0x00000000f1100000|  0%| F|  |TAMS 0x00000000f1000000| PB 0x00000000f1000000| Untracked |  0
| 273|0x00000000f1100000, 0x00000000f1100000, 0x00000000f1200000|  0%| F|  |TAMS 0x00000000f1100000| PB 0x00000000f1100000| Untracked |  0
| 274|0x00000000f1200000, 0x00000000f1200000, 0x00000000f1300000|  0%| F|  |TAMS 0x00000000f1200000| PB 0x00000000f1200000| Untracked |  0
| 275|0x00000000f1300000, 0x00000000f1300000, 0x00000000f1400000|  0%| F|  |TAMS 0x00000000f1300000| PB 0x00000000f1300000| Untracked |  0
| 276|0x00000000f1400000, 0x00000000f1400000, 0x00000000f1500000|  0%| F|  |TAMS 0x00000000f1400000| PB 0x00000000f1400000| Untracked |  0
| 277|0x00000000f1500000, 0x00000000f1500000, 0x00000000f1600000|  0%| F|  |TAMS 0x00000000f1500000| PB 0x00000000f1500000| Untracked |  0
| 278|0x00000000f1600000, 0x00000000f1600000, 0x00000000f1700000|  0%| F|  |TAMS 0x00000000f1600000| PB 0x00000000f1600000| Untracked |  0
| 279|0x00000000f1700000, 0x00000000f1700000, 0x00000000f1800000|  0%| F|  |TAMS 0x00000000f1700000| PB 0x00000000f1700000| Untracked |  0
| 280|0x00000000f1800000, 0x00000000f1800000, 0x00000000f1900000|  0%| F|  |TAMS 0x00000000f1800000| PB 0x00000000f1800000| Untracked |  0
| 281|0x00000000f1900000, 0x00000000f1900000, 0x00000000f1a00000|  0%| F|  |TAMS 0x00000000f1900000| PB 0x00000000f1900000| Untracked |  0
| 282|0x00000000f1a00000, 0x00000000f1a00000, 0x00000000f1b00000|  0%| F|  |TAMS 0x00000000f1a00000| PB 0x00000000f1a00000| Untracked |  0
| 283|0x00000000f1b00000, 0x00000000f1b00000, 0x00000000f1c00000|  0%| F|  |TAMS 0x00000000f1b00000| PB 0x00000000f1b00000| Untracked |  0
| 284|0x00000000f1c00000, 0x00000000f1c00000, 0x00000000f1d00000|  0%| F|  |TAMS 0x00000000f1c00000| PB 0x00000000f1c00000| Untracked |  0
| 285|0x00000000f1d00000, 0x00000000f1d00000, 0x00000000f1e00000|  0%| F|  |TAMS 0x00000000f1d00000| PB 0x00000000f1d00000| Untracked |  0
| 286|0x00000000f1e00000, 0x00000000f1e00000, 0x00000000f1f00000|  0%| F|  |TAMS 0x00000000f1e00000| PB 0x00000000f1e00000| Untracked |  0
| 287|0x00000000f1f00000, 0x00000000f1f00000, 0x00000000f2000000|  0%| F|  |TAMS 0x00000000f1f00000| PB 0x00000000f1f00000| Untracked |  0
| 288|0x00000000f2000000, 0x00000000f2000000, 0x00000000f2100000|  0%| F|  |TAMS 0x00000000f2000000| PB 0x00000000f2000000| Untracked |  0
| 289|0x00000000f2100000, 0x00000000f2100000, 0x00000000f2200000|  0%| F|  |TAMS 0x00000000f2100000| PB 0x00000000f2100000| Untracked |  0
| 290|0x00000000f2200000, 0x00000000f2200000, 0x00000000f2300000|  0%| F|  |TAMS 0x00000000f2200000| PB 0x00000000f2200000| Untracked |  0
| 291|0x00000000f2300000, 0x00000000f2300000, 0x00000000f2400000|  0%| F|  |TAMS 0x00000000f2300000| PB 0x00000000f2300000| Untracked |  0
| 292|0x00000000f2400000, 0x00000000f2400000, 0x00000000f2500000|  0%| F|  |TAMS 0x00000000f2400000| PB 0x00000000f2400000| Untracked |  0
| 293|0x00000000f2500000, 0x00000000f2500000, 0x00000000f2600000|  0%| F|  |TAMS 0x00000000f2500000| PB 0x00000000f2500000| Untracked |  0
| 294|0x00000000f2600000, 0x00000000f2600000, 0x00000000f2700000|  0%| F|  |TAMS 0x00000000f2600000| PB 0x00000000f2600000| Untracked |  0
| 295|0x00000000f2700000, 0x00000000f2700000, 0x00000000f2800000|  0%| F|  |TAMS 0x00000000f2700000| PB 0x00000000f2700000| Untracked |  0
| 296|0x00000000f2800000, 0x00000000f2800000, 0x00000000f2900000|  0%| F|  |TAMS 0x00000000f2800000| PB 0x00000000f2800000| Untracked |  0
| 297|0x00000000f2900000, 0x00000000f2900000, 0x00000000f2a00000|  0%| F|  |TAMS 0x00000000f2900000| PB 0x00000000f2900000| Untracked |  0
| 298|0x00000000f2a00000, 0x00000000f2a00000, 0x00000000f2b00000|  0%| F|  |TAMS 0x00000000f2a00000| PB 0x00000000f2a00000| Untracked |  0
| 299|0x00000000f2b00000, 0x00000000f2b00000, 0x00000000f2c00000|  0%| F|  |TAMS 0x00000000f2b00000| PB 0x00000000f2b00000| Untracked |  0
| 300|0x00000000f2c00000, 0x00000000f2c00000, 0x00000000f2d00000|  0%| F|  |TAMS 0x00000000f2c00000| PB 0x00000000f2c00000| Untracked |  0
| 301|0x00000000f2d00000, 0x00000000f2d00000, 0x00000000f2e00000|  0%| F|  |TAMS 0x00000000f2d00000| PB 0x00000000f2d00000| Untracked |  0
| 302|0x00000000f2e00000, 0x00000000f2e00000, 0x00000000f2f00000|  0%| F|  |TAMS 0x00000000f2e00000| PB 0x00000000f2e00000| Untracked |  0
| 303|0x00000000f2f00000, 0x00000000f2f00000, 0x00000000f3000000|  0%| F|  |TAMS 0x00000000f2f00000| PB 0x00000000f2f00000| Untracked |  0
| 304|0x00000000f3000000, 0x00000000f3000000, 0x00000000f3100000|  0%| F|  |TAMS 0x00000000f3000000| PB 0x00000000f3000000| Untracked |  0
| 305|0x00000000f3100000, 0x00000000f3100000, 0x00000000f3200000|  0%| F|  |TAMS 0x00000000f3100000| PB 0x00000000f3100000| Untracked |  0
| 306|0x00000000f3200000, 0x00000000f3200000, 0x00000000f3300000|  0%| F|  |TAMS 0x00000000f3200000| PB 0x00000000f3200000| Untracked |  0
| 307|0x00000000f3300000, 0x00000000f3300000, 0x00000000f3400000|  0%| F|  |TAMS 0x00000000f3300000| PB 0x00000000f3300000| Untracked |  0
| 308|0x00000000f3400000, 0x00000000f3400000, 0x00000000f3500000|  0%| F|  |TAMS 0x00000000f3400000| PB 0x00000000f3400000| Untracked |  0
| 309|0x00000000f3500000, 0x00000000f3500000, 0x00000000f3600000|  0%| F|  |TAMS 0x00000000f3500000| PB 0x00000000f3500000| Untracked |  0
| 310|0x00000000f3600000, 0x00000000f3600000, 0x00000000f3700000|  0%| F|  |TAMS 0x00000000f3600000| PB 0x00000000f3600000| Untracked |  0
| 311|0x00000000f3700000, 0x00000000f3700000, 0x00000000f3800000|  0%| F|  |TAMS 0x00000000f3700000| PB 0x00000000f3700000| Untracked |  0
| 312|0x00000000f3800000, 0x00000000f3800000, 0x00000000f3900000|  0%| F|  |TAMS 0x00000000f3800000| PB 0x00000000f3800000| Untracked |  0
| 313|0x00000000f3900000, 0x00000000f3900000, 0x00000000f3a00000|  0%| F|  |TAMS 0x00000000f3900000| PB 0x00000000f3900000| Untracked |  0
| 314|0x00000000f3a00000, 0x00000000f3a00000, 0x00000000f3b00000|  0%| F|  |TAMS 0x00000000f3a00000| PB 0x00000000f3a00000| Untracked |  0
| 315|0x00000000f3b00000, 0x00000000f3b00000, 0x00000000f3c00000|  0%| F|  |TAMS 0x00000000f3b00000| PB 0x00000000f3b00000| Untracked |  0
| 316|0x00000000f3c00000, 0x00000000f3c00000, 0x00000000f3d00000|  0%| F|  |TAMS 0x00000000f3c00000| PB 0x00000000f3c00000| Untracked |  0
| 317|0x00000000f3d00000, 0x00000000f3d00000, 0x00000000f3e00000|  0%| F|  |TAMS 0x00000000f3d00000| PB 0x00000000f3d00000| Untracked |  0
| 318|0x00000000f3e00000, 0x00000000f3e00000, 0x00000000f3f00000|  0%| F|  |TAMS 0x00000000f3e00000| PB 0x00000000f3e00000| Untracked |  0
| 319|0x00000000f3f00000, 0x00000000f3f00000, 0x00000000f4000000|  0%| F|  |TAMS 0x00000000f3f00000| PB 0x00000000f3f00000| Untracked |  0
| 320|0x00000000f4000000, 0x00000000f4000000, 0x00000000f4100000|  0%| F|  |TAMS 0x00000000f4000000| PB 0x00000000f4000000| Untracked |  0
| 321|0x00000000f4100000, 0x00000000f4100000, 0x00000000f4200000|  0%| F|  |TAMS 0x00000000f4100000| PB 0x00000000f4100000| Untracked |  0
| 322|0x00000000f4200000, 0x00000000f4200000, 0x00000000f4300000|  0%| F|  |TAMS 0x00000000f4200000| PB 0x00000000f4200000| Untracked |  0
| 323|0x00000000f4300000, 0x00000000f4300000, 0x00000000f4400000|  0%| F|  |TAMS 0x00000000f4300000| PB 0x00000000f4300000| Untracked |  0
| 324|0x00000000f4400000, 0x00000000f4400000, 0x00000000f4500000|  0%| F|  |TAMS 0x00000000f4400000| PB 0x00000000f4400000| Untracked |  0
| 325|0x00000000f4500000, 0x00000000f4500000, 0x00000000f4600000|  0%| F|  |TAMS 0x00000000f4500000| PB 0x00000000f4500000| Untracked |  0
| 326|0x00000000f4600000, 0x00000000f4600000, 0x00000000f4700000|  0%| F|  |TAMS 0x00000000f4600000| PB 0x00000000f4600000| Untracked |  0
| 327|0x00000000f4700000, 0x00000000f4700000, 0x00000000f4800000|  0%| F|  |TAMS 0x00000000f4700000| PB 0x00000000f4700000| Untracked |  0
| 328|0x00000000f4800000, 0x00000000f4800000, 0x00000000f4900000|  0%| F|  |TAMS 0x00000000f4800000| PB 0x00000000f4800000| Untracked |  0
| 329|0x00000000f4900000, 0x00000000f4900000, 0x00000000f4a00000|  0%| F|  |TAMS 0x00000000f4900000| PB 0x00000000f4900000| Untracked |  0
| 330|0x00000000f4a00000, 0x00000000f4a00000, 0x00000000f4b00000|  0%| F|  |TAMS 0x00000000f4a00000| PB 0x00000000f4a00000| Untracked |  0
| 331|0x00000000f4b00000, 0x00000000f4b00000, 0x00000000f4c00000|  0%| F|  |TAMS 0x00000000f4b00000| PB 0x00000000f4b00000| Untracked |  0
| 332|0x00000000f4c00000, 0x00000000f4c00000, 0x00000000f4d00000|  0%| F|  |TAMS 0x00000000f4c00000| PB 0x00000000f4c00000| Untracked |  0
| 333|0x00000000f4d00000, 0x00000000f4d00000, 0x00000000f4e00000|  0%| F|  |TAMS 0x00000000f4d00000| PB 0x00000000f4d00000| Untracked |  0
| 334|0x00000000f4e00000, 0x00000000f4e00000, 0x00000000f4f00000|  0%| F|  |TAMS 0x00000000f4e00000| PB 0x00000000f4e00000| Untracked |  0
| 335|0x00000000f4f00000, 0x00000000f4f00000, 0x00000000f5000000|  0%| F|  |TAMS 0x00000000f4f00000| PB 0x00000000f4f00000| Untracked |  0
| 336|0x00000000f5000000, 0x00000000f5000000, 0x00000000f5100000|  0%| F|  |TAMS 0x00000000f5000000| PB 0x00000000f5000000| Untracked |  0
| 337|0x00000000f5100000, 0x00000000f5100000, 0x00000000f5200000|  0%| F|  |TAMS 0x00000000f5100000| PB 0x00000000f5100000| Untracked |  0
| 338|0x00000000f5200000, 0x00000000f5200000, 0x00000000f5300000|  0%| F|  |TAMS 0x00000000f5200000| PB 0x00000000f5200000| Untracked |  0
| 339|0x00000000f5300000, 0x00000000f5300000, 0x00000000f5400000|  0%| F|  |TAMS 0x00000000f5300000| PB 0x00000000f5300000| Untracked |  0
| 340|0x00000000f5400000, 0x00000000f5400000, 0x00000000f5500000|  0%| F|  |TAMS 0x00000000f5400000| PB 0x00000000f5400000| Untracked |  0
| 341|0x00000000f5500000, 0x00000000f5500000, 0x00000000f5600000|  0%| F|  |TAMS 0x00000000f5500000| PB 0x00000000f5500000| Untracked |  0
| 342|0x00000000f5600000, 0x00000000f5600000, 0x00000000f5700000|  0%| F|  |TAMS 0x00000000f5600000| PB 0x00000000f5600000| Untracked |  0
| 343|0x00000000f5700000, 0x00000000f5700000, 0x00000000f5800000|  0%| F|  |TAMS 0x00000000f5700000| PB 0x00000000f5700000| Untracked |  0
| 344|0x00000000f5800000, 0x00000000f5800000, 0x00000000f5900000|  0%| F|  |TAMS 0x00000000f5800000| PB 0x00000000f5800000| Untracked |  0
| 345|0x00000000f5900000, 0x00000000f5900000, 0x00000000f5a00000|  0%| F|  |TAMS 0x00000000f5900000| PB 0x00000000f5900000| Untracked |  0
| 346|0x00000000f5a00000, 0x00000000f5a00000, 0x00000000f5b00000|  0%| F|  |TAMS 0x00000000f5a00000| PB 0x00000000f5a00000| Untracked |  0
| 347|0x00000000f5b00000, 0x00000000f5b00000, 0x00000000f5c00000|  0%| F|  |TAMS 0x00000000f5b00000| PB 0x00000000f5b00000| Untracked |  0
| 348|0x00000000f5c00000, 0x00000000f5c00000, 0x00000000f5d00000|  0%| F|  |TAMS 0x00000000f5c00000| PB 0x00000000f5c00000| Untracked |  0
| 349|0x00000000f5d00000, 0x00000000f5d00000, 0x00000000f5e00000|  0%| F|  |TAMS 0x00000000f5d00000| PB 0x00000000f5d00000| Untracked |  0
| 350|0x00000000f5e00000, 0x00000000f5e00000, 0x00000000f5f00000|  0%| F|  |TAMS 0x00000000f5e00000| PB 0x00000000f5e00000| Untracked |  0
| 351|0x00000000f5f00000, 0x00000000f5f00000, 0x00000000f6000000|  0%| F|  |TAMS 0x00000000f5f00000| PB 0x00000000f5f00000| Untracked |  0
| 352|0x00000000f6000000, 0x00000000f6000000, 0x00000000f6100000|  0%| F|  |TAMS 0x00000000f6000000| PB 0x00000000f6000000| Untracked |  0
| 353|0x00000000f6100000, 0x00000000f6100000, 0x00000000f6200000|  0%| F|  |TAMS 0x00000000f6100000| PB 0x00000000f6100000| Untracked |  0
| 354|0x00000000f6200000, 0x00000000f6200000, 0x00000000f6300000|  0%| F|  |TAMS 0x00000000f6200000| PB 0x00000000f6200000| Untracked |  0
| 355|0x00000000f6300000, 0x00000000f6300000, 0x00000000f6400000|  0%| F|  |TAMS 0x00000000f6300000| PB 0x00000000f6300000| Untracked |  0
| 356|0x00000000f6400000, 0x00000000f6400000, 0x00000000f6500000|  0%| F|  |TAMS 0x00000000f6400000| PB 0x00000000f6400000| Untracked |  0
| 357|0x00000000f6500000, 0x00000000f6500000, 0x00000000f6600000|  0%| F|  |TAMS 0x00000000f6500000| PB 0x00000000f6500000| Untracked |  0
| 358|0x00000000f6600000, 0x00000000f6600000, 0x00000000f6700000|  0%| F|  |TAMS 0x00000000f6600000| PB 0x00000000f6600000| Untracked |  0
| 359|0x00000000f6700000, 0x00000000f6700000, 0x00000000f6800000|  0%| F|  |TAMS 0x00000000f6700000| PB 0x00000000f6700000| Untracked |  0
| 360|0x00000000f6800000, 0x00000000f6800000, 0x00000000f6900000|  0%| F|  |TAMS 0x00000000f6800000| PB 0x00000000f6800000| Untracked |  0
| 361|0x00000000f6900000, 0x00000000f6900000, 0x00000000f6a00000|  0%| F|  |TAMS 0x00000000f6900000| PB 0x00000000f6900000| Untracked |  0
| 362|0x00000000f6a00000, 0x00000000f6a91940, 0x00000000f6b00000| 56%| S|CS|TAMS 0x00000000f6a00000| PB 0x00000000f6a00000| Complete |  0
| 363|0x00000000f6b00000, 0x00000000f6c00000, 0x00000000f6c00000|100%| S|CS|TAMS 0x00000000f6b00000| PB 0x00000000f6b00000| Complete |  0
| 364|0x00000000f6c00000, 0x00000000f6d00000, 0x00000000f6d00000|100%| S|CS|TAMS 0x00000000f6c00000| PB 0x00000000f6c00000| Complete |  0
| 365|0x00000000f6d00000, 0x00000000f6e00000, 0x00000000f6e00000|100%| S|CS|TAMS 0x00000000f6d00000| PB 0x00000000f6d00000| Complete |  0
| 366|0x00000000f6e00000, 0x00000000f6f00000, 0x00000000f6f00000|100%| S|CS|TAMS 0x00000000f6e00000| PB 0x00000000f6e00000| Complete |  0
| 367|0x00000000f6f00000, 0x00000000f6f00000, 0x00000000f7000000|  0%| F|  |TAMS 0x00000000f6f00000| PB 0x00000000f6f00000| Untracked |  0
| 368|0x00000000f7000000, 0x00000000f7000000, 0x00000000f7100000|  0%| F|  |TAMS 0x00000000f7000000| PB 0x00000000f7000000| Untracked |  0
| 369|0x00000000f7100000, 0x00000000f7100000, 0x00000000f7200000|  0%| F|  |TAMS 0x00000000f7100000| PB 0x00000000f7100000| Untracked |  0
| 370|0x00000000f7200000, 0x00000000f7200000, 0x00000000f7300000|  0%| F|  |TAMS 0x00000000f7200000| PB 0x00000000f7200000| Untracked |  0
| 371|0x00000000f7300000, 0x00000000f7300000, 0x00000000f7400000|  0%| F|  |TAMS 0x00000000f7300000| PB 0x00000000f7300000| Untracked |  0
| 372|0x00000000f7400000, 0x00000000f7400000, 0x00000000f7500000|  0%| F|  |TAMS 0x00000000f7400000| PB 0x00000000f7400000| Untracked |  0
| 373|0x00000000f7500000, 0x00000000f7500000, 0x00000000f7600000|  0%| F|  |TAMS 0x00000000f7500000| PB 0x00000000f7500000| Untracked |  0
| 374|0x00000000f7600000, 0x00000000f7600000, 0x00000000f7700000|  0%| F|  |TAMS 0x00000000f7600000| PB 0x00000000f7600000| Untracked |  0
| 375|0x00000000f7700000, 0x00000000f7700000, 0x00000000f7800000|  0%| F|  |TAMS 0x00000000f7700000| PB 0x00000000f7700000| Untracked |  0
| 376|0x00000000f7800000, 0x00000000f7800000, 0x00000000f7900000|  0%| F|  |TAMS 0x00000000f7800000| PB 0x00000000f7800000| Untracked |  0
| 377|0x00000000f7900000, 0x00000000f7900000, 0x00000000f7a00000|  0%| F|  |TAMS 0x00000000f7900000| PB 0x00000000f7900000| Untracked |  0
| 378|0x00000000f7a00000, 0x00000000f7a00000, 0x00000000f7b00000|  0%| F|  |TAMS 0x00000000f7a00000| PB 0x00000000f7a00000| Untracked |  0
| 379|0x00000000f7b00000, 0x00000000f7b00000, 0x00000000f7c00000|  0%| F|  |TAMS 0x00000000f7b00000| PB 0x00000000f7b00000| Untracked |  0
| 380|0x00000000f7c00000, 0x00000000f7c00000, 0x00000000f7d00000|  0%| F|  |TAMS 0x00000000f7c00000| PB 0x00000000f7c00000| Untracked |  0
| 381|0x00000000f7d00000, 0x00000000f7d00000, 0x00000000f7e00000|  0%| F|  |TAMS 0x00000000f7d00000| PB 0x00000000f7d00000| Untracked |  0
| 382|0x00000000f7e00000, 0x00000000f7e00000, 0x00000000f7f00000|  0%| F|  |TAMS 0x00000000f7e00000| PB 0x00000000f7e00000| Untracked |  0
| 383|0x00000000f7f00000, 0x00000000f7f00000, 0x00000000f8000000|  0%| F|  |TAMS 0x00000000f7f00000| PB 0x00000000f7f00000| Untracked |  0
| 384|0x00000000f8000000, 0x00000000f8000000, 0x00000000f8100000|  0%| F|  |TAMS 0x00000000f8000000| PB 0x00000000f8000000| Untracked |  0
| 385|0x00000000f8100000, 0x00000000f8100000, 0x00000000f8200000|  0%| F|  |TAMS 0x00000000f8100000| PB 0x00000000f8100000| Untracked |  0
| 386|0x00000000f8200000, 0x00000000f8200000, 0x00000000f8300000|  0%| F|  |TAMS 0x00000000f8200000| PB 0x00000000f8200000| Untracked |  0
| 387|0x00000000f8300000, 0x00000000f8300000, 0x00000000f8400000|  0%| F|  |TAMS 0x00000000f8300000| PB 0x00000000f8300000| Untracked |  0
| 388|0x00000000f8400000, 0x00000000f8400000, 0x00000000f8500000|  0%| F|  |TAMS 0x00000000f8400000| PB 0x00000000f8400000| Untracked |  0
| 389|0x00000000f8500000, 0x00000000f8500000, 0x00000000f8600000|  0%| F|  |TAMS 0x00000000f8500000| PB 0x00000000f8500000| Untracked |  0
| 390|0x00000000f8600000, 0x00000000f8600000, 0x00000000f8700000|  0%| F|  |TAMS 0x00000000f8600000| PB 0x00000000f8600000| Untracked |  0
| 391|0x00000000f8700000, 0x00000000f8700000, 0x00000000f8800000|  0%| F|  |TAMS 0x00000000f8700000| PB 0x00000000f8700000| Untracked |  0
| 392|0x00000000f8800000, 0x00000000f8800000, 0x00000000f8900000|  0%| F|  |TAMS 0x00000000f8800000| PB 0x00000000f8800000| Untracked |  0
| 393|0x00000000f8900000, 0x00000000f8900000, 0x00000000f8a00000|  0%| F|  |TAMS 0x00000000f8900000| PB 0x00000000f8900000| Untracked |  0
| 394|0x00000000f8a00000, 0x00000000f8a00000, 0x00000000f8b00000|  0%| F|  |TAMS 0x00000000f8a00000| PB 0x00000000f8a00000| Untracked |  0
| 395|0x00000000f8b00000, 0x00000000f8b00000, 0x00000000f8c00000|  0%| F|  |TAMS 0x00000000f8b00000| PB 0x00000000f8b00000| Untracked |  0
| 396|0x00000000f8c00000, 0x00000000f8c39338, 0x00000000f8d00000| 22%| E|  |TAMS 0x00000000f8c00000| PB 0x00000000f8c00000| Complete |  0
| 397|0x00000000f8d00000, 0x00000000f8e00000, 0x00000000f8e00000|100%| E|CS|TAMS 0x00000000f8d00000| PB 0x00000000f8d00000| Complete |  0
| 398|0x00000000f8e00000, 0x00000000f8f00000, 0x00000000f8f00000|100%| E|CS|TAMS 0x00000000f8e00000| PB 0x00000000f8e00000| Complete |  0
| 399|0x00000000f8f00000, 0x00000000f9000000, 0x00000000f9000000|100%| E|CS|TAMS 0x00000000f8f00000| PB 0x00000000f8f00000| Complete |  0
| 400|0x00000000f9000000, 0x00000000f9100000, 0x00000000f9100000|100%| E|CS|TAMS 0x00000000f9000000| PB 0x00000000f9000000| Complete |  0
| 401|0x00000000f9100000, 0x00000000f9200000, 0x00000000f9200000|100%| E|CS|TAMS 0x00000000f9100000| PB 0x00000000f9100000| Complete |  0
| 402|0x00000000f9200000, 0x00000000f9300000, 0x00000000f9300000|100%| E|CS|TAMS 0x00000000f9200000| PB 0x00000000f9200000| Complete |  0
| 403|0x00000000f9300000, 0x00000000f9400000, 0x00000000f9400000|100%| E|CS|TAMS 0x00000000f9300000| PB 0x00000000f9300000| Complete |  0
| 404|0x00000000f9400000, 0x00000000f9500000, 0x00000000f9500000|100%| E|CS|TAMS 0x00000000f9400000| PB 0x00000000f9400000| Complete |  0
| 405|0x00000000f9500000, 0x00000000f9600000, 0x00000000f9600000|100%| E|CS|TAMS 0x00000000f9500000| PB 0x00000000f9500000| Complete |  0
| 406|0x00000000f9600000, 0x00000000f9700000, 0x00000000f9700000|100%| E|CS|TAMS 0x00000000f9600000| PB 0x00000000f9600000| Complete |  0
| 407|0x00000000f9700000, 0x00000000f9800000, 0x00000000f9800000|100%| E|CS|TAMS 0x00000000f9700000| PB 0x00000000f9700000| Complete |  0
| 408|0x00000000f9800000, 0x00000000f9900000, 0x00000000f9900000|100%| E|CS|TAMS 0x00000000f9800000| PB 0x00000000f9800000| Complete |  0
| 409|0x00000000f9900000, 0x00000000f9a00000, 0x00000000f9a00000|100%| E|CS|TAMS 0x00000000f9900000| PB 0x00000000f9900000| Complete |  0
| 410|0x00000000f9a00000, 0x00000000f9b00000, 0x00000000f9b00000|100%| E|CS|TAMS 0x00000000f9a00000| PB 0x00000000f9a00000| Complete |  0
| 411|0x00000000f9b00000, 0x00000000f9c00000, 0x00000000f9c00000|100%| E|CS|TAMS 0x00000000f9b00000| PB 0x00000000f9b00000| Complete |  0
| 412|0x00000000f9c00000, 0x00000000f9d00000, 0x00000000f9d00000|100%| E|CS|TAMS 0x00000000f9c00000| PB 0x00000000f9c00000| Complete |  0
| 413|0x00000000f9d00000, 0x00000000f9e00000, 0x00000000f9e00000|100%| E|CS|TAMS 0x00000000f9d00000| PB 0x00000000f9d00000| Complete |  0
| 510|0x00000000ffe00000, 0x00000000fff00000, 0x00000000fff00000|100%| O|  |TAMS 0x00000000ffe00000| PB 0x00000000ffe00000| Untracked |  0
| 511|0x00000000fff00000, 0x00000000fff1c318, 0x0000000100000000| 11%| O|  |TAMS 0x00000000fff00000| PB 0x00000000fff00000| Untracked |  0

Card table byte_map: [0x0000026bfcf90000,0x0000026bfd090000] _byte_map_base: 0x0000026bfc890000

Marking Bits: (CMBitMap*) 0x0000026bfc569a40
 Bits: [0x0000026bfd090000, 0x0000026bfd890000)

Polling page: 0x0000026bfbb50000

Metaspace:

Usage:
  Non-class:     12.36 MB used.
      Class:      1.46 MB used.
       Both:     13.81 MB used.

Virtual space:
  Non-class space:       64.00 MB reserved,      12.69 MB ( 20%) committed,  1 nodes.
      Class space:        1.00 GB reserved,       1.75 MB ( <1%) committed,  1 nodes.
             Both:        1.06 GB reserved,      14.44 MB (  1%) committed. 

Chunk freelists:
   Non-Class:  2.59 MB
       Class:  14.12 MB
        Both:  16.71 MB

MaxMetaspaceSize: unlimited
CompressedClassSpaceSize: 1.00 GB
Initial GC threshold: 21.00 MB
Current GC threshold: 21.00 MB
CDS: on
 - commit_granule_bytes: 65536.
 - commit_granule_words: 8192.
 - virtual_space_node_default_size: 8388608.
 - enlarge_chunks_in_place: 1.
UseCompressedClassPointers 1, UseCompactObjectHeaders 0
Narrow klass pointer bits 32, Max shift 3
Narrow klass base: 0x0000026b99000000, Narrow klass shift: 0
Encoding Range: [0x0000026b99000000 - 0x0000026c99000000), (4294967296 bytes)
Klass Range:    [0x0000026b99000000 - 0x0000026bda000000), (1090519040 bytes)
Klass ID Range:  [8 - 1090519033) (1090519025)


Internal statistics:

num_allocs_failed_limit: 0.
num_arena_births: 606.
num_arena_deaths: 0.
num_vsnodes_births: 2.
num_vsnodes_deaths: 0.
num_space_committed: 231.
num_space_uncommitted: 0.
num_chunks_returned_to_freelist: 0.
num_chunks_taken_from_freelist: 1086.
num_chunk_merges: 0.
num_chunk_splits: 673.
num_chunks_enlarged: 399.
num_inconsistent_stats: 0.

CodeHeap 'non-profiled nmethods': size=119232Kb used=1215Kb max_used=1215Kb free=118016Kb
 bounds [0x0000026b905d0000, 0x0000026b90840000, 0x0000026b97a40000]
CodeHeap 'profiled nmethods': size=119104Kb used=5090Kb max_used=5090Kb free=114013Kb
 bounds [0x0000026b88a40000, 0x0000026b88f40000, 0x0000026b8fe90000]
CodeHeap 'non-nmethods': size=7424Kb used=3274Kb max_used=3353Kb free=4149Kb
 bounds [0x0000026b8fe90000, 0x0000026b901f0000, 0x0000026b905d0000]
CodeCache: size=245760Kb, used=9579Kb, max_used=9658Kb, free=236178Kb
 total_blobs=3700, nmethods=3085, adapters=510, full_count=0
Compilation: enabled, stopped_count=0, restarted_count=0

Compilation events (20 events):
Event: 1.203 Thread 0x0000026b984d45b0 3067       1       java.lang.reflect.AccessibleObject::isAccessible (5 bytes)
Event: 1.203 Thread 0x0000026b983531b0 nmethod 3065 0x0000026b88f32708 code [0x0000026b88f32840, 0x0000026b88f32a40]
Event: 1.203 Thread 0x0000026b984d45b0 nmethod 3067 0x0000026b906f7b08 code [0x0000026b906f7c00, 0x0000026b906f7cc8]
Event: 1.204 Thread 0x0000026b984d45b0 3068       3       org.junit.platform.engine.support.store.NamespacedHierarchicalStore::getStoredValue (38 bytes)
Event: 1.204 Thread 0x0000026b984d7b20 3069       3       jdk.internal.misc.VM::isJavaLangInvokeInited (4 bytes)
Event: 1.204 Thread 0x0000026b984d45b0 nmethod 3068 0x0000026b88f32a88 code [0x0000026b88f32be0, 0x0000026b88f32f98]
Event: 1.204 Thread 0x0000026b984d7b20 nmethod 3069 0x0000026b88f33008 code [0x0000026b88f33120, 0x0000026b88f33210]
Event: 1.204 Thread 0x0000026b98320090 nmethod 3066 0x0000026b88f33308 code [0x0000026b88f33640, 0x0000026b88f35970]
Event: 1.204 Thread 0x0000026b983531b0 3070       3       kotlin.collections.CollectionsKt__CollectionsKt::emptyList (7 bytes)
Event: 1.204 Thread 0x0000026b983531b0 nmethod 3070 0x0000026b88f35a08 code [0x0000026b88f35b20, 0x0000026b88f35c10]
Event: 1.205 Thread 0x0000026b984d7b20 3072       3       java.io.ObjectStreamField::isPrimitive (23 bytes)
Event: 1.205 Thread 0x0000026b983531b0 3073       1       java.io.ObjectStreamField::isUnshared (5 bytes)
Event: 1.205 Thread 0x0000026b984d7b20 nmethod 3072 0x0000026b88f35d08 code [0x0000026b88f35ea0, 0x0000026b88f36620]
Event: 1.205 Thread 0x0000026b983531b0 nmethod 3073 0x0000026b906f8108 code [0x0000026b906f8200, 0x0000026b906f82c8]
Event: 1.206 Thread 0x0000026b984d45b0 3074       1       java.lang.ClassValue$ClassValueMap::getCache (5 bytes)
Event: 1.206 Thread 0x0000026b984d45b0 nmethod 3074 0x0000026b906f8408 code [0x0000026b906f8500, 0x0000026b906f85c8]
Event: 1.206 Thread 0x0000026b983531b0 3075       1       java.io.ObjectStreamField::setOffset (6 bytes)
Event: 1.206 Thread 0x0000026b983531b0 nmethod 3075 0x0000026b906f8708 code [0x0000026b906f8800, 0x0000026b906f88c8]
Event: 1.206 Thread 0x0000026b984d45b0 3076       3       java.util.ArrayList::toArray (57 bytes)
Event: 1.206 Thread 0x0000026b984d45b0 nmethod 3076 0x0000026b88f36708 code [0x0000026b88f36860, 0x0000026b88f36e28]

GC Heap History (2 events):
Event: 0.971 GC heap before
{Heap before GC invocations=0 (full 0):
 garbage-first heap   total reserved 524288K, committed 425984K, used 49264K [0x00000000e0000000, 0x0000000100000000)
  region size 1024K, 47 young (48128K), 0 survivors (0K)
 Metaspace       used 10610K, committed 10880K, reserved 1114112K
  class space    used 1069K, committed 1216K, reserved 1048576K
}
Event: 0.975 GC heap after
{Heap after GC invocations=1 (full 0):
 garbage-first heap   total reserved 524288K, committed 425984K, used 5815K [0x00000000e0000000, 0x0000000100000000)
  region size 1024K, 5 young (5120K), 5 survivors (5120K)
 Metaspace       used 10610K, committed 10880K, reserved 1114112K
  class space    used 1069K, committed 1216K, reserved 1048576K
}

Dll operation events (12 events):
Event: 0.005 Loaded shared library C:\Users\ziad\.jdks\azul-24.0.2\bin\java.dll
Event: 0.023 Loaded shared library C:\Users\ziad\.jdks\azul-24.0.2\bin\jsvml.dll
Event: 0.034 Loaded shared library C:\Users\ziad\.jdks\azul-24.0.2\bin\net.dll
Event: 0.035 Loaded shared library C:\Users\ziad\.jdks\azul-24.0.2\bin\nio.dll
Event: 0.037 Loaded shared library C:\Users\ziad\.jdks\azul-24.0.2\bin\zip.dll
Event: 0.073 Loaded shared library C:\Users\ziad\.jdks\azul-24.0.2\bin\verify.dll
Event: 0.077 Loaded shared library C:\Users\ziad\.jdks\azul-24.0.2\bin\jimage.dll
Event: 0.255 Loaded shared library C:\Users\ziad\.jdks\azul-24.0.2\bin\extnet.dll
Event: 0.320 Loaded shared library C:\Users\ziad\.jdks\azul-24.0.2\bin\sunmscapi.dll
Event: 1.044 Loaded shared library C:\Windows\System32\ucrtbase.dll
Event: 1.045 Loaded shared library C:\Users\ziad\.jdks\azul-24.0.2\bin\syslookup.dll
Event: 1.047 Loaded shared library kernel32

Deoptimization events (20 events):
Event: 0.992 Thread 0x0000026bfa0b06b0 Uncommon trap: trap_request=0xffffff4d fr.pc=0x0000026b9064b8e0 relative=0x0000000000000140
Event: 0.992 Thread 0x0000026bfa0b06b0 Uncommon trap: reason=unstable_if action=reinterpret pc=0x0000026b9064b8e0 method=java.util.Objects.hashCode(Ljava/lang/Object;)I @ 1 c2
Event: 0.992 Thread 0x0000026bfa0b06b0 DEOPT PACKING pc=0x0000026b9064b8e0 sp=0x00000085076fa360
Event: 0.992 Thread 0x0000026bfa0b06b0 DEOPT UNPACKING pc=0x0000026b8ffb6d02 sp=0x00000085076fa270 mode 2
Event: 1.004 Thread 0x0000026bfa0b06b0 DEOPT PACKING pc=0x0000026b88e34060 sp=0x00000085076fa8a0
Event: 1.004 Thread 0x0000026bfa0b06b0 DEOPT UNPACKING pc=0x0000026b8fee6642 sp=0x00000085076f9da8 mode 0
Event: 1.027 Thread 0x0000026bfa0b06b0 DEOPT PACKING pc=0x0000026b88e34060 sp=0x00000085076fae60
Event: 1.027 Thread 0x0000026bfa0b06b0 DEOPT UNPACKING pc=0x0000026b8fee6642 sp=0x00000085076fa368 mode 0
Event: 1.033 Thread 0x0000026bfa0b06b0 DEOPT PACKING pc=0x0000026b88e40769 sp=0x00000085076faf40
Event: 1.033 Thread 0x0000026bfa0b06b0 DEOPT UNPACKING pc=0x0000026b8fee6642 sp=0x00000085076fa450 mode 0
Event: 1.049 Thread 0x0000026bfa0b06b0 Uncommon trap: trap_request=0xffffff4d fr.pc=0x0000026b90629a6c relative=0x00000000000000cc
Event: 1.049 Thread 0x0000026bfa0b06b0 Uncommon trap: reason=unstable_if action=reinterpret pc=0x0000026b90629a6c method=jdk.internal.classfile.impl.RawBytecodeHelper.next()Z @ 46 c2
Event: 1.049 Thread 0x0000026bfa0b06b0 DEOPT PACKING pc=0x0000026b90629a6c sp=0x00000085076f9fc0
Event: 1.049 Thread 0x0000026bfa0b06b0 DEOPT UNPACKING pc=0x0000026b8ffb6d02 sp=0x00000085076f9f48 mode 2
Event: 1.050 Thread 0x0000026bfa0b06b0 DEOPT PACKING pc=0x0000026b88cbce3c sp=0x00000085076fa540
Event: 1.050 Thread 0x0000026bfa0b06b0 DEOPT UNPACKING pc=0x0000026b8fee6642 sp=0x00000085076f9a38 mode 0
Event: 1.097 Thread 0x0000026bfa0b06b0 Uncommon trap: trap_request=0xffffffcc fr.pc=0x0000026b906a8f78 relative=0x00000000000003b8
Event: 1.097 Thread 0x0000026bfa0b06b0 Uncommon trap: reason=intrinsic_or_type_checked_inlining action=make_not_entrant pc=0x0000026b906a8f78 method=java.util.Arrays.copyOf([Ljava/lang/Object;ILjava/lang/Class;)[Ljava/lang/Object; @ 35 c2
Event: 1.097 Thread 0x0000026bfa0b06b0 DEOPT PACKING pc=0x0000026b906a8f78 sp=0x00000085076fa6b0
Event: 1.097 Thread 0x0000026bfa0b06b0 DEOPT UNPACKING pc=0x0000026b8ffb6d02 sp=0x00000085076fa658 mode 2

Classes loaded (20 events):
Event: 1.190 Loading class java/util/AbstractList$SubList done
Event: 1.190 Loading class java/util/AbstractList$RandomAccessSubList done
Event: 1.190 Loading class java/util/AbstractList$SubList$1
Event: 1.190 Loading class java/util/AbstractList$SubList$1 done
Event: 1.192 Loading class java/io/PrintWriter
Event: 1.192 Loading class java/io/PrintWriter done
Event: 1.192 Loading class java/lang/Throwable$WrappedPrintWriter
Event: 1.192 Loading class java/lang/Throwable$PrintStreamOrWriter
Event: 1.192 Loading class java/lang/Throwable$PrintStreamOrWriter done
Event: 1.192 Loading class java/lang/Throwable$WrappedPrintWriter done
Event: 1.194 Loading class java/io/ObjectOutputStream$BlockDataOutputStream
Event: 1.194 Loading class java/io/ObjectOutputStream$BlockDataOutputStream done
Event: 1.194 Loading class java/io/ObjectOutputStream$HandleTable
Event: 1.194 Loading class java/io/ObjectOutputStream$HandleTable done
Event: 1.194 Loading class java/io/ObjectOutputStream$ReplaceTable
Event: 1.194 Loading class java/io/ObjectOutputStream$ReplaceTable done
Event: 1.201 Loading class java/nio/charset/CharacterCodingException
Event: 1.201 Loading class java/nio/charset/CharacterCodingException done
Event: 1.204 Loading class java/util/Collections$EmptyListIterator
Event: 1.204 Loading class java/util/Collections$EmptyListIterator done

Classes unloaded (0 events):
No events

Classes redefined (0 events):
No events

Internal exceptions (20 events):
Event: 1.138 Thread 0x0000026bfa0b06b0 Exception <a 'java/lang/NoSuchMethodError'{0x00000000f9170028}: 'java.lang.Object java.lang.invoke.DirectMethodHandle$Holder.invokeInterface(java.lang.Object, java.lang.Object, long, long)'> (0x00000000f9170028) 
thrown [s\src\hotspot\share\interpreter\linkResolver.cpp, line 805]
Event: 1.138 Thread 0x0000026bfa0b06b0 Exception <a 'java/lang/NoSuchMethodError'{0x00000000f9178cc8}: 'java.lang.Object java.lang.invoke.DirectMethodHandle$Holder.invokeInterface(java.lang.Object, java.lang.Object, long, java.lang.Object)'> (0x00000000f9178cc8) 
thrown [s\src\hotspot\share\interpreter\linkResolver.cpp, line 805]
Event: 1.138 Thread 0x0000026bfa0b06b0 Exception <a 'java/lang/NoSuchMethodError'{0x00000000f9189718}: 'void java.lang.invoke.DirectMethodHandle$Holder.invokeStaticInit(java.lang.Object, java.lang.Object, long, java.lang.Object)'> (0x00000000f9189718) 
thrown [s\src\hotspot\share\interpreter\linkResolver.cpp, line 805]
Event: 1.139 Thread 0x0000026bfa0b06b0 Exception <a 'java/lang/NoSuchMethodError'{0x00000000f9192088}: 'long java.lang.invoke.DirectMethodHandle$Holder.invokeStatic(java.lang.Object, long, long)'> (0x00000000f9192088) 
thrown [s\src\hotspot\share\interpreter\linkResolver.cpp, line 805]
Event: 1.141 Thread 0x0000026bfa0b06b0 Exception <a 'java/lang/NoSuchMethodError'{0x00000000f91cd200}: 'void java.lang.invoke.DelegatingMethodHandle$Holder.reinvoke_L(java.lang.Object, java.lang.Object, java.lang.Object, java.lang.Object, long, long, int)'> (0x00000000f91cd200) 
thrown [s\src\hotspot\share\interpreter\linkResolver.cpp, line 805]
Event: 1.142 Thread 0x0000026bfa0b06b0 Exception <a 'java/lang/NoSuchMethodError'{0x00000000f91ed498}: 'java.lang.Object java.lang.invoke.DirectMethodHandle$Holder.invokeStatic(java.lang.Object, java.lang.Object, java.lang.Object, java.lang.Object, java.lang.Object, long)'> (0x00000000f91ed498) 
thrown [s\src\hotspot\share\interpreter\linkResolver.cpp, line 805]
Event: 1.144 Thread 0x0000026bfa0b06b0 Exception <a 'java/lang/NoSuchMethodError'{0x00000000f9011870}: 'void java.lang.invoke.DelegatingMethodHandle$Holder.reinvoke_L(java.lang.Object, java.lang.Object, java.lang.Object, java.lang.Object, long, long, long)'> (0x00000000f9011870) 
thrown [s\src\hotspot\share\interpreter\linkResolver.cpp, line 805]
Event: 1.146 Thread 0x0000026bfa0b06b0 Exception <a 'java/lang/NoSuchMethodError'{0x00000000f903f650}: 'long java.lang.invoke.DirectMethodHandle$Holder.invokeStaticInit(java.lang.Object, java.lang.Object, java.lang.Object)'> (0x00000000f903f650) 
thrown [s\src\hotspot\share\interpreter\linkResolver.cpp, line 805]
Event: 1.147 Thread 0x0000026bfa0b06b0 Exception <a 'java/lang/NoSuchMethodError'{0x00000000f904fe00}: 'long java.lang.invoke.DelegatingMethodHandle$Holder.reinvoke_L(java.lang.Object, java.lang.Object, java.lang.Object)'> (0x00000000f904fe00) 
thrown [s\src\hotspot\share\interpreter\linkResolver.cpp, line 805]
Event: 1.151 Thread 0x0000026bfa0b06b0 Exception <a 'java/lang/NoSuchMethodError'{0x00000000f90a28d0}: 'long java.lang.invoke.DelegatingMethodHandle$Holder.reinvoke_L(java.lang.Object, java.lang.Object, java.lang.Object, java.lang.Object, long, long)'> (0x00000000f90a28d0) 
thrown [s\src\hotspot\share\interpreter\linkResolver.cpp, line 805]
Event: 1.160 Thread 0x0000026bfa0b06b0 Exception <a 'java/lang/NoSuchMethodError'{0x00000000f8f1d300}: 'long java.lang.invoke.DirectMethodHandle$Holder.invokeStatic(java.lang.Object, java.lang.Object, java.lang.Object, long, long, long)'> (0x00000000f8f1d300) 
thrown [s\src\hotspot\share\interpreter\linkResolver.cpp, line 805]
Event: 1.160 Thread 0x0000026bfa0b06b0 Exception <a 'java/lang/NoSuchMethodError'{0x00000000f8f25a28}: 'long java.lang.invoke.DirectMethodHandle$Holder.invokeStaticInit(java.lang.Object, java.lang.Object, java.lang.Object, long, long, long)'> (0x00000000f8f25a28) 
thrown [s\src\hotspot\share\interpreter\linkResolver.cpp, line 805]
Event: 1.160 Thread 0x0000026bfa0b06b0 Exception <a 'java/lang/NoSuchMethodError'{0x00000000f8f364b8}: 'long java.lang.invoke.DelegatingMethodHandle$Holder.reinvoke_L(java.lang.Object, java.lang.Object, java.lang.Object, long, long, long)'> (0x00000000f8f364b8) 
thrown [s\src\hotspot\share\interpreter\linkResolver.cpp, line 805]
Event: 1.166 Thread 0x0000026bfa0b06b0 Exception <a 'java/lang/NoSuchMethodError'{0x00000000f8fac990}: 'long java.lang.invoke.DirectMethodHandle$Holder.invokeStatic(java.lang.Object, java.lang.Object, java.lang.Object, long, long)'> (0x00000000f8fac990) 
thrown [s\src\hotspot\share\interpreter\linkResolver.cpp, line 805]
Event: 1.166 Thread 0x0000026bfa0b06b0 Exception <a 'java/lang/NoSuchMethodError'{0x00000000f8fb5090}: 'long java.lang.invoke.DirectMethodHandle$Holder.invokeStaticInit(java.lang.Object, java.lang.Object, java.lang.Object, long, long)'> (0x00000000f8fb5090) 
thrown [s\src\hotspot\share\interpreter\linkResolver.cpp, line 805]
Event: 1.166 Thread 0x0000026bfa0b06b0 Exception <a 'java/lang/NoSuchMethodError'{0x00000000f8fbdc30}: 'long java.lang.invoke.DirectMethodHandle$Holder.invokeSpecial(java.lang.Object, java.lang.Object, java.lang.Object, java.lang.Object, long, long)'> (0x00000000f8fbdc30) 
thrown [s\src\hotspot\share\interpreter\linkResolver.cpp, line 805]
Event: 1.166 Thread 0x0000026bfa0b06b0 Exception <a 'java/lang/NoSuchMethodError'{0x00000000f8fc6338}: 'long java.lang.invoke.DelegatingMethodHandle$Holder.reinvoke_L(java.lang.Object, java.lang.Object, java.lang.Object, long, long)'> (0x00000000f8fc6338) 
thrown [s\src\hotspot\share\interpreter\linkResolver.cpp, line 805]
Event: 1.167 Thread 0x0000026bfa0b06b0 Exception <a 'java/lang/NoSuchMethodError'{0x00000000f8feff60}: 'java.lang.Object java.lang.invoke.Invokers$Holder.invoke_MT(java.lang.Object, long, long, java.lang.Object)'> (0x00000000f8feff60) 
thrown [s\src\hotspot\share\interpreter\linkResolver.cpp, line 805]
Event: 1.204 Thread 0x0000026b98f96320 Exception <a 'java/lang/NoSuchMethodError'{0x00000000f8db73d0}: static [Ljava/lang/StackTraceElement;.<clinit>()V> (0x00000000f8db73d0) 
thrown [s\src\hotspot\share\prims\jni.cpp, line 1108]
Event: 1.206 Thread 0x0000026b98f96320 Exception <a 'java/lang/NoSuchMethodError'{0x00000000f8c28260}: static [B.<clinit>()V> (0x00000000f8c28260) 
thrown [s\src\hotspot\share\prims\jni.cpp, line 1108]

VM Operations (20 events):
Event: 1.175 Executing VM operation: HandshakeAllThreads (CloseScopedMemory)
Event: 1.175 Executing VM operation: HandshakeAllThreads (CloseScopedMemory) done
Event: 1.177 Executing VM operation: HandshakeAllThreads (CloseScopedMemory)
Event: 1.177 Executing VM operation: HandshakeAllThreads (CloseScopedMemory) done
Event: 1.185 Executing VM operation: HandshakeAllThreads (Deoptimize)
Event: 1.185 Executing VM operation: HandshakeAllThreads (Deoptimize) done
Event: 1.185 Executing VM operation: HandshakeAllThreads (CloseScopedMemory)
Event: 1.185 Executing VM operation: HandshakeAllThreads (CloseScopedMemory) done
Event: 1.192 Executing VM operation: HandshakeAllThreads (Deoptimize)
Event: 1.192 Executing VM operation: HandshakeAllThreads (Deoptimize) done
Event: 1.196 Executing VM operation: HandshakeAllThreads (CloseScopedMemory)
Event: 1.196 Executing VM operation: HandshakeAllThreads (CloseScopedMemory) done
Event: 1.198 Executing VM operation: HandshakeAllThreads (CloseScopedMemory)
Event: 1.198 Executing VM operation: HandshakeAllThreads (CloseScopedMemory) done
Event: 1.200 Executing VM operation: HandshakeAllThreads (CloseScopedMemory)
Event: 1.200 Executing VM operation: HandshakeAllThreads (CloseScopedMemory) done
Event: 1.202 Executing VM operation: HandshakeAllThreads (CloseScopedMemory)
Event: 1.203 Executing VM operation: HandshakeAllThreads (CloseScopedMemory) done
Event: 1.205 Executing VM operation: HandshakeAllThreads (CloseScopedMemory)
Event: 1.205 Executing VM operation: HandshakeAllThreads (CloseScopedMemory) done

Memory protections (0 events):
No events

Nmethod flushes (0 events):
No events

Events (20 events):
Event: 0.022 Thread 0x0000026bfa0b06b0 Thread added: 0x0000026b983498f0
Event: 0.022 Thread 0x0000026bfa0b06b0 Thread added: 0x0000026b9834e170
Event: 0.022 Thread 0x0000026bfa0b06b0 Thread added: 0x0000026b983509f0
Event: 0.022 Thread 0x0000026bfa0b06b0 Thread added: 0x0000026b983516c0
Event: 0.022 Thread 0x0000026bfa0b06b0 Thread added: 0x0000026b983531b0
Event: 0.029 Thread 0x0000026b983531b0 Thread added: 0x0000026b98320090
Event: 0.030 Thread 0x0000026b98320090 Thread added: 0x0000026b984d45b0
Event: 0.030 Thread 0x0000026b983531b0 Thread added: 0x0000026b984d7b20
Event: 0.031 Thread 0x0000026bfa0b06b0 Thread added: 0x0000026b984f1aa0
Event: 0.032 Thread 0x0000026bfa0b06b0 Thread added: 0x0000026b984f31f0
Event: 0.060 Thread 0x0000026b98320090 Thread added: 0x0000026b9858c4e0
Event: 0.295 Thread 0x0000026bfa0b06b0 Thread added: 0x0000026b98f39c10
Event: 0.347 Thread 0x0000026bfa0b06b0 Thread added: 0x0000026b98f96320
Event: 0.347 Thread 0x0000026bfa0b06b0 Thread added: 0x0000026b98f96a60
Event: 0.519 Thread 0x0000026b98320090 Thread added: 0x0000026bde1ae610
Event: 0.522 Thread 0x0000026b98320090 Thread added: 0x0000026bde2797a0
Event: 0.523 Thread 0x0000026b984d7b20 Thread added: 0x0000026bde279f30
Event: 0.526 Thread 0x0000026b98320090 Thread added: 0x0000026bde283980
Event: 0.526 Thread 0x0000026b984d7b20 Thread added: 0x0000026bde284110
Event: 0.528 Thread 0x0000026b984d7b20 Thread added: 0x0000026bde313750


Dynamic libraries:
0x00007ff6eef40000 - 0x00007ff6eef4e000 	C:\Users\ziad\.jdks\azul-24.0.2\bin\java.exe
0x00007ffc42620000 - 0x00007ffc42883000 	C:\windows\SYSTEM32\ntdll.dll
0x00007ffc420b0000 - 0x00007ffc42177000 	C:\windows\System32\KERNEL32.DLL
0x00007ffc3fbf0000 - 0x00007ffc3ffb9000 	C:\windows\System32\KERNELBASE.dll
0x00007ffc3f960000 - 0x00007ffc3faac000 	C:\windows\System32\ucrtbase.dll
0x00007ffc20340000 - 0x00007ffc2035e000 	C:\Users\ziad\.jdks\azul-24.0.2\bin\VCRUNTIME140.dll
0x00007ffc23480000 - 0x00007ffc23496000 	C:\Users\ziad\.jdks\azul-24.0.2\bin\jli.dll
0x00007ffc40bc0000 - 0x00007ffc40d8a000 	C:\windows\System32\USER32.dll
0x00007ffc1e680000 - 0x00007ffc1e910000 	C:\windows\WinSxS\amd64_microsoft.windows.common-controls_6595b64144ccf1df_6.0.26100.3323_none_3e088096e3344490\COMCTL32.dll
0x00007ffc402b0000 - 0x00007ffc402d7000 	C:\windows\System32\win32u.dll
0x00007ffc42230000 - 0x00007ffc422d9000 	C:\windows\System32\msvcrt.dll
0x00007ffc42080000 - 0x00007ffc420aa000 	C:\windows\System32\GDI32.dll
0x00007ffc3fab0000 - 0x00007ffc3fbe1000 	C:\windows\System32\gdi32full.dll
0x00007ffc3f8b0000 - 0x00007ffc3f953000 	C:\windows\System32\msvcp_win.dll
0x00007ffc41840000 - 0x00007ffc4186f000 	C:\windows\System32\IMM32.DLL
0x00007ffc34290000 - 0x00007ffc3429c000 	C:\Users\ziad\.jdks\azul-24.0.2\bin\vcruntime140_1.dll
0x00007ffbd5510000 - 0x00007ffbd559d000 	C:\Users\ziad\.jdks\azul-24.0.2\bin\msvcp140.dll
0x00007ffb51b00000 - 0x00007ffb5297c000 	C:\Users\ziad\.jdks\azul-24.0.2\bin\server\jvm.dll
0x00007ffc42520000 - 0x00007ffc425d2000 	C:\windows\System32\ADVAPI32.dll
0x00007ffc41fd0000 - 0x00007ffc42076000 	C:\windows\System32\sechost.dll
0x00007ffc42400000 - 0x00007ffc42516000 	C:\windows\System32\RPCRT4.dll
0x00007ffc41b60000 - 0x00007ffc41bd4000 	C:\windows\System32\WS2_32.dll
0x00007ffc2e2b0000 - 0x00007ffc2e2bb000 	C:\windows\SYSTEM32\VERSION.dll
0x00007ffc3e470000 - 0x00007ffc3e4be000 	C:\windows\SYSTEM32\POWRPROF.dll
0x00007ffc34450000 - 0x00007ffc34486000 	C:\windows\SYSTEM32\WINMM.dll
0x00007ffc3e450000 - 0x00007ffc3e464000 	C:\windows\SYSTEM32\UMPDC.dll
0x00007ffc3e710000 - 0x00007ffc3e72a000 	C:\windows\SYSTEM32\kernel.appcore.dll
0x00007ffc20330000 - 0x00007ffc2033a000 	C:\Users\ziad\.jdks\azul-24.0.2\bin\jimage.dll
0x00007ffc31e80000 - 0x00007ffc320c1000 	C:\windows\SYSTEM32\DBGHELP.DLL
0x00007ffc40ea0000 - 0x00007ffc41222000 	C:\windows\System32\combase.dll
0x00007ffc41a80000 - 0x00007ffc41b56000 	C:\windows\System32\OLEAUT32.dll
0x00007ffc1df00000 - 0x00007ffc1df39000 	C:\windows\SYSTEM32\dbgcore.DLL
0x00007ffc402e0000 - 0x00007ffc40379000 	C:\windows\System32\bcryptPrimitives.dll
0x00007ffc20310000 - 0x00007ffc2032e000 	C:\Users\ziad\.jdks\azul-24.0.2\bin\java.dll
0x00007ffc41e10000 - 0x00007ffc41fa5000 	C:\windows\System32\ole32.dll
0x00007ffc40440000 - 0x00007ffc40b55000 	C:\windows\System32\SHELL32.dll
0x00007ffc3ffc0000 - 0x00007ffc40128000 	C:\windows\System32\wintypes.dll
0x00007ffc3d4c0000 - 0x00007ffc3dd05000 	C:\windows\SYSTEM32\windows.storage.dll
0x00007ffc42310000 - 0x00007ffc423fb000 	C:\windows\System32\SHCORE.dll
0x00007ffc41920000 - 0x00007ffc4197d000 	C:\windows\System32\shlwapi.dll
0x00007ffc3f730000 - 0x00007ffc3f75f000 	C:\windows\SYSTEM32\profapi.dll
0x00007ffbcee00000 - 0x00007ffbceed7000 	C:\Users\ziad\.jdks\azul-24.0.2\bin\jsvml.dll
0x00007ffc20300000 - 0x00007ffc20310000 	C:\Users\ziad\.jdks\azul-24.0.2\bin\net.dll
0x00007ffc3ec10000 - 0x00007ffc3ec7a000 	C:\windows\system32\mswsock.dll
0x00007ffbddfe0000 - 0x00007ffbddff6000 	C:\Users\ziad\.jdks\azul-24.0.2\bin\nio.dll
0x00007ffbddfc0000 - 0x00007ffbddfd7000 	C:\Users\ziad\.jdks\azul-24.0.2\bin\zip.dll
0x00007ffc20040000 - 0x00007ffc20050000 	C:\Users\ziad\.jdks\azul-24.0.2\bin\verify.dll
0x00007ffbf7c80000 - 0x00007ffbf7c89000 	C:\Users\ziad\.jdks\azul-24.0.2\bin\extnet.dll
0x00007ffbf63a0000 - 0x00007ffbf63ae000 	C:\Users\ziad\.jdks\azul-24.0.2\bin\sunmscapi.dll
0x00007ffc40130000 - 0x00007ffc402a7000 	C:\windows\System32\CRYPT32.dll
0x00007ffc3f110000 - 0x00007ffc3f140000 	C:\windows\SYSTEM32\ncrypt.dll
0x00007ffc3f0c0000 - 0x00007ffc3f0ff000 	C:\windows\SYSTEM32\NTASN1.dll
0x00007ffc300c0000 - 0x00007ffc300c8000 	C:\windows\system32\wshunix.dll
0x00007ffc3efc0000 - 0x00007ffc3efdc000 	C:\windows\SYSTEM32\CRYPTSP.dll
0x00007ffc3e670000 - 0x00007ffc3e6aa000 	C:\windows\system32\rsaenh.dll
0x00007ffc3ecb0000 - 0x00007ffc3ecdb000 	C:\windows\SYSTEM32\USERENV.dll
0x00007ffc3f150000 - 0x00007ffc3f176000 	C:\windows\SYSTEM32\bcrypt.dll
0x00007ffc3ee40000 - 0x00007ffc3ee4c000 	C:\windows\SYSTEM32\CRYPTBASE.dll
0x00007ffc3e0e0000 - 0x00007ffc3e113000 	C:\windows\SYSTEM32\IPHLPAPI.DLL
0x00007ffc40e90000 - 0x00007ffc40e9a000 	C:\windows\System32\NSI.dll
0x00007ffbf2110000 - 0x00007ffbf2119000 	C:\Users\ziad\.jdks\azul-24.0.2\bin\syslookup.dll

JVMTI agents: none

dbghelp: loaded successfully - version: 4.0.5 - missing functions: none
symbol engine: initialized successfully - sym options: 0x614 - pdb path: .;C:\Users\ziad\.jdks\azul-24.0.2\bin;C:\windows\SYSTEM32;C:\windows\WinSxS\amd64_microsoft.windows.common-controls_6595b64144ccf1df_6.0.26100.3323_none_3e088096e3344490;C:\Users\ziad\.jdks\azul-24.0.2\bin\server

VM Arguments:
jvm_args: -Dorg.gradle.internal.worker.tmpdir=C:\src\kgen\examples\lang\build\tmp\test\work --enable-native-access=ALL-UNNAMED -Xmx512m -Dfile.encoding=UTF-8 -Duser.country=US -Duser.language=en -Duser.variant -ea 
java_command: worker.org.gradle.process.internal.worker.GradleWorkerMain 'Gradle Test Executor 1'
java_class_path (initial): C:\\Users\\ziad\\.gradle\\caches\\8.14.1\\workerMain\\gradle-worker.jar;C:\\src\\kgen\\examples\\lang\\build\\classes\\kotlin\\test;C:\\src\\kgen\\examples\\lang\\build\\classes\\kotlin\\main;C:\\src\\kgen\\kgen\\build\\libs\\kgen-0.1.0-SNAPSHOT.jar;C:\\Users\\ziad\\.gradle\\caches\\modules-2\\files-2.1\\org.jetbrains.kotlin\\kotlin-test-junit5\\2.1.10\\fc0a18dd6972c35268f29fa357fc2a30c11728b6\\kotlin-test-junit5-2.1.10.jar;C:\\Users\\ziad\\.gradle\\caches\\modules-2\\files-2.1\\org.jetbrains.kotlin\\kotlin-test\\2.1.10\\9a70f7e2e364080626a4f9ec7256290dee15fd5\\kotlin-test-2.1.10.jar;C:\\Users\\ziad\\.gradle\\caches\\modules-2\\files-2.1\\org.jetbrains.kotlin\\kotlin-stdlib\\2.1.10\\d3028429e7151d7a7c1a0d63a4f60eac86a87b91\\kotlin-stdlib-2.1.10.jar;C:\\Users\\ziad\\.gradle\\caches\\modules-2\\files-2.1\\org.jetbrains\\annotations\\13.0\\919f0dfe192fb4e063e7dacadee7f8bb9a2672a9\\annotations-13.0.jar;C:\\Users\\ziad\\.gradle\\caches\\modules-2\\files-2.1\\org.junit.platform\\junit-platform-launcher\\1.10.1\\ce85bf5e38bee0989ded9bd468dd4ff78dc0cfa8\\junit-platform-launcher-1.10.1.jar;C:\\Users\\ziad\\.gradle\\caches\\modules-2\\files-2.1\\org.junit.platform\\junit-platform-engine\\1.10.1\\f32ae4af74fde68414b8a3d2b7cf1fb43824a83a\\junit-platform-engine-1.10.1.jar;C:\\Users\\ziad\\.gradle\\caches\\modules-2\\files-2.1\\org.junit.jupiter\\junit-jupiter-api\\5.10.1\\eb90c7d8bfaae8fdc97b225733fcb595ddd72843\\junit-jupiter-api-5.10.1.jar;C:\\Users\\ziad\\.gradle\\caches\\modules-2\\files-2.1\\org.junit.platform\\junit-platform-commons\\1.10.1\\2bfcd4a4e38b10c671b6916d7e543c20afe25579\\junit-platform-commons-1.10.1.jar;C:\\Users\\ziad\\.gradle\\caches\\modules-2\\files-2.1\\org.junit.jupiter\\junit-jupiter-engine\\5.10.1\\6c9ff773f9aa842b91d1f2fe4658973252ce2428\\junit-jupiter-engine-5.10.1.jar;C:\\Users\\ziad\\.gradle\\caches\\modules-2\\files-2.1\\org.opentest4j\\opentest4j\\1.3.0\\152ea56b3a72f655d4fd677fc0ef2596c3dd5e6e\\opentest4j-1.3.0.jar
Launcher Type: SUN_STANDARD

[Global flags]
     intx CICompilerCount                          = 12                                        {product} {ergonomic}
     uint ConcGCThreads                            = 3                                         {product} {ergonomic}
     uint G1ConcRefinementThreads                  = 13                                        {product} {ergonomic}
   size_t G1HeapRegionSize                         = 1048576                                   {product} {ergonomic}
   size_t InitialHeapSize                          = 434110464                                 {product} {ergonomic}
   size_t MarkStackSize                            = 4194304                                   {product} {ergonomic}
   size_t MarkStackSizeMax                         = 536870912                                 {product} {ergonomic}
   size_t MaxHeapSize                              = 536870912                                 {product} {command line}
   size_t MaxNewSize                               = 321912832                                 {product} {ergonomic}
   size_t MinHeapDeltaBytes                        = 1048576                                   {product} {ergonomic}
   size_t MinHeapSize                              = 8388608                                   {product} {ergonomic}
    uintx NonNMethodCodeHeapSize                   = 7602176                                {pd product} {ergonomic}
    uintx NonProfiledCodeHeapSize                  = 122093568                              {pd product} {ergonomic}
    uintx ProfiledCodeHeapSize                     = 121962496                              {pd product} {ergonomic}
    uintx ReservedCodeCacheSize                    = 251658240                              {pd product} {ergonomic}
     bool SegmentedCodeCache                       = true                                      {product} {ergonomic}
   size_t SoftMaxHeapSize                          = 536870912                              {manageable} {ergonomic}
     bool UseCompressedOops                        = true                           {product lp64_product} {ergonomic}
     bool UseG1GC                                  = true                                      {product} {ergonomic}
     bool UseLargePagesIndividualAllocation        = false                                  {pd product} {ergonomic}

Logging:
Log output configuration:
 #0: stdout all=warning uptime,level,tags foldmultilines=false
 #1: stderr all=off uptime,level,tags foldmultilines=false

Environment Variables:
JAVA_HOME=C:\Users\ziad\.jdks\azul-24.0.2
PATH=C:\windows\system32;C:\windows;C:\windows\System32\Wbem;C:\windows\System32\WindowsPowerShell\v1.0\;C:\windows\System32\OpenSSH\;C:\Program Files\Microsoft SQL Server\150\Tools\Binn\;C:\Program Files\Microsoft SQL Server\Client SDK\ODBC\170\Tools\Binn\;C:\Program Files\dotnet\;C:\Program Files\Microsoft SQL Server\170\Tools\Binn\;C:\Users\ziad\AppData\Local\Microsoft\WindowsApps;C:\Users\ziad\AppData\Local\Programs\Microsoft VS Code\bin;C:\Users\ziad\.dotnet\tools
USERNAME=ziad
OS=Windows_NT
PROCESSOR_IDENTIFIER=AMD64 Family 25 Model 116 Stepping 1, AuthenticAMD
TMP=C:\Users\ziad\AppData\Local\Temp
TEMP=C:\Users\ziad\AppData\Local\Temp




Periodic native trim disabled

---------------  S Y S T E M  ---------------

OS:
 Windows 11 , 64 bit Build 26100 (10.0.26100.3323)
OS uptime: 10 days 14:45 hours
Hyper-V role detected

CPU: total 16 (initial active 16) (16 cores per cpu, 2 threads per core) family 25 model 116 stepping 1 microcode 0xa704107, cx8, cmov, fxsr, ht, mmx, 3dnowpref, sse, sse2, sse3, ssse3, sse4a, sse4.1, sse4.2, popcnt, lzcnt, tsc, tscinvbit, avx, avx2, aes, erms, clmul, bmi1, bmi2, adx, avx512f, avx512dq, avx512cd, avx512bw, avx512vl, sha, fma, vzeroupper, avx512_vpopcntdq, avx512_vpclmulqdq, avx512_vaes, avx512_vnni, clflush, clflushopt, avx512_vbmi2, avx512_vbmi, hv, rdtscp, rdpid, fsrm, gfni, avx512_bitalg, f16c, cet_ss, avx512_ifma
Processor Information for the first 16 processors :
  Max Mhz: 3801, Current Mhz: 3801, Mhz Limit: 3801

Memory: 4k page, system-wide physical 26421M (7565M free)
TotalPageFile size 38264M (AvailPageFile size 4744M)
current process WorkingSet (physical memory assigned to process): 229M, peak: 237M
current process commit charge ("private bytes"): 647M, peak: 662M

vm_info: OpenJDK 64-Bit Server VM (24.0.2+12) for windows-amd64 JRE (24.0.2+12) (Zulu24.32+13-CA), built on 2025-07-11T12:45:44Z with MS VC++ 17.1 (VS2022)

END.
