#
# A fatal error has been detected by the Java Runtime Environment:
#
#  EXCEPTION_INT_DIVIDE_BY_ZERO (0xc0000094) at pc=0x000001de911e0009, pid=35380, tid=41608
#
# JRE version: OpenJDK Runtime Environment Zulu24.32+13-CA (24.0.2+12) (build 24.0.2+12)
# Java VM: OpenJDK 64-Bit Server VM Zulu24.32+13-CA (24.0.2+12, mixed mode, sharing, tiered, compressed oops, compressed class ptrs, g1 gc, windows-amd64)
# Problematic frame:
# C  0x000001de911e0009
#
# No core dump will be written. Minidumps are not enabled by default on client versions of Windows
#
# If you would like to submit a bug report, please visit:
#   http://www.azul.com/support/
# The crash happened outside the Java Virtual Machine in native code.
# See problematic frame for where to report the bug.
#

---------------  S U M M A R Y ------------

Command Line: -Dorg.gradle.internal.worker.tmpdir=C:\src\kgen\examples\lang\build\tmp\test\work --enable-native-access=ALL-UNNAMED -Xmx512m -Dfile.encoding=UTF-8 -Duser.country=US -Duser.language=en -Duser.variant -ea worker.org.gradle.process.internal.worker.GradleWorkerMain 'Gradle Test Executor 1'

Host: AMD Ryzen 7 7840HS w/ Radeon 780M Graphics     , 16 cores, 25G,  Windows 11 , 64 bit Build 26100 (10.0.26100.3323)
Time: Sat Mar  7 12:58:12 2026 Pacific Standard Time elapsed time: 0.937780 seconds (0d 0h 0m 0s)

---------------  T H R E A D  ---------------

Current thread (0x000001de90ecf7e0):  JavaThread "Test worker"        [_thread_in_native, id=41608, stack(0x000000aad7e00000,0x000000aad7f00000) (1024K)]

Stack: [0x000000aad7e00000,0x000000aad7f00000],  sp=0x000000aad7efbb20,  free space=1006k
Native frames: (J=compiled Java code, j=interpreted, Vv=VM code, C=native code)
C  0x000001de911e0009  (no source info available)

Java frames: (J=compiled Java code, j=interpreted, Vv=VM code)
v  ~RuntimeStub::nep_invoker_blob 0x000001dea36620e8
j  java.lang.invoke.LambdaForm$MH+0x000001deb1199000.invoke(Ljava/lang/Object;JJJ)J+12 java.base@24.0.2
j  java.lang.invoke.LambdaForm$MH+0x000001deb119c400.invokeExact_MT(Ljava/lang/Object;JJJLjava/lang/Object;)J+23 java.base@24.0.2
j  jdk.internal.foreign.abi.DowncallStub+0x000001deb1199400.invoke(Ljava/lang/foreign/SegmentAllocator;Ljava/lang/foreign/MemorySegment;JJ)J+52 java.base@24.0.2
j  java.lang.invoke.LambdaForm$DMH+0x000001deb1199c00.invokeStaticInit(Ljava/lang/Object;Ljava/lang/Object;Ljava/lang/Object;JJ)J+16 java.base@24.0.2
j  java.lang.invoke.LambdaForm$MH+0x000001deb119bc00.invoke(Ljava/lang/Object;JJ)Ljava/lang/Object;+50 java.base@24.0.2
j  java.lang.invoke.LambdaForm$MH+0x000001deb119b800.invoke_MT(Ljava/lang/Object;JJLjava/lang/Object;)Ljava/lang/Object;+23 java.base@24.0.2
j  org.kgen.jit.JitEngine$Companion.invokeHandle(Ljava/lang/invoke/MethodHandle;[J)Ljava/lang/Object;+68
j  org.kgen.jit.JitEngine$Companion.access$invokeHandle(Lorg/kgen/jit/JitEngine$Companion;Ljava/lang/invoke/MethodHandle;[J)Ljava/lang/Object;+3
j  org.kgen.jit.JitEngine.call(Ljava/lang/String;[J)J+88
j  org.kgen.examples.lang.JitRunner.run(Ljava/lang/String;Ljava/lang/String;[J)J+35
j  org.kgen.examples.lang.JitRunnerTest.divisionTruncates()V+53
j  java.lang.invoke.DirectMethodHandle$Holder.invokeSpecial(Ljava/lang/Object;Ljava/lang/Object;)V+10 java.base@24.0.2
j  java.lang.invoke.LambdaForm$MH+0x000001deb1089000.invoke(Ljava/lang/Object;Ljava/lang/Object;)Ljava/lang/Object;+31 java.base@24.0.2
j  java.lang.invoke.Invokers$Holder.invokeExact_MT(Ljava/lang/Object;Ljava/lang/Object;Ljava/lang/Object;)Ljava/lang/Object;+19 java.base@24.0.2
j  jdk.internal.reflect.DirectMethodHandleAccessor.invokeImpl(Ljava/lang/Object;[Ljava/lang/Object;)Ljava/lang/Object;+41 java.base@24.0.2
j  jdk.internal.reflect.DirectMethodHandleAccessor.invoke(Ljava/lang/Object;[Ljava/lang/Object;)Ljava/lang/Object;+23 java.base@24.0.2
j  java.lang.reflect.Method.invoke(Ljava/lang/Object;[Ljava/lang/Object;)Ljava/lang/Object;+102 java.base@24.0.2
j  org.junit.platform.commons.util.ReflectionUtils.invokeMethod(Ljava/lang/reflect/Method;Ljava/lang/Object;[Ljava/lang/Object;)Ljava/lang/Object;+42
j  org.junit.jupiter.engine.execution.MethodInvocation.proceed()Ljava/lang/Object;+16
j  org.junit.jupiter.engine.execution.InvocationInterceptorChain$ValidatingInvocation.proceed()Ljava/lang/Object;+8
j  org.junit.jupiter.engine.extension.TimeoutExtension.intercept(Lorg/junit/jupiter/api/extension/InvocationInterceptor$Invocation;Lorg/junit/jupiter/api/extension/ReflectiveInvocationContext;Lorg/junit/jupiter/api/extension/ExtensionContext;Lorg/junit/jupiter/engine/extension/TimeoutDuration;Lorg/junit/jupiter/engine/extension/TimeoutExtension$TimeoutProvider;)Ljava/lang/Object;+28
j  org.junit.jupiter.engine.extension.TimeoutExtension.interceptTestableMethod(Lorg/junit/jupiter/api/extension/InvocationInterceptor$Invocation;Lorg/junit/jupiter/api/extension/ReflectiveInvocationContext;Lorg/junit/jupiter/api/extension/ExtensionContext;Lorg/junit/jupiter/engine/extension/TimeoutExtension$TimeoutProvider;)Ljava/lang/Object;+31
j  org.junit.jupiter.engine.extension.TimeoutExtension.interceptTestMethod(Lorg/junit/jupiter/api/extension/InvocationInterceptor$Invocation;Lorg/junit/jupiter/api/extension/ReflectiveInvocationContext;Lorg/junit/jupiter/api/extension/ExtensionContext;)V+9
j  org.junit.jupiter.engine.descriptor.TestMethodTestDescriptor$$Lambda+0x000001deb10be488.apply(Lorg/junit/jupiter/api/extension/InvocationInterceptor;Lorg/junit/jupiter/api/extension/InvocationInterceptor$Invocation;Lorg/junit/jupiter/api/extension/ReflectiveInvocationContext;Lorg/junit/jupiter/api/extension/ExtensionContext;)V+5
j  org.junit.jupiter.engine.execution.InterceptingExecutableInvoker$ReflectiveInterceptorCall.lambda$ofVoidMethod$0(Lorg/junit/jupiter/engine/execution/InterceptingExecutableInvoker$ReflectiveInterceptorCall$VoidMethodInterceptorCall;Lorg/junit/jupiter/api/extension/InvocationInterceptor;Lorg/junit/jupiter/api/extension/InvocationInterceptor$Invocation;Lorg/junit/jupiter/api/extension/ReflectiveInvocationContext;Lorg/junit/jupiter/api/extension/ExtensionContext;)Ljava/lang/Void;+6
j  org.junit.jupiter.engine.execution.InterceptingExecutableInvoker$ReflectiveInterceptorCall$$Lambda+0x000001deb10be6b8.apply(Lorg/junit/jupiter/api/extension/InvocationInterceptor;Lorg/junit/jupiter/api/extension/InvocationInterceptor$Invocation;Lorg/junit/jupiter/api/extension/ReflectiveInvocationContext;Lorg/junit/jupiter/api/extension/ExtensionContext;)Ljava/lang/Object;+9
j  org.junit.jupiter.engine.execution.InterceptingExecutableInvoker.lambda$invoke$0(Lorg/junit/jupiter/engine/execution/InterceptingExecutableInvoker$ReflectiveInterceptorCall;Lorg/junit/jupiter/api/extension/ReflectiveInvocationContext;Lorg/junit/jupiter/api/extension/ExtensionContext;Lorg/junit/jupiter/api/extension/InvocationInterceptor;Lorg/junit/jupiter/api/extension/InvocationInterceptor$Invocation;)Ljava/lang/Object;+6
j  org.junit.jupiter.engine.execution.InterceptingExecutableInvoker$$Lambda+0x000001deb1128938.apply(Lorg/junit/jupiter/api/extension/InvocationInterceptor;Lorg/junit/jupiter/api/extension/InvocationInterceptor$Invocation;)Ljava/lang/Object;+14
j  org.junit.jupiter.engine.execution.InvocationInterceptorChain$InterceptedInvocation.proceed()Ljava/lang/Object;+12
j  org.junit.jupiter.engine.execution.InvocationInterceptorChain.proceed(Lorg/junit/jupiter/api/extension/InvocationInterceptor$Invocation;)Ljava/lang/Object;+1
j  org.junit.jupiter.engine.execution.InvocationInterceptorChain.chainAndInvoke(Lorg/junit/jupiter/api/extension/InvocationInterceptor$Invocation;Lorg/junit/jupiter/engine/execution/InvocationInterceptorChain$InterceptorCall;Ljava/util/List;)Ljava/lang/Object;+24
j  org.junit.jupiter.engine.execution.InvocationInterceptorChain.invoke(Lorg/junit/jupiter/api/extension/InvocationInterceptor$Invocation;Lorg/junit/jupiter/engine/extension/ExtensionRegistry;Lorg/junit/jupiter/engine/execution/InvocationInterceptorChain$InterceptorCall;)Ljava/lang/Object;+31
j  org.junit.jupiter.engine.execution.InterceptingExecutableInvoker.invoke(Lorg/junit/jupiter/api/extension/InvocationInterceptor$Invocation;Lorg/junit/jupiter/api/extension/ReflectiveInvocationContext;Lorg/junit/jupiter/api/extension/ExtensionContext;Lorg/junit/jupiter/engine/extension/ExtensionRegistry;Lorg/junit/jupiter/engine/execution/InterceptingExecutableInvoker$ReflectiveInterceptorCall;)Ljava/lang/Object;+15
j  org.junit.jupiter.engine.execution.InterceptingExecutableInvoker.invoke(Ljava/lang/reflect/Method;Ljava/lang/Object;Lorg/junit/jupiter/api/extension/ExtensionContext;Lorg/junit/jupiter/engine/extension/ExtensionRegistry;Lorg/junit/jupiter/engine/execution/InterceptingExecutableInvoker$ReflectiveInterceptorCall;)Ljava/lang/Object;+55
j  org.junit.jupiter.engine.descriptor.TestMethodTestDescriptor.lambda$invokeTestMethod$7(Lorg/junit/jupiter/api/extension/ExtensionContext;Lorg/junit/jupiter/engine/execution/JupiterEngineExecutionContext;)V+28
j  org.junit.jupiter.engine.descriptor.TestMethodTestDescriptor$$Lambda+0x000001deb112a938.execute()V+12
j  org.junit.platform.engine.support.hierarchical.ThrowableCollector.execute(Lorg/junit/platform/engine/support/hierarchical/ThrowableCollector$Executable;)V+1
j  org.junit.jupiter.engine.descriptor.TestMethodTestDescriptor.invokeTestMethod(Lorg/junit/jupiter/engine/execution/JupiterEngineExecutionContext;Lorg/junit/platform/engine/support/hierarchical/Node$DynamicTestExecutor;)V+21
j  org.junit.jupiter.engine.descriptor.TestMethodTestDescriptor.execute(Lorg/junit/jupiter/engine/execution/JupiterEngineExecutionContext;Lorg/junit/platform/engine/support/hierarchical/Node$DynamicTestExecutor;)Lorg/junit/jupiter/engine/execution/JupiterEngineExecutionContext;+44
j  org.junit.jupiter.engine.descriptor.TestMethodTestDescriptor.execute(Lorg/junit/platform/engine/support/hierarchical/EngineExecutionContext;Lorg/junit/platform/engine/support/hierarchical/Node$DynamicTestExecutor;)Lorg/junit/platform/engine/support/hierarchical/EngineExecutionContext;+6
j  org.junit.platform.engine.support.hierarchical.NodeTestTask.lambda$executeRecursively$6()V+79
j  org.junit.platform.engine.support.hierarchical.NodeTestTask$$Lambda+0x000001deb1119670.execute()V+4
j  org.junit.platform.engine.support.hierarchical.ThrowableCollector.execute(Lorg/junit/platform/engine/support/hierarchical/ThrowableCollector$Executable;)V+1
j  org.junit.platform.engine.support.hierarchical.NodeTestTask.lambda$executeRecursively$8(Lorg/junit/platform/engine/support/hierarchical/EngineExecutionContext;)V+15
j  org.junit.platform.engine.support.hierarchical.NodeTestTask$$Lambda+0x000001deb1119438.invoke(Lorg/junit/platform/engine/support/hierarchical/EngineExecutionContext;)V+5
j  org.junit.platform.engine.support.hierarchical.Node.around(Lorg/junit/platform/engine/support/hierarchical/EngineExecutionContext;Lorg/junit/platform/engine/support/hierarchical/Node$Invocation;)V+2
j  org.junit.platform.engine.support.hierarchical.NodeTestTask.lambda$executeRecursively$9()V+14
j  org.junit.platform.engine.support.hierarchical.NodeTestTask$$Lambda+0x000001deb1119200.execute()V+4
j  org.junit.platform.engine.support.hierarchical.ThrowableCollector.execute(Lorg/junit/platform/engine/support/hierarchical/ThrowableCollector$Executable;)V+1
j  org.junit.platform.engine.support.hierarchical.NodeTestTask.executeRecursively()V+31
j  org.junit.platform.engine.support.hierarchical.NodeTestTask.execute()V+55
j  org.junit.platform.engine.support.hierarchical.SameThreadHierarchicalTestExecutorService$$Lambda+0x000001deb111a1d8.accept(Ljava/lang/Object;)V+4
j  java.util.ArrayList.forEach(Ljava/util/function/Consumer;)V+46 java.base@24.0.2
j  org.junit.platform.engine.support.hierarchical.SameThreadHierarchicalTestExecutorService.invokeAll(Ljava/util/List;)V+6
j  org.junit.platform.engine.support.hierarchical.NodeTestTask.lambda$executeRecursively$6()V+116
j  org.junit.platform.engine.support.hierarchical.NodeTestTask$$Lambda+0x000001deb1119670.execute()V+4
j  org.junit.platform.engine.support.hierarchical.ThrowableCollector.execute(Lorg/junit/platform/engine/support/hierarchical/ThrowableCollector$Executable;)V+1
j  org.junit.platform.engine.support.hierarchical.NodeTestTask.lambda$executeRecursively$8(Lorg/junit/platform/engine/support/hierarchical/EngineExecutionContext;)V+15
j  org.junit.platform.engine.support.hierarchical.NodeTestTask$$Lambda+0x000001deb1119438.invoke(Lorg/junit/platform/engine/support/hierarchical/EngineExecutionContext;)V+5
j  org.junit.platform.engine.support.hierarchical.Node.around(Lorg/junit/platform/engine/support/hierarchical/EngineExecutionContext;Lorg/junit/platform/engine/support/hierarchical/Node$Invocation;)V+2
j  org.junit.platform.engine.support.hierarchical.NodeTestTask.lambda$executeRecursively$9()V+14
j  org.junit.platform.engine.support.hierarchical.NodeTestTask$$Lambda+0x000001deb1119200.execute()V+4
j  org.junit.platform.engine.support.hierarchical.ThrowableCollector.execute(Lorg/junit/platform/engine/support/hierarchical/ThrowableCollector$Executable;)V+1
j  org.junit.platform.engine.support.hierarchical.NodeTestTask.executeRecursively()V+31
j  org.junit.platform.engine.support.hierarchical.NodeTestTask.execute()V+55
j  org.junit.platform.engine.support.hierarchical.SameThreadHierarchicalTestExecutorService$$Lambda+0x000001deb111a1d8.accept(Ljava/lang/Object;)V+4
j  java.util.ArrayList.forEach(Ljava/util/function/Consumer;)V+46 java.base@24.0.2
j  org.junit.platform.engine.support.hierarchical.SameThreadHierarchicalTestExecutorService.invokeAll(Ljava/util/List;)V+6
j  org.junit.platform.engine.support.hierarchical.NodeTestTask.lambda$executeRecursively$6()V+116
j  org.junit.platform.engine.support.hierarchical.NodeTestTask$$Lambda+0x000001deb1119670.execute()V+4
j  org.junit.platform.engine.support.hierarchical.ThrowableCollector.execute(Lorg/junit/platform/engine/support/hierarchical/ThrowableCollector$Executable;)V+1
j  org.junit.platform.engine.support.hierarchical.NodeTestTask.lambda$executeRecursively$8(Lorg/junit/platform/engine/support/hierarchical/EngineExecutionContext;)V+15
j  org.junit.platform.engine.support.hierarchical.NodeTestTask$$Lambda+0x000001deb1119438.invoke(Lorg/junit/platform/engine/support/hierarchical/EngineExecutionContext;)V+5
j  org.junit.platform.engine.support.hierarchical.Node.around(Lorg/junit/platform/engine/support/hierarchical/EngineExecutionContext;Lorg/junit/platform/engine/support/hierarchical/Node$Invocation;)V+2
j  org.junit.platform.engine.support.hierarchical.NodeTestTask.lambda$executeRecursively$9()V+14
j  org.junit.platform.engine.support.hierarchical.NodeTestTask$$Lambda+0x000001deb1119200.execute()V+4
j  org.junit.platform.engine.support.hierarchical.ThrowableCollector.execute(Lorg/junit/platform/engine/support/hierarchical/ThrowableCollector$Executable;)V+1
j  org.junit.platform.engine.support.hierarchical.NodeTestTask.executeRecursively()V+31
j  org.junit.platform.engine.support.hierarchical.NodeTestTask.execute()V+55
j  org.junit.platform.engine.support.hierarchical.SameThreadHierarchicalTestExecutorService.submit(Lorg/junit/platform/engine/support/hierarchical/HierarchicalTestExecutorService$TestTask;)Ljava/util/concurrent/Future;+1
j  org.junit.platform.engine.support.hierarchical.HierarchicalTestExecutor.execute()Ljava/util/concurrent/Future;+74
j  org.junit.platform.engine.support.hierarchical.HierarchicalTestEngine.execute(Lorg/junit/platform/engine/ExecutionRequest;)V+31
j  org.junit.platform.launcher.core.EngineExecutionOrchestrator.execute(Lorg/junit/platform/engine/TestDescriptor;Lorg/junit/platform/engine/EngineExecutionListener;Lorg/junit/platform/engine/ConfigurationParameters;Lorg/junit/platform/engine/TestEngine;)V+24
j  org.junit.platform.launcher.core.EngineExecutionOrchestrator.execute(Lorg/junit/platform/launcher/core/LauncherDiscoveryResult;Lorg/junit/platform/engine/EngineExecutionListener;)V+115
j  org.junit.platform.launcher.core.EngineExecutionOrchestrator.execute(Lorg/junit/platform/launcher/core/InternalTestPlan;Lorg/junit/platform/engine/EngineExecutionListener;Lorg/junit/platform/launcher/TestExecutionListener;)V+55
j  org.junit.platform.launcher.core.EngineExecutionOrchestrator.lambda$execute$0(Lorg/junit/platform/launcher/core/InternalTestPlan;Lorg/junit/platform/launcher/TestExecutionListener;)V+6
j  org.junit.platform.launcher.core.EngineExecutionOrchestrator$$Lambda+0x000001deb1108fc8.accept(Ljava/lang/Object;)V+12
j  org.junit.platform.launcher.core.EngineExecutionOrchestrator.withInterceptedStreams(Lorg/junit/platform/engine/ConfigurationParameters;Lorg/junit/platform/launcher/core/ListenerRegistry;Ljava/util/function/Consumer;)V+51
j  org.junit.platform.launcher.core.EngineExecutionOrchestrator.execute(Lorg/junit/platform/launcher/core/InternalTestPlan;[Lorg/junit/platform/launcher/TestExecutionListener;)V+23
j  org.junit.platform.launcher.core.DefaultLauncher.execute(Lorg/junit/platform/launcher/core/InternalTestPlan;[Lorg/junit/platform/launcher/TestExecutionListener;)V+6
j  org.junit.platform.launcher.core.DefaultLauncher.execute(Lorg/junit/platform/launcher/LauncherDiscoveryRequest;[Lorg/junit/platform/launcher/TestExecutionListener;)V+34
j  org.junit.platform.launcher.core.DelegatingLauncher.execute(Lorg/junit/platform/launcher/LauncherDiscoveryRequest;[Lorg/junit/platform/launcher/TestExecutionListener;)V+6
j  org.gradle.api.internal.tasks.testing.junitplatform.JUnitPlatformTestClassProcessor$CollectAllTestClassesExecutor.processAllTestClasses()V+94
j  org.gradle.api.internal.tasks.testing.junitplatform.JUnitPlatformTestClassProcessor$CollectAllTestClassesExecutor.access$000(Lorg/gradle/api/internal/tasks/testing/junitplatform/JUnitPlatformTestClassProcessor$CollectAllTestClassesExecutor;)V+1
j  org.gradle.api.internal.tasks.testing.junitplatform.JUnitPlatformTestClassProcessor.stop()V+4
j  org.gradle.api.internal.tasks.testing.SuiteTestClassProcessor.stop()V+4
j  java.lang.invoke.LambdaForm$DMH+0x000001deb1088800.invokeInterface(Ljava/lang/Object;Ljava/lang/Object;)V+21 java.base@24.0.2
j  java.lang.invoke.LambdaForm$MH+0x000001deb1089000.invoke(Ljava/lang/Object;Ljava/lang/Object;)Ljava/lang/Object;+31 java.base@24.0.2
j  java.lang.invoke.Invokers$Holder.invokeExact_MT(Ljava/lang/Object;Ljava/lang/Object;Ljava/lang/Object;)Ljava/lang/Object;+19 java.base@24.0.2
j  jdk.internal.reflect.DirectMethodHandleAccessor.invokeImpl(Ljava/lang/Object;[Ljava/lang/Object;)Ljava/lang/Object;+41 java.base@24.0.2
j  jdk.internal.reflect.DirectMethodHandleAccessor.invoke(Ljava/lang/Object;[Ljava/lang/Object;)Ljava/lang/Object;+23 java.base@24.0.2
j  java.lang.reflect.Method.invoke(Ljava/lang/Object;[Ljava/lang/Object;)Ljava/lang/Object;+102 java.base@24.0.2
j  org.gradle.internal.dispatch.ReflectionDispatch.dispatch(Lorg/gradle/internal/dispatch/MethodInvocation;)V+19
j  org.gradle.internal.dispatch.ReflectionDispatch.dispatch(Ljava/lang/Object;)V+5
j  org.gradle.internal.dispatch.ContextClassLoaderDispatch.dispatch(Ljava/lang/Object;)V+22
j  org.gradle.internal.dispatch.ProxyDispatchAdapter$DispatchingInvocationHandler.invoke(Ljava/lang/Object;Ljava/lang/reflect/Method;[Ljava/lang/Object;)Ljava/lang/Object;+177
j  jdk.proxy1.$Proxy4.stop()V+9 jdk.proxy1
j  org.gradle.api.internal.tasks.testing.worker.TestWorker$3.run()V+7
j  org.gradle.api.internal.tasks.testing.worker.TestWorker.executeAndMaintainThreadName(Ljava/lang/Runnable;)V+1
j  org.gradle.api.internal.tasks.testing.worker.TestWorker.execute(Lorg/gradle/process/internal/worker/WorkerProcessContext;)V+76
j  org.gradle.api.internal.tasks.testing.worker.TestWorker.execute(Ljava/lang/Object;)V+5
j  org.gradle.process.internal.worker.child.ActionExecutionWorker.execute(Lorg/gradle/process/internal/worker/WorkerProcessContext;)V+65
j  org.gradle.process.internal.worker.child.SystemApplicationClassLoaderWorker.call()Ljava/lang/Void;+270
j  org.gradle.process.internal.worker.child.SystemApplicationClassLoaderWorker.call()Ljava/lang/Object;+1
j  worker.org.gradle.process.internal.worker.GradleWorkerMain.run()V+250
j  worker.org.gradle.process.internal.worker.GradleWorkerMain.main([Ljava/lang/String;)V+7
v  ~StubRoutines::call_stub 0x000001dea3310fcd

siginfo: EXCEPTION_INT_DIVIDE_BY_ZERO (0xc0000094)


Registers:
RAX=0x000000000000000a, RBX=0x000001def1bd7758, RCX=0x000000000000000a, RDX=0x0000000000000000
RSP=0x000000aad7efbb20, RBP=0x000000aad7efbb20, RSI=0x0000000000000001, RDI=0x00000000f921a1f0
R8 =0x000000000000000a, R9 =0x0000000000000003, R10=0x000001de911e0000, R11=0x000001dea3b27f60
R12=0x0000000000000000, R13=0x000000aad7efbb60, R14=0x000000aad7efbc28, R15=0x000001de90ecf7e0
RIP=0x000001de911e0009, EFLAGS=0x0000000000010206

XMM[0]=0x3b3b3b3b3b3b3b3b 0x3b3b3b3b3b3b3b3b
XMM[1]=0x0000000000000000 0x0000000000000000
XMM[2]=0x2525252525252525 0x2525252525252525
XMM[3]=0x0000000000000000 0x0000000000000000
XMM[4]=0x0000000000000000 0x0000000000000000
XMM[5]=0x0000000000000000 0x0000000000000000
XMM[6]=0x2abcb1e9b28d4331 0xd9f4a92748ab63d2
XMM[7]=0x6acfd1ef3b2dfafe 0x7f4881effe8c88fb
XMM[8]=0x061c30efb1780098 0xf852d974fbd6b3fb
XMM[9]=0xa78dce99a78dce99 0xa78dce99f3d42b06
XMM[10]=0x0000000000000000 0x000000004c465c6d
XMM[11]=0xabec4e87abec4e87 0xabec4e879fc0798d
XMM[12]=0x0000000000000000 0x00000000f3d42b06
XMM[13]=0x0000000000000000 0x0000000000000000
XMM[14]=0x0000000000000000 0x0000000000000000
XMM[15]=0x0000000000000000 0x0000000000000000
  MXCSR=0x00001fa0


Register to memory mapping:

RAX=0x000000000000000a is an unknown value
RBX={method} {0x000001def1bd7760} 'linkToNative' '(JJJLjava/lang/Object;)J' in 'java/lang/invoke/MethodHandle'
RCX=0x000000000000000a is an unknown value
RDX=0x0 is null
RSP=0x000000aad7efbb20 is pointing into the stack for thread: 0x000001de90ecf7e0
RBP=0x000000aad7efbb20 is pointing into the stack for thread: 0x000001de90ecf7e0
RSI=0x0000000000000001 is an unknown value
RDI=0x00000000f921a1f0 is an oop: jdk.internal.foreign.abi.NativeEntryPoint 
{0x00000000f921a1f0} - klass: 'jdk/internal/foreign/abi/NativeEntryPoint' - flags: 

 - ---- fields (total size 3 words):
 - private final 'methodType' 'Ljava/lang/invoke/MethodType;' @12  a 'java/lang/invoke/MethodType'{0x00000000f94e0078} = (JJJ)J (0xf94e0078)
 - private final 'downcallStubAddress' 'J' @16  2055735746784 (0x000001dea36620e0)
R8 =0x000000000000000a is an unknown value
R9 =0x0000000000000003 is an unknown value
R10=0x000001de911e0000 points into unknown readable memory: 0x48c18b48ec8b4855 | 55 48 8b ec 48 8b c1 48
R11=0x000001dea3b27f60 is at entry_point+0 in (nmethod*)0x000001dea3b27e88
Compiled method (n/a) 976 2592     n 0       java.lang.invoke.MethodHandle::linkToNative(JJJL)J (native)
 total in heap  [0x000001dea3b27e88,0x000001dea3b27f68] = 224
 main code      [0x000001dea3b27f60,0x000001dea3b27f67] = 7
 stub code      [0x000001dea3b27f67,0x000001dea3b27f68] = 1
R12=0x0 is null
R13=0x000000aad7efbb60 is pointing into the stack for thread: 0x000001de90ecf7e0
R14=0x000000aad7efbc28 is pointing into the stack for thread: 0x000001de90ecf7e0
R15=0x000001de90ecf7e0 is a thread

Top of Stack: (sp=0x000000aad7efbb20)
0x000000aad7efbb20:   000000aad7efbb50 000001dea3662121   P.......!!f.....
0x000000aad7efbb30:   000000aad7efbc28 fffffffffffffff7   (...............
0x000000aad7efbb40:   000001def17fed70 0000000000000002   p...............
0x000000aad7efbb50:   000000aad7efbbe0 000001dea33188f6   ..........1.....
0x000000aad7efbb60:   00000000f921a1f0 0000000000000003   ..!.............
0x000000aad7efbb70:   0000000000000000 000000000000000a   ................
0x000000aad7efbb80:   0000000000000000 000001de911e0000   ................
0x000000aad7efbb90:   0000000000000000 fffffffffffffff7   ................
0x000000aad7efbba0:   000001def1c28654 0000000000000009   T...............
0x000000aad7efbbb0:   000001def1c28800 0000000000000000   ................
0x000000aad7efbbc0:   00000000f9221bf0 000001def1c28660   ..".....`.......
0x000000aad7efbbd0:   fffffffffffffff0 000000aad7efbbf8   ................
0x000000aad7efbbe0:   000000aad7efbc78 000001dea33188f6   x.........1.....
0x000000aad7efbbf0:   00000000f921a1f0 0000000000000003   ..!.............
0x000000aad7efbc00:   0000000000000000 000000000000000a   ................
0x000000aad7efbc10:   0000000000000000 000001de911e0000   ................
0x000000aad7efbc20:   0000000000000000 00000000f9221d18   ..........".....
0x000000aad7efbc30:   fffffffffffffff7 000001def1c32e9f   ................
0x000000aad7efbc40:   0000000000000009 000001def1c33068   ........h0......
0x000000aad7efbc50:   0000000000000000 00000000f9290668   ........h.).....
0x000000aad7efbc60:   000001def1c32eb0 fffffffffffffff0   ................
0x000000aad7efbc70:   000000aad7efbc88 000000aad7efbd10   ................
0x000000aad7efbc80:   000001dea33188f6 00000000f94e0078   ..1.....x.N.....
0x000000aad7efbc90:   0000000000000003 0000000000000000   ................
0x000000aad7efbca0:   000000000000000a 0000000000000000   ................
0x000000aad7efbcb0:   000001de911e0000 0000000000000000   ................
0x000000aad7efbcc0:   00000000f9221d18 fffffffffffffff7   ..".............
0x000000aad7efbcd0:   000001def1c28fa4 0000000000000011   ................
0x000000aad7efbce0:   000001def1c291a8 0000000000000000   ................
0x000000aad7efbcf0:   00000000f922bb30 000001def1c29000   0.".............
0x000000aad7efbd00:   ffffffffffffffef 000000aad7efbd68   ........h.......
0x000000aad7efbd10:   000000aad7efbde8 000001dea33188f6   ..........1.....

Instructions: (pc=0x000001de911e0009)
  0x000001de911dff09:   ?? ?? ?? ?? ?? ?? ?? ?? ?? ?? ?? ?? ?? ?? ?? ??
  0x000001de911dff19:   ?? ?? ?? ?? ?? ?? ?? ?? ?? ?? ?? ?? ?? ?? ?? ??
  0x000001de911dff29:   ?? ?? ?? ?? ?? ?? ?? ?? ?? ?? ?? ?? ?? ?? ?? ??
  0x000001de911dff39:   ?? ?? ?? ?? ?? ?? ?? ?? ?? ?? ?? ?? ?? ?? ?? ??
  0x000001de911dff49:   ?? ?? ?? ?? ?? ?? ?? ?? ?? ?? ?? ?? ?? ?? ?? ??
  0x000001de911dff59:   ?? ?? ?? ?? ?? ?? ?? ?? ?? ?? ?? ?? ?? ?? ?? ??
  0x000001de911dff69:   ?? ?? ?? ?? ?? ?? ?? ?? ?? ?? ?? ?? ?? ?? ?? ??
  0x000001de911dff79:   ?? ?? ?? ?? ?? ?? ?? ?? ?? ?? ?? ?? ?? ?? ?? ??
  0x000001de911dff89:   ?? ?? ?? ?? ?? ?? ?? ?? ?? ?? ?? ?? ?? ?? ?? ??
  0x000001de911dff99:   ?? ?? ?? ?? ?? ?? ?? ?? ?? ?? ?? ?? ?? ?? ?? ??
  0x000001de911dffa9:   ?? ?? ?? ?? ?? ?? ?? ?? ?? ?? ?? ?? ?? ?? ?? ??
  0x000001de911dffb9:   ?? ?? ?? ?? ?? ?? ?? ?? ?? ?? ?? ?? ?? ?? ?? ??
  0x000001de911dffc9:   ?? ?? ?? ?? ?? ?? ?? ?? ?? ?? ?? ?? ?? ?? ?? ??
  0x000001de911dffd9:   ?? ?? ?? ?? ?? ?? ?? ?? ?? ?? ?? ?? ?? ?? ?? ??
  0x000001de911dffe9:   ?? ?? ?? ?? ?? ?? ?? ?? ?? ?? ?? ?? ?? ?? ?? ??
  0x000001de911dfff9:   ?? ?? ?? ?? ?? ?? ?? 55 48 8b ec 48 8b c1 48 99
=>0x000001de911e0009:   48 f7 fa 48 8b f0 48 8b c6 5d c3 00 00 00 00 00
  0x000001de911e0019:   00 00 00 00 00 00 00 00 00 00 00 00 00 00 00 00
  0x000001de911e0029:   00 00 00 00 00 00 00 00 00 00 00 00 00 00 00 00
  0x000001de911e0039:   00 00 00 00 00 00 00 00 00 00 00 00 00 00 00 00
  0x000001de911e0049:   00 00 00 00 00 00 00 00 00 00 00 00 00 00 00 00
  0x000001de911e0059:   00 00 00 00 00 00 00 00 00 00 00 00 00 00 00 00
  0x000001de911e0069:   00 00 00 00 00 00 00 00 00 00 00 00 00 00 00 00
  0x000001de911e0079:   00 00 00 00 00 00 00 00 00 00 00 00 00 00 00 00
  0x000001de911e0089:   00 00 00 00 00 00 00 00 00 00 00 00 00 00 00 00
  0x000001de911e0099:   00 00 00 00 00 00 00 00 00 00 00 00 00 00 00 00
  0x000001de911e00a9:   00 00 00 00 00 00 00 00 00 00 00 00 00 00 00 00
  0x000001de911e00b9:   00 00 00 00 00 00 00 00 00 00 00 00 00 00 00 00
  0x000001de911e00c9:   00 00 00 00 00 00 00 00 00 00 00 00 00 00 00 00
  0x000001de911e00d9:   00 00 00 00 00 00 00 00 00 00 00 00 00 00 00 00
  0x000001de911e00e9:   00 00 00 00 00 00 00 00 00 00 00 00 00 00 00 00
  0x000001de911e00f9:   00 00 00 00 00 00 00 00 00 00 00 00 00 00 00 00


Stack slot to memory mapping:

stack at sp + 0 slots: 0x000000aad7efbb50 is pointing into the stack for thread: 0x000001de90ecf7e0
stack at sp + 1 slots: 0x000001dea3662121 is at code_begin+65 in 
[CodeBlob (0x000001dea3662088)]
Framesize: 6
Runtime Stub (0x000001dea3662088): nep_invoker_blob
--------------------------------------------------------------------------------
Decoding CodeBlob, name: nep_invoker_blob, at  [0x000001dea36620e0, 0x000001dea36621e8]  264 bytes
[MachCode]
  0x000001dea36620e0: 5548 8bec | 4883 ec20 | c5f8 7749 | 89af b803 | 0000 49ba | e820 66a3 | de01 0000 | 4d89 97b0 
  0x000001dea3662100: 0300 0049 | 89a7 a803 | 0000 41c7 | 8754 0400 | 0004 0000 | 004c 8bd2 | 498b d149 | 8bc8 41ff 
  0x000001dea3662120: d2c5 f877 | 41c7 8754 | 0400 0005 | 0000 00f0 | 8344 24c0 | 0049 3b6f | 280f 874d | 0000 0041 
  0x000001dea3662140: 83bf 5004 | 0000 000f | 853f 0000 | 0041 c787 | 5404 0000 | 0800 0000 | 4183 bfd0 | 0400 0002 
  0x000001dea3662160: 0f84 5300 | 0000 49c7 | 87a8 0300 | 0000 0000 | 0049 c787 | b803 0000 | 0000 0000 | 49c7 87b0 
  0x000001dea3662180: 0300 0000 | 0000 00c5 | f877 c9c3 | 4889 0424 | 498b cfc5 | f877 4c8b | e448 83ec | 2048 83e4 
  0x000001dea36621a0: f048 b8f0 | a54d 52fb | 7f00 00ff | d049 8be4 | 4d33 e448 | 8b04 24eb | 9448 8904 | 24c5 f877 
  0x000001dea36621c0: 4c8b e448 | 83ec 2048 | 83e4 f048 | b860 7485 | 52fb 7f00 | 00ff d049 | 8be4 4d33 | e448 8b04 
  0x000001dea36621e0: 24eb 83f4 | f4f4 f4f4 
[/MachCode]
--------------------------------------------------------------------------------
stack at sp + 2 slots: 0x000000aad7efbc28 is pointing into the stack for thread: 0x000001de90ecf7e0
stack at sp + 3 slots: 0xfffffffffffffff7 is an unknown value
stack at sp + 4 slots: 0x000001def17fed70 is pointing into metadata
stack at sp + 5 slots: 0x0000000000000002 is an unknown value
stack at sp + 6 slots: 0x000000aad7efbbe0 is pointing into the stack for thread: 0x000001de90ecf7e0
stack at sp + 7 slots: 0x000001dea33188f6 is at code_begin+1526 in an Interpreter codelet
return entry points  [0x000001dea3318300, 0x000001dea3318f90]  3216 bytes

Lock stack of current Java thread (top to bottom):

--------------------------------------------------------------------------------
Decoding CodeBlob, name: nep_invoker_blob, at  [0x000001dea36620e0, 0x000001dea36621e8]  264 bytes
[MachCode]
  0x000001dea36620e0: 5548 8bec | 4883 ec20 | c5f8 7749 | 89af b803 | 0000 49ba | e820 66a3 | de01 0000 | 4d89 97b0 
  0x000001dea3662100: 0300 0049 | 89a7 a803 | 0000 41c7 | 8754 0400 | 0004 0000 | 004c 8bd2 | 498b d149 | 8bc8 41ff 
  0x000001dea3662120: d2c5 f877 | 41c7 8754 | 0400 0005 | 0000 00f0 | 8344 24c0 | 0049 3b6f | 280f 874d | 0000 0041 
  0x000001dea3662140: 83bf 5004 | 0000 000f | 853f 0000 | 0041 c787 | 5404 0000 | 0800 0000 | 4183 bfd0 | 0400 0002 
  0x000001dea3662160: 0f84 5300 | 0000 49c7 | 87a8 0300 | 0000 0000 | 0049 c787 | b803 0000 | 0000 0000 | 49c7 87b0 
  0x000001dea3662180: 0300 0000 | 0000 00c5 | f877 c9c3 | 4889 0424 | 498b cfc5 | f877 4c8b | e448 83ec | 2048 83e4 
  0x000001dea36621a0: f048 b8f0 | a54d 52fb | 7f00 00ff | d049 8be4 | 4d33 e448 | 8b04 24eb | 9448 8904 | 24c5 f877 
  0x000001dea36621c0: 4c8b e448 | 83ec 2048 | 83e4 f048 | b860 7485 | 52fb 7f00 | 00ff d049 | 8be4 4d33 | e448 8b04 
  0x000001dea36621e0: 24eb 83f4 | f4f4 f4f4 
[/MachCode]
--------------------------------------------------------------------------------


---------------  P R O C E S S  ---------------

Threads class SMR info:
_java_thread_list=0x000001def51e2900, length=20, elements={
0x000001de90ecf7e0, 0x000001deaf117630, 0x000001deaf117f70, 0x000001deaf11a7f0,
0x000001deaf11b7a0, 0x000001deaf11c5c0, 0x000001deaf11f870, 0x000001deaf122900,
0x000001deaf130c30, 0x000001deaf3156e0, 0x000001deaf361dc0, 0x000001deaf388350,
0x000001deaf3cdb80, 0x000001deafd1ae40, 0x000001def5004600, 0x000001def507d760,
0x000001def50c4e70, 0x000001def50c55b0, 0x000001def5229d60, 0x000001def520e5c0
}

Java Threads: ( => current thread )
=>0x000001de90ecf7e0 JavaThread "Test worker"                       [_thread_in_native, id=41608, stack(0x000000aad7e00000,0x000000aad7f00000) (1024K)]
  0x000001deaf117630 JavaThread "Reference Handler"          daemon [_thread_blocked, id=35164, stack(0x000000aad8600000,0x000000aad8700000) (1024K)]
  0x000001deaf117f70 JavaThread "Finalizer"                  daemon [_thread_blocked, id=38864, stack(0x000000aad8700000,0x000000aad8800000) (1024K)]
  0x000001deaf11a7f0 JavaThread "Signal Dispatcher"          daemon [_thread_blocked, id=36776, stack(0x000000aad8800000,0x000000aad8900000) (1024K)]
  0x000001deaf11b7a0 JavaThread "Attach Listener"            daemon [_thread_blocked, id=26996, stack(0x000000aad8900000,0x000000aad8a00000) (1024K)]
  0x000001deaf11c5c0 JavaThread "Service Thread"             daemon [_thread_blocked, id=40236, stack(0x000000aad8a00000,0x000000aad8b00000) (1024K)]
  0x000001deaf11f870 JavaThread "Monitor Deflation Thread"   daemon [_thread_blocked, id=40504, stack(0x000000aad8b00000,0x000000aad8c00000) (1024K)]
  0x000001deaf122900 JavaThread "C2 CompilerThread0"         daemon [_thread_in_native, id=40228, stack(0x000000aad8c00000,0x000000aad8d00000) (1024K)]
  0x000001deaf130c30 JavaThread "C1 CompilerThread0"         daemon [_thread_blocked, id=41476, stack(0x000000aad8d00000,0x000000aad8e00000) (1024K)]
  0x000001deaf3156e0 JavaThread "C1 CompilerThread1"         daemon [_thread_blocked, id=32428, stack(0x000000aad8e00000,0x000000aad8f00000) (1024K)]
  0x000001deaf361dc0 JavaThread "Notification Thread"        daemon [_thread_blocked, id=6132, stack(0x000000aad8f00000,0x000000aad9000000) (1024K)]
  0x000001deaf388350 JavaThread "Common-Cleaner"             daemon [_thread_blocked, id=27012, stack(0x000000aad9000000,0x000000aad9100000) (1024K)]
  0x000001deaf3cdb80 JavaThread "C2 CompilerThread1"         daemon [_thread_blocked, id=29376, stack(0x000000aad9100000,0x000000aad9200000) (1024K)]
  0x000001deafd1ae40 JavaThread "C1 CompilerThread2"         daemon [_thread_blocked, id=3064, stack(0x000000aad9200000,0x000000aad9300000) (1024K)]
  0x000001def5004600 JavaThread "C1 CompilerThread3"         daemon [_thread_blocked, id=39420, stack(0x000000aad9300000,0x000000aad9400000) (1024K)]
  0x000001def507d760 JavaThread "/127.0.0.1:57864 to /127.0.0.1:57863 workers"        [_thread_blocked, id=39032, stack(0x000000aad9500000,0x000000aad9600000) (1024K)]
  0x000001def50c4e70 JavaThread "/127.0.0.1:57864 to /127.0.0.1:57863 workers Thread 2"        [_thread_blocked, id=37156, stack(0x000000aad9600000,0x000000aad9700000) (1024K)]
  0x000001def50c55b0 JavaThread "/127.0.0.1:57864 to /127.0.0.1:57863 workers Thread 3"        [_thread_in_native, id=35776, stack(0x000000aad9700000,0x000000aad9800000) (1024K)]
  0x000001def5229d60 JavaThread "C2 CompilerThread2"         daemon [_thread_blocked, id=38968, stack(0x000000aad9800000,0x000000aad9900000) (1024K)]
  0x000001def520e5c0 JavaThread "C2 CompilerThread3"         daemon [_thread_in_native, id=24732, stack(0x000000aad9900000,0x000000aad9a00000) (1024K)]
Total: 20

Other Threads:
  0x000001deaf104e60 VMThread "VM Thread"                           [id=39392, stack(0x000000aad8500000,0x000000aad8600000) (1024K)]
  0x000001deaf0b25d0 WatcherThread "VM Periodic Task Thread"        [id=37620, stack(0x000000aad8400000,0x000000aad8500000) (1024K)]
  0x000001de933e9500 WorkerThread "GC Thread#0"                     [id=26816, stack(0x000000aad7f00000,0x000000aad8000000) (1024K)]
  0x000001def75df920 WorkerThread "GC Thread#1"                     [id=39152, stack(0x000000aad9a00000,0x000000aad9b00000) (1024K)]
  0x000001def5689600 WorkerThread "GC Thread#2"                     [id=39992, stack(0x000000aad9b00000,0x000000aad9c00000) (1024K)]
  0x000001def56899b0 WorkerThread "GC Thread#3"                     [id=40420, stack(0x000000aad9c00000,0x000000aad9d00000) (1024K)]
  0x000001def76f0060 WorkerThread "GC Thread#4"                     [id=27820, stack(0x000000aad9d00000,0x000000aad9e00000) (1024K)]
  0x000001def76f0c20 WorkerThread "GC Thread#5"                     [id=38392, stack(0x000000aad9e00000,0x000000aad9f00000) (1024K)]
  0x000001def68977e0 WorkerThread "GC Thread#6"                     [id=25748, stack(0x000000aad9f00000,0x000000aada000000) (1024K)]
  0x000001def68961c0 WorkerThread "GC Thread#7"                     [id=41516, stack(0x000000aada000000,0x000000aada100000) (1024K)]
  0x000001def6897430 WorkerThread "GC Thread#8"                     [id=41928, stack(0x000000aada100000,0x000000aada200000) (1024K)]
  0x000001def6896920 WorkerThread "GC Thread#9"                     [id=34256, stack(0x000000aada200000,0x000000aada300000) (1024K)]
  0x000001de933ef550 ConcurrentGCThread "G1 Main Marker"            [id=9012, stack(0x000000aad8000000,0x000000aad8100000) (1024K)]
  0x000001de933f0f50 WorkerThread "G1 Conc#0"                       [id=22356, stack(0x000000aad8100000,0x000000aad8200000) (1024K)]
  0x000001de9347e4f0 ConcurrentGCThread "G1 Refine#0"               [id=36740, stack(0x000000aad8200000,0x000000aad8300000) (1024K)]
  0x000001deaf0a1740 ConcurrentGCThread "G1 Service"                [id=40468, stack(0x000000aad8300000,0x000000aad8400000) (1024K)]
Total: 16

Threads with active compile tasks:
C2 CompilerThread0  986 2402       4       java.lang.invoke.MethodType::makeImpl (155 bytes)
C2 CompilerThread3  986 2404       4       java.lang.invoke.MethodType::methodType (69 bytes)
Total: 2

VM state: not at safepoint (normal execution)

VM Mutex/Monitor currently owned by a thread: None

Heap address: 0x00000000e0000000, size: 512 MB, Compressed Oops mode: 32-bit

CDS archive(s) mapped at: [0x000001deb0000000-0x000001deb0d40000-0x000001deb0d40000), size 13893632, SharedBaseAddress: 0x000001deb0000000, ArchiveRelocationMode: 1.
Compressed class space mapped at: 0x000001deb1000000-0x000001def1000000, reserved size: 1073741824
UseCompressedClassPointers 1, UseCompactObjectHeaders 0
Narrow klass pointer bits 32, Max shift 3
Narrow klass base: 0x000001deb0000000, Narrow klass shift: 0
Encoding Range: [0x000001deb0000000 - 0x000001dfb0000000), (4294967296 bytes)
Klass Range:    [0x000001deb0000000 - 0x000001def1000000), (1090519040 bytes)
Klass ID Range:  [8 - 1090519033) (1090519025)

GC Precious Log:
 CardTable entry size: 512
 Card Set container configuration: InlinePtr #cards 5 size 8 Array Of Cards #cards 10 size 36 Howl #buckets 4 coarsen threshold 1843 Howl Bitmap #cards 512 size 80 coarsen threshold 460 Card regions per heap region 1 cards per card region 2048
 CPUs: 16 total, 16 available
 Memory: 26421M
 Large Page Support: Disabled
 NUMA Support: Disabled
 Compressed Oops: Enabled (32-bit)
 Heap Region Size: 1M
 Heap Min Capacity: 8M
 Heap Initial Capacity: 414M
 Heap Max Capacity: 512M
 Pre-touch: Disabled
 Parallel Workers: 13
 Concurrent Workers: 3
 Concurrent Refinement Workers: 13
 Periodic GC: Disabled

Heap:
 garbage-first heap   total reserved 524288K, committed 425984K, used 17344K [0x00000000e0000000, 0x0000000100000000)
  region size 1024K, 17 young (17408K), 5 survivors (5120K)
 Metaspace       used 13540K, committed 14080K, reserved 1114112K
  class space    used 1444K, committed 1664K, reserved 1048576K

Heap Regions: E=young(eden), S=young(survivor), O=old, HS=humongous(starts), HC=humongous(continues), CS=collection set, F=free, TAMS=top-at-mark-start, PB=parsable bottom
|   0|0x00000000e0000000, 0x00000000e0000000, 0x00000000e0100000|  0%| F|  |TAMS 0x00000000e0000000| PB 0x00000000e0000000| Untracked |  0
|   1|0x00000000e0100000, 0x00000000e0100000, 0x00000000e0200000|  0%| F|  |TAMS 0x00000000e0100000| PB 0x00000000e0100000| Untracked |  0
|   2|0x00000000e0200000, 0x00000000e0200000, 0x00000000e0300000|  0%| F|  |TAMS 0x00000000e0200000| PB 0x00000000e0200000| Untracked |  0
|   3|0x00000000e0300000, 0x00000000e0300000, 0x00000000e0400000|  0%| F|  |TAMS 0x00000000e0300000| PB 0x00000000e0300000| Untracked |  0
|   4|0x00000000e0400000, 0x00000000e0400000, 0x00000000e0500000|  0%| F|  |TAMS 0x00000000e0400000| PB 0x00000000e0400000| Untracked |  0
|   5|0x00000000e0500000, 0x00000000e0500000, 0x00000000e0600000|  0%| F|  |TAMS 0x00000000e0500000| PB 0x00000000e0500000| Untracked |  0
|   6|0x00000000e0600000, 0x00000000e0600000, 0x00000000e0700000|  0%| F|  |TAMS 0x00000000e0600000| PB 0x00000000e0600000| Untracked |  0
|   7|0x00000000e0700000, 0x00000000e0700000, 0x00000000e0800000|  0%| F|  |TAMS 0x00000000e0700000| PB 0x00000000e0700000| Untracked |  0
|   8|0x00000000e0800000, 0x00000000e0800000, 0x00000000e0900000|  0%| F|  |TAMS 0x00000000e0800000| PB 0x00000000e0800000| Untracked |  0
|   9|0x00000000e0900000, 0x00000000e0900000, 0x00000000e0a00000|  0%| F|  |TAMS 0x00000000e0900000| PB 0x00000000e0900000| Untracked |  0
|  10|0x00000000e0a00000, 0x00000000e0a00000, 0x00000000e0b00000|  0%| F|  |TAMS 0x00000000e0a00000| PB 0x00000000e0a00000| Untracked |  0
|  11|0x00000000e0b00000, 0x00000000e0b00000, 0x00000000e0c00000|  0%| F|  |TAMS 0x00000000e0b00000| PB 0x00000000e0b00000| Untracked |  0
|  12|0x00000000e0c00000, 0x00000000e0c00000, 0x00000000e0d00000|  0%| F|  |TAMS 0x00000000e0c00000| PB 0x00000000e0c00000| Untracked |  0
|  13|0x00000000e0d00000, 0x00000000e0d00000, 0x00000000e0e00000|  0%| F|  |TAMS 0x00000000e0d00000| PB 0x00000000e0d00000| Untracked |  0
|  14|0x00000000e0e00000, 0x00000000e0e00000, 0x00000000e0f00000|  0%| F|  |TAMS 0x00000000e0e00000| PB 0x00000000e0e00000| Untracked |  0
|  15|0x00000000e0f00000, 0x00000000e0f00000, 0x00000000e1000000|  0%| F|  |TAMS 0x00000000e0f00000| PB 0x00000000e0f00000| Untracked |  0
|  16|0x00000000e1000000, 0x00000000e1000000, 0x00000000e1100000|  0%| F|  |TAMS 0x00000000e1000000| PB 0x00000000e1000000| Untracked |  0
|  17|0x00000000e1100000, 0x00000000e1100000, 0x00000000e1200000|  0%| F|  |TAMS 0x00000000e1100000| PB 0x00000000e1100000| Untracked |  0
|  18|0x00000000e1200000, 0x00000000e1200000, 0x00000000e1300000|  0%| F|  |TAMS 0x00000000e1200000| PB 0x00000000e1200000| Untracked |  0
|  19|0x00000000e1300000, 0x00000000e1300000, 0x00000000e1400000|  0%| F|  |TAMS 0x00000000e1300000| PB 0x00000000e1300000| Untracked |  0
|  20|0x00000000e1400000, 0x00000000e1400000, 0x00000000e1500000|  0%| F|  |TAMS 0x00000000e1400000| PB 0x00000000e1400000| Untracked |  0
|  21|0x00000000e1500000, 0x00000000e1500000, 0x00000000e1600000|  0%| F|  |TAMS 0x00000000e1500000| PB 0x00000000e1500000| Untracked |  0
|  22|0x00000000e1600000, 0x00000000e1600000, 0x00000000e1700000|  0%| F|  |TAMS 0x00000000e1600000| PB 0x00000000e1600000| Untracked |  0
|  23|0x00000000e1700000, 0x00000000e1700000, 0x00000000e1800000|  0%| F|  |TAMS 0x00000000e1700000| PB 0x00000000e1700000| Untracked |  0
|  24|0x00000000e1800000, 0x00000000e1800000, 0x00000000e1900000|  0%| F|  |TAMS 0x00000000e1800000| PB 0x00000000e1800000| Untracked |  0
|  25|0x00000000e1900000, 0x00000000e1900000, 0x00000000e1a00000|  0%| F|  |TAMS 0x00000000e1900000| PB 0x00000000e1900000| Untracked |  0
|  26|0x00000000e1a00000, 0x00000000e1a00000, 0x00000000e1b00000|  0%| F|  |TAMS 0x00000000e1a00000| PB 0x00000000e1a00000| Untracked |  0
|  27|0x00000000e1b00000, 0x00000000e1b00000, 0x00000000e1c00000|  0%| F|  |TAMS 0x00000000e1b00000| PB 0x00000000e1b00000| Untracked |  0
|  28|0x00000000e1c00000, 0x00000000e1c00000, 0x00000000e1d00000|  0%| F|  |TAMS 0x00000000e1c00000| PB 0x00000000e1c00000| Untracked |  0
|  29|0x00000000e1d00000, 0x00000000e1d00000, 0x00000000e1e00000|  0%| F|  |TAMS 0x00000000e1d00000| PB 0x00000000e1d00000| Untracked |  0
|  30|0x00000000e1e00000, 0x00000000e1e00000, 0x00000000e1f00000|  0%| F|  |TAMS 0x00000000e1e00000| PB 0x00000000e1e00000| Untracked |  0
|  31|0x00000000e1f00000, 0x00000000e1f00000, 0x00000000e2000000|  0%| F|  |TAMS 0x00000000e1f00000| PB 0x00000000e1f00000| Untracked |  0
|  32|0x00000000e2000000, 0x00000000e2000000, 0x00000000e2100000|  0%| F|  |TAMS 0x00000000e2000000| PB 0x00000000e2000000| Untracked |  0
|  33|0x00000000e2100000, 0x00000000e2100000, 0x00000000e2200000|  0%| F|  |TAMS 0x00000000e2100000| PB 0x00000000e2100000| Untracked |  0
|  34|0x00000000e2200000, 0x00000000e2200000, 0x00000000e2300000|  0%| F|  |TAMS 0x00000000e2200000| PB 0x00000000e2200000| Untracked |  0
|  35|0x00000000e2300000, 0x00000000e2300000, 0x00000000e2400000|  0%| F|  |TAMS 0x00000000e2300000| PB 0x00000000e2300000| Untracked |  0
|  36|0x00000000e2400000, 0x00000000e2400000, 0x00000000e2500000|  0%| F|  |TAMS 0x00000000e2400000| PB 0x00000000e2400000| Untracked |  0
|  37|0x00000000e2500000, 0x00000000e2500000, 0x00000000e2600000|  0%| F|  |TAMS 0x00000000e2500000| PB 0x00000000e2500000| Untracked |  0
|  38|0x00000000e2600000, 0x00000000e2600000, 0x00000000e2700000|  0%| F|  |TAMS 0x00000000e2600000| PB 0x00000000e2600000| Untracked |  0
|  39|0x00000000e2700000, 0x00000000e2700000, 0x00000000e2800000|  0%| F|  |TAMS 0x00000000e2700000| PB 0x00000000e2700000| Untracked |  0
|  40|0x00000000e2800000, 0x00000000e2800000, 0x00000000e2900000|  0%| F|  |TAMS 0x00000000e2800000| PB 0x00000000e2800000| Untracked |  0
|  41|0x00000000e2900000, 0x00000000e2900000, 0x00000000e2a00000|  0%| F|  |TAMS 0x00000000e2900000| PB 0x00000000e2900000| Untracked |  0
|  42|0x00000000e2a00000, 0x00000000e2a00000, 0x00000000e2b00000|  0%| F|  |TAMS 0x00000000e2a00000| PB 0x00000000e2a00000| Untracked |  0
|  43|0x00000000e2b00000, 0x00000000e2b00000, 0x00000000e2c00000|  0%| F|  |TAMS 0x00000000e2b00000| PB 0x00000000e2b00000| Untracked |  0
|  44|0x00000000e2c00000, 0x00000000e2c00000, 0x00000000e2d00000|  0%| F|  |TAMS 0x00000000e2c00000| PB 0x00000000e2c00000| Untracked |  0
|  45|0x00000000e2d00000, 0x00000000e2d00000, 0x00000000e2e00000|  0%| F|  |TAMS 0x00000000e2d00000| PB 0x00000000e2d00000| Untracked |  0
|  46|0x00000000e2e00000, 0x00000000e2e00000, 0x00000000e2f00000|  0%| F|  |TAMS 0x00000000e2e00000| PB 0x00000000e2e00000| Untracked |  0
|  47|0x00000000e2f00000, 0x00000000e2f00000, 0x00000000e3000000|  0%| F|  |TAMS 0x00000000e2f00000| PB 0x00000000e2f00000| Untracked |  0
|  48|0x00000000e3000000, 0x00000000e3000000, 0x00000000e3100000|  0%| F|  |TAMS 0x00000000e3000000| PB 0x00000000e3000000| Untracked |  0
|  49|0x00000000e3100000, 0x00000000e3100000, 0x00000000e3200000|  0%| F|  |TAMS 0x00000000e3100000| PB 0x00000000e3100000| Untracked |  0
|  50|0x00000000e3200000, 0x00000000e3200000, 0x00000000e3300000|  0%| F|  |TAMS 0x00000000e3200000| PB 0x00000000e3200000| Untracked |  0
|  51|0x00000000e3300000, 0x00000000e3300000, 0x00000000e3400000|  0%| F|  |TAMS 0x00000000e3300000| PB 0x00000000e3300000| Untracked |  0
|  52|0x00000000e3400000, 0x00000000e3400000, 0x00000000e3500000|  0%| F|  |TAMS 0x00000000e3400000| PB 0x00000000e3400000| Untracked |  0
|  53|0x00000000e3500000, 0x00000000e3500000, 0x00000000e3600000|  0%| F|  |TAMS 0x00000000e3500000| PB 0x00000000e3500000| Untracked |  0
|  54|0x00000000e3600000, 0x00000000e3600000, 0x00000000e3700000|  0%| F|  |TAMS 0x00000000e3600000| PB 0x00000000e3600000| Untracked |  0
|  55|0x00000000e3700000, 0x00000000e3700000, 0x00000000e3800000|  0%| F|  |TAMS 0x00000000e3700000| PB 0x00000000e3700000| Untracked |  0
|  56|0x00000000e3800000, 0x00000000e3800000, 0x00000000e3900000|  0%| F|  |TAMS 0x00000000e3800000| PB 0x00000000e3800000| Untracked |  0
|  57|0x00000000e3900000, 0x00000000e3900000, 0x00000000e3a00000|  0%| F|  |TAMS 0x00000000e3900000| PB 0x00000000e3900000| Untracked |  0
|  58|0x00000000e3a00000, 0x00000000e3a00000, 0x00000000e3b00000|  0%| F|  |TAMS 0x00000000e3a00000| PB 0x00000000e3a00000| Untracked |  0
|  59|0x00000000e3b00000, 0x00000000e3b00000, 0x00000000e3c00000|  0%| F|  |TAMS 0x00000000e3b00000| PB 0x00000000e3b00000| Untracked |  0
|  60|0x00000000e3c00000, 0x00000000e3c00000, 0x00000000e3d00000|  0%| F|  |TAMS 0x00000000e3c00000| PB 0x00000000e3c00000| Untracked |  0
|  61|0x00000000e3d00000, 0x00000000e3d00000, 0x00000000e3e00000|  0%| F|  |TAMS 0x00000000e3d00000| PB 0x00000000e3d00000| Untracked |  0
|  62|0x00000000e3e00000, 0x00000000e3e00000, 0x00000000e3f00000|  0%| F|  |TAMS 0x00000000e3e00000| PB 0x00000000e3e00000| Untracked |  0
|  63|0x00000000e3f00000, 0x00000000e3f00000, 0x00000000e4000000|  0%| F|  |TAMS 0x00000000e3f00000| PB 0x00000000e3f00000| Untracked |  0
|  64|0x00000000e4000000, 0x00000000e4000000, 0x00000000e4100000|  0%| F|  |TAMS 0x00000000e4000000| PB 0x00000000e4000000| Untracked |  0
|  65|0x00000000e4100000, 0x00000000e4100000, 0x00000000e4200000|  0%| F|  |TAMS 0x00000000e4100000| PB 0x00000000e4100000| Untracked |  0
|  66|0x00000000e4200000, 0x00000000e4200000, 0x00000000e4300000|  0%| F|  |TAMS 0x00000000e4200000| PB 0x00000000e4200000| Untracked |  0
|  67|0x00000000e4300000, 0x00000000e4300000, 0x00000000e4400000|  0%| F|  |TAMS 0x00000000e4300000| PB 0x00000000e4300000| Untracked |  0
|  68|0x00000000e4400000, 0x00000000e4400000, 0x00000000e4500000|  0%| F|  |TAMS 0x00000000e4400000| PB 0x00000000e4400000| Untracked |  0
|  69|0x00000000e4500000, 0x00000000e4500000, 0x00000000e4600000|  0%| F|  |TAMS 0x00000000e4500000| PB 0x00000000e4500000| Untracked |  0
|  70|0x00000000e4600000, 0x00000000e4600000, 0x00000000e4700000|  0%| F|  |TAMS 0x00000000e4600000| PB 0x00000000e4600000| Untracked |  0
|  71|0x00000000e4700000, 0x00000000e4700000, 0x00000000e4800000|  0%| F|  |TAMS 0x00000000e4700000| PB 0x00000000e4700000| Untracked |  0
|  72|0x00000000e4800000, 0x00000000e4800000, 0x00000000e4900000|  0%| F|  |TAMS 0x00000000e4800000| PB 0x00000000e4800000| Untracked |  0
|  73|0x00000000e4900000, 0x00000000e4900000, 0x00000000e4a00000|  0%| F|  |TAMS 0x00000000e4900000| PB 0x00000000e4900000| Untracked |  0
|  74|0x00000000e4a00000, 0x00000000e4a00000, 0x00000000e4b00000|  0%| F|  |TAMS 0x00000000e4a00000| PB 0x00000000e4a00000| Untracked |  0
|  75|0x00000000e4b00000, 0x00000000e4b00000, 0x00000000e4c00000|  0%| F|  |TAMS 0x00000000e4b00000| PB 0x00000000e4b00000| Untracked |  0
|  76|0x00000000e4c00000, 0x00000000e4c00000, 0x00000000e4d00000|  0%| F|  |TAMS 0x00000000e4c00000| PB 0x00000000e4c00000| Untracked |  0
|  77|0x00000000e4d00000, 0x00000000e4d00000, 0x00000000e4e00000|  0%| F|  |TAMS 0x00000000e4d00000| PB 0x00000000e4d00000| Untracked |  0
|  78|0x00000000e4e00000, 0x00000000e4e00000, 0x00000000e4f00000|  0%| F|  |TAMS 0x00000000e4e00000| PB 0x00000000e4e00000| Untracked |  0
|  79|0x00000000e4f00000, 0x00000000e4f00000, 0x00000000e5000000|  0%| F|  |TAMS 0x00000000e4f00000| PB 0x00000000e4f00000| Untracked |  0
|  80|0x00000000e5000000, 0x00000000e5000000, 0x00000000e5100000|  0%| F|  |TAMS 0x00000000e5000000| PB 0x00000000e5000000| Untracked |  0
|  81|0x00000000e5100000, 0x00000000e5100000, 0x00000000e5200000|  0%| F|  |TAMS 0x00000000e5100000| PB 0x00000000e5100000| Untracked |  0
|  82|0x00000000e5200000, 0x00000000e5200000, 0x00000000e5300000|  0%| F|  |TAMS 0x00000000e5200000| PB 0x00000000e5200000| Untracked |  0
|  83|0x00000000e5300000, 0x00000000e5300000, 0x00000000e5400000|  0%| F|  |TAMS 0x00000000e5300000| PB 0x00000000e5300000| Untracked |  0
|  84|0x00000000e5400000, 0x00000000e5400000, 0x00000000e5500000|  0%| F|  |TAMS 0x00000000e5400000| PB 0x00000000e5400000| Untracked |  0
|  85|0x00000000e5500000, 0x00000000e5500000, 0x00000000e5600000|  0%| F|  |TAMS 0x00000000e5500000| PB 0x00000000e5500000| Untracked |  0
|  86|0x00000000e5600000, 0x00000000e5600000, 0x00000000e5700000|  0%| F|  |TAMS 0x00000000e5600000| PB 0x00000000e5600000| Untracked |  0
|  87|0x00000000e5700000, 0x00000000e5700000, 0x00000000e5800000|  0%| F|  |TAMS 0x00000000e5700000| PB 0x00000000e5700000| Untracked |  0
|  88|0x00000000e5800000, 0x00000000e5800000, 0x00000000e5900000|  0%| F|  |TAMS 0x00000000e5800000| PB 0x00000000e5800000| Untracked |  0
|  89|0x00000000e5900000, 0x00000000e5900000, 0x00000000e5a00000|  0%| F|  |TAMS 0x00000000e5900000| PB 0x00000000e5900000| Untracked |  0
|  90|0x00000000e5a00000, 0x00000000e5a00000, 0x00000000e5b00000|  0%| F|  |TAMS 0x00000000e5a00000| PB 0x00000000e5a00000| Untracked |  0
|  91|0x00000000e5b00000, 0x00000000e5b00000, 0x00000000e5c00000|  0%| F|  |TAMS 0x00000000e5b00000| PB 0x00000000e5b00000| Untracked |  0
|  92|0x00000000e5c00000, 0x00000000e5c00000, 0x00000000e5d00000|  0%| F|  |TAMS 0x00000000e5c00000| PB 0x00000000e5c00000| Untracked |  0
|  93|0x00000000e5d00000, 0x00000000e5d00000, 0x00000000e5e00000|  0%| F|  |TAMS 0x00000000e5d00000| PB 0x00000000e5d00000| Untracked |  0
|  94|0x00000000e5e00000, 0x00000000e5e00000, 0x00000000e5f00000|  0%| F|  |TAMS 0x00000000e5e00000| PB 0x00000000e5e00000| Untracked |  0
|  95|0x00000000e5f00000, 0x00000000e5f00000, 0x00000000e6000000|  0%| F|  |TAMS 0x00000000e5f00000| PB 0x00000000e5f00000| Untracked |  0
|  96|0x00000000e6000000, 0x00000000e6000000, 0x00000000e6100000|  0%| F|  |TAMS 0x00000000e6000000| PB 0x00000000e6000000| Untracked |  0
|  97|0x00000000e6100000, 0x00000000e6100000, 0x00000000e6200000|  0%| F|  |TAMS 0x00000000e6100000| PB 0x00000000e6100000| Untracked |  0
|  98|0x00000000e6200000, 0x00000000e6200000, 0x00000000e6300000|  0%| F|  |TAMS 0x00000000e6200000| PB 0x00000000e6200000| Untracked |  0
|  99|0x00000000e6300000, 0x00000000e6300000, 0x00000000e6400000|  0%| F|  |TAMS 0x00000000e6300000| PB 0x00000000e6300000| Untracked |  0
| 100|0x00000000e6400000, 0x00000000e6400000, 0x00000000e6500000|  0%| F|  |TAMS 0x00000000e6400000| PB 0x00000000e6400000| Untracked |  0
| 101|0x00000000e6500000, 0x00000000e6500000, 0x00000000e6600000|  0%| F|  |TAMS 0x00000000e6500000| PB 0x00000000e6500000| Untracked |  0
| 102|0x00000000e6600000, 0x00000000e6600000, 0x00000000e6700000|  0%| F|  |TAMS 0x00000000e6600000| PB 0x00000000e6600000| Untracked |  0
| 103|0x00000000e6700000, 0x00000000e6700000, 0x00000000e6800000|  0%| F|  |TAMS 0x00000000e6700000| PB 0x00000000e6700000| Untracked |  0
| 104|0x00000000e6800000, 0x00000000e6800000, 0x00000000e6900000|  0%| F|  |TAMS 0x00000000e6800000| PB 0x00000000e6800000| Untracked |  0
| 105|0x00000000e6900000, 0x00000000e6900000, 0x00000000e6a00000|  0%| F|  |TAMS 0x00000000e6900000| PB 0x00000000e6900000| Untracked |  0
| 106|0x00000000e6a00000, 0x00000000e6a00000, 0x00000000e6b00000|  0%| F|  |TAMS 0x00000000e6a00000| PB 0x00000000e6a00000| Untracked |  0
| 107|0x00000000e6b00000, 0x00000000e6b00000, 0x00000000e6c00000|  0%| F|  |TAMS 0x00000000e6b00000| PB 0x00000000e6b00000| Untracked |  0
| 108|0x00000000e6c00000, 0x00000000e6c00000, 0x00000000e6d00000|  0%| F|  |TAMS 0x00000000e6c00000| PB 0x00000000e6c00000| Untracked |  0
| 109|0x00000000e6d00000, 0x00000000e6d00000, 0x00000000e6e00000|  0%| F|  |TAMS 0x00000000e6d00000| PB 0x00000000e6d00000| Untracked |  0
| 110|0x00000000e6e00000, 0x00000000e6e00000, 0x00000000e6f00000|  0%| F|  |TAMS 0x00000000e6e00000| PB 0x00000000e6e00000| Untracked |  0
| 111|0x00000000e6f00000, 0x00000000e6f00000, 0x00000000e7000000|  0%| F|  |TAMS 0x00000000e6f00000| PB 0x00000000e6f00000| Untracked |  0
| 112|0x00000000e7000000, 0x00000000e7000000, 0x00000000e7100000|  0%| F|  |TAMS 0x00000000e7000000| PB 0x00000000e7000000| Untracked |  0
| 113|0x00000000e7100000, 0x00000000e7100000, 0x00000000e7200000|  0%| F|  |TAMS 0x00000000e7100000| PB 0x00000000e7100000| Untracked |  0
| 114|0x00000000e7200000, 0x00000000e7200000, 0x00000000e7300000|  0%| F|  |TAMS 0x00000000e7200000| PB 0x00000000e7200000| Untracked |  0
| 115|0x00000000e7300000, 0x00000000e7300000, 0x00000000e7400000|  0%| F|  |TAMS 0x00000000e7300000| PB 0x00000000e7300000| Untracked |  0
| 116|0x00000000e7400000, 0x00000000e7400000, 0x00000000e7500000|  0%| F|  |TAMS 0x00000000e7400000| PB 0x00000000e7400000| Untracked |  0
| 117|0x00000000e7500000, 0x00000000e7500000, 0x00000000e7600000|  0%| F|  |TAMS 0x00000000e7500000| PB 0x00000000e7500000| Untracked |  0
| 118|0x00000000e7600000, 0x00000000e7600000, 0x00000000e7700000|  0%| F|  |TAMS 0x00000000e7600000| PB 0x00000000e7600000| Untracked |  0
| 119|0x00000000e7700000, 0x00000000e7700000, 0x00000000e7800000|  0%| F|  |TAMS 0x00000000e7700000| PB 0x00000000e7700000| Untracked |  0
| 120|0x00000000e7800000, 0x00000000e7800000, 0x00000000e7900000|  0%| F|  |TAMS 0x00000000e7800000| PB 0x00000000e7800000| Untracked |  0
| 121|0x00000000e7900000, 0x00000000e7900000, 0x00000000e7a00000|  0%| F|  |TAMS 0x00000000e7900000| PB 0x00000000e7900000| Untracked |  0
| 122|0x00000000e7a00000, 0x00000000e7a00000, 0x00000000e7b00000|  0%| F|  |TAMS 0x00000000e7a00000| PB 0x00000000e7a00000| Untracked |  0
| 123|0x00000000e7b00000, 0x00000000e7b00000, 0x00000000e7c00000|  0%| F|  |TAMS 0x00000000e7b00000| PB 0x00000000e7b00000| Untracked |  0
| 124|0x00000000e7c00000, 0x00000000e7c00000, 0x00000000e7d00000|  0%| F|  |TAMS 0x00000000e7c00000| PB 0x00000000e7c00000| Untracked |  0
| 125|0x00000000e7d00000, 0x00000000e7d00000, 0x00000000e7e00000|  0%| F|  |TAMS 0x00000000e7d00000| PB 0x00000000e7d00000| Untracked |  0
| 126|0x00000000e7e00000, 0x00000000e7e00000, 0x00000000e7f00000|  0%| F|  |TAMS 0x00000000e7e00000| PB 0x00000000e7e00000| Untracked |  0
| 127|0x00000000e7f00000, 0x00000000e7f00000, 0x00000000e8000000|  0%| F|  |TAMS 0x00000000e7f00000| PB 0x00000000e7f00000| Untracked |  0
| 128|0x00000000e8000000, 0x00000000e8000000, 0x00000000e8100000|  0%| F|  |TAMS 0x00000000e8000000| PB 0x00000000e8000000| Untracked |  0
| 129|0x00000000e8100000, 0x00000000e8100000, 0x00000000e8200000|  0%| F|  |TAMS 0x00000000e8100000| PB 0x00000000e8100000| Untracked |  0
| 130|0x00000000e8200000, 0x00000000e8200000, 0x00000000e8300000|  0%| F|  |TAMS 0x00000000e8200000| PB 0x00000000e8200000| Untracked |  0
| 131|0x00000000e8300000, 0x00000000e8300000, 0x00000000e8400000|  0%| F|  |TAMS 0x00000000e8300000| PB 0x00000000e8300000| Untracked |  0
| 132|0x00000000e8400000, 0x00000000e8400000, 0x00000000e8500000|  0%| F|  |TAMS 0x00000000e8400000| PB 0x00000000e8400000| Untracked |  0
| 133|0x00000000e8500000, 0x00000000e8500000, 0x00000000e8600000|  0%| F|  |TAMS 0x00000000e8500000| PB 0x00000000e8500000| Untracked |  0
| 134|0x00000000e8600000, 0x00000000e8600000, 0x00000000e8700000|  0%| F|  |TAMS 0x00000000e8600000| PB 0x00000000e8600000| Untracked |  0
| 135|0x00000000e8700000, 0x00000000e8700000, 0x00000000e8800000|  0%| F|  |TAMS 0x00000000e8700000| PB 0x00000000e8700000| Untracked |  0
| 136|0x00000000e8800000, 0x00000000e8800000, 0x00000000e8900000|  0%| F|  |TAMS 0x00000000e8800000| PB 0x00000000e8800000| Untracked |  0
| 137|0x00000000e8900000, 0x00000000e8900000, 0x00000000e8a00000|  0%| F|  |TAMS 0x00000000e8900000| PB 0x00000000e8900000| Untracked |  0
| 138|0x00000000e8a00000, 0x00000000e8a00000, 0x00000000e8b00000|  0%| F|  |TAMS 0x00000000e8a00000| PB 0x00000000e8a00000| Untracked |  0
| 139|0x00000000e8b00000, 0x00000000e8b00000, 0x00000000e8c00000|  0%| F|  |TAMS 0x00000000e8b00000| PB 0x00000000e8b00000| Untracked |  0
| 140|0x00000000e8c00000, 0x00000000e8c00000, 0x00000000e8d00000|  0%| F|  |TAMS 0x00000000e8c00000| PB 0x00000000e8c00000| Untracked |  0
| 141|0x00000000e8d00000, 0x00000000e8d00000, 0x00000000e8e00000|  0%| F|  |TAMS 0x00000000e8d00000| PB 0x00000000e8d00000| Untracked |  0
| 142|0x00000000e8e00000, 0x00000000e8e00000, 0x00000000e8f00000|  0%| F|  |TAMS 0x00000000e8e00000| PB 0x00000000e8e00000| Untracked |  0
| 143|0x00000000e8f00000, 0x00000000e8f00000, 0x00000000e9000000|  0%| F|  |TAMS 0x00000000e8f00000| PB 0x00000000e8f00000| Untracked |  0
| 144|0x00000000e9000000, 0x00000000e9000000, 0x00000000e9100000|  0%| F|  |TAMS 0x00000000e9000000| PB 0x00000000e9000000| Untracked |  0
| 145|0x00000000e9100000, 0x00000000e9100000, 0x00000000e9200000|  0%| F|  |TAMS 0x00000000e9100000| PB 0x00000000e9100000| Untracked |  0
| 146|0x00000000e9200000, 0x00000000e9200000, 0x00000000e9300000|  0%| F|  |TAMS 0x00000000e9200000| PB 0x00000000e9200000| Untracked |  0
| 147|0x00000000e9300000, 0x00000000e9300000, 0x00000000e9400000|  0%| F|  |TAMS 0x00000000e9300000| PB 0x00000000e9300000| Untracked |  0
| 148|0x00000000e9400000, 0x00000000e9400000, 0x00000000e9500000|  0%| F|  |TAMS 0x00000000e9400000| PB 0x00000000e9400000| Untracked |  0
| 149|0x00000000e9500000, 0x00000000e9500000, 0x00000000e9600000|  0%| F|  |TAMS 0x00000000e9500000| PB 0x00000000e9500000| Untracked |  0
| 150|0x00000000e9600000, 0x00000000e9600000, 0x00000000e9700000|  0%| F|  |TAMS 0x00000000e9600000| PB 0x00000000e9600000| Untracked |  0
| 151|0x00000000e9700000, 0x00000000e9700000, 0x00000000e9800000|  0%| F|  |TAMS 0x00000000e9700000| PB 0x00000000e9700000| Untracked |  0
| 152|0x00000000e9800000, 0x00000000e9800000, 0x00000000e9900000|  0%| F|  |TAMS 0x00000000e9800000| PB 0x00000000e9800000| Untracked |  0
| 153|0x00000000e9900000, 0x00000000e9900000, 0x00000000e9a00000|  0%| F|  |TAMS 0x00000000e9900000| PB 0x00000000e9900000| Untracked |  0
| 154|0x00000000e9a00000, 0x00000000e9a00000, 0x00000000e9b00000|  0%| F|  |TAMS 0x00000000e9a00000| PB 0x00000000e9a00000| Untracked |  0
| 155|0x00000000e9b00000, 0x00000000e9b00000, 0x00000000e9c00000|  0%| F|  |TAMS 0x00000000e9b00000| PB 0x00000000e9b00000| Untracked |  0
| 156|0x00000000e9c00000, 0x00000000e9c00000, 0x00000000e9d00000|  0%| F|  |TAMS 0x00000000e9c00000| PB 0x00000000e9c00000| Untracked |  0
| 157|0x00000000e9d00000, 0x00000000e9d00000, 0x00000000e9e00000|  0%| F|  |TAMS 0x00000000e9d00000| PB 0x00000000e9d00000| Untracked |  0
| 158|0x00000000e9e00000, 0x00000000e9e00000, 0x00000000e9f00000|  0%| F|  |TAMS 0x00000000e9e00000| PB 0x00000000e9e00000| Untracked |  0
| 159|0x00000000e9f00000, 0x00000000e9f00000, 0x00000000ea000000|  0%| F|  |TAMS 0x00000000e9f00000| PB 0x00000000e9f00000| Untracked |  0
| 160|0x00000000ea000000, 0x00000000ea000000, 0x00000000ea100000|  0%| F|  |TAMS 0x00000000ea000000| PB 0x00000000ea000000| Untracked |  0
| 161|0x00000000ea100000, 0x00000000ea100000, 0x00000000ea200000|  0%| F|  |TAMS 0x00000000ea100000| PB 0x00000000ea100000| Untracked |  0
| 162|0x00000000ea200000, 0x00000000ea200000, 0x00000000ea300000|  0%| F|  |TAMS 0x00000000ea200000| PB 0x00000000ea200000| Untracked |  0
| 163|0x00000000ea300000, 0x00000000ea300000, 0x00000000ea400000|  0%| F|  |TAMS 0x00000000ea300000| PB 0x00000000ea300000| Untracked |  0
| 164|0x00000000ea400000, 0x00000000ea400000, 0x00000000ea500000|  0%| F|  |TAMS 0x00000000ea400000| PB 0x00000000ea400000| Untracked |  0
| 165|0x00000000ea500000, 0x00000000ea500000, 0x00000000ea600000|  0%| F|  |TAMS 0x00000000ea500000| PB 0x00000000ea500000| Untracked |  0
| 166|0x00000000ea600000, 0x00000000ea600000, 0x00000000ea700000|  0%| F|  |TAMS 0x00000000ea600000| PB 0x00000000ea600000| Untracked |  0
| 167|0x00000000ea700000, 0x00000000ea700000, 0x00000000ea800000|  0%| F|  |TAMS 0x00000000ea700000| PB 0x00000000ea700000| Untracked |  0
| 168|0x00000000ea800000, 0x00000000ea800000, 0x00000000ea900000|  0%| F|  |TAMS 0x00000000ea800000| PB 0x00000000ea800000| Untracked |  0
| 169|0x00000000ea900000, 0x00000000ea900000, 0x00000000eaa00000|  0%| F|  |TAMS 0x00000000ea900000| PB 0x00000000ea900000| Untracked |  0
| 170|0x00000000eaa00000, 0x00000000eaa00000, 0x00000000eab00000|  0%| F|  |TAMS 0x00000000eaa00000| PB 0x00000000eaa00000| Untracked |  0
| 171|0x00000000eab00000, 0x00000000eab00000, 0x00000000eac00000|  0%| F|  |TAMS 0x00000000eab00000| PB 0x00000000eab00000| Untracked |  0
| 172|0x00000000eac00000, 0x00000000eac00000, 0x00000000ead00000|  0%| F|  |TAMS 0x00000000eac00000| PB 0x00000000eac00000| Untracked |  0
| 173|0x00000000ead00000, 0x00000000ead00000, 0x00000000eae00000|  0%| F|  |TAMS 0x00000000ead00000| PB 0x00000000ead00000| Untracked |  0
| 174|0x00000000eae00000, 0x00000000eae00000, 0x00000000eaf00000|  0%| F|  |TAMS 0x00000000eae00000| PB 0x00000000eae00000| Untracked |  0
| 175|0x00000000eaf00000, 0x00000000eaf00000, 0x00000000eb000000|  0%| F|  |TAMS 0x00000000eaf00000| PB 0x00000000eaf00000| Untracked |  0
| 176|0x00000000eb000000, 0x00000000eb000000, 0x00000000eb100000|  0%| F|  |TAMS 0x00000000eb000000| PB 0x00000000eb000000| Untracked |  0
| 177|0x00000000eb100000, 0x00000000eb100000, 0x00000000eb200000|  0%| F|  |TAMS 0x00000000eb100000| PB 0x00000000eb100000| Untracked |  0
| 178|0x00000000eb200000, 0x00000000eb200000, 0x00000000eb300000|  0%| F|  |TAMS 0x00000000eb200000| PB 0x00000000eb200000| Untracked |  0
| 179|0x00000000eb300000, 0x00000000eb300000, 0x00000000eb400000|  0%| F|  |TAMS 0x00000000eb300000| PB 0x00000000eb300000| Untracked |  0
| 180|0x00000000eb400000, 0x00000000eb400000, 0x00000000eb500000|  0%| F|  |TAMS 0x00000000eb400000| PB 0x00000000eb400000| Untracked |  0
| 181|0x00000000eb500000, 0x00000000eb500000, 0x00000000eb600000|  0%| F|  |TAMS 0x00000000eb500000| PB 0x00000000eb500000| Untracked |  0
| 182|0x00000000eb600000, 0x00000000eb600000, 0x00000000eb700000|  0%| F|  |TAMS 0x00000000eb600000| PB 0x00000000eb600000| Untracked |  0
| 183|0x00000000eb700000, 0x00000000eb700000, 0x00000000eb800000|  0%| F|  |TAMS 0x00000000eb700000| PB 0x00000000eb700000| Untracked |  0
| 184|0x00000000eb800000, 0x00000000eb800000, 0x00000000eb900000|  0%| F|  |TAMS 0x00000000eb800000| PB 0x00000000eb800000| Untracked |  0
| 185|0x00000000eb900000, 0x00000000eb900000, 0x00000000eba00000|  0%| F|  |TAMS 0x00000000eb900000| PB 0x00000000eb900000| Untracked |  0
| 186|0x00000000eba00000, 0x00000000eba00000, 0x00000000ebb00000|  0%| F|  |TAMS 0x00000000eba00000| PB 0x00000000eba00000| Untracked |  0
| 187|0x00000000ebb00000, 0x00000000ebb00000, 0x00000000ebc00000|  0%| F|  |TAMS 0x00000000ebb00000| PB 0x00000000ebb00000| Untracked |  0
| 188|0x00000000ebc00000, 0x00000000ebc00000, 0x00000000ebd00000|  0%| F|  |TAMS 0x00000000ebc00000| PB 0x00000000ebc00000| Untracked |  0
| 189|0x00000000ebd00000, 0x00000000ebd00000, 0x00000000ebe00000|  0%| F|  |TAMS 0x00000000ebd00000| PB 0x00000000ebd00000| Untracked |  0
| 190|0x00000000ebe00000, 0x00000000ebe00000, 0x00000000ebf00000|  0%| F|  |TAMS 0x00000000ebe00000| PB 0x00000000ebe00000| Untracked |  0
| 191|0x00000000ebf00000, 0x00000000ebf00000, 0x00000000ec000000|  0%| F|  |TAMS 0x00000000ebf00000| PB 0x00000000ebf00000| Untracked |  0
| 192|0x00000000ec000000, 0x00000000ec000000, 0x00000000ec100000|  0%| F|  |TAMS 0x00000000ec000000| PB 0x00000000ec000000| Untracked |  0
| 193|0x00000000ec100000, 0x00000000ec100000, 0x00000000ec200000|  0%| F|  |TAMS 0x00000000ec100000| PB 0x00000000ec100000| Untracked |  0
| 194|0x00000000ec200000, 0x00000000ec200000, 0x00000000ec300000|  0%| F|  |TAMS 0x00000000ec200000| PB 0x00000000ec200000| Untracked |  0
| 195|0x00000000ec300000, 0x00000000ec300000, 0x00000000ec400000|  0%| F|  |TAMS 0x00000000ec300000| PB 0x00000000ec300000| Untracked |  0
| 196|0x00000000ec400000, 0x00000000ec400000, 0x00000000ec500000|  0%| F|  |TAMS 0x00000000ec400000| PB 0x00000000ec400000| Untracked |  0
| 197|0x00000000ec500000, 0x00000000ec500000, 0x00000000ec600000|  0%| F|  |TAMS 0x00000000ec500000| PB 0x00000000ec500000| Untracked |  0
| 198|0x00000000ec600000, 0x00000000ec600000, 0x00000000ec700000|  0%| F|  |TAMS 0x00000000ec600000| PB 0x00000000ec600000| Untracked |  0
| 199|0x00000000ec700000, 0x00000000ec700000, 0x00000000ec800000|  0%| F|  |TAMS 0x00000000ec700000| PB 0x00000000ec700000| Untracked |  0
| 200|0x00000000ec800000, 0x00000000ec800000, 0x00000000ec900000|  0%| F|  |TAMS 0x00000000ec800000| PB 0x00000000ec800000| Untracked |  0
| 201|0x00000000ec900000, 0x00000000ec900000, 0x00000000eca00000|  0%| F|  |TAMS 0x00000000ec900000| PB 0x00000000ec900000| Untracked |  0
| 202|0x00000000eca00000, 0x00000000eca00000, 0x00000000ecb00000|  0%| F|  |TAMS 0x00000000eca00000| PB 0x00000000eca00000| Untracked |  0
| 203|0x00000000ecb00000, 0x00000000ecb00000, 0x00000000ecc00000|  0%| F|  |TAMS 0x00000000ecb00000| PB 0x00000000ecb00000| Untracked |  0
| 204|0x00000000ecc00000, 0x00000000ecc00000, 0x00000000ecd00000|  0%| F|  |TAMS 0x00000000ecc00000| PB 0x00000000ecc00000| Untracked |  0
| 205|0x00000000ecd00000, 0x00000000ecd00000, 0x00000000ece00000|  0%| F|  |TAMS 0x00000000ecd00000| PB 0x00000000ecd00000| Untracked |  0
| 206|0x00000000ece00000, 0x00000000ece00000, 0x00000000ecf00000|  0%| F|  |TAMS 0x00000000ece00000| PB 0x00000000ece00000| Untracked |  0
| 207|0x00000000ecf00000, 0x00000000ecf00000, 0x00000000ed000000|  0%| F|  |TAMS 0x00000000ecf00000| PB 0x00000000ecf00000| Untracked |  0
| 208|0x00000000ed000000, 0x00000000ed000000, 0x00000000ed100000|  0%| F|  |TAMS 0x00000000ed000000| PB 0x00000000ed000000| Untracked |  0
| 209|0x00000000ed100000, 0x00000000ed100000, 0x00000000ed200000|  0%| F|  |TAMS 0x00000000ed100000| PB 0x00000000ed100000| Untracked |  0
| 210|0x00000000ed200000, 0x00000000ed200000, 0x00000000ed300000|  0%| F|  |TAMS 0x00000000ed200000| PB 0x00000000ed200000| Untracked |  0
| 211|0x00000000ed300000, 0x00000000ed300000, 0x00000000ed400000|  0%| F|  |TAMS 0x00000000ed300000| PB 0x00000000ed300000| Untracked |  0
| 212|0x00000000ed400000, 0x00000000ed400000, 0x00000000ed500000|  0%| F|  |TAMS 0x00000000ed400000| PB 0x00000000ed400000| Untracked |  0
| 213|0x00000000ed500000, 0x00000000ed500000, 0x00000000ed600000|  0%| F|  |TAMS 0x00000000ed500000| PB 0x00000000ed500000| Untracked |  0
| 214|0x00000000ed600000, 0x00000000ed600000, 0x00000000ed700000|  0%| F|  |TAMS 0x00000000ed600000| PB 0x00000000ed600000| Untracked |  0
| 215|0x00000000ed700000, 0x00000000ed700000, 0x00000000ed800000|  0%| F|  |TAMS 0x00000000ed700000| PB 0x00000000ed700000| Untracked |  0
| 216|0x00000000ed800000, 0x00000000ed800000, 0x00000000ed900000|  0%| F|  |TAMS 0x00000000ed800000| PB 0x00000000ed800000| Untracked |  0
| 217|0x00000000ed900000, 0x00000000ed900000, 0x00000000eda00000|  0%| F|  |TAMS 0x00000000ed900000| PB 0x00000000ed900000| Untracked |  0
| 218|0x00000000eda00000, 0x00000000eda00000, 0x00000000edb00000|  0%| F|  |TAMS 0x00000000eda00000| PB 0x00000000eda00000| Untracked |  0
| 219|0x00000000edb00000, 0x00000000edb00000, 0x00000000edc00000|  0%| F|  |TAMS 0x00000000edb00000| PB 0x00000000edb00000| Untracked |  0
| 220|0x00000000edc00000, 0x00000000edc00000, 0x00000000edd00000|  0%| F|  |TAMS 0x00000000edc00000| PB 0x00000000edc00000| Untracked |  0
| 221|0x00000000edd00000, 0x00000000edd00000, 0x00000000ede00000|  0%| F|  |TAMS 0x00000000edd00000| PB 0x00000000edd00000| Untracked |  0
| 222|0x00000000ede00000, 0x00000000ede00000, 0x00000000edf00000|  0%| F|  |TAMS 0x00000000ede00000| PB 0x00000000ede00000| Untracked |  0
| 223|0x00000000edf00000, 0x00000000edf00000, 0x00000000ee000000|  0%| F|  |TAMS 0x00000000edf00000| PB 0x00000000edf00000| Untracked |  0
| 224|0x00000000ee000000, 0x00000000ee000000, 0x00000000ee100000|  0%| F|  |TAMS 0x00000000ee000000| PB 0x00000000ee000000| Untracked |  0
| 225|0x00000000ee100000, 0x00000000ee100000, 0x00000000ee200000|  0%| F|  |TAMS 0x00000000ee100000| PB 0x00000000ee100000| Untracked |  0
| 226|0x00000000ee200000, 0x00000000ee200000, 0x00000000ee300000|  0%| F|  |TAMS 0x00000000ee200000| PB 0x00000000ee200000| Untracked |  0
| 227|0x00000000ee300000, 0x00000000ee300000, 0x00000000ee400000|  0%| F|  |TAMS 0x00000000ee300000| PB 0x00000000ee300000| Untracked |  0
| 228|0x00000000ee400000, 0x00000000ee400000, 0x00000000ee500000|  0%| F|  |TAMS 0x00000000ee400000| PB 0x00000000ee400000| Untracked |  0
| 229|0x00000000ee500000, 0x00000000ee500000, 0x00000000ee600000|  0%| F|  |TAMS 0x00000000ee500000| PB 0x00000000ee500000| Untracked |  0
| 230|0x00000000ee600000, 0x00000000ee600000, 0x00000000ee700000|  0%| F|  |TAMS 0x00000000ee600000| PB 0x00000000ee600000| Untracked |  0
| 231|0x00000000ee700000, 0x00000000ee700000, 0x00000000ee800000|  0%| F|  |TAMS 0x00000000ee700000| PB 0x00000000ee700000| Untracked |  0
| 232|0x00000000ee800000, 0x00000000ee800000, 0x00000000ee900000|  0%| F|  |TAMS 0x00000000ee800000| PB 0x00000000ee800000| Untracked |  0
| 233|0x00000000ee900000, 0x00000000ee900000, 0x00000000eea00000|  0%| F|  |TAMS 0x00000000ee900000| PB 0x00000000ee900000| Untracked |  0
| 234|0x00000000eea00000, 0x00000000eea00000, 0x00000000eeb00000|  0%| F|  |TAMS 0x00000000eea00000| PB 0x00000000eea00000| Untracked |  0
| 235|0x00000000eeb00000, 0x00000000eeb00000, 0x00000000eec00000|  0%| F|  |TAMS 0x00000000eeb00000| PB 0x00000000eeb00000| Untracked |  0
| 236|0x00000000eec00000, 0x00000000eec00000, 0x00000000eed00000|  0%| F|  |TAMS 0x00000000eec00000| PB 0x00000000eec00000| Untracked |  0
| 237|0x00000000eed00000, 0x00000000eed00000, 0x00000000eee00000|  0%| F|  |TAMS 0x00000000eed00000| PB 0x00000000eed00000| Untracked |  0
| 238|0x00000000eee00000, 0x00000000eee00000, 0x00000000eef00000|  0%| F|  |TAMS 0x00000000eee00000| PB 0x00000000eee00000| Untracked |  0
| 239|0x00000000eef00000, 0x00000000eef00000, 0x00000000ef000000|  0%| F|  |TAMS 0x00000000eef00000| PB 0x00000000eef00000| Untracked |  0
| 240|0x00000000ef000000, 0x00000000ef000000, 0x00000000ef100000|  0%| F|  |TAMS 0x00000000ef000000| PB 0x00000000ef000000| Untracked |  0
| 241|0x00000000ef100000, 0x00000000ef100000, 0x00000000ef200000|  0%| F|  |TAMS 0x00000000ef100000| PB 0x00000000ef100000| Untracked |  0
| 242|0x00000000ef200000, 0x00000000ef200000, 0x00000000ef300000|  0%| F|  |TAMS 0x00000000ef200000| PB 0x00000000ef200000| Untracked |  0
| 243|0x00000000ef300000, 0x00000000ef300000, 0x00000000ef400000|  0%| F|  |TAMS 0x00000000ef300000| PB 0x00000000ef300000| Untracked |  0
| 244|0x00000000ef400000, 0x00000000ef400000, 0x00000000ef500000|  0%| F|  |TAMS 0x00000000ef400000| PB 0x00000000ef400000| Untracked |  0
| 245|0x00000000ef500000, 0x00000000ef500000, 0x00000000ef600000|  0%| F|  |TAMS 0x00000000ef500000| PB 0x00000000ef500000| Untracked |  0
| 246|0x00000000ef600000, 0x00000000ef600000, 0x00000000ef700000|  0%| F|  |TAMS 0x00000000ef600000| PB 0x00000000ef600000| Untracked |  0
| 247|0x00000000ef700000, 0x00000000ef700000, 0x00000000ef800000|  0%| F|  |TAMS 0x00000000ef700000| PB 0x00000000ef700000| Untracked |  0
| 248|0x00000000ef800000, 0x00000000ef800000, 0x00000000ef900000|  0%| F|  |TAMS 0x00000000ef800000| PB 0x00000000ef800000| Untracked |  0
| 249|0x00000000ef900000, 0x00000000ef900000, 0x00000000efa00000|  0%| F|  |TAMS 0x00000000ef900000| PB 0x00000000ef900000| Untracked |  0
| 250|0x00000000efa00000, 0x00000000efa00000, 0x00000000efb00000|  0%| F|  |TAMS 0x00000000efa00000| PB 0x00000000efa00000| Untracked |  0
| 251|0x00000000efb00000, 0x00000000efb00000, 0x00000000efc00000|  0%| F|  |TAMS 0x00000000efb00000| PB 0x00000000efb00000| Untracked |  0
| 252|0x00000000efc00000, 0x00000000efc00000, 0x00000000efd00000|  0%| F|  |TAMS 0x00000000efc00000| PB 0x00000000efc00000| Untracked |  0
| 253|0x00000000efd00000, 0x00000000efd00000, 0x00000000efe00000|  0%| F|  |TAMS 0x00000000efd00000| PB 0x00000000efd00000| Untracked |  0
| 254|0x00000000efe00000, 0x00000000efe00000, 0x00000000eff00000|  0%| F|  |TAMS 0x00000000efe00000| PB 0x00000000efe00000| Untracked |  0
| 255|0x00000000eff00000, 0x00000000eff00000, 0x00000000f0000000|  0%| F|  |TAMS 0x00000000eff00000| PB 0x00000000eff00000| Untracked |  0
| 256|0x00000000f0000000, 0x00000000f0000000, 0x00000000f0100000|  0%| F|  |TAMS 0x00000000f0000000| PB 0x00000000f0000000| Untracked |  0
| 257|0x00000000f0100000, 0x00000000f0100000, 0x00000000f0200000|  0%| F|  |TAMS 0x00000000f0100000| PB 0x00000000f0100000| Untracked |  0
| 258|0x00000000f0200000, 0x00000000f0200000, 0x00000000f0300000|  0%| F|  |TAMS 0x00000000f0200000| PB 0x00000000f0200000| Untracked |  0
| 259|0x00000000f0300000, 0x00000000f0300000, 0x00000000f0400000|  0%| F|  |TAMS 0x00000000f0300000| PB 0x00000000f0300000| Untracked |  0
| 260|0x00000000f0400000, 0x00000000f0400000, 0x00000000f0500000|  0%| F|  |TAMS 0x00000000f0400000| PB 0x00000000f0400000| Untracked |  0
| 261|0x00000000f0500000, 0x00000000f0500000, 0x00000000f0600000|  0%| F|  |TAMS 0x00000000f0500000| PB 0x00000000f0500000| Untracked |  0
| 262|0x00000000f0600000, 0x00000000f0600000, 0x00000000f0700000|  0%| F|  |TAMS 0x00000000f0600000| PB 0x00000000f0600000| Untracked |  0
| 263|0x00000000f0700000, 0x00000000f0700000, 0x00000000f0800000|  0%| F|  |TAMS 0x00000000f0700000| PB 0x00000000f0700000| Untracked |  0
| 264|0x00000000f0800000, 0x00000000f0800000, 0x00000000f0900000|  0%| F|  |TAMS 0x00000000f0800000| PB 0x00000000f0800000| Untracked |  0
| 265|0x00000000f0900000, 0x00000000f0900000, 0x00000000f0a00000|  0%| F|  |TAMS 0x00000000f0900000| PB 0x00000000f0900000| Untracked |  0
| 266|0x00000000f0a00000, 0x00000000f0a00000, 0x00000000f0b00000|  0%| F|  |TAMS 0x00000000f0a00000| PB 0x00000000f0a00000| Untracked |  0
| 267|0x00000000f0b00000, 0x00000000f0b00000, 0x00000000f0c00000|  0%| F|  |TAMS 0x00000000f0b00000| PB 0x00000000f0b00000| Untracked |  0
| 268|0x00000000f0c00000, 0x00000000f0c00000, 0x00000000f0d00000|  0%| F|  |TAMS 0x00000000f0c00000| PB 0x00000000f0c00000| Untracked |  0
| 269|0x00000000f0d00000, 0x00000000f0d00000, 0x00000000f0e00000|  0%| F|  |TAMS 0x00000000f0d00000| PB 0x00000000f0d00000| Untracked |  0
| 270|0x00000000f0e00000, 0x00000000f0e00000, 0x00000000f0f00000|  0%| F|  |TAMS 0x00000000f0e00000| PB 0x00000000f0e00000| Untracked |  0
| 271|0x00000000f0f00000, 0x00000000f0f00000, 0x00000000f1000000|  0%| F|  |TAMS 0x00000000f0f00000| PB 0x00000000f0f00000| Untracked |  0
| 272|0x00000000f1000000, 0x00000000f1000000, 0x00000000f1100000|  0%| F|  |TAMS 0x00000000f1000000| PB 0x00000000f1000000| Untracked |  0
| 273|0x00000000f1100000, 0x00000000f1100000, 0x00000000f1200000|  0%| F|  |TAMS 0x00000000f1100000| PB 0x00000000f1100000| Untracked |  0
| 274|0x00000000f1200000, 0x00000000f1200000, 0x00000000f1300000|  0%| F|  |TAMS 0x00000000f1200000| PB 0x00000000f1200000| Untracked |  0
| 275|0x00000000f1300000, 0x00000000f1300000, 0x00000000f1400000|  0%| F|  |TAMS 0x00000000f1300000| PB 0x00000000f1300000| Untracked |  0
| 276|0x00000000f1400000, 0x00000000f1400000, 0x00000000f1500000|  0%| F|  |TAMS 0x00000000f1400000| PB 0x00000000f1400000| Untracked |  0
| 277|0x00000000f1500000, 0x00000000f1500000, 0x00000000f1600000|  0%| F|  |TAMS 0x00000000f1500000| PB 0x00000000f1500000| Untracked |  0
| 278|0x00000000f1600000, 0x00000000f1600000, 0x00000000f1700000|  0%| F|  |TAMS 0x00000000f1600000| PB 0x00000000f1600000| Untracked |  0
| 279|0x00000000f1700000, 0x00000000f1700000, 0x00000000f1800000|  0%| F|  |TAMS 0x00000000f1700000| PB 0x00000000f1700000| Untracked |  0
| 280|0x00000000f1800000, 0x00000000f1800000, 0x00000000f1900000|  0%| F|  |TAMS 0x00000000f1800000| PB 0x00000000f1800000| Untracked |  0
| 281|0x00000000f1900000, 0x00000000f1900000, 0x00000000f1a00000|  0%| F|  |TAMS 0x00000000f1900000| PB 0x00000000f1900000| Untracked |  0
| 282|0x00000000f1a00000, 0x00000000f1a00000, 0x00000000f1b00000|  0%| F|  |TAMS 0x00000000f1a00000| PB 0x00000000f1a00000| Untracked |  0
| 283|0x00000000f1b00000, 0x00000000f1b00000, 0x00000000f1c00000|  0%| F|  |TAMS 0x00000000f1b00000| PB 0x00000000f1b00000| Untracked |  0
| 284|0x00000000f1c00000, 0x00000000f1c00000, 0x00000000f1d00000|  0%| F|  |TAMS 0x00000000f1c00000| PB 0x00000000f1c00000| Untracked |  0
| 285|0x00000000f1d00000, 0x00000000f1d00000, 0x00000000f1e00000|  0%| F|  |TAMS 0x00000000f1d00000| PB 0x00000000f1d00000| Untracked |  0
| 286|0x00000000f1e00000, 0x00000000f1e00000, 0x00000000f1f00000|  0%| F|  |TAMS 0x00000000f1e00000| PB 0x00000000f1e00000| Untracked |  0
| 287|0x00000000f1f00000, 0x00000000f1f00000, 0x00000000f2000000|  0%| F|  |TAMS 0x00000000f1f00000| PB 0x00000000f1f00000| Untracked |  0
| 288|0x00000000f2000000, 0x00000000f2000000, 0x00000000f2100000|  0%| F|  |TAMS 0x00000000f2000000| PB 0x00000000f2000000| Untracked |  0
| 289|0x00000000f2100000, 0x00000000f2100000, 0x00000000f2200000|  0%| F|  |TAMS 0x00000000f2100000| PB 0x00000000f2100000| Untracked |  0
| 290|0x00000000f2200000, 0x00000000f2200000, 0x00000000f2300000|  0%| F|  |TAMS 0x00000000f2200000| PB 0x00000000f2200000| Untracked |  0
| 291|0x00000000f2300000, 0x00000000f2300000, 0x00000000f2400000|  0%| F|  |TAMS 0x00000000f2300000| PB 0x00000000f2300000| Untracked |  0
| 292|0x00000000f2400000, 0x00000000f2400000, 0x00000000f2500000|  0%| F|  |TAMS 0x00000000f2400000| PB 0x00000000f2400000| Untracked |  0
| 293|0x00000000f2500000, 0x00000000f2500000, 0x00000000f2600000|  0%| F|  |TAMS 0x00000000f2500000| PB 0x00000000f2500000| Untracked |  0
| 294|0x00000000f2600000, 0x00000000f2600000, 0x00000000f2700000|  0%| F|  |TAMS 0x00000000f2600000| PB 0x00000000f2600000| Untracked |  0
| 295|0x00000000f2700000, 0x00000000f2700000, 0x00000000f2800000|  0%| F|  |TAMS 0x00000000f2700000| PB 0x00000000f2700000| Untracked |  0
| 296|0x00000000f2800000, 0x00000000f2800000, 0x00000000f2900000|  0%| F|  |TAMS 0x00000000f2800000| PB 0x00000000f2800000| Untracked |  0
| 297|0x00000000f2900000, 0x00000000f2900000, 0x00000000f2a00000|  0%| F|  |TAMS 0x00000000f2900000| PB 0x00000000f2900000| Untracked |  0
| 298|0x00000000f2a00000, 0x00000000f2a00000, 0x00000000f2b00000|  0%| F|  |TAMS 0x00000000f2a00000| PB 0x00000000f2a00000| Untracked |  0
| 299|0x00000000f2b00000, 0x00000000f2b00000, 0x00000000f2c00000|  0%| F|  |TAMS 0x00000000f2b00000| PB 0x00000000f2b00000| Untracked |  0
| 300|0x00000000f2c00000, 0x00000000f2c00000, 0x00000000f2d00000|  0%| F|  |TAMS 0x00000000f2c00000| PB 0x00000000f2c00000| Untracked |  0
| 301|0x00000000f2d00000, 0x00000000f2d00000, 0x00000000f2e00000|  0%| F|  |TAMS 0x00000000f2d00000| PB 0x00000000f2d00000| Untracked |  0
| 302|0x00000000f2e00000, 0x00000000f2e00000, 0x00000000f2f00000|  0%| F|  |TAMS 0x00000000f2e00000| PB 0x00000000f2e00000| Untracked |  0
| 303|0x00000000f2f00000, 0x00000000f2f00000, 0x00000000f3000000|  0%| F|  |TAMS 0x00000000f2f00000| PB 0x00000000f2f00000| Untracked |  0
| 304|0x00000000f3000000, 0x00000000f3000000, 0x00000000f3100000|  0%| F|  |TAMS 0x00000000f3000000| PB 0x00000000f3000000| Untracked |  0
| 305|0x00000000f3100000, 0x00000000f3100000, 0x00000000f3200000|  0%| F|  |TAMS 0x00000000f3100000| PB 0x00000000f3100000| Untracked |  0
| 306|0x00000000f3200000, 0x00000000f3200000, 0x00000000f3300000|  0%| F|  |TAMS 0x00000000f3200000| PB 0x00000000f3200000| Untracked |  0
| 307|0x00000000f3300000, 0x00000000f3300000, 0x00000000f3400000|  0%| F|  |TAMS 0x00000000f3300000| PB 0x00000000f3300000| Untracked |  0
| 308|0x00000000f3400000, 0x00000000f3400000, 0x00000000f3500000|  0%| F|  |TAMS 0x00000000f3400000| PB 0x00000000f3400000| Untracked |  0
| 309|0x00000000f3500000, 0x00000000f3500000, 0x00000000f3600000|  0%| F|  |TAMS 0x00000000f3500000| PB 0x00000000f3500000| Untracked |  0
| 310|0x00000000f3600000, 0x00000000f3600000, 0x00000000f3700000|  0%| F|  |TAMS 0x00000000f3600000| PB 0x00000000f3600000| Untracked |  0
| 311|0x00000000f3700000, 0x00000000f3700000, 0x00000000f3800000|  0%| F|  |TAMS 0x00000000f3700000| PB 0x00000000f3700000| Untracked |  0
| 312|0x00000000f3800000, 0x00000000f3800000, 0x00000000f3900000|  0%| F|  |TAMS 0x00000000f3800000| PB 0x00000000f3800000| Untracked |  0
| 313|0x00000000f3900000, 0x00000000f3900000, 0x00000000f3a00000|  0%| F|  |TAMS 0x00000000f3900000| PB 0x00000000f3900000| Untracked |  0
| 314|0x00000000f3a00000, 0x00000000f3a00000, 0x00000000f3b00000|  0%| F|  |TAMS 0x00000000f3a00000| PB 0x00000000f3a00000| Untracked |  0
| 315|0x00000000f3b00000, 0x00000000f3b00000, 0x00000000f3c00000|  0%| F|  |TAMS 0x00000000f3b00000| PB 0x00000000f3b00000| Untracked |  0
| 316|0x00000000f3c00000, 0x00000000f3c00000, 0x00000000f3d00000|  0%| F|  |TAMS 0x00000000f3c00000| PB 0x00000000f3c00000| Untracked |  0
| 317|0x00000000f3d00000, 0x00000000f3d00000, 0x00000000f3e00000|  0%| F|  |TAMS 0x00000000f3d00000| PB 0x00000000f3d00000| Untracked |  0
| 318|0x00000000f3e00000, 0x00000000f3e00000, 0x00000000f3f00000|  0%| F|  |TAMS 0x00000000f3e00000| PB 0x00000000f3e00000| Untracked |  0
| 319|0x00000000f3f00000, 0x00000000f3f00000, 0x00000000f4000000|  0%| F|  |TAMS 0x00000000f3f00000| PB 0x00000000f3f00000| Untracked |  0
| 320|0x00000000f4000000, 0x00000000f4000000, 0x00000000f4100000|  0%| F|  |TAMS 0x00000000f4000000| PB 0x00000000f4000000| Untracked |  0
| 321|0x00000000f4100000, 0x00000000f4100000, 0x00000000f4200000|  0%| F|  |TAMS 0x00000000f4100000| PB 0x00000000f4100000| Untracked |  0
| 322|0x00000000f4200000, 0x00000000f4200000, 0x00000000f4300000|  0%| F|  |TAMS 0x00000000f4200000| PB 0x00000000f4200000| Untracked |  0
| 323|0x00000000f4300000, 0x00000000f4300000, 0x00000000f4400000|  0%| F|  |TAMS 0x00000000f4300000| PB 0x00000000f4300000| Untracked |  0
| 324|0x00000000f4400000, 0x00000000f4400000, 0x00000000f4500000|  0%| F|  |TAMS 0x00000000f4400000| PB 0x00000000f4400000| Untracked |  0
| 325|0x00000000f4500000, 0x00000000f4500000, 0x00000000f4600000|  0%| F|  |TAMS 0x00000000f4500000| PB 0x00000000f4500000| Untracked |  0
| 326|0x00000000f4600000, 0x00000000f4600000, 0x00000000f4700000|  0%| F|  |TAMS 0x00000000f4600000| PB 0x00000000f4600000| Untracked |  0
| 327|0x00000000f4700000, 0x00000000f4700000, 0x00000000f4800000|  0%| F|  |TAMS 0x00000000f4700000| PB 0x00000000f4700000| Untracked |  0
| 328|0x00000000f4800000, 0x00000000f4800000, 0x00000000f4900000|  0%| F|  |TAMS 0x00000000f4800000| PB 0x00000000f4800000| Untracked |  0
| 329|0x00000000f4900000, 0x00000000f4900000, 0x00000000f4a00000|  0%| F|  |TAMS 0x00000000f4900000| PB 0x00000000f4900000| Untracked |  0
| 330|0x00000000f4a00000, 0x00000000f4a00000, 0x00000000f4b00000|  0%| F|  |TAMS 0x00000000f4a00000| PB 0x00000000f4a00000| Untracked |  0
| 331|0x00000000f4b00000, 0x00000000f4b00000, 0x00000000f4c00000|  0%| F|  |TAMS 0x00000000f4b00000| PB 0x00000000f4b00000| Untracked |  0
| 332|0x00000000f4c00000, 0x00000000f4c00000, 0x00000000f4d00000|  0%| F|  |TAMS 0x00000000f4c00000| PB 0x00000000f4c00000| Untracked |  0
| 333|0x00000000f4d00000, 0x00000000f4d00000, 0x00000000f4e00000|  0%| F|  |TAMS 0x00000000f4d00000| PB 0x00000000f4d00000| Untracked |  0
| 334|0x00000000f4e00000, 0x00000000f4e00000, 0x00000000f4f00000|  0%| F|  |TAMS 0x00000000f4e00000| PB 0x00000000f4e00000| Untracked |  0
| 335|0x00000000f4f00000, 0x00000000f4f00000, 0x00000000f5000000|  0%| F|  |TAMS 0x00000000f4f00000| PB 0x00000000f4f00000| Untracked |  0
| 336|0x00000000f5000000, 0x00000000f5000000, 0x00000000f5100000|  0%| F|  |TAMS 0x00000000f5000000| PB 0x00000000f5000000| Untracked |  0
| 337|0x00000000f5100000, 0x00000000f5100000, 0x00000000f5200000|  0%| F|  |TAMS 0x00000000f5100000| PB 0x00000000f5100000| Untracked |  0
| 338|0x00000000f5200000, 0x00000000f5200000, 0x00000000f5300000|  0%| F|  |TAMS 0x00000000f5200000| PB 0x00000000f5200000| Untracked |  0
| 339|0x00000000f5300000, 0x00000000f5300000, 0x00000000f5400000|  0%| F|  |TAMS 0x00000000f5300000| PB 0x00000000f5300000| Untracked |  0
| 340|0x00000000f5400000, 0x00000000f5400000, 0x00000000f5500000|  0%| F|  |TAMS 0x00000000f5400000| PB 0x00000000f5400000| Untracked |  0
| 341|0x00000000f5500000, 0x00000000f5500000, 0x00000000f5600000|  0%| F|  |TAMS 0x00000000f5500000| PB 0x00000000f5500000| Untracked |  0
| 342|0x00000000f5600000, 0x00000000f5600000, 0x00000000f5700000|  0%| F|  |TAMS 0x00000000f5600000| PB 0x00000000f5600000| Untracked |  0
| 343|0x00000000f5700000, 0x00000000f5700000, 0x00000000f5800000|  0%| F|  |TAMS 0x00000000f5700000| PB 0x00000000f5700000| Untracked |  0
| 344|0x00000000f5800000, 0x00000000f5800000, 0x00000000f5900000|  0%| F|  |TAMS 0x00000000f5800000| PB 0x00000000f5800000| Untracked |  0
| 345|0x00000000f5900000, 0x00000000f5900000, 0x00000000f5a00000|  0%| F|  |TAMS 0x00000000f5900000| PB 0x00000000f5900000| Untracked |  0
| 346|0x00000000f5a00000, 0x00000000f5a00000, 0x00000000f5b00000|  0%| F|  |TAMS 0x00000000f5a00000| PB 0x00000000f5a00000| Untracked |  0
| 347|0x00000000f5b00000, 0x00000000f5b00000, 0x00000000f5c00000|  0%| F|  |TAMS 0x00000000f5b00000| PB 0x00000000f5b00000| Untracked |  0
| 348|0x00000000f5c00000, 0x00000000f5c00000, 0x00000000f5d00000|  0%| F|  |TAMS 0x00000000f5c00000| PB 0x00000000f5c00000| Untracked |  0
| 349|0x00000000f5d00000, 0x00000000f5d00000, 0x00000000f5e00000|  0%| F|  |TAMS 0x00000000f5d00000| PB 0x00000000f5d00000| Untracked |  0
| 350|0x00000000f5e00000, 0x00000000f5e00000, 0x00000000f5f00000|  0%| F|  |TAMS 0x00000000f5e00000| PB 0x00000000f5e00000| Untracked |  0
| 351|0x00000000f5f00000, 0x00000000f5f00000, 0x00000000f6000000|  0%| F|  |TAMS 0x00000000f5f00000| PB 0x00000000f5f00000| Untracked |  0
| 352|0x00000000f6000000, 0x00000000f6000000, 0x00000000f6100000|  0%| F|  |TAMS 0x00000000f6000000| PB 0x00000000f6000000| Untracked |  0
| 353|0x00000000f6100000, 0x00000000f6100000, 0x00000000f6200000|  0%| F|  |TAMS 0x00000000f6100000| PB 0x00000000f6100000| Untracked |  0
| 354|0x00000000f6200000, 0x00000000f6200000, 0x00000000f6300000|  0%| F|  |TAMS 0x00000000f6200000| PB 0x00000000f6200000| Untracked |  0
| 355|0x00000000f6300000, 0x00000000f6300000, 0x00000000f6400000|  0%| F|  |TAMS 0x00000000f6300000| PB 0x00000000f6300000| Untracked |  0
| 356|0x00000000f6400000, 0x00000000f6400000, 0x00000000f6500000|  0%| F|  |TAMS 0x00000000f6400000| PB 0x00000000f6400000| Untracked |  0
| 357|0x00000000f6500000, 0x00000000f6500000, 0x00000000f6600000|  0%| F|  |TAMS 0x00000000f6500000| PB 0x00000000f6500000| Untracked |  0
| 358|0x00000000f6600000, 0x00000000f6600000, 0x00000000f6700000|  0%| F|  |TAMS 0x00000000f6600000| PB 0x00000000f6600000| Untracked |  0
| 359|0x00000000f6700000, 0x00000000f6700000, 0x00000000f6800000|  0%| F|  |TAMS 0x00000000f6700000| PB 0x00000000f6700000| Untracked |  0
| 360|0x00000000f6800000, 0x00000000f6800000, 0x00000000f6900000|  0%| F|  |TAMS 0x00000000f6800000| PB 0x00000000f6800000| Untracked |  0
| 361|0x00000000f6900000, 0x00000000f6900000, 0x00000000f6a00000|  0%| F|  |TAMS 0x00000000f6900000| PB 0x00000000f6900000| Untracked |  0
| 362|0x00000000f6a00000, 0x00000000f6ad3f90, 0x00000000f6b00000| 82%| S|CS|TAMS 0x00000000f6a00000| PB 0x00000000f6a00000| Complete |  0
| 363|0x00000000f6b00000, 0x00000000f6c00000, 0x00000000f6c00000|100%| S|CS|TAMS 0x00000000f6b00000| PB 0x00000000f6b00000| Complete |  0
| 364|0x00000000f6c00000, 0x00000000f6d00000, 0x00000000f6d00000|100%| S|CS|TAMS 0x00000000f6c00000| PB 0x00000000f6c00000| Complete |  0
| 365|0x00000000f6d00000, 0x00000000f6e00000, 0x00000000f6e00000|100%| S|CS|TAMS 0x00000000f6d00000| PB 0x00000000f6d00000| Complete |  0
| 366|0x00000000f6e00000, 0x00000000f6f00000, 0x00000000f6f00000|100%| S|CS|TAMS 0x00000000f6e00000| PB 0x00000000f6e00000| Complete |  0
| 367|0x00000000f6f00000, 0x00000000f6f00000, 0x00000000f7000000|  0%| F|  |TAMS 0x00000000f6f00000| PB 0x00000000f6f00000| Untracked |  0
| 368|0x00000000f7000000, 0x00000000f7000000, 0x00000000f7100000|  0%| F|  |TAMS 0x00000000f7000000| PB 0x00000000f7000000| Untracked |  0
| 369|0x00000000f7100000, 0x00000000f7100000, 0x00000000f7200000|  0%| F|  |TAMS 0x00000000f7100000| PB 0x00000000f7100000| Untracked |  0
| 370|0x00000000f7200000, 0x00000000f7200000, 0x00000000f7300000|  0%| F|  |TAMS 0x00000000f7200000| PB 0x00000000f7200000| Untracked |  0
| 371|0x00000000f7300000, 0x00000000f7300000, 0x00000000f7400000|  0%| F|  |TAMS 0x00000000f7300000| PB 0x00000000f7300000| Untracked |  0
| 372|0x00000000f7400000, 0x00000000f7400000, 0x00000000f7500000|  0%| F|  |TAMS 0x00000000f7400000| PB 0x00000000f7400000| Untracked |  0
| 373|0x00000000f7500000, 0x00000000f7500000, 0x00000000f7600000|  0%| F|  |TAMS 0x00000000f7500000| PB 0x00000000f7500000| Untracked |  0
| 374|0x00000000f7600000, 0x00000000f7600000, 0x00000000f7700000|  0%| F|  |TAMS 0x00000000f7600000| PB 0x00000000f7600000| Untracked |  0
| 375|0x00000000f7700000, 0x00000000f7700000, 0x00000000f7800000|  0%| F|  |TAMS 0x00000000f7700000| PB 0x00000000f7700000| Untracked |  0
| 376|0x00000000f7800000, 0x00000000f7800000, 0x00000000f7900000|  0%| F|  |TAMS 0x00000000f7800000| PB 0x00000000f7800000| Untracked |  0
| 377|0x00000000f7900000, 0x00000000f7900000, 0x00000000f7a00000|  0%| F|  |TAMS 0x00000000f7900000| PB 0x00000000f7900000| Untracked |  0
| 378|0x00000000f7a00000, 0x00000000f7a00000, 0x00000000f7b00000|  0%| F|  |TAMS 0x00000000f7a00000| PB 0x00000000f7a00000| Untracked |  0
| 379|0x00000000f7b00000, 0x00000000f7b00000, 0x00000000f7c00000|  0%| F|  |TAMS 0x00000000f7b00000| PB 0x00000000f7b00000| Untracked |  0
| 380|0x00000000f7c00000, 0x00000000f7c00000, 0x00000000f7d00000|  0%| F|  |TAMS 0x00000000f7c00000| PB 0x00000000f7c00000| Untracked |  0
| 381|0x00000000f7d00000, 0x00000000f7d00000, 0x00000000f7e00000|  0%| F|  |TAMS 0x00000000f7d00000| PB 0x00000000f7d00000| Untracked |  0
| 382|0x00000000f7e00000, 0x00000000f7e00000, 0x00000000f7f00000|  0%| F|  |TAMS 0x00000000f7e00000| PB 0x00000000f7e00000| Untracked |  0
| 383|0x00000000f7f00000, 0x00000000f7f00000, 0x00000000f8000000|  0%| F|  |TAMS 0x00000000f7f00000| PB 0x00000000f7f00000| Untracked |  0
| 384|0x00000000f8000000, 0x00000000f8000000, 0x00000000f8100000|  0%| F|  |TAMS 0x00000000f8000000| PB 0x00000000f8000000| Untracked |  0
| 385|0x00000000f8100000, 0x00000000f8100000, 0x00000000f8200000|  0%| F|  |TAMS 0x00000000f8100000| PB 0x00000000f8100000| Untracked |  0
| 386|0x00000000f8200000, 0x00000000f8200000, 0x00000000f8300000|  0%| F|  |TAMS 0x00000000f8200000| PB 0x00000000f8200000| Untracked |  0
| 387|0x00000000f8300000, 0x00000000f8300000, 0x00000000f8400000|  0%| F|  |TAMS 0x00000000f8300000| PB 0x00000000f8300000| Untracked |  0
| 388|0x00000000f8400000, 0x00000000f8400000, 0x00000000f8500000|  0%| F|  |TAMS 0x00000000f8400000| PB 0x00000000f8400000| Untracked |  0
| 389|0x00000000f8500000, 0x00000000f8500000, 0x00000000f8600000|  0%| F|  |TAMS 0x00000000f8500000| PB 0x00000000f8500000| Untracked |  0
| 390|0x00000000f8600000, 0x00000000f8600000, 0x00000000f8700000|  0%| F|  |TAMS 0x00000000f8600000| PB 0x00000000f8600000| Untracked |  0
| 391|0x00000000f8700000, 0x00000000f8700000, 0x00000000f8800000|  0%| F|  |TAMS 0x00000000f8700000| PB 0x00000000f8700000| Untracked |  0
| 392|0x00000000f8800000, 0x00000000f8800000, 0x00000000f8900000|  0%| F|  |TAMS 0x00000000f8800000| PB 0x00000000f8800000| Untracked |  0
| 393|0x00000000f8900000, 0x00000000f8900000, 0x00000000f8a00000|  0%| F|  |TAMS 0x00000000f8900000| PB 0x00000000f8900000| Untracked |  0
| 394|0x00000000f8a00000, 0x00000000f8a00000, 0x00000000f8b00000|  0%| F|  |TAMS 0x00000000f8a00000| PB 0x00000000f8a00000| Untracked |  0
| 395|0x00000000f8b00000, 0x00000000f8b00000, 0x00000000f8c00000|  0%| F|  |TAMS 0x00000000f8b00000| PB 0x00000000f8b00000| Untracked |  0
| 396|0x00000000f8c00000, 0x00000000f8c00000, 0x00000000f8d00000|  0%| F|  |TAMS 0x00000000f8c00000| PB 0x00000000f8c00000| Untracked |  0
| 397|0x00000000f8d00000, 0x00000000f8d00000, 0x00000000f8e00000|  0%| F|  |TAMS 0x00000000f8d00000| PB 0x00000000f8d00000| Untracked |  0
| 398|0x00000000f8e00000, 0x00000000f8e00000, 0x00000000f8f00000|  0%| F|  |TAMS 0x00000000f8e00000| PB 0x00000000f8e00000| Untracked |  0
| 399|0x00000000f8f00000, 0x00000000f8f00000, 0x00000000f9000000|  0%| F|  |TAMS 0x00000000f8f00000| PB 0x00000000f8f00000| Untracked |  0
| 400|0x00000000f9000000, 0x00000000f9000000, 0x00000000f9100000|  0%| F|  |TAMS 0x00000000f9000000| PB 0x00000000f9000000| Untracked |  0
| 401|0x00000000f9100000, 0x00000000f9100000, 0x00000000f9200000|  0%| F|  |TAMS 0x00000000f9100000| PB 0x00000000f9100000| Untracked |  0
| 402|0x00000000f9200000, 0x00000000f9300000, 0x00000000f9300000|100%| E|  |TAMS 0x00000000f9200000| PB 0x00000000f9200000| Complete |  0
| 403|0x00000000f9300000, 0x00000000f9400000, 0x00000000f9400000|100%| E|CS|TAMS 0x00000000f9300000| PB 0x00000000f9300000| Complete |  0
| 404|0x00000000f9400000, 0x00000000f9500000, 0x00000000f9500000|100%| E|CS|TAMS 0x00000000f9400000| PB 0x00000000f9400000| Complete |  0
| 405|0x00000000f9500000, 0x00000000f9600000, 0x00000000f9600000|100%| E|CS|TAMS 0x00000000f9500000| PB 0x00000000f9500000| Complete |  0
| 406|0x00000000f9600000, 0x00000000f9700000, 0x00000000f9700000|100%| E|CS|TAMS 0x00000000f9600000| PB 0x00000000f9600000| Complete |  0
| 407|0x00000000f9700000, 0x00000000f9800000, 0x00000000f9800000|100%| E|CS|TAMS 0x00000000f9700000| PB 0x00000000f9700000| Complete |  0
| 408|0x00000000f9800000, 0x00000000f9900000, 0x00000000f9900000|100%| E|CS|TAMS 0x00000000f9800000| PB 0x00000000f9800000| Complete |  0
| 409|0x00000000f9900000, 0x00000000f9a00000, 0x00000000f9a00000|100%| E|CS|TAMS 0x00000000f9900000| PB 0x00000000f9900000| Complete |  0
| 410|0x00000000f9a00000, 0x00000000f9b00000, 0x00000000f9b00000|100%| E|CS|TAMS 0x00000000f9a00000| PB 0x00000000f9a00000| Complete |  0
| 411|0x00000000f9b00000, 0x00000000f9c00000, 0x00000000f9c00000|100%| E|CS|TAMS 0x00000000f9b00000| PB 0x00000000f9b00000| Complete |  0
| 412|0x00000000f9c00000, 0x00000000f9d00000, 0x00000000f9d00000|100%| E|CS|TAMS 0x00000000f9c00000| PB 0x00000000f9c00000| Complete |  0
| 413|0x00000000f9d00000, 0x00000000f9e00000, 0x00000000f9e00000|100%| E|CS|TAMS 0x00000000f9d00000| PB 0x00000000f9d00000| Complete |  0
| 510|0x00000000ffe00000, 0x00000000fff00000, 0x00000000fff00000|100%| O|  |TAMS 0x00000000ffe00000| PB 0x00000000ffe00000| Untracked |  0
| 511|0x00000000fff00000, 0x00000000fff1c318, 0x0000000100000000| 11%| O|  |TAMS 0x00000000fff00000| PB 0x00000000fff00000| Untracked |  0

Card table byte_map: [0x000001deab870000,0x000001deab970000] _byte_map_base: 0x000001deab170000

Marking Bits: (CMBitMap*) 0x000001de933e9c10
 Bits: [0x000001deab970000, 0x000001deac170000)

Polling page: 0x000001de91150000

Metaspace:

Usage:
  Non-class:     11.81 MB used.
      Class:      1.41 MB used.
       Both:     13.22 MB used.

Virtual space:
  Non-class space:       64.00 MB reserved,      12.12 MB ( 19%) committed,  1 nodes.
      Class space:        1.00 GB reserved,       1.62 MB ( <1%) committed,  1 nodes.
             Both:        1.06 GB reserved,      13.75 MB (  1%) committed. 

Chunk freelists:
   Non-Class:  3.80 MB
       Class:  14.39 MB
        Both:  18.19 MB

MaxMetaspaceSize: unlimited
CompressedClassSpaceSize: 1.00 GB
Initial GC threshold: 21.00 MB
Current GC threshold: 21.00 MB
CDS: on
 - commit_granule_bytes: 65536.
 - commit_granule_words: 8192.
 - virtual_space_node_default_size: 8388608.
 - enlarge_chunks_in_place: 1.
UseCompressedClassPointers 1, UseCompactObjectHeaders 0
Narrow klass pointer bits 32, Max shift 3
Narrow klass base: 0x000001deb0000000, Narrow klass shift: 0
Encoding Range: [0x000001deb0000000 - 0x000001dfb0000000), (4294967296 bytes)
Klass Range:    [0x000001deb0000000 - 0x000001def1000000), (1090519040 bytes)
Klass ID Range:  [8 - 1090519033) (1090519025)


Internal statistics:

num_allocs_failed_limit: 0.
num_arena_births: 554.
num_arena_deaths: 0.
num_vsnodes_births: 2.
num_vsnodes_deaths: 0.
num_space_committed: 220.
num_space_uncommitted: 0.
num_chunks_returned_to_freelist: 0.
num_chunks_taken_from_freelist: 1012.
num_chunk_merges: 0.
num_chunk_splits: 629.
num_chunks_enlarged: 380.
num_inconsistent_stats: 0.

CodeHeap 'non-profiled nmethods': size=119232Kb used=908Kb max_used=908Kb free=118324Kb
 bounds [0x000001dea3a50000, 0x000001dea3cc0000, 0x000001deaaec0000]
CodeHeap 'profiled nmethods': size=119104Kb used=4422Kb max_used=4422Kb free=114681Kb
 bounds [0x000001de9bec0000, 0x000001de9c320000, 0x000001dea3310000]
CodeHeap 'non-nmethods': size=7424Kb used=3272Kb max_used=3341Kb free=4151Kb
 bounds [0x000001dea3310000, 0x000001dea3670000, 0x000001dea3a50000]
CodeCache: size=245760Kb, used=8602Kb, max_used=8671Kb, free=237156Kb
 total_blobs=3227, nmethods=2618, adapters=504, full_count=0
Compilation: enabled, stopped_count=0, restarted_count=0

Compilation events (20 events):
Event: 0.929 Thread 0x000001def5004600 nmethod 2603 0x000001de9c309208 code [0x000001de9c309360, 0x000001de9c3098f8]
Event: 0.929 Thread 0x000001deaf130c30 nmethod 2602 0x000001de9c309988 code [0x000001de9c309b00, 0x000001de9c30a270]
Event: 0.929 Thread 0x000001deafd1ae40 2606       3       java.lang.invoke.MethodHandles$Lookup::makeHiddenClassDefiner (15 bytes)
Event: 0.929 Thread 0x000001def5004600 2609   !   3       java.lang.invoke.LambdaForm::lambdaName (49 bytes)
Event: 0.929 Thread 0x000001deaf130c30 2610       3       java.lang.invoke.InvokerBytecodeGenerator$3::<init> (10 bytes)
Event: 0.929 Thread 0x000001deafd1ae40 nmethod 2606 0x000001de9c30a308 code [0x000001de9c30a440, 0x000001de9c30a6f8]
Event: 0.929 Thread 0x000001deaf130c30 nmethod 2610 0x000001de9c30a788 code [0x000001de9c30a8a0, 0x000001de9c30aa60]
Event: 0.929 Thread 0x000001def5004600 nmethod 2609 0x000001de9c30aa88 code [0x000001de9c30aba0, 0x000001de9c30acc0]
Event: 0.929 Thread 0x000001deaf3156e0 nmethod 2593 0x000001de9c30ad88 code [0x000001de9c30b260, 0x000001de9c30f308]
Event: 0.929 Thread 0x000001deafd1ae40 2615       3       java.lang.invoke.MethodHandleNatives::refKindIsGetter (32 bytes)
Event: 0.929 Thread 0x000001deaf130c30 2611   !   3       java.lang.invoke.InvokerBytecodeGenerator::classFileSetup (36 bytes)
Event: 0.929 Thread 0x000001def5004600 2612       3       java.lang.invoke.InvokerBytecodeGenerator$1::<init> (15 bytes)
Event: 0.930 Thread 0x000001deafd1ae40 nmethod 2615 0x000001de9c30f408 code [0x000001de9c30f520, 0x000001de9c30f668]
Event: 0.930 Thread 0x000001def5004600 nmethod 2612 0x000001de9c30f708 code [0x000001de9c30f820, 0x000001de9c30fa40]
Event: 0.930 Thread 0x000001deafd1ae40 2613       3       java.lang.invoke.InvokerBytecodeGenerator$1::accept (9 bytes)
Event: 0.930 Thread 0x000001def5004600 2614   !   3       java.lang.invoke.InvokerBytecodeGenerator::resolveInvokerMember (43 bytes)
Event: 0.930 Thread 0x000001deaf130c30 nmethod 2611 0x000001de9c30fa88 code [0x000001de9c30fbe0, 0x000001de9c310020]
Event: 0.930 Thread 0x000001deafd1ae40 nmethod 2613 0x000001de9c310088 code [0x000001de9c3101a0, 0x000001de9c3103e0]
Event: 0.930 Thread 0x000001def5004600 nmethod 2614 0x000001de9c310408 code [0x000001de9c310560, 0x000001de9c3108d0]
Event: 0.931 Thread 0x000001deaf3156e0 2618       3       java.lang.invoke.LambdaForm::invokeArguments (63 bytes)

GC Heap History (2 events):
Event: 0.798 GC heap before
{Heap before GC invocations=0 (full 0):
 garbage-first heap   total reserved 524288K, committed 425984K, used 50288K [0x00000000e0000000, 0x0000000100000000)
  region size 1024K, 47 young (48128K), 0 survivors (0K)
 Metaspace       used 11259K, committed 11648K, reserved 1114112K
  class space    used 1169K, committed 1344K, reserved 1048576K
}
Event: 0.801 GC heap after
{Heap after GC invocations=1 (full 0):
 garbage-first heap   total reserved 524288K, committed 425984K, used 6080K [0x00000000e0000000, 0x0000000100000000)
  region size 1024K, 5 young (5120K), 5 survivors (5120K)
 Metaspace       used 11259K, committed 11648K, reserved 1114112K
  class space    used 1169K, committed 1344K, reserved 1048576K
}

Dll operation events (12 events):
Event: 0.006 Loaded shared library C:\Users\ziad\.jdks\azul-24.0.2\bin\java.dll
Event: 0.025 Loaded shared library C:\Users\ziad\.jdks\azul-24.0.2\bin\jsvml.dll
Event: 0.038 Loaded shared library C:\Users\ziad\.jdks\azul-24.0.2\bin\net.dll
Event: 0.039 Loaded shared library C:\Users\ziad\.jdks\azul-24.0.2\bin\nio.dll
Event: 0.041 Loaded shared library C:\Users\ziad\.jdks\azul-24.0.2\bin\zip.dll
Event: 0.079 Loaded shared library C:\Users\ziad\.jdks\azul-24.0.2\bin\verify.dll
Event: 0.082 Loaded shared library C:\Users\ziad\.jdks\azul-24.0.2\bin\jimage.dll
Event: 0.247 Loaded shared library C:\Users\ziad\.jdks\azul-24.0.2\bin\extnet.dll
Event: 0.308 Loaded shared library C:\Users\ziad\.jdks\azul-24.0.2\bin\sunmscapi.dll
Event: 0.860 Loaded shared library C:\Windows\System32\ucrtbase.dll
Event: 0.861 Loaded shared library C:\Users\ziad\.jdks\azul-24.0.2\bin\syslookup.dll
Event: 0.863 Loaded shared library kernel32

Deoptimization events (20 events):
Event: 0.759 Thread 0x000001de90ecf7e0 DEOPT PACKING pc=0x000001de9c13763c sp=0x000000aad7efa8e0
Event: 0.759 Thread 0x000001de90ecf7e0 DEOPT UNPACKING pc=0x000001dea3366642 sp=0x000000aad7ef9dd8 mode 0
Event: 0.801 Thread 0x000001de90ecf7e0 Uncommon trap: trap_request=0xffffff4d fr.pc=0x000001dea3adecac relative=0x00000000000000ac
Event: 0.801 Thread 0x000001de90ecf7e0 Uncommon trap: reason=unstable_if action=reinterpret pc=0x000001dea3adecac method=java.lang.ref.SoftReference.get()Ljava/lang/Object; @ 17 c2
Event: 0.801 Thread 0x000001de90ecf7e0 DEOPT PACKING pc=0x000001dea3adecac sp=0x000000aad7eeb970
Event: 0.801 Thread 0x000001de90ecf7e0 DEOPT UNPACKING pc=0x000001dea3437702 sp=0x000000aad7eeb900 mode 2
Event: 0.807 Thread 0x000001de90ecf7e0 Uncommon trap: trap_request=0xffffff4d fr.pc=0x000001dea3ac5e60 relative=0x0000000000000060
Event: 0.807 Thread 0x000001de90ecf7e0 Uncommon trap: reason=unstable_if action=reinterpret pc=0x000001dea3ac5e60 method=java.lang.ref.ReferenceQueue.poll()Ljava/lang/ref/Reference; @ 4 c2
Event: 0.807 Thread 0x000001de90ecf7e0 DEOPT PACKING pc=0x000001dea3ac5e60 sp=0x000000aad7efab30
Event: 0.807 Thread 0x000001de90ecf7e0 DEOPT UNPACKING pc=0x000001dea3437702 sp=0x000000aad7efaa38 mode 2
Event: 0.807 Thread 0x000001de90ecf7e0 Uncommon trap: trap_request=0xffffff4d fr.pc=0x000001dea3a8c158 relative=0x0000000000000058
Event: 0.807 Thread 0x000001de90ecf7e0 Uncommon trap: reason=unstable_if action=reinterpret pc=0x000001dea3a8c158 method=java.lang.ref.ReferenceQueue.poll()Ljava/lang/ref/Reference; @ 4 c2
Event: 0.807 Thread 0x000001de90ecf7e0 DEOPT PACKING pc=0x000001dea3a8c158 sp=0x000000aad7efaac0
Event: 0.807 Thread 0x000001de90ecf7e0 DEOPT UNPACKING pc=0x000001dea3437702 sp=0x000000aad7efaa38 mode 2
Event: 0.850 Thread 0x000001de90ecf7e0 DEOPT PACKING pc=0x000001de9c29288a sp=0x000000aad7efafc0
Event: 0.850 Thread 0x000001de90ecf7e0 DEOPT UNPACKING pc=0x000001dea3366642 sp=0x000000aad7efa4d0 mode 0
Event: 0.887 Thread 0x000001de90ecf7e0 Uncommon trap: trap_request=0xffffffcc fr.pc=0x000001dea3b1c478 relative=0x00000000000003b8
Event: 0.887 Thread 0x000001de90ecf7e0 Uncommon trap: reason=intrinsic_or_type_checked_inlining action=make_not_entrant pc=0x000001dea3b1c478 method=java.util.Arrays.copyOf([Ljava/lang/Object;ILjava/lang/Class;)[Ljava/lang/Object; @ 35 c2
Event: 0.887 Thread 0x000001de90ecf7e0 DEOPT PACKING pc=0x000001dea3b1c478 sp=0x000000aad7efb6b0
Event: 0.887 Thread 0x000001de90ecf7e0 DEOPT UNPACKING pc=0x000001dea3437702 sp=0x000000aad7efb658 mode 2

Classes loaded (20 events):
Event: 0.891 Loading class java/lang/invoke/VarHandleSegmentAsInts
Event: 0.891 Loading class java/lang/invoke/VarHandleSegmentAsInts done
Event: 0.902 Loading class java/util/concurrent/ConcurrentHashMap$EntrySpliterator
Event: 0.902 Loading class java/util/concurrent/ConcurrentHashMap$EntrySpliterator done
Event: 0.903 Loading class java/util/Collections$ReverseComparator
Event: 0.903 Loading class java/util/Collections$ReverseComparator done
Event: 0.903 Loading class java/util/Collections$ReverseComparator2
Event: 0.903 Loading class java/util/Collections$ReverseComparator2 done
Event: 0.912 Loading class java/lang/invoke/LambdaFormEditor$1
Event: 0.912 Loading class java/lang/invoke/LambdaFormEditor$1 done
Event: 0.913 Loading class java/lang/invoke/MethodHandleImpl$Makers
Event: 0.913 Loading class java/lang/invoke/MethodHandleImpl$Makers done
Event: 0.913 Loading class java/lang/invoke/MethodHandleImpl$Makers$1
Event: 0.913 Loading class java/lang/invoke/MethodHandleImpl$Makers$1 done
Event: 0.913 Loading class java/lang/invoke/MethodHandleImpl$Makers$2
Event: 0.913 Loading class java/lang/invoke/MethodHandleImpl$Makers$2 done
Event: 0.913 Loading class java/lang/invoke/MethodHandleImpl$Makers$3
Event: 0.913 Loading class java/lang/invoke/MethodHandleImpl$Makers$3 done
Event: 0.913 Loading class java/lang/invoke/MethodHandleImpl$CountingWrapper
Event: 0.913 Loading class java/lang/invoke/MethodHandleImpl$CountingWrapper done

Classes unloaded (0 events):
No events

Classes redefined (0 events):
No events

Internal exceptions (20 events):
Event: 0.886 Thread 0x000001de90ecf7e0 Exception <a 'java/lang/NoSuchMethodError'{0x00000000f9765160}: 'long java.lang.invoke.DirectMethodHandle$Holder.invokeStatic(java.lang.Object, long, long)'> (0x00000000f9765160) 
thrown [s\src\hotspot\share\interpreter\linkResolver.cpp, line 805]
Event: 0.888 Thread 0x000001de90ecf7e0 Exception <a 'java/lang/NoSuchMethodError'{0x00000000f97a0ab8}: 'void java.lang.invoke.DelegatingMethodHandle$Holder.reinvoke_L(java.lang.Object, java.lang.Object, java.lang.Object, java.lang.Object, long, long, int)'> (0x00000000f97a0ab8) 
thrown [s\src\hotspot\share\interpreter\linkResolver.cpp, line 805]
Event: 0.889 Thread 0x000001de90ecf7e0 Exception <a 'java/lang/NoSuchMethodError'{0x00000000f97c0d50}: 'java.lang.Object java.lang.invoke.DirectMethodHandle$Holder.invokeStatic(java.lang.Object, java.lang.Object, java.lang.Object, java.lang.Object, java.lang.Object, long)'> (0x00000000f97c0d50) 
thrown [s\src\hotspot\share\interpreter\linkResolver.cpp, line 805]
Event: 0.891 Thread 0x000001de90ecf7e0 Exception <a 'java/lang/NoSuchMethodError'{0x00000000f97e5380}: 'void java.lang.invoke.DelegatingMethodHandle$Holder.reinvoke_L(java.lang.Object, java.lang.Object, java.lang.Object, java.lang.Object, long, long, long)'> (0x00000000f97e5380) 
thrown [s\src\hotspot\share\interpreter\linkResolver.cpp, line 805]
Event: 0.893 Thread 0x000001de90ecf7e0 Exception <a 'java/lang/NoSuchMethodError'{0x00000000f9616970}: 'long java.lang.invoke.DirectMethodHandle$Holder.invokeStatic(java.lang.Object, java.lang.Object, java.lang.Object, long)'> (0x00000000f9616970) 
thrown [s\src\hotspot\share\interpreter\linkResolver.cpp, line 805]
Event: 0.893 Thread 0x000001de90ecf7e0 Exception <a 'java/lang/NoSuchMethodError'{0x00000000f961f008}: 'long java.lang.invoke.DirectMethodHandle$Holder.invokeStaticInit(java.lang.Object, java.lang.Object, java.lang.Object, long)'> (0x00000000f961f008) 
thrown [s\src\hotspot\share\interpreter\linkResolver.cpp, line 805]
Event: 0.894 Thread 0x000001de90ecf7e0 Exception <a 'java/lang/NoSuchMethodError'{0x00000000f962f968}: 'long java.lang.invoke.DelegatingMethodHandle$Holder.reinvoke_L(java.lang.Object, java.lang.Object, java.lang.Object, long)'> (0x00000000f962f968) 
thrown [s\src\hotspot\share\interpreter\linkResolver.cpp, line 805]
Event: 0.894 Thread 0x000001de90ecf7e0 Exception <a 'java/lang/NoSuchMethodError'{0x00000000f9658bf8}: 'java.lang.Object java.lang.invoke.Invokers$Holder.invoke_MT(java.lang.Object, long, java.lang.Object)'> (0x00000000f9658bf8) 
thrown [s\src\hotspot\share\interpreter\linkResolver.cpp, line 805]
Event: 0.898 Thread 0x000001de90ecf7e0 Exception <a 'java/lang/NoSuchMethodError'{0x00000000f96a99c8}: 'void java.lang.invoke.DirectMethodHandle$Holder.invokeSpecial(java.lang.Object, java.lang.Object, java.lang.Object, long, int)'> (0x00000000f96a99c8) 
thrown [s\src\hotspot\share\interpreter\linkResolver.cpp, line 805]
Event: 0.913 Thread 0x000001de90ecf7e0 Exception <a 'java/lang/NoSuchMethodError'{0x00000000f94a8cf8}: 'java.lang.Object java.lang.invoke.DirectMethodHandle$Holder.invokeSpecial(java.lang.Object, java.lang.Object, int, java.lang.Object, java.lang.Object)'> (0x00000000f94a8cf8) 
thrown [s\src\hotspot\share\interpreter\linkResolver.cpp, line 805]
Event: 0.913 Thread 0x000001de90ecf7e0 Exception <a 'java/lang/NoSuchMethodError'{0x00000000f94b1390}: 'java.lang.Object java.lang.invoke.DelegatingMethodHandle$Holder.delegate(java.lang.Object, int, java.lang.Object, java.lang.Object)'> (0x00000000f94b1390) 
thrown [s\src\hotspot\share\interpreter\linkResolver.cpp, line 805]
Event: 0.914 Thread 0x000001de90ecf7e0 Exception <a 'java/lang/NoSuchMethodError'{0x00000000f94d6c88}: 'int java.lang.invoke.Invokers$Holder.linkToTargetMethod(java.lang.Object, java.lang.Object, java.lang.Object)'> (0x00000000f94d6c88) 
thrown [s\src\hotspot\share\interpreter\linkResolver.cpp, line 805]
Event: 0.916 Thread 0x000001de90ecf7e0 Exception <a 'java/lang/NoSuchMethodError'{0x00000000f94fc3f8}: 'long java.lang.invoke.DirectMethodHandle$Holder.invokeStaticInit(java.lang.Object, java.lang.Object, java.lang.Object, long, long, long)'> (0x00000000f94fc3f8) 
thrown [s\src\hotspot\share\interpreter\linkResolver.cpp, line 805]
Event: 0.917 Thread 0x000001de90ecf7e0 Exception <a 'java/lang/NoSuchMethodError'{0x00000000f930eda0}: 'long java.lang.invoke.DelegatingMethodHandle$Holder.reinvoke_L(java.lang.Object, java.lang.Object, java.lang.Object, long, long, long)'> (0x00000000f930eda0) 
thrown [s\src\hotspot\share\interpreter\linkResolver.cpp, line 805]
Event: 0.923 Thread 0x000001de90ecf7e0 Exception <a 'java/lang/NoSuchMethodError'{0x00000000f93c5ab8}: 'long java.lang.invoke.DirectMethodHandle$Holder.invokeStaticInit(java.lang.Object, java.lang.Object, java.lang.Object)'> (0x00000000f93c5ab8) 
thrown [s\src\hotspot\share\interpreter\linkResolver.cpp, line 805]
Event: 0.924 Thread 0x000001de90ecf7e0 Exception <a 'java/lang/NoSuchMethodError'{0x00000000f93d6268}: 'long java.lang.invoke.DelegatingMethodHandle$Holder.reinvoke_L(java.lang.Object, java.lang.Object, java.lang.Object)'> (0x00000000f93d6268) 
thrown [s\src\hotspot\share\interpreter\linkResolver.cpp, line 805]
Event: 0.928 Thread 0x000001de90ecf7e0 Exception <a 'java/lang/NoSuchMethodError'{0x00000000f9234010}: 'long java.lang.invoke.DirectMethodHandle$Holder.invokeStaticInit(java.lang.Object, java.lang.Object, java.lang.Object, long, long)'> (0x00000000f9234010) 
thrown [s\src\hotspot\share\interpreter\linkResolver.cpp, line 805]
Event: 0.929 Thread 0x000001de90ecf7e0 Exception <a 'java/lang/NoSuchMethodError'{0x00000000f9244a00}: 'long java.lang.invoke.DelegatingMethodHandle$Holder.reinvoke_L(java.lang.Object, java.lang.Object, java.lang.Object, long, long)'> (0x00000000f9244a00) 
thrown [s\src\hotspot\share\interpreter\linkResolver.cpp, line 805]
Event: 0.930 Thread 0x000001de90ecf7e0 Exception <a 'java/lang/NoSuchMethodError'{0x00000000f926e628}: 'java.lang.Object java.lang.invoke.Invokers$Holder.invoke_MT(java.lang.Object, long, long, java.lang.Object)'> (0x00000000f926e628) 
thrown [s\src\hotspot\share\interpreter\linkResolver.cpp, line 805]
Event: 0.931 Thread 0x000001de90ecf7e0 Exception <a 'java/lang/NoSuchMethodError'{0x00000000f92809a0}: 'long java.lang.invoke.DirectMethodHandle$Holder.invokeSpecial(java.lang.Object, java.lang.Object, long, long, long)'> (0x00000000f92809a0) 
thrown [s\src\hotspot\share\interpreter\linkResolver.cpp, line 805]

VM Operations (20 events):
Event: 0.634 Executing VM operation: HandshakeAllThreads (Deoptimize)
Event: 0.634 Executing VM operation: HandshakeAllThreads (Deoptimize) done
Event: 0.752 Executing VM operation: HandshakeAllThreads (Deoptimize)
Event: 0.752 Executing VM operation: HandshakeAllThreads (Deoptimize) done
Event: 0.759 Executing VM operation: HandshakeAllThreads (Deoptimize)
Event: 0.759 Executing VM operation: HandshakeAllThreads (Deoptimize) done
Event: 0.759 Executing VM operation: HandshakeAllThreads (Deoptimize)
Event: 0.759 Executing VM operation: HandshakeAllThreads (Deoptimize) done
Event: 0.798 Executing VM operation: G1CollectForAllocation (G1 Evacuation Pause)
Event: 0.801 Executing VM operation: G1CollectForAllocation (G1 Evacuation Pause) done
Event: 0.872 Executing VM operation: HandshakeAllThreads (Deoptimize)
Event: 0.872 Executing VM operation: HandshakeAllThreads (Deoptimize) done
Event: 0.887 Executing VM operation: HandshakeAllThreads (Deoptimize)
Event: 0.887 Executing VM operation: HandshakeAllThreads (Deoptimize) done
Event: 0.899 Executing VM operation: HandshakeAllThreads (CloseScopedMemory)
Event: 0.899 Executing VM operation: HandshakeAllThreads (CloseScopedMemory) done
Event: 0.920 Executing VM operation: HandshakeAllThreads (CloseScopedMemory)
Event: 0.920 Executing VM operation: HandshakeAllThreads (CloseScopedMemory) done
Event: 0.925 Executing VM operation: HandshakeAllThreads (CloseScopedMemory)
Event: 0.925 Executing VM operation: HandshakeAllThreads (CloseScopedMemory) done

Memory protections (0 events):
No events

Nmethod flushes (0 events):
No events

Events (20 events):
Event: 0.014 Thread 0x000001de90ecf7e0 Thread added: 0x000001de90ecf7e0
Event: 0.023 Thread 0x000001de90ecf7e0 Thread added: 0x000001deaf117630
Event: 0.023 Thread 0x000001de90ecf7e0 Thread added: 0x000001deaf117f70
Event: 0.023 Thread 0x000001de90ecf7e0 Thread added: 0x000001deaf11a7f0
Event: 0.023 Thread 0x000001de90ecf7e0 Thread added: 0x000001deaf11b7a0
Event: 0.023 Thread 0x000001de90ecf7e0 Thread added: 0x000001deaf11c5c0
Event: 0.023 Thread 0x000001de90ecf7e0 Thread added: 0x000001deaf11f870
Event: 0.023 Thread 0x000001de90ecf7e0 Thread added: 0x000001deaf122900
Event: 0.023 Thread 0x000001de90ecf7e0 Thread added: 0x000001deaf130c30
Event: 0.033 Thread 0x000001deaf122900 Thread added: 0x000001deaf3156e0
Event: 0.035 Thread 0x000001de90ecf7e0 Thread added: 0x000001deaf361dc0
Event: 0.036 Thread 0x000001de90ecf7e0 Thread added: 0x000001deaf388350
Event: 0.067 Thread 0x000001deaf3156e0 Thread added: 0x000001deaf3cdb80
Event: 0.229 Thread 0x000001deaf3cdb80 Thread added: 0x000001deafd1ae40
Event: 0.230 Thread 0x000001deaf130c30 Thread added: 0x000001def5004600
Event: 0.286 Thread 0x000001de90ecf7e0 Thread added: 0x000001def507d760
Event: 0.339 Thread 0x000001de90ecf7e0 Thread added: 0x000001def50c4e70
Event: 0.339 Thread 0x000001de90ecf7e0 Thread added: 0x000001def50c55b0
Event: 0.517 Thread 0x000001deafd1ae40 Thread added: 0x000001def5229d60
Event: 0.523 Thread 0x000001deafd1ae40 Thread added: 0x000001def520e5c0


Dynamic libraries:
0x00007ff6eef40000 - 0x00007ff6eef4e000 	C:\Users\ziad\.jdks\azul-24.0.2\bin\java.exe
0x00007ffc42620000 - 0x00007ffc42883000 	C:\windows\SYSTEM32\ntdll.dll
0x00007ffc420b0000 - 0x00007ffc42177000 	C:\windows\System32\KERNEL32.DLL
0x00007ffc3fbf0000 - 0x00007ffc3ffb9000 	C:\windows\System32\KERNELBASE.dll
0x00007ffc3f960000 - 0x00007ffc3faac000 	C:\windows\System32\ucrtbase.dll
0x00007ffc20340000 - 0x00007ffc2035e000 	C:\Users\ziad\.jdks\azul-24.0.2\bin\VCRUNTIME140.dll
0x00007ffc23480000 - 0x00007ffc23496000 	C:\Users\ziad\.jdks\azul-24.0.2\bin\jli.dll
0x00007ffc40bc0000 - 0x00007ffc40d8a000 	C:\windows\System32\USER32.dll
0x00007ffc1e680000 - 0x00007ffc1e910000 	C:\windows\WinSxS\amd64_microsoft.windows.common-controls_6595b64144ccf1df_6.0.26100.3323_none_3e088096e3344490\COMCTL32.dll
0x00007ffc402b0000 - 0x00007ffc402d7000 	C:\windows\System32\win32u.dll
0x00007ffc42230000 - 0x00007ffc422d9000 	C:\windows\System32\msvcrt.dll
0x00007ffc42080000 - 0x00007ffc420aa000 	C:\windows\System32\GDI32.dll
0x00007ffc3fab0000 - 0x00007ffc3fbe1000 	C:\windows\System32\gdi32full.dll
0x00007ffc3f8b0000 - 0x00007ffc3f953000 	C:\windows\System32\msvcp_win.dll
0x00007ffc41840000 - 0x00007ffc4186f000 	C:\windows\System32\IMM32.DLL
0x00007ffc34290000 - 0x00007ffc3429c000 	C:\Users\ziad\.jdks\azul-24.0.2\bin\vcruntime140_1.dll
0x00007ffbd50d0000 - 0x00007ffbd515d000 	C:\Users\ziad\.jdks\azul-24.0.2\bin\msvcp140.dll
0x00007ffb520a0000 - 0x00007ffb52f1c000 	C:\Users\ziad\.jdks\azul-24.0.2\bin\server\jvm.dll
0x00007ffc42520000 - 0x00007ffc425d2000 	C:\windows\System32\ADVAPI32.dll
0x00007ffc41fd0000 - 0x00007ffc42076000 	C:\windows\System32\sechost.dll
0x00007ffc42400000 - 0x00007ffc42516000 	C:\windows\System32\RPCRT4.dll
0x00007ffc41b60000 - 0x00007ffc41bd4000 	C:\windows\System32\WS2_32.dll
0x00007ffc3e470000 - 0x00007ffc3e4be000 	C:\windows\SYSTEM32\POWRPROF.dll
0x00007ffc2e2b0000 - 0x00007ffc2e2bb000 	C:\windows\SYSTEM32\VERSION.dll
0x00007ffc34450000 - 0x00007ffc34486000 	C:\windows\SYSTEM32\WINMM.dll
0x00007ffc3e450000 - 0x00007ffc3e464000 	C:\windows\SYSTEM32\UMPDC.dll
0x00007ffc3e710000 - 0x00007ffc3e72a000 	C:\windows\SYSTEM32\kernel.appcore.dll
0x00007ffc20330000 - 0x00007ffc2033a000 	C:\Users\ziad\.jdks\azul-24.0.2\bin\jimage.dll
0x00007ffc31e80000 - 0x00007ffc320c1000 	C:\windows\SYSTEM32\DBGHELP.DLL
0x00007ffc40ea0000 - 0x00007ffc41222000 	C:\windows\System32\combase.dll
0x00007ffc41a80000 - 0x00007ffc41b56000 	C:\windows\System32\OLEAUT32.dll
0x00007ffc1df00000 - 0x00007ffc1df39000 	C:\windows\SYSTEM32\dbgcore.DLL
0x00007ffc402e0000 - 0x00007ffc40379000 	C:\windows\System32\bcryptPrimitives.dll
0x00007ffc20310000 - 0x00007ffc2032e000 	C:\Users\ziad\.jdks\azul-24.0.2\bin\java.dll
0x00007ffc41e10000 - 0x00007ffc41fa5000 	C:\windows\System32\ole32.dll
0x00007ffc40440000 - 0x00007ffc40b55000 	C:\windows\System32\SHELL32.dll
0x00007ffc3ffc0000 - 0x00007ffc40128000 	C:\windows\System32\wintypes.dll
0x00007ffc3d4c0000 - 0x00007ffc3dd05000 	C:\windows\SYSTEM32\windows.storage.dll
0x00007ffc42310000 - 0x00007ffc423fb000 	C:\windows\System32\SHCORE.dll
0x00007ffc41920000 - 0x00007ffc4197d000 	C:\windows\System32\shlwapi.dll
0x00007ffc3f730000 - 0x00007ffc3f75f000 	C:\windows\SYSTEM32\profapi.dll
0x00007ffbcee00000 - 0x00007ffbceed7000 	C:\Users\ziad\.jdks\azul-24.0.2\bin\jsvml.dll
0x00007ffc20300000 - 0x00007ffc20310000 	C:\Users\ziad\.jdks\azul-24.0.2\bin\net.dll
0x00007ffc3ec10000 - 0x00007ffc3ec7a000 	C:\windows\system32\mswsock.dll
0x00007ffbddfe0000 - 0x00007ffbddff6000 	C:\Users\ziad\.jdks\azul-24.0.2\bin\nio.dll
0x00007ffbddfc0000 - 0x00007ffbddfd7000 	C:\Users\ziad\.jdks\azul-24.0.2\bin\zip.dll
0x00007ffc20040000 - 0x00007ffc20050000 	C:\Users\ziad\.jdks\azul-24.0.2\bin\verify.dll
0x00007ffbf7c80000 - 0x00007ffbf7c89000 	C:\Users\ziad\.jdks\azul-24.0.2\bin\extnet.dll
0x00007ffbf63a0000 - 0x00007ffbf63ae000 	C:\Users\ziad\.jdks\azul-24.0.2\bin\sunmscapi.dll
0x00007ffc40130000 - 0x00007ffc402a7000 	C:\windows\System32\CRYPT32.dll
0x00007ffc3f110000 - 0x00007ffc3f140000 	C:\windows\SYSTEM32\ncrypt.dll
0x00007ffc3f0c0000 - 0x00007ffc3f0ff000 	C:\windows\SYSTEM32\NTASN1.dll
0x00007ffc300c0000 - 0x00007ffc300c8000 	C:\windows\system32\wshunix.dll
0x00007ffc3efc0000 - 0x00007ffc3efdc000 	C:\windows\SYSTEM32\CRYPTSP.dll
0x00007ffc3e670000 - 0x00007ffc3e6aa000 	C:\windows\system32\rsaenh.dll
0x00007ffc3ecb0000 - 0x00007ffc3ecdb000 	C:\windows\SYSTEM32\USERENV.dll
0x00007ffc3f150000 - 0x00007ffc3f176000 	C:\windows\SYSTEM32\bcrypt.dll
0x00007ffc3ee40000 - 0x00007ffc3ee4c000 	C:\windows\SYSTEM32\CRYPTBASE.dll
0x00007ffc3e0e0000 - 0x00007ffc3e113000 	C:\windows\SYSTEM32\IPHLPAPI.DLL
0x00007ffc40e90000 - 0x00007ffc40e9a000 	C:\windows\System32\NSI.dll
0x00007ffbed0f0000 - 0x00007ffbed0f9000 	C:\Users\ziad\.jdks\azul-24.0.2\bin\syslookup.dll

JVMTI agents: none

dbghelp: loaded successfully - version: 4.0.5 - missing functions: none
symbol engine: initialized successfully - sym options: 0x614 - pdb path: .;C:\Users\ziad\.jdks\azul-24.0.2\bin;C:\windows\SYSTEM32;C:\windows\WinSxS\amd64_microsoft.windows.common-controls_6595b64144ccf1df_6.0.26100.3323_none_3e088096e3344490;C:\Users\ziad\.jdks\azul-24.0.2\bin\server

VM Arguments:
jvm_args: -Dorg.gradle.internal.worker.tmpdir=C:\src\kgen\examples\lang\build\tmp\test\work --enable-native-access=ALL-UNNAMED -Xmx512m -Dfile.encoding=UTF-8 -Duser.country=US -Duser.language=en -Duser.variant -ea 
java_command: worker.org.gradle.process.internal.worker.GradleWorkerMain 'Gradle Test Executor 1'
java_class_path (initial): C:\\Users\\ziad\\.gradle\\caches\\8.14.1\\workerMain\\gradle-worker.jar;C:\\src\\kgen\\examples\\lang\\build\\classes\\kotlin\\test;C:\\src\\kgen\\examples\\lang\\build\\classes\\kotlin\\main;C:\\src\\kgen\\kgen\\build\\libs\\kgen-0.1.0-SNAPSHOT.jar;C:\\Users\\ziad\\.gradle\\caches\\modules-2\\files-2.1\\org.jetbrains.kotlin\\kotlin-test-junit5\\2.1.10\\fc0a18dd6972c35268f29fa357fc2a30c11728b6\\kotlin-test-junit5-2.1.10.jar;C:\\Users\\ziad\\.gradle\\caches\\modules-2\\files-2.1\\org.jetbrains.kotlin\\kotlin-test\\2.1.10\\9a70f7e2e364080626a4f9ec7256290dee15fd5\\kotlin-test-2.1.10.jar;C:\\Users\\ziad\\.gradle\\caches\\modules-2\\files-2.1\\org.jetbrains.kotlin\\kotlin-stdlib\\2.1.10\\d3028429e7151d7a7c1a0d63a4f60eac86a87b91\\kotlin-stdlib-2.1.10.jar;C:\\Users\\ziad\\.gradle\\caches\\modules-2\\files-2.1\\org.jetbrains\\annotations\\13.0\\919f0dfe192fb4e063e7dacadee7f8bb9a2672a9\\annotations-13.0.jar;C:\\Users\\ziad\\.gradle\\caches\\modules-2\\files-2.1\\org.junit.platform\\junit-platform-launcher\\1.10.1\\ce85bf5e38bee0989ded9bd468dd4ff78dc0cfa8\\junit-platform-launcher-1.10.1.jar;C:\\Users\\ziad\\.gradle\\caches\\modules-2\\files-2.1\\org.junit.platform\\junit-platform-engine\\1.10.1\\f32ae4af74fde68414b8a3d2b7cf1fb43824a83a\\junit-platform-engine-1.10.1.jar;C:\\Users\\ziad\\.gradle\\caches\\modules-2\\files-2.1\\org.junit.jupiter\\junit-jupiter-api\\5.10.1\\eb90c7d8bfaae8fdc97b225733fcb595ddd72843\\junit-jupiter-api-5.10.1.jar;C:\\Users\\ziad\\.gradle\\caches\\modules-2\\files-2.1\\org.junit.platform\\junit-platform-commons\\1.10.1\\2bfcd4a4e38b10c671b6916d7e543c20afe25579\\junit-platform-commons-1.10.1.jar;C:\\Users\\ziad\\.gradle\\caches\\modules-2\\files-2.1\\org.junit.jupiter\\junit-jupiter-engine\\5.10.1\\6c9ff773f9aa842b91d1f2fe4658973252ce2428\\junit-jupiter-engine-5.10.1.jar;C:\\Users\\ziad\\.gradle\\caches\\modules-2\\files-2.1\\org.opentest4j\\opentest4j\\1.3.0\\152ea56b3a72f655d4fd677fc0ef2596c3dd5e6e\\opentest4j-1.3.0.jar
Launcher Type: SUN_STANDARD

[Global flags]
     intx CICompilerCount                          = 12                                        {product} {ergonomic}
     uint ConcGCThreads                            = 3                                         {product} {ergonomic}
     uint G1ConcRefinementThreads                  = 13                                        {product} {ergonomic}
   size_t G1HeapRegionSize                         = 1048576                                   {product} {ergonomic}
   size_t InitialHeapSize                          = 434110464                                 {product} {ergonomic}
   size_t MarkStackSize                            = 4194304                                   {product} {ergonomic}
   size_t MarkStackSizeMax                         = 536870912                                 {product} {ergonomic}
   size_t MaxHeapSize                              = 536870912                                 {product} {command line}
   size_t MaxNewSize                               = 321912832                                 {product} {ergonomic}
   size_t MinHeapDeltaBytes                        = 1048576                                   {product} {ergonomic}
   size_t MinHeapSize                              = 8388608                                   {product} {ergonomic}
    uintx NonNMethodCodeHeapSize                   = 7602176                                {pd product} {ergonomic}
    uintx NonProfiledCodeHeapSize                  = 122093568                              {pd product} {ergonomic}
    uintx ProfiledCodeHeapSize                     = 121962496                              {pd product} {ergonomic}
    uintx ReservedCodeCacheSize                    = 251658240                              {pd product} {ergonomic}
     bool SegmentedCodeCache                       = true                                      {product} {ergonomic}
   size_t SoftMaxHeapSize                          = 536870912                              {manageable} {ergonomic}
     bool UseCompressedOops                        = true                           {product lp64_product} {ergonomic}
     bool UseG1GC                                  = true                                      {product} {ergonomic}
     bool UseLargePagesIndividualAllocation        = false                                  {pd product} {ergonomic}

Logging:
Log output configuration:
 #0: stdout all=warning uptime,level,tags foldmultilines=false
 #1: stderr all=off uptime,level,tags foldmultilines=false

Environment Variables:
JAVA_HOME=C:\Users\ziad\.jdks\azul-24.0.2
PATH=C:\windows\system32;C:\windows;C:\windows\System32\Wbem;C:\windows\System32\WindowsPowerShell\v1.0\;C:\windows\System32\OpenSSH\;C:\Program Files\Microsoft SQL Server\150\Tools\Binn\;C:\Program Files\Microsoft SQL Server\Client SDK\ODBC\170\Tools\Binn\;C:\Program Files\dotnet\;C:\Program Files\Microsoft SQL Server\170\Tools\Binn\;C:\Users\ziad\AppData\Local\Microsoft\WindowsApps;C:\Users\ziad\AppData\Local\Programs\Microsoft VS Code\bin;C:\Users\ziad\.dotnet\tools
USERNAME=ziad
OS=Windows_NT
PROCESSOR_IDENTIFIER=AMD64 Family 25 Model 116 Stepping 1, AuthenticAMD
TMP=C:\Users\ziad\AppData\Local\Temp
TEMP=C:\Users\ziad\AppData\Local\Temp




Periodic native trim disabled

---------------  S Y S T E M  ---------------

OS:
 Windows 11 , 64 bit Build 26100 (10.0.26100.3323)
OS uptime: 10 days 14:49 hours
Hyper-V role detected

CPU: total 16 (initial active 16) (16 cores per cpu, 2 threads per core) family 25 model 116 stepping 1 microcode 0xa704107, cx8, cmov, fxsr, ht, mmx, 3dnowpref, sse, sse2, sse3, ssse3, sse4a, sse4.1, sse4.2, popcnt, lzcnt, tsc, tscinvbit, avx, avx2, aes, erms, clmul, bmi1, bmi2, adx, avx512f, avx512dq, avx512cd, avx512bw, avx512vl, sha, fma, vzeroupper, avx512_vpopcntdq, avx512_vpclmulqdq, avx512_vaes, avx512_vnni, clflush, clflushopt, avx512_vbmi2, avx512_vbmi, hv, rdtscp, rdpid, fsrm, gfni, avx512_bitalg, f16c, cet_ss, avx512_ifma
Processor Information for the first 16 processors :
  Max Mhz: 3801, Current Mhz: 3801, Mhz Limit: 3801

Memory: 4k page, system-wide physical 26421M (6631M free)
TotalPageFile size 38264M (AvailPageFile size 4201M)
current process WorkingSet (physical memory assigned to process): 166M, peak: 168M
current process commit charge ("private bytes"): 584M, peak: 597M

vm_info: OpenJDK 64-Bit Server VM (24.0.2+12) for windows-amd64 JRE (24.0.2+12) (Zulu24.32+13-CA), built on 2025-07-11T12:45:44Z with MS VC++ 17.1 (VS2022)

END.
