#
# A fatal error has been detected by the Java Runtime Environment:
#
#  EXCEPTION_INT_DIVIDE_BY_ZERO (0xc0000094) at pc=0x0000020940050009, pid=21616, tid=32528
#
# JRE version: OpenJDK Runtime Environment Zulu24.32+13-CA (24.0.2+12) (build 24.0.2+12)
# Java VM: OpenJDK 64-Bit Server VM Zulu24.32+13-CA (24.0.2+12, mixed mode, sharing, tiered, compressed oops, compressed class ptrs, g1 gc, windows-amd64)
# Problematic frame:
# C  0x0000020940050009
#
# No core dump will be written. Minidumps are not enabled by default on client versions of Windows
#
# If you would like to submit a bug report, please visit:
#   http://www.azul.com/support/
# The crash happened outside the Java Virtual Machine in native code.
# See problematic frame for where to report the bug.
#

---------------  S U M M A R Y ------------

Command Line: -Dorg.gradle.internal.worker.tmpdir=C:\src\kgen\examples\lang\build\tmp\test\work --enable-native-access=ALL-UNNAMED -Xmx512m -Dfile.encoding=UTF-8 -Duser.country=US -Duser.language=en -Duser.variant -ea worker.org.gradle.process.internal.worker.GradleWorkerMain 'Gradle Test Executor 1'

Host: AMD Ryzen 7 7840HS w/ Radeon 780M Graphics     , 16 cores, 25G,  Windows 11 , 64 bit Build 26100 (10.0.26100.3323)
Time: Sat Mar  7 12:55:50 2026 Pacific Standard Time elapsed time: 1.081083 seconds (0d 0h 0m 1s)

---------------  T H R E A D  ---------------

Current thread (0x000002093fe1f880):  JavaThread "Test worker"        [_thread_in_native, id=32528, stack(0x00000092ca600000,0x00000092ca700000) (1024K)]

Stack: [0x00000092ca600000,0x00000092ca700000],  sp=0x00000092ca6fc260,  free space=1008k
Native frames: (J=compiled Java code, j=interpreted, Vv=VM code, C=native code)
C  0x0000020940050009  (no source info available)

Java frames: (J=compiled Java code, j=interpreted, Vv=VM code)
v  ~RuntimeStub::nep_invoker_blob 0x00000209524b2368
j  java.lang.invoke.LambdaForm$MH+0x000002095f197c00.invoke(Ljava/lang/Object;JJJ)J+12 java.base@24.0.2
j  java.lang.invoke.LambdaForm$MH+0x000002095f18e000.invokeExact_MT(Ljava/lang/Object;JJJLjava/lang/Object;)J+23 java.base@24.0.2
j  jdk.internal.foreign.abi.DowncallStub+0x000002095f198000.invoke(Ljava/lang/foreign/SegmentAllocator;Ljava/lang/foreign/MemorySegment;JJ)J+52 java.base@24.0.2
j  java.lang.invoke.LambdaForm$DMH+0x000002095f198400.invokeStatic(Ljava/lang/Object;Ljava/lang/Object;Ljava/lang/Object;JJ)J+16 java.base@24.0.2
j  java.lang.invoke.LambdaForm$MH+0x000002095f19a800.invoke(Ljava/lang/Object;JJ)Ljava/lang/Object;+50 java.base@24.0.2
j  java.lang.invoke.LambdaForm$MH+0x000002095f19a400.invoke_MT(Ljava/lang/Object;JJLjava/lang/Object;)Ljava/lang/Object;+23 java.base@24.0.2
j  org.kgen.jit.JitEngine$Companion.invokeHandle(Ljava/lang/invoke/MethodHandle;[J)Ljava/lang/Object;+68
j  org.kgen.jit.JitEngine$Companion.access$invokeHandle(Lorg/kgen/jit/JitEngine$Companion;Ljava/lang/invoke/MethodHandle;[J)Ljava/lang/Object;+3
j  org.kgen.jit.JitEngine.call(Ljava/lang/String;[J)J+88
j  org.kgen.examples.lang.JitRunner.run(Ljava/lang/String;Ljava/lang/String;[J)J+35
j  org.kgen.examples.lang.JitRunnerTest.divisionTruncates()V+53
j  java.lang.invoke.DirectMethodHandle$Holder.invokeSpecial(Ljava/lang/Object;Ljava/lang/Object;)V+10 java.base@24.0.2
j  java.lang.invoke.LambdaForm$MH+0x000002095f089000.invoke(Ljava/lang/Object;Ljava/lang/Object;)Ljava/lang/Object;+31 java.base@24.0.2
j  java.lang.invoke.Invokers$Holder.invokeExact_MT(Ljava/lang/Object;Ljava/lang/Object;Ljava/lang/Object;)Ljava/lang/Object;+19 java.base@24.0.2
j  jdk.internal.reflect.DirectMethodHandleAccessor.invokeImpl(Ljava/lang/Object;[Ljava/lang/Object;)Ljava/lang/Object;+41 java.base@24.0.2
j  jdk.internal.reflect.DirectMethodHandleAccessor.invoke(Ljava/lang/Object;[Ljava/lang/Object;)Ljava/lang/Object;+23 java.base@24.0.2
j  java.lang.reflect.Method.invoke(Ljava/lang/Object;[Ljava/lang/Object;)Ljava/lang/Object;+102 java.base@24.0.2
j  org.junit.platform.commons.util.ReflectionUtils.invokeMethod(Ljava/lang/reflect/Method;Ljava/lang/Object;[Ljava/lang/Object;)Ljava/lang/Object;+42
j  org.junit.jupiter.engine.execution.MethodInvocation.proceed()Ljava/lang/Object;+16
j  org.junit.jupiter.engine.execution.InvocationInterceptorChain$ValidatingInvocation.proceed()Ljava/lang/Object;+8
j  org.junit.jupiter.engine.extension.TimeoutExtension.intercept(Lorg/junit/jupiter/api/extension/InvocationInterceptor$Invocation;Lorg/junit/jupiter/api/extension/ReflectiveInvocationContext;Lorg/junit/jupiter/api/extension/ExtensionContext;Lorg/junit/jupiter/engine/extension/TimeoutDuration;Lorg/junit/jupiter/engine/extension/TimeoutExtension$TimeoutProvider;)Ljava/lang/Object;+28
j  org.junit.jupiter.engine.extension.TimeoutExtension.interceptTestableMethod(Lorg/junit/jupiter/api/extension/InvocationInterceptor$Invocation;Lorg/junit/jupiter/api/extension/ReflectiveInvocationContext;Lorg/junit/jupiter/api/extension/ExtensionContext;Lorg/junit/jupiter/engine/extension/TimeoutExtension$TimeoutProvider;)Ljava/lang/Object;+31
j  org.junit.jupiter.engine.extension.TimeoutExtension.interceptTestMethod(Lorg/junit/jupiter/api/extension/InvocationInterceptor$Invocation;Lorg/junit/jupiter/api/extension/ReflectiveInvocationContext;Lorg/junit/jupiter/api/extension/ExtensionContext;)V+9
j  org.junit.jupiter.engine.descriptor.TestMethodTestDescriptor$$Lambda+0x000002095f0bf6d0.apply(Lorg/junit/jupiter/api/extension/InvocationInterceptor;Lorg/junit/jupiter/api/extension/InvocationInterceptor$Invocation;Lorg/junit/jupiter/api/extension/ReflectiveInvocationContext;Lorg/junit/jupiter/api/extension/ExtensionContext;)V+5
j  org.junit.jupiter.engine.execution.InterceptingExecutableInvoker$ReflectiveInterceptorCall.lambda$ofVoidMethod$0(Lorg/junit/jupiter/engine/execution/InterceptingExecutableInvoker$ReflectiveInterceptorCall$VoidMethodInterceptorCall;Lorg/junit/jupiter/api/extension/InvocationInterceptor;Lorg/junit/jupiter/api/extension/InvocationInterceptor$Invocation;Lorg/junit/jupiter/api/extension/ReflectiveInvocationContext;Lorg/junit/jupiter/api/extension/ExtensionContext;)Ljava/lang/Void;+6
j  org.junit.jupiter.engine.execution.InterceptingExecutableInvoker$ReflectiveInterceptorCall$$Lambda+0x000002095f0bf900.apply(Lorg/junit/jupiter/api/extension/InvocationInterceptor;Lorg/junit/jupiter/api/extension/InvocationInterceptor$Invocation;Lorg/junit/jupiter/api/extension/ReflectiveInvocationContext;Lorg/junit/jupiter/api/extension/ExtensionContext;)Ljava/lang/Object;+9
j  org.junit.jupiter.engine.execution.InterceptingExecutableInvoker.lambda$invoke$0(Lorg/junit/jupiter/engine/execution/InterceptingExecutableInvoker$ReflectiveInterceptorCall;Lorg/junit/jupiter/api/extension/ReflectiveInvocationContext;Lorg/junit/jupiter/api/extension/ExtensionContext;Lorg/junit/jupiter/api/extension/InvocationInterceptor;Lorg/junit/jupiter/api/extension/InvocationInterceptor$Invocation;)Ljava/lang/Object;+6
j  org.junit.jupiter.engine.execution.InterceptingExecutableInvoker$$Lambda+0x000002095f126820.apply(Lorg/junit/jupiter/api/extension/InvocationInterceptor;Lorg/junit/jupiter/api/extension/InvocationInterceptor$Invocation;)Ljava/lang/Object;+14
j  org.junit.jupiter.engine.execution.InvocationInterceptorChain$InterceptedInvocation.proceed()Ljava/lang/Object;+12
j  org.junit.jupiter.engine.execution.InvocationInterceptorChain.proceed(Lorg/junit/jupiter/api/extension/InvocationInterceptor$Invocation;)Ljava/lang/Object;+1
j  org.junit.jupiter.engine.execution.InvocationInterceptorChain.chainAndInvoke(Lorg/junit/jupiter/api/extension/InvocationInterceptor$Invocation;Lorg/junit/jupiter/engine/execution/InvocationInterceptorChain$InterceptorCall;Ljava/util/List;)Ljava/lang/Object;+24
j  org.junit.jupiter.engine.execution.InvocationInterceptorChain.invoke(Lorg/junit/jupiter/api/extension/InvocationInterceptor$Invocation;Lorg/junit/jupiter/engine/extension/ExtensionRegistry;Lorg/junit/jupiter/engine/execution/InvocationInterceptorChain$InterceptorCall;)Ljava/lang/Object;+31
j  org.junit.jupiter.engine.execution.InterceptingExecutableInvoker.invoke(Lorg/junit/jupiter/api/extension/InvocationInterceptor$Invocation;Lorg/junit/jupiter/api/extension/ReflectiveInvocationContext;Lorg/junit/jupiter/api/extension/ExtensionContext;Lorg/junit/jupiter/engine/extension/ExtensionRegistry;Lorg/junit/jupiter/engine/execution/InterceptingExecutableInvoker$ReflectiveInterceptorCall;)Ljava/lang/Object;+15
j  org.junit.jupiter.engine.execution.InterceptingExecutableInvoker.invoke(Ljava/lang/reflect/Method;Ljava/lang/Object;Lorg/junit/jupiter/api/extension/ExtensionContext;Lorg/junit/jupiter/engine/extension/ExtensionRegistry;Lorg/junit/jupiter/engine/execution/InterceptingExecutableInvoker$ReflectiveInterceptorCall;)Ljava/lang/Object;+55
j  org.junit.jupiter.engine.descriptor.TestMethodTestDescriptor.lambda$invokeTestMethod$7(Lorg/junit/jupiter/api/extension/ExtensionContext;Lorg/junit/jupiter/engine/execution/JupiterEngineExecutionContext;)V+28
j  org.junit.jupiter.engine.descriptor.TestMethodTestDescriptor$$Lambda+0x000002095f122910.execute()V+12
J 2492 c1 org.junit.platform.engine.support.hierarchical.ThrowableCollector.execute(Lorg/junit/platform/engine/support/hierarchical/ThrowableCollector$Executable;)V (20 bytes) @ 0x000002094b14acf4 [0x000002094b14abe0+0x0000000000000114]
j  org.junit.jupiter.engine.descriptor.TestMethodTestDescriptor.invokeTestMethod(Lorg/junit/jupiter/engine/execution/JupiterEngineExecutionContext;Lorg/junit/platform/engine/support/hierarchical/Node$DynamicTestExecutor;)V+21
j  org.junit.jupiter.engine.descriptor.TestMethodTestDescriptor.execute(Lorg/junit/jupiter/engine/execution/JupiterEngineExecutionContext;Lorg/junit/platform/engine/support/hierarchical/Node$DynamicTestExecutor;)Lorg/junit/jupiter/engine/execution/JupiterEngineExecutionContext;+44
j  org.junit.jupiter.engine.descriptor.TestMethodTestDescriptor.execute(Lorg/junit/platform/engine/support/hierarchical/EngineExecutionContext;Lorg/junit/platform/engine/support/hierarchical/Node$DynamicTestExecutor;)Lorg/junit/platform/engine/support/hierarchical/EngineExecutionContext;+6
j  org.junit.platform.engine.support.hierarchical.NodeTestTask.lambda$executeRecursively$6()V+79
j  org.junit.platform.engine.support.hierarchical.NodeTestTask$$Lambda+0x000002095f117d20.execute()V+4
J 2492 c1 org.junit.platform.engine.support.hierarchical.ThrowableCollector.execute(Lorg/junit/platform/engine/support/hierarchical/ThrowableCollector$Executable;)V (20 bytes) @ 0x000002094b14acf4 [0x000002094b14abe0+0x0000000000000114]
j  org.junit.platform.engine.support.hierarchical.NodeTestTask.lambda$executeRecursively$8(Lorg/junit/platform/engine/support/hierarchical/EngineExecutionContext;)V+15
j  org.junit.platform.engine.support.hierarchical.NodeTestTask$$Lambda+0x000002095f117ae8.invoke(Lorg/junit/platform/engine/support/hierarchical/EngineExecutionContext;)V+5
j  org.junit.platform.engine.support.hierarchical.Node.around(Lorg/junit/platform/engine/support/hierarchical/EngineExecutionContext;Lorg/junit/platform/engine/support/hierarchical/Node$Invocation;)V+2
j  org.junit.platform.engine.support.hierarchical.NodeTestTask.lambda$executeRecursively$9()V+14
j  org.junit.platform.engine.support.hierarchical.NodeTestTask$$Lambda+0x000002095f1178b0.execute()V+4
J 2492 c1 org.junit.platform.engine.support.hierarchical.ThrowableCollector.execute(Lorg/junit/platform/engine/support/hierarchical/ThrowableCollector$Executable;)V (20 bytes) @ 0x000002094b14acf4 [0x000002094b14abe0+0x0000000000000114]
j  org.junit.platform.engine.support.hierarchical.NodeTestTask.executeRecursively()V+31
j  org.junit.platform.engine.support.hierarchical.NodeTestTask.execute()V+55
j  org.junit.platform.engine.support.hierarchical.SameThreadHierarchicalTestExecutorService$$Lambda+0x000002095f115930.accept(Ljava/lang/Object;)V+4
J 2053 c1 java.util.ArrayList.forEach(Ljava/util/function/Consumer;)V java.base@24.0.2 (74 bytes) @ 0x000002094b06372c [0x000002094b063500+0x000000000000022c]
j  org.junit.platform.engine.support.hierarchical.SameThreadHierarchicalTestExecutorService.invokeAll(Ljava/util/List;)V+6
j  org.junit.platform.engine.support.hierarchical.NodeTestTask.lambda$executeRecursively$6()V+116
j  org.junit.platform.engine.support.hierarchical.NodeTestTask$$Lambda+0x000002095f117d20.execute()V+4
J 2492 c1 org.junit.platform.engine.support.hierarchical.ThrowableCollector.execute(Lorg/junit/platform/engine/support/hierarchical/ThrowableCollector$Executable;)V (20 bytes) @ 0x000002094b14acf4 [0x000002094b14abe0+0x0000000000000114]
j  org.junit.platform.engine.support.hierarchical.NodeTestTask.lambda$executeRecursively$8(Lorg/junit/platform/engine/support/hierarchical/EngineExecutionContext;)V+15
j  org.junit.platform.engine.support.hierarchical.NodeTestTask$$Lambda+0x000002095f117ae8.invoke(Lorg/junit/platform/engine/support/hierarchical/EngineExecutionContext;)V+5
j  org.junit.platform.engine.support.hierarchical.Node.around(Lorg/junit/platform/engine/support/hierarchical/EngineExecutionContext;Lorg/junit/platform/engine/support/hierarchical/Node$Invocation;)V+2
j  org.junit.platform.engine.support.hierarchical.NodeTestTask.lambda$executeRecursively$9()V+14
j  org.junit.platform.engine.support.hierarchical.NodeTestTask$$Lambda+0x000002095f1178b0.execute()V+4
J 2492 c1 org.junit.platform.engine.support.hierarchical.ThrowableCollector.execute(Lorg/junit/platform/engine/support/hierarchical/ThrowableCollector$Executable;)V (20 bytes) @ 0x000002094b14acf4 [0x000002094b14abe0+0x0000000000000114]
j  org.junit.platform.engine.support.hierarchical.NodeTestTask.executeRecursively()V+31
j  org.junit.platform.engine.support.hierarchical.NodeTestTask.execute()V+55
j  org.junit.platform.engine.support.hierarchical.SameThreadHierarchicalTestExecutorService$$Lambda+0x000002095f115930.accept(Ljava/lang/Object;)V+4
J 2053 c1 java.util.ArrayList.forEach(Ljava/util/function/Consumer;)V java.base@24.0.2 (74 bytes) @ 0x000002094b06372c [0x000002094b063500+0x000000000000022c]
j  org.junit.platform.engine.support.hierarchical.SameThreadHierarchicalTestExecutorService.invokeAll(Ljava/util/List;)V+6
j  org.junit.platform.engine.support.hierarchical.NodeTestTask.lambda$executeRecursively$6()V+116
j  org.junit.platform.engine.support.hierarchical.NodeTestTask$$Lambda+0x000002095f117d20.execute()V+4
j  org.junit.platform.engine.support.hierarchical.ThrowableCollector.execute(Lorg/junit/platform/engine/support/hierarchical/ThrowableCollector$Executable;)V+1
j  org.junit.platform.engine.support.hierarchical.NodeTestTask.lambda$executeRecursively$8(Lorg/junit/platform/engine/support/hierarchical/EngineExecutionContext;)V+15
j  org.junit.platform.engine.support.hierarchical.NodeTestTask$$Lambda+0x000002095f117ae8.invoke(Lorg/junit/platform/engine/support/hierarchical/EngineExecutionContext;)V+5
j  org.junit.platform.engine.support.hierarchical.Node.around(Lorg/junit/platform/engine/support/hierarchical/EngineExecutionContext;Lorg/junit/platform/engine/support/hierarchical/Node$Invocation;)V+2
j  org.junit.platform.engine.support.hierarchical.NodeTestTask.lambda$executeRecursively$9()V+14
j  org.junit.platform.engine.support.hierarchical.NodeTestTask$$Lambda+0x000002095f1178b0.execute()V+4
j  org.junit.platform.engine.support.hierarchical.ThrowableCollector.execute(Lorg/junit/platform/engine/support/hierarchical/ThrowableCollector$Executable;)V+1
j  org.junit.platform.engine.support.hierarchical.NodeTestTask.executeRecursively()V+31
j  org.junit.platform.engine.support.hierarchical.NodeTestTask.execute()V+55
j  org.junit.platform.engine.support.hierarchical.SameThreadHierarchicalTestExecutorService.submit(Lorg/junit/platform/engine/support/hierarchical/HierarchicalTestExecutorService$TestTask;)Ljava/util/concurrent/Future;+1
j  org.junit.platform.engine.support.hierarchical.HierarchicalTestExecutor.execute()Ljava/util/concurrent/Future;+74
j  org.junit.platform.engine.support.hierarchical.HierarchicalTestEngine.execute(Lorg/junit/platform/engine/ExecutionRequest;)V+31
j  org.junit.platform.launcher.core.EngineExecutionOrchestrator.execute(Lorg/junit/platform/engine/TestDescriptor;Lorg/junit/platform/engine/EngineExecutionListener;Lorg/junit/platform/engine/ConfigurationParameters;Lorg/junit/platform/engine/TestEngine;)V+24
j  org.junit.platform.launcher.core.EngineExecutionOrchestrator.execute(Lorg/junit/platform/launcher/core/LauncherDiscoveryResult;Lorg/junit/platform/engine/EngineExecutionListener;)V+115
j  org.junit.platform.launcher.core.EngineExecutionOrchestrator.execute(Lorg/junit/platform/launcher/core/InternalTestPlan;Lorg/junit/platform/engine/EngineExecutionListener;Lorg/junit/platform/launcher/TestExecutionListener;)V+55
j  org.junit.platform.launcher.core.EngineExecutionOrchestrator.lambda$execute$0(Lorg/junit/platform/launcher/core/InternalTestPlan;Lorg/junit/platform/launcher/TestExecutionListener;)V+6
j  org.junit.platform.launcher.core.EngineExecutionOrchestrator$$Lambda+0x000002095f107460.accept(Ljava/lang/Object;)V+12
j  org.junit.platform.launcher.core.EngineExecutionOrchestrator.withInterceptedStreams(Lorg/junit/platform/engine/ConfigurationParameters;Lorg/junit/platform/launcher/core/ListenerRegistry;Ljava/util/function/Consumer;)V+51
j  org.junit.platform.launcher.core.EngineExecutionOrchestrator.execute(Lorg/junit/platform/launcher/core/InternalTestPlan;[Lorg/junit/platform/launcher/TestExecutionListener;)V+23
j  org.junit.platform.launcher.core.DefaultLauncher.execute(Lorg/junit/platform/launcher/core/InternalTestPlan;[Lorg/junit/platform/launcher/TestExecutionListener;)V+6
j  org.junit.platform.launcher.core.DefaultLauncher.execute(Lorg/junit/platform/launcher/LauncherDiscoveryRequest;[Lorg/junit/platform/launcher/TestExecutionListener;)V+34
j  org.junit.platform.launcher.core.DelegatingLauncher.execute(Lorg/junit/platform/launcher/LauncherDiscoveryRequest;[Lorg/junit/platform/launcher/TestExecutionListener;)V+6
j  org.gradle.api.internal.tasks.testing.junitplatform.JUnitPlatformTestClassProcessor$CollectAllTestClassesExecutor.processAllTestClasses()V+94
j  org.gradle.api.internal.tasks.testing.junitplatform.JUnitPlatformTestClassProcessor$CollectAllTestClassesExecutor.access$000(Lorg/gradle/api/internal/tasks/testing/junitplatform/JUnitPlatformTestClassProcessor$CollectAllTestClassesExecutor;)V+1
j  org.gradle.api.internal.tasks.testing.junitplatform.JUnitPlatformTestClassProcessor.stop()V+4
j  org.gradle.api.internal.tasks.testing.SuiteTestClassProcessor.stop()V+4
j  java.lang.invoke.LambdaForm$DMH+0x000002095f088800.invokeInterface(Ljava/lang/Object;Ljava/lang/Object;)V+21 java.base@24.0.2
j  java.lang.invoke.LambdaForm$MH+0x000002095f089000.invoke(Ljava/lang/Object;Ljava/lang/Object;)Ljava/lang/Object;+31 java.base@24.0.2
j  java.lang.invoke.Invokers$Holder.invokeExact_MT(Ljava/lang/Object;Ljava/lang/Object;Ljava/lang/Object;)Ljava/lang/Object;+19 java.base@24.0.2
j  jdk.internal.reflect.DirectMethodHandleAccessor.invokeImpl(Ljava/lang/Object;[Ljava/lang/Object;)Ljava/lang/Object;+41 java.base@24.0.2
j  jdk.internal.reflect.DirectMethodHandleAccessor.invoke(Ljava/lang/Object;[Ljava/lang/Object;)Ljava/lang/Object;+23 java.base@24.0.2
j  java.lang.reflect.Method.invoke(Ljava/lang/Object;[Ljava/lang/Object;)Ljava/lang/Object;+102 java.base@24.0.2
j  org.gradle.internal.dispatch.ReflectionDispatch.dispatch(Lorg/gradle/internal/dispatch/MethodInvocation;)V+19
j  org.gradle.internal.dispatch.ReflectionDispatch.dispatch(Ljava/lang/Object;)V+5
j  org.gradle.internal.dispatch.ContextClassLoaderDispatch.dispatch(Ljava/lang/Object;)V+22
j  org.gradle.internal.dispatch.ProxyDispatchAdapter$DispatchingInvocationHandler.invoke(Ljava/lang/Object;Ljava/lang/reflect/Method;[Ljava/lang/Object;)Ljava/lang/Object;+177
j  jdk.proxy1.$Proxy4.stop()V+9 jdk.proxy1
j  org.gradle.api.internal.tasks.testing.worker.TestWorker$3.run()V+7
j  org.gradle.api.internal.tasks.testing.worker.TestWorker.executeAndMaintainThreadName(Ljava/lang/Runnable;)V+1
j  org.gradle.api.internal.tasks.testing.worker.TestWorker.execute(Lorg/gradle/process/internal/worker/WorkerProcessContext;)V+76
j  org.gradle.api.internal.tasks.testing.worker.TestWorker.execute(Ljava/lang/Object;)V+5
j  org.gradle.process.internal.worker.child.ActionExecutionWorker.execute(Lorg/gradle/process/internal/worker/WorkerProcessContext;)V+65
j  org.gradle.process.internal.worker.child.SystemApplicationClassLoaderWorker.call()Ljava/lang/Void;+270
j  org.gradle.process.internal.worker.child.SystemApplicationClassLoaderWorker.call()Ljava/lang/Object;+1
j  worker.org.gradle.process.internal.worker.GradleWorkerMain.run()V+250
j  worker.org.gradle.process.internal.worker.GradleWorkerMain.main([Ljava/lang/String;)V+7
v  ~StubRoutines::call_stub 0x0000020952170fcd

siginfo: EXCEPTION_INT_DIVIDE_BY_ZERO (0xc0000094)


Registers:
RAX=0x000000000000000a, RBX=0x00000209a0d11ad0, RCX=0x000000000000000a, RDX=0x0000000000000000
RSP=0x00000092ca6fc260, RBP=0x00000092ca6fc260, RSI=0x0000000000000004, RDI=0x00000000f8ff3198
R8 =0x000000000000000a, R9 =0x0000000000000003, R10=0x0000020940050000, R11=0x00000209529c3de0
R12=0x0000000000000000, R13=0x00000092ca6fc2a0, R14=0x00000092ca6fc368, R15=0x000002093fe1f880
RIP=0x0000020940050009, EFLAGS=0x0000000000010202

XMM[0]=0x0000000000000000 0x0000000000000000
XMM[1]=0x0000000000000000 0x0000000000000000
XMM[2]=0x0000000000000000 0x3ff5555555555555
XMM[3]=0x0000000000000000 0x3ff0000000000000
XMM[4]=0x0000000000000000 0x0000000000000000
XMM[5]=0x0000000000000000 0x0000000000000000
XMM[6]=0x0000000000000000 0x459176a54847ac12
XMM[7]=0x0000000000000000 0x256d17ae5486ab2d
XMM[8]=0x0000000000000000 0xf852d9749b5b6777
XMM[9]=0x0000000000000000 0x1a7dad2524e20570
XMM[10]=0x0000000000000000 0x000000000a64584b
XMM[11]=0x0000000000000000 0x26400c3b4b2211ab
XMM[12]=0x0000000000000000 0x0000000024e20570
XMM[13]=0x0000000000000000 0x0000000000000000
XMM[14]=0x0000000000000000 0x0000000000000000
XMM[15]=0x0000000000000000 0x0000000000000000
  MXCSR=0x00001fa0


Register to memory mapping:

RAX=0x000000000000000a is an unknown value
RBX={method} {0x00000209a0d11ad8} 'linkToNative' '(JJJLjava/lang/Object;)J' in 'java/lang/invoke/MethodHandle'
RCX=0x000000000000000a is an unknown value
RDX=0x0 is null
RSP=0x00000092ca6fc260 is pointing into the stack for thread: 0x000002093fe1f880
RBP=0x00000092ca6fc260 is pointing into the stack for thread: 0x000002093fe1f880
RSI=0x0000000000000004 is an unknown value
RDI=0x00000000f8ff3198 is an oop: jdk.internal.foreign.abi.NativeEntryPoint 
{0x00000000f8ff3198} - klass: 'jdk/internal/foreign/abi/NativeEntryPoint' - flags: 

 - ---- fields (total size 3 words):
 - private final 'methodType' 'Ljava/lang/invoke/MethodType;' @12  a 'java/lang/invoke/MethodType'{0x00000000f92d80a8} = (JJJ)J (0xf92d80a8)
 - private final 'downcallStubAddress' 'J' @16  2239058617184 (0x00000209524b2360)
R8 =0x000000000000000a is an unknown value
R9 =0x0000000000000003 is an unknown value
R10=0x0000020940050000 points into unknown readable memory: 0x48c18b48ec8b4855 | 55 48 8b ec 48 8b c1 48
R11=0x00000209529c3de0 is at entry_point+0 in (nmethod*)0x00000209529c3d08
Compiled method (n/a) 1110 2888     n 0       java.lang.invoke.MethodHandle::linkToNative(JJJL)J (native)
 total in heap  [0x00000209529c3d08,0x00000209529c3de8] = 224
 main code      [0x00000209529c3de0,0x00000209529c3de7] = 7
 stub code      [0x00000209529c3de7,0x00000209529c3de8] = 1
R12=0x0 is null
R13=0x00000092ca6fc2a0 is pointing into the stack for thread: 0x000002093fe1f880
R14=0x00000092ca6fc368 is pointing into the stack for thread: 0x000002093fe1f880
R15=0x000002093fe1f880 is a thread

Top of Stack: (sp=0x00000092ca6fc260)
0x00000092ca6fc260:   00000092ca6fc290 00000209524b23a1   ..o......#KR....
0x00000092ca6fc270:   0000020000000000 fffffffffffffff7   ................
0x00000092ca6fc280:   00000209a0bca180 0000000000000002   ................
0x00000092ca6fc290:   00000092ca6fc320 00000209521788f6    .o........R....
0x00000092ca6fc2a0:   00000000f8ff3198 0000000000000003   .1..............
0x00000092ca6fc2b0:   0000000000000000 000000000000000a   ................
0x00000092ca6fc2c0:   0000000000000000 0000020940050000   ...........@....
0x00000092ca6fc2d0:   0000000000000000 fffffffffffffff7   ................
0x00000092ca6fc2e0:   00000209a0c37a54 0000000000000009   Tz..............
0x00000092ca6fc2f0:   00000209a0c37bf8 0000000000000000   .{..............
0x00000092ca6fc300:   00000000f8ffaa80 00000209a0c37a60   ........`z......
0x00000092ca6fc310:   fffffffffffffff0 00000092ca6fc338   ........8.o.....
0x00000092ca6fc320:   00000092ca6fc3b8 00000209521788f6   ..o........R....
0x00000092ca6fc330:   00000000f8ff3198 0000000000000003   .1..............
0x00000092ca6fc340:   0000000000000000 000000000000000a   ................
0x00000092ca6fc350:   0000000000000000 0000020940050000   ...........@....
0x00000092ca6fc360:   0000000000000000 00000000f8ffaba8   ................
0x00000092ca6fc370:   fffffffffffffff7 00000209a0c2b29f   ................
0x00000092ca6fc380:   0000000000000009 00000209a0c2b460   ........`.......
0x00000092ca6fc390:   0000000000000000 00000000f90e8488   ................
0x00000092ca6fc3a0:   00000209a0c2b2b0 fffffffffffffff0   ................
0x00000092ca6fc3b0:   00000092ca6fc3c8 00000092ca6fc450   ..o.....P.o.....
0x00000092ca6fc3c0:   00000209521788f6 00000000f92d80a8   ...R......-.....
0x00000092ca6fc3d0:   0000000000000003 0000000000000000   ................
0x00000092ca6fc3e0:   000000000000000a 0000000000000000   ................
0x00000092ca6fc3f0:   0000020940050000 0000000000000000   ...@............
0x00000092ca6fc400:   00000000f8ffaba8 fffffffffffffff7   ................
0x00000092ca6fc410:   00000209a0c383a4 0000000000000011   ................
0x00000092ca6fc420:   00000209a0c385a8 0000000000000000   ................
0x00000092ca6fc430:   00000000f8e04fd8 00000209a0c383e8   .O..............
0x00000092ca6fc440:   ffffffffffffffef 00000092ca6fc4a8   ..........o.....
0x00000092ca6fc450:   00000092ca6fc528 00000209521788f6   (.o........R....

Instructions: (pc=0x0000020940050009)
  0x000002094004ff09:   ?? ?? ?? ?? ?? ?? ?? ?? ?? ?? ?? ?? ?? ?? ?? ??
  0x000002094004ff19:   ?? ?? ?? ?? ?? ?? ?? ?? ?? ?? ?? ?? ?? ?? ?? ??
  0x000002094004ff29:   ?? ?? ?? ?? ?? ?? ?? ?? ?? ?? ?? ?? ?? ?? ?? ??
  0x000002094004ff39:   ?? ?? ?? ?? ?? ?? ?? ?? ?? ?? ?? ?? ?? ?? ?? ??
  0x000002094004ff49:   ?? ?? ?? ?? ?? ?? ?? ?? ?? ?? ?? ?? ?? ?? ?? ??
  0x000002094004ff59:   ?? ?? ?? ?? ?? ?? ?? ?? ?? ?? ?? ?? ?? ?? ?? ??
  0x000002094004ff69:   ?? ?? ?? ?? ?? ?? ?? ?? ?? ?? ?? ?? ?? ?? ?? ??
  0x000002094004ff79:   ?? ?? ?? ?? ?? ?? ?? ?? ?? ?? ?? ?? ?? ?? ?? ??
  0x000002094004ff89:   ?? ?? ?? ?? ?? ?? ?? ?? ?? ?? ?? ?? ?? ?? ?? ??
  0x000002094004ff99:   ?? ?? ?? ?? ?? ?? ?? ?? ?? ?? ?? ?? ?? ?? ?? ??
  0x000002094004ffa9:   ?? ?? ?? ?? ?? ?? ?? ?? ?? ?? ?? ?? ?? ?? ?? ??
  0x000002094004ffb9:   ?? ?? ?? ?? ?? ?? ?? ?? ?? ?? ?? ?? ?? ?? ?? ??
  0x000002094004ffc9:   ?? ?? ?? ?? ?? ?? ?? ?? ?? ?? ?? ?? ?? ?? ?? ??
  0x000002094004ffd9:   ?? ?? ?? ?? ?? ?? ?? ?? ?? ?? ?? ?? ?? ?? ?? ??
  0x000002094004ffe9:   ?? ?? ?? ?? ?? ?? ?? ?? ?? ?? ?? ?? ?? ?? ?? ??
  0x000002094004fff9:   ?? ?? ?? ?? ?? ?? ?? 55 48 8b ec 48 8b c1 48 99
=>0x0000020940050009:   48 f7 fa 48 8b f0 48 8b c6 5d c3 00 00 00 00 00
  0x0000020940050019:   00 00 00 00 00 00 00 00 00 00 00 00 00 00 00 00
  0x0000020940050029:   00 00 00 00 00 00 00 00 00 00 00 00 00 00 00 00
  0x0000020940050039:   00 00 00 00 00 00 00 00 00 00 00 00 00 00 00 00
  0x0000020940050049:   00 00 00 00 00 00 00 00 00 00 00 00 00 00 00 00
  0x0000020940050059:   00 00 00 00 00 00 00 00 00 00 00 00 00 00 00 00
  0x0000020940050069:   00 00 00 00 00 00 00 00 00 00 00 00 00 00 00 00
  0x0000020940050079:   00 00 00 00 00 00 00 00 00 00 00 00 00 00 00 00
  0x0000020940050089:   00 00 00 00 00 00 00 00 00 00 00 00 00 00 00 00
  0x0000020940050099:   00 00 00 00 00 00 00 00 00 00 00 00 00 00 00 00
  0x00000209400500a9:   00 00 00 00 00 00 00 00 00 00 00 00 00 00 00 00
  0x00000209400500b9:   00 00 00 00 00 00 00 00 00 00 00 00 00 00 00 00
  0x00000209400500c9:   00 00 00 00 00 00 00 00 00 00 00 00 00 00 00 00
  0x00000209400500d9:   00 00 00 00 00 00 00 00 00 00 00 00 00 00 00 00
  0x00000209400500e9:   00 00 00 00 00 00 00 00 00 00 00 00 00 00 00 00
  0x00000209400500f9:   00 00 00 00 00 00 00 00 00 00 00 00 00 00 00 00


Stack slot to memory mapping:

stack at sp + 0 slots: 0x00000092ca6fc290 is pointing into the stack for thread: 0x000002093fe1f880
stack at sp + 1 slots: 0x00000209524b23a1 is at code_begin+65 in 
[CodeBlob (0x00000209524b2308)]
Framesize: 6
Runtime Stub (0x00000209524b2308): nep_invoker_blob
--------------------------------------------------------------------------------
Decoding CodeBlob, name: nep_invoker_blob, at  [0x00000209524b2360, 0x00000209524b2468]  264 bytes
[MachCode]
  0x00000209524b2360: 5548 8bec | 4883 ec20 | c5f8 7749 | 89af b803 | 0000 49ba | 6823 4b52 | 0902 0000 | 4d89 97b0 
  0x00000209524b2380: 0300 0049 | 89a7 a803 | 0000 41c7 | 8754 0400 | 0004 0000 | 004c 8bd2 | 498b d149 | 8bc8 41ff 
  0x00000209524b23a0: d2c5 f877 | 41c7 8754 | 0400 0005 | 0000 00f0 | 8344 24c0 | 0049 3b6f | 280f 874d | 0000 0041 
  0x00000209524b23c0: 83bf 5004 | 0000 000f | 853f 0000 | 0041 c787 | 5404 0000 | 0800 0000 | 4183 bfd0 | 0400 0002 
  0x00000209524b23e0: 0f84 5300 | 0000 49c7 | 87a8 0300 | 0000 0000 | 0049 c787 | b803 0000 | 0000 0000 | 49c7 87b0 
  0x00000209524b2400: 0300 0000 | 0000 00c5 | f877 c9c3 | 4889 0424 | 498b cfc5 | f877 4c8b | e448 83ec | 2048 83e4 
  0x00000209524b2420: f048 b8f0 | a54d 52fb | 7f00 00ff | d049 8be4 | 4d33 e448 | 8b04 24eb | 9448 8904 | 24c5 f877 
  0x00000209524b2440: 4c8b e448 | 83ec 2048 | 83e4 f048 | b860 7485 | 52fb 7f00 | 00ff d049 | 8be4 4d33 | e448 8b04 
  0x00000209524b2460: 24eb 83f4 | f4f4 f4f4 
[/MachCode]
--------------------------------------------------------------------------------
stack at sp + 2 slots: 0x0000020000000000 is an unknown value
stack at sp + 3 slots: 0xfffffffffffffff7 is an unknown value
stack at sp + 4 slots: 0x00000209a0bca180 is pointing into metadata
stack at sp + 5 slots: 0x0000000000000002 is an unknown value
stack at sp + 6 slots: 0x00000092ca6fc320 is pointing into the stack for thread: 0x000002093fe1f880
stack at sp + 7 slots: 0x00000209521788f6 is at code_begin+1526 in an Interpreter codelet
return entry points  [0x0000020952178300, 0x0000020952178f90]  3216 bytes

Lock stack of current Java thread (top to bottom):

--------------------------------------------------------------------------------
Decoding CodeBlob, name: nep_invoker_blob, at  [0x00000209524b2360, 0x00000209524b2468]  264 bytes
[MachCode]
  0x00000209524b2360: 5548 8bec | 4883 ec20 | c5f8 7749 | 89af b803 | 0000 49ba | 6823 4b52 | 0902 0000 | 4d89 97b0 
  0x00000209524b2380: 0300 0049 | 89a7 a803 | 0000 41c7 | 8754 0400 | 0004 0000 | 004c 8bd2 | 498b d149 | 8bc8 41ff 
  0x00000209524b23a0: d2c5 f877 | 41c7 8754 | 0400 0005 | 0000 00f0 | 8344 24c0 | 0049 3b6f | 280f 874d | 0000 0041 
  0x00000209524b23c0: 83bf 5004 | 0000 000f | 853f 0000 | 0041 c787 | 5404 0000 | 0800 0000 | 4183 bfd0 | 0400 0002 
  0x00000209524b23e0: 0f84 5300 | 0000 49c7 | 87a8 0300 | 0000 0000 | 0049 c787 | b803 0000 | 0000 0000 | 49c7 87b0 
  0x00000209524b2400: 0300 0000 | 0000 00c5 | f877 c9c3 | 4889 0424 | 498b cfc5 | f877 4c8b | e448 83ec | 2048 83e4 
  0x00000209524b2420: f048 b8f0 | a54d 52fb | 7f00 00ff | d049 8be4 | 4d33 e448 | 8b04 24eb | 9448 8904 | 24c5 f877 
  0x00000209524b2440: 4c8b e448 | 83ec 2048 | 83e4 f048 | b860 7485 | 52fb 7f00 | 00ff d049 | 8be4 4d33 | e448 8b04 
  0x00000209524b2460: 24eb 83f4 | f4f4 f4f4 
[/MachCode]
--------------------------------------------------------------------------------


Compiled method (c1) 1122 2492   !   3       org.junit.platform.engine.support.hierarchical.ThrowableCollector::execute (20 bytes)
 total in heap  [0x000002094b14aa88,0x000002094b14aff8] = 1392
 relocation     [0x000002094b14ab60,0x000002094b14abd0] = 112
 main code      [0x000002094b14abe0,0x000002094b14af70] = 912
 stub code      [0x000002094b14af70,0x000002094b14afd8] = 104
 oops           [0x000002094b14afd8,0x000002094b14afe0] = 8
 metadata       [0x000002094b14afe0,0x000002094b14aff8] = 24
 immutable data [0x00000209a5e90910,0x00000209a5e90a38] = 296
 dependencies   [0x00000209a5e90910,0x00000209a5e90918] = 8
 nul chk table  [0x00000209a5e90918,0x00000209a5e90928] = 16
 handler table  [0x00000209a5e90928,0x00000209a5e90958] = 48
 scopes pcs     [0x00000209a5e90958,0x00000209a5e909d8] = 128
 scopes data    [0x00000209a5e909d8,0x00000209a5e90a38] = 96

[Constant Pool (empty)]

[MachCode]
[Instructions begin]
  0x000002094b14abe0: 660f 1f84 | 0000 0000 | 0066 0f1f | 8400 0000 | 0000 448b | 5208 443b 

  0x000002094b14abf8: ;   {runtime_call Shared Runtime ic_miss_blob}
  0x000002094b14abf8: 5008 0f85 | 603d 0707 
[Verified Entry Point]
  0x000002094b14ac00: 8984 2400 | 80ff ff55 | 4883 ec40 | 4181 7f20 | 0100 0000 

  0x000002094b14ac14: ;   {runtime_call StubRoutines (final stubs)}
  0x000002094b14ac14: 7405 e845 

  0x000002094b14ac18: ;   {metadata(method data for {method} {0x00000209a0718ad8} 'execute' '(Lorg/junit/platform/engine/support/hierarchical/ThrowableCollector$Executable;)V' in 'org/junit/platform/engine/support/hierarchical/ThrowableCollector')}
  0x000002094b14ac18: d005 0748 | be80 269a | a009 0200 | 008b becc | 0000 0083 | c702 89be | cc00 0000 | 81e7 fe07 
  0x000002094b14ac38: 0000 85ff | 0f84 9202 | 0000 4889 | 5424 2849 | 3b00 498b 

  0x000002094b14ac4c: ;   {metadata(method data for {method} {0x00000209a0718ad8} 'execute' '(Lorg/junit/platform/engine/support/hierarchical/ThrowableCollector$Executable;)V' in 'org/junit/platform/engine/support/hierarchical/ThrowableCollector')}
  0x000002094b14ac4c: f048 bf80 | 269a a009 | 0200 008b | 7608 49ba | 0000 005e | 0902 0000 | 4903 f248 | 3bb7 1801 
  0x000002094b14ac6c: 0000 750d | 4883 8720 | 0100 0001 | e960 0000 | 0048 3bb7 | 2801 0000 | 750d 4883 | 8730 0100 
  0x000002094b14ac8c: 0001 e94a | 0000 0048 | 83bf 1801 | 0000 0075 | 1748 89b7 | 1801 0000 | 48c7 8720 | 0100 0001 
  0x000002094b14acac: 0000 00e9 | 2900 0000 | 4883 bf28 | 0100 0000 | 7517 4889 | b728 0100 | 0048 c787 | 3001 0000 
  0x000002094b14accc: 0100 0000 | e908 0000 | 0048 8387 | 1001 0000 | 0149 8bd0 | 0f1f 4400 | 0048 b840 | 9749 a509 
  0x000002094b14acec: ;   {virtual_call}
  0x000002094b14acec: 0200 00e8 

  0x000002094b14acf0: ; ImmutableOopMap {[40]=Oop }
                      ;*invokeinterface execute {reexecute=0 rethrow=0 return_oop=0}
                      ; - org.junit.platform.engine.support.hierarchical.ThrowableCollector::execute@1 (line 73)
  0x000002094b14acf0: 6ce2 1407 

  0x000002094b14acf4: ;   {post_call_nop}
  0x000002094b14acf4: 0f1f 8400 | 6c02 0000 | e9b3 0100 | 0049 8b87 | 0805 0000 | 4d33 d24d | 8997 0805 | 0000 4d33 
  0x000002094b14ad14: d24d 8997 | 1005 0000 

  0x000002094b14ad1c: ;   {metadata(method data for {method} {0x00000209a0718ad8} 'execute' '(Lorg/junit/platform/engine/support/hierarchical/ThrowableCollector$Executable;)V' in 'org/junit/platform/engine/support/hierarchical/ThrowableCollector')}
  0x000002094b14ad1c: 48ba 8026 | 9aa0 0902 | 0000 4883 | 8258 0100 

  0x000002094b14ad2c: ;   {metadata(method data for {method} {0x00000209a072f5d8} 'rethrowIfUnrecoverable' '(Ljava/lang/Throwable;)V' in 'org/junit/platform/commons/util/UnrecoverableExceptions')}
  0x000002094b14ad2c: 0001 48ba | 4828 9aa0 | 0902 0000 | 8bb2 cc00 | 0000 83c6 | 0289 b2cc | 0000 0081 | e6fe ff1f 
  0x000002094b14ad4c: 0085 f60f | 84a5 0100 | 0048 85c0 

  0x000002094b14ad58: ;   {metadata(method data for {method} {0x00000209a072f5d8} 'rethrowIfUnrecoverable' '(Ljava/lang/Throwable;)V' in 'org/junit/platform/commons/util/UnrecoverableExceptions')}
  0x000002094b14ad58: 48bf 4828 | 9aa0 0902 | 0000 750c | 808f 0901 | 0000 01e9 | ae00 0000 | 8b58 0849 | ba00 0000 
  0x000002094b14ad78: 5e09 0200 | 0049 03da | 483b 9f18 | 0100 0075 | 0d48 8387 | 2001 0000 | 01e9 6000 | 0000 483b 
  0x000002094b14ad98: 9f28 0100 | 0075 0d48 | 8387 3001 | 0000 01e9 | 4a00 0000 | 4883 bf18 | 0100 0000 | 7517 4889 
  0x000002094b14adb8: 9f18 0100 | 0048 c787 | 2001 0000 | 0100 0000 | e929 0000 | 0048 83bf | 2801 0000 | 0075 1748 
  0x000002094b14add8: 899f 2801 | 0000 48c7 | 8730 0100 | 0001 0000 | 00e9 0800 | 0000 4883 | 8710 0100 

  0x000002094b14adf4: ;   {metadata('java/lang/OutOfMemoryError')}
  0x000002094b14adf4: 0001 48bb | a851 1c5e | 0902 0000 | 8b70 0849 | ba00 0000 | 5e09 0200 | 0049 03f2 | 483b de0f 
  0x000002094b14ae14: 8505 0000 | 00e9 0500 | 0000 4833 | d2eb 05ba | 0100 0000 

  0x000002094b14ae28: ;   {metadata(method data for {method} {0x00000209a072f5d8} 'rethrowIfUnrecoverable' '(Ljava/lang/Throwable;)V' in 'org/junit/platform/commons/util/UnrecoverableExceptions')}
  0x000002094b14ae28: 85d2 48ba | 4828 9aa0 | 0902 0000 | be50 0100 | 0075 05be | 4001 0000 | 488b 3c32 | 488d 7f01 
  0x000002094b14ae48: 4889 3c32 | 0f85 0a00 | 0000 4889 | 4424 30e9 | 1800 0000 | 488b d048 | 8944 2430 

  0x000002094b14ae64: ;   {static_call}
  0x000002094b14ae64: 6666 90e8 

  0x000002094b14ae68: ; ImmutableOopMap {[40]=Oop [48]=Oop }
                      ;*invokestatic throwAsUncheckedException {reexecute=0 rethrow=0 return_oop=0}
                      ; - org.junit.platform.commons.util.UnrecoverableExceptions::rethrowIfUnrecoverable@8 (line 52)
                      ; - org.junit.platform.engine.support.hierarchical.ThrowableCollector::execute@11 (line 76)
  0x000002094b14ae68: f449 0707 

  0x000002094b14ae6c: ;   {post_call_nop}
  0x000002094b14ae6c: 0f1f 8400 | e403 0001 | 488b 4424 | 3048 8b54 | 2428 4c8b 

  0x000002094b14ae80: ;   {metadata(method data for {method} {0x00000209a0718ad8} 'execute' '(Lorg/junit/platform/engine/support/hierarchical/ThrowableCollector$Executable;)V' in 'org/junit/platform/engine/support/hierarchical/ThrowableCollector')}
  0x000002094b14ae80: c248 be80 | 269a a009 | 0200 0048 | 8386 6801 | 0000 014c 

  0x000002094b14ae94: ;   {optimized virtual_call}
  0x000002094b14ae94: 8bc0 90e8 

  0x000002094b14ae98: ; ImmutableOopMap {}
                      ;*invokespecial add {reexecute=0 rethrow=0 return_oop=0}
                      ; - org.junit.platform.engine.support.hierarchical.ThrowableCollector::execute@16 (line 77)
  0x000002094b14ae98: c43f 0707 

  0x000002094b14ae9c: ;   {post_call_nop}
  0x000002094b14ae9c: 0f1f 8400 | 1404 0002 | 4883 c440 

  0x000002094b14aea8: ;   {poll_return}
  0x000002094b14aea8: 5d49 3b67 | 280f 8768 | 0000 00c3 

  0x000002094b14aeb4: ;   {metadata(method data for {method} {0x00000209a0718ad8} 'execute' '(Lorg/junit/platform/engine/support/hierarchical/ThrowableCollector$Executable;)V' in 'org/junit/platform/engine/support/hierarchical/ThrowableCollector')}
  0x000002094b14aeb4: 48be 8026 | 9aa0 0902 | 0000 ff86 | 4001 0000 | 4883 c440 

  0x000002094b14aec8: ;   {poll_return}
  0x000002094b14aec8: 5d49 3b67 | 280f 875e | 0000 00c3 

  0x000002094b14aed4: ;   {metadata({method} {0x00000209a0718ad8} 'execute' '(Lorg/junit/platform/engine/support/hierarchical/ThrowableCollector$Executable;)V' in 'org/junit/platform/engine/support/hierarchical/ThrowableCollector')}
  0x000002094b14aed4: 49ba d08a | 71a0 0902 | 0000 4c89 | 5424 0848 | c704 24ff 

  0x000002094b14aee8: ;   {runtime_call C1 Runtime counter_overflow_blob}
  0x000002094b14aee8: ffff ffe8 

  0x000002094b14aeec: ; ImmutableOopMap {rdx=Oop r8=Oop }
                      ;*synchronization entry
                      ; - org.junit.platform.engine.support.hierarchical.ThrowableCollector::execute@-1 (line 73)
  0x000002094b14aeec: f07a 1407 | e94d fdff 

  0x000002094b14aef4: ;   {runtime_call C1 Runtime throw_null_pointer_exception_blob}
  0x000002094b14aef4: ffe8 660c 

  0x000002094b14aef8: ; ImmutableOopMap {r8=Oop [40]=Oop }
                      ;*invokeinterface execute {reexecute=0 rethrow=0 return_oop=0}
                      ; - org.junit.platform.engine.support.hierarchical.ThrowableCollector::execute@1 (line 73)
                      ;   {metadata({method} {0x00000209a072f5d8} 'rethrowIfUnrecoverable' '(Ljava/lang/Throwable;)V' in 'org/junit/platform/commons/util/UnrecoverableExceptions')}
  0x000002094b14aef8: 1407 49ba | d0f5 72a0 | 0902 0000 | 4c89 5424 | 0848 c704 | 24ff ffff 

  0x000002094b14af10: ;   {runtime_call C1 Runtime counter_overflow_blob}
  0x000002094b14af10: ffe8 ca7a 

  0x000002094b14af14: ; ImmutableOopMap {rax=Oop [40]=Oop }
                      ;*synchronization entry
                      ; - org.junit.platform.commons.util.UnrecoverableExceptions::rethrowIfUnrecoverable@-1 (line 51)
                      ; - org.junit.platform.engine.support.hierarchical.ThrowableCollector::execute@11 (line 76)
  0x000002094b14af14: 1407 e93a 

  0x000002094b14af18: ;   {internal_word}
  0x000002094b14af18: feff ff49 | baa9 ae14 | 4b09 0200 | 004d 8997 | 6004 0000 

  0x000002094b14af2c: ;   {runtime_call SafepointBlob}
  0x000002094b14af2c: e9af c507 

  0x000002094b14af30: ;   {internal_word}
  0x000002094b14af30: 0749 bac9 | ae14 4b09 | 0200 004d | 8997 6004 

  0x000002094b14af40: ;   {runtime_call SafepointBlob}
  0x000002094b14af40: 0000 e999 | c507 0749 | 8b87 0805 | 0000 49c7 | 8708 0500 | 0000 0000 | 0049 c787 | 1005 0000 
  0x000002094b14af60: 0000 0000 | 4883 c440 

  0x000002094b14af68: ;   {runtime_call C1 Runtime unwind_exception_blob}
  0x000002094b14af68: 5de9 f2fc | 1307 f4f4 
[Stub Code]
  0x000002094b14af70: ;   {no_reloc}
  0x000002094b14af70: 0f1f 4400 

  0x000002094b14af74: ;   {static_stub}
  0x000002094b14af74: 0048 bb00 | 0000 0000 

  0x000002094b14af7c: ;   {runtime_call nmethod}
  0x000002094b14af7c: 0000 00e9 | fbff ffff 

  0x000002094b14af84: ;   {static_stub}
  0x000002094b14af84: 9048 bb00 | 0000 0000 

  0x000002094b14af8c: ;   {runtime_call nmethod}
  0x000002094b14af8c: 0000 00e9 | fbff ffff 

  0x000002094b14af94: ;   {static_stub}
  0x000002094b14af94: 48bb 0000 | 0000 0000 

  0x000002094b14af9c: ;   {runtime_call nmethod}
  0x000002094b14af9c: 0000 e9fb 

  0x000002094b14afa0: ;   {runtime_call C1 Runtime handle_exception_from_callee_blob}
  0x000002094b14afa0: ffff ffe8 | b83d 1407 

  0x000002094b14afa8: ;   {external_word}
  0x000002094b14afa8: 48b9 e034 | b552 fb7f | 0000 4883 

  0x000002094b14afb4: ;   {runtime_call}
  0x000002094b14afb4: e4f0 48b8 | 1090 7252 | fb7f 0000 

  0x000002094b14afc0: ;   {section_word}
  0x000002094b14afc0: ffd0 f449 | bac3 af14 | 4b09 0200 

  0x000002094b14afcc: ;   {runtime_call DeoptimizationBlob}
  0x000002094b14afcc: 0041 52e9 | acad 0707 | f4f4 f4f4 
[/MachCode]


Compiled method (c1) 1126 2053       3       java.util.ArrayList::forEach (74 bytes)
 total in heap  [0x000002094b063388,0x000002094b063a90] = 1800
 relocation     [0x000002094b063460,0x000002094b0634f8] = 152
 main code      [0x000002094b063500,0x000002094b063a10] = 1296
 stub code      [0x000002094b063a10,0x000002094b063a78] = 104
 metadata       [0x000002094b063a78,0x000002094b063a90] = 24
 immutable data [0x00000209a4172ab0,0x00000209a4172cc8] = 536
 dependencies   [0x00000209a4172ab0,0x00000209a4172ab8] = 8
 nul chk table  [0x00000209a4172ab8,0x00000209a4172ad8] = 32
 scopes pcs     [0x00000209a4172ad8,0x00000209a4172bf8] = 288
 scopes data    [0x00000209a4172bf8,0x00000209a4172cc8] = 208

[Constant Pool (empty)]

[MachCode]
[Instructions begin]
  0x000002094b063500: 660f 1f84 | 0000 0000 | 0066 0f1f | 8400 0000 | 0000 448b | 5208 443b 

  0x000002094b063518: ;   {runtime_call Shared Runtime ic_miss_blob}
  0x000002094b063518: 5008 0f85 | 40b4 1507 
[Verified Entry Point]
  0x000002094b063520: 8984 2400 | 80ff ff55 | 4881 ec80 | 0000 0090 | 4181 7f20 | 0100 0000 

  0x000002094b063538: ;   {runtime_call StubRoutines (final stubs)}
  0x000002094b063538: 7405 e821 | 4714 0748 | 8954 2440 | 4c89 4424 

  0x000002094b063548: ;   {metadata(method data for {method} {0x000002095e201c40} 'forEach' '(Ljava/util/function/Consumer;)V' in 'java/util/ArrayList')}
  0x000002094b063548: 4848 bea0 | 483d a009 | 0200 008b | becc 0000 | 0083 c702 | 89be cc00 | 0000 81e7 | fe07 0000 
  0x000002094b063568: 85ff 0f84 | 6e03 0000 

  0x000002094b063570: ;   {metadata(method data for {method} {0x000002095e201c40} 'forEach' '(Ljava/util/function/Consumer;)V' in 'java/util/ArrayList')}
  0x000002094b063570: 48be a048 | 3da0 0902 | 0000 4883 | 8610 0100 

  0x000002094b063580: ;   {metadata(method data for {method} {0x000002095e4512d0} 'requireNonNull' '(Ljava/lang/Object;)Ljava/lang/Object;' in 'java/util/Objects')}
  0x000002094b063580: 0001 48be | a0eb 01a0 | 0902 0000 | 8bbe cc00 | 0000 83c7 | 0289 becc | 0000 0081 | e7fe ff1f 
  0x000002094b0635a0: 0085 ff0f | 8456 0300 | 004d 85c0 

  0x000002094b0635ac: ;   {metadata(method data for {method} {0x000002095e4512d0} 'requireNonNull' '(Ljava/lang/Object;)Ljava/lang/Object;' in 'java/util/Objects')}
  0x000002094b0635ac: 48be a0eb | 01a0 0902 | 0000 bf20 | 0100 0074 | 05bf 1001 | 0000 488b | 1c3e 488d | 5b01 4889 
  0x000002094b0635cc: 1c3e 0f84 | 7202 0000 | 8b72 0c89 | 7424 3c8b | 7a14 4889 | 7c24 588b | 5a10 895c | 2450 b800 
  0x000002094b0635ec: 0000 00e9 | 9b01 0000 | 0f1f 4000 

  0x000002094b0635f8: ;   {metadata(method data for {method} {0x000002095e201c40} 'forEach' '(Ljava/util/function/Consumer;)V' in 'java/util/ArrayList')}
  0x000002094b0635f8: 3bc3 49b9 | a048 3da0 | 0902 0000 | 41bb 4001 | 0000 7d06 | 41bb 5001 | 0000 4f8b | 2c19 4d8d 
  0x000002094b063618: 6d01 4f89 | 2c19 0f8d | 9a01 0000 

  0x000002094b063624: ;   {metadata(method data for {method} {0x000002095e201c40} 'forEach' '(Ljava/util/function/Consumer;)V' in 'java/util/ArrayList')}
  0x000002094b063624: 48b9 a048 | 3da0 0902 | 0000 4883 | 8160 0100 

  0x000002094b063634: ;   {metadata(method data for {method} {0x000002095e202c68} 'elementAt' '([Ljava/lang/Object;I)Ljava/lang/Object;' in 'java/util/ArrayList')}
  0x000002094b063634: 0001 48b9 | a853 3ca0 | 0902 0000 | 448b 89cc | 0000 0041 | 83c1 0244 | 8989 cc00 | 0000 4181 
  0x000002094b063654: e1fe ff1f | 0045 85c9 | 0f84 be02 | 0000 3b47 | 0c0f 83e0 | 0200 0048 | 63c8 8b4c | 8f10 493b 
  0x000002094b063674: 004d 8bc8 

  0x000002094b063678: ;   {metadata(method data for {method} {0x000002095e201c40} 'forEach' '(Ljava/util/function/Consumer;)V' in 'java/util/ArrayList')}
  0x000002094b063678: 49bb a048 | 3da0 0902 | 0000 458b | 4908 49ba | 0000 005e | 0902 0000 | 4d03 ca4d | 3b8b 7801 
  0x000002094b063698: 0000 750d | 4983 8380 | 0100 0001 | e960 0000 | 004d 3b8b | 8801 0000 | 750d 4983 | 8390 0100 
  0x000002094b0636b8: 0001 e94a | 0000 0049 | 83bb 7801 | 0000 0075 | 174d 898b | 7801 0000 | 49c7 8380 | 0100 0001 
  0x000002094b0636d8: 0000 00e9 | 2900 0000 | 4983 bb88 | 0100 0000 | 7517 4d89 | 8b88 0100 | 0049 c783 | 9001 0000 
  0x000002094b0636f8: 0100 0000 | e908 0000 | 0049 8383 | 7001 0000 | 014d 8bc8 | 4c8b c149 | 8bd1 8944 | 2438 0f1f 
  0x000002094b063718: 8000 0000 | 0048 b8e0 | f722 a409 

  0x000002094b063724: ;   {virtual_call}
  0x000002094b063724: 0200 00e8 

  0x000002094b063728: ; ImmutableOopMap {[64]=Oop [72]=Oop [88]=Oop }
                      ;*invokeinterface accept {reexecute=0 rethrow=0 return_oop=0}
                      ; - java.util.ArrayList::forEach@46 (line 1604)
  0x000002094b063728: 3458 2307 

  0x000002094b06372c: ;   {post_call_nop}
  0x000002094b06372c: 0f1f 8400 | a403 0000 | 8b44 2438 

  0x000002094b063738: ;   {metadata(method data for {method} {0x000002095e201c40} 'forEach' '(Ljava/util/function/Consumer;)V' in 'java/util/ArrayList')}
  0x000002094b063738: ffc0 48ba | a048 3da0 | 0902 0000 | 8bb2 d000 | 0000 83c6 | 0289 b2d0 | 0000 0081 | e6fe 3f00 
  0x000002094b063758: 0085 f60f | 84fd 0100 | 004d 8b57 

  0x000002094b063764: ; ImmutableOopMap {[64]=Oop [72]=Oop [88]=Oop }
                      ;*goto {reexecute=1 rethrow=0 return_oop=0}
                      ; - (reexecute) java.util.ArrayList::forEach@54 (line 1603)
                      ;   {poll}
  0x000002094b063764: 3041 8502 

  0x000002094b063768: ;   {metadata(method data for {method} {0x000002095e201c40} 'forEach' '(Ljava/util/function/Consumer;)V' in 'java/util/ArrayList')}
  0x000002094b063768: 48ba a048 | 3da0 0902 | 0000 ff82 | a001 0000 | 8b5c 2450 | 488b 7c24 | 588b 7424 | 3c4c 8b44 
  0x000002094b063788: 2448 488b | 5424 408b | 4a0c 3bce 

  0x000002094b063794: ;   {metadata(method data for {method} {0x000002095e201c40} 'forEach' '(Ljava/util/function/Consumer;)V' in 'java/util/ArrayList')}
  0x000002094b063794: 49b9 a048 | 3da0 0902 | 0000 41bb | 3001 0000 | 7406 41bb | 2001 0000 | 4f8b 2c19 | 4d8d 6d01 
  0x000002094b0637b4: 4f89 2c19 | 0f84 3afe | ffff 3bce 

  0x000002094b0637c0: ;   {metadata(method data for {method} {0x000002095e201c40} 'forEach' '(Ljava/util/function/Consumer;)V' in 'java/util/ArrayList')}
  0x000002094b0637c0: 48ba a048 | 3da0 0902 | 0000 b8c8 | 0100 0075 | 05b8 b801 | 0000 488b | 3402 488d | 7601 4889 
  0x000002094b0637e0: 3402 0f85 | 1300 0000 | 4881 c480 | 0000 005d 

  0x000002094b0637f0: ;   {poll_return}
  0x000002094b0637f0: 493b 6728 | 0f87 8501 | 0000 c30f | 1f44 0000 

  0x000002094b063800: ;   {no_reloc}
  0x000002094b063800: e99f 0100 | 0000 0000 | 0000 e99f | 0100 0048 

  0x000002094b063810: ;   {metadata(method data for {method} {0x000002095e201c40} 'forEach' '(Ljava/util/function/Consumer;)V' in 'java/util/ArrayList')}
  0x000002094b063810: 8bd0 48be | a048 3da0 | 0902 0000 | 4883 86d8 | 0100 0001 | 488b d048 | 8944 2460 

  0x000002094b06382c: ;   {optimized virtual_call}
  0x000002094b06382c: 6666 90e8 

  0x000002094b063830: ; ImmutableOopMap {[96]=Oop }
                      ;*invokespecial <init> {reexecute=0 rethrow=0 return_oop=0}
                      ; - java.util.ArrayList::forEach@69 (line 1606)
  0x000002094b063830: 2cb6 1507 

  0x000002094b063834: ;   {post_call_nop}
  0x000002094b063834: 0f1f 8400 | ac04 0002 | 488b 4424 | 60e9 b801 | 0000 6690 

  0x000002094b063848: ;   {no_reloc}
  0x000002094b063848: e97d 0100 | 0000 0000 | 0000 498b | 87c8 0100 | 0048 8d78 | 3049 3bbf | d801 0000 | 0f87 6a01 
  0x000002094b063868: 0000 4989 | bfc8 0100 | 0048 c700 | 0100 0000 | 488b ca49 | ba00 0000 | 5e09 0200 | 0049 2bca 
  0x000002094b063888: 8948 0848 | 33c9 8948 | 0c48 33c9 | 4889 4810 | 4889 4818 | 4889 4820 | 4889 4828 

  0x000002094b0638a4: ;   {metadata(method data for {method} {0x000002095e4512d0} 'requireNonNull' '(Ljava/lang/Object;)Ljava/lang/Object;' in 'java/util/Objects')}
  0x000002094b0638a4: 488b d048 | bea0 eb01 | a009 0200 | 0048 8386 | 3001 0000 | 0148 8bd0 | 4889 4424 | 6866 0f1f 
  0x000002094b0638c4: ;   {optimized virtual_call}
  0x000002094b0638c4: 4400 00e8 

  0x000002094b0638c8: ; ImmutableOopMap {[64]=Oop [72]=Oop [104]=Oop }
                      ;*invokespecial <init> {reexecute=0 rethrow=0 return_oop=0}
                      ; - java.util.Objects::requireNonNull@8 (line 220)
                      ; - java.util.ArrayList::forEach@1 (line 1599)
  0x000002094b0638c8: 94b5 1507 

  0x000002094b0638cc: ;   {post_call_nop}
  0x000002094b0638cc: 0f1f 8400 | 4405 0003 | 488b 4424 | 68e9 2001 

  0x000002094b0638dc: ;   {metadata({method} {0x000002095e201c40} 'forEach' '(Ljava/util/function/Consumer;)V' in 'java/util/ArrayList')}
  0x000002094b0638dc: 0000 49ba | 381c 205e | 0902 0000 | 4c89 5424 | 0848 c704 | 24ff ffff 

  0x000002094b0638f4: ;   {runtime_call C1 Runtime counter_overflow_blob}
  0x000002094b0638f4: ffe8 e6f0 

  0x000002094b0638f8: ; ImmutableOopMap {rdx=Oop r8=Oop [64]=Oop [72]=Oop }
                      ;*synchronization entry
                      ; - java.util.ArrayList::forEach@-1 (line 1599)
  0x000002094b0638f8: 2207 e971 

  0x000002094b0638fc: ;   {metadata({method} {0x000002095e4512d0} 'requireNonNull' '(Ljava/lang/Object;)Ljava/lang/Object;' in 'java/util/Objects')}
  0x000002094b0638fc: fcff ff49 | bac8 1245 | 5e09 0200 | 004c 8954 | 2408 48c7 | 0424 ffff 

  0x000002094b063914: ;   {runtime_call C1 Runtime counter_overflow_blob}
  0x000002094b063914: ffff e8c5 

  0x000002094b063918: ; ImmutableOopMap {rdx=Oop r8=Oop [64]=Oop [72]=Oop }
                      ;*synchronization entry
                      ; - java.util.Objects::requireNonNull@-1 (line 219)
                      ; - java.util.ArrayList::forEach@1 (line 1599)
  0x000002094b063918: f022 07e9 | 89fc ffff 

  0x000002094b063920: ;   {metadata({method} {0x000002095e202c68} 'elementAt' '([Ljava/lang/Object;I)Ljava/lang/Object;' in 'java/util/ArrayList')}
  0x000002094b063920: 49ba 602c | 205e 0902 | 0000 4c89 | 5424 0848 | c704 24ff 

  0x000002094b063934: ;   {runtime_call C1 Runtime counter_overflow_blob}
  0x000002094b063934: ffff ffe8 

  0x000002094b063938: ; ImmutableOopMap {r8=Oop rdi=Oop [64]=Oop [72]=Oop [88]=Oop }
                      ;*synchronization entry
                      ; - java.util.ArrayList::elementAt@-1 (line 417)
                      ; - java.util.ArrayList::forEach@43 (line 1604)
  0x000002094b063938: a4f0 2207 | e921 fdff 

  0x000002094b063940: ;   {runtime_call C1 Runtime throw_null_pointer_exception_blob}
  0x000002094b063940: ffe8 1a82 

  0x000002094b063944: ; ImmutableOopMap {r8=Oop rdi=Oop [64]=Oop [72]=Oop [88]=Oop }
                      ;*aaload {reexecute=0 rethrow=0 return_oop=0}
                      ; - java.util.ArrayList::elementAt@2 (line 417)
                      ; - java.util.ArrayList::forEach@43 (line 1604)
                      ;   {runtime_call C1 Runtime throw_null_pointer_exception_blob}
  0x000002094b063944: 2207 e815 

  0x000002094b063948: ; ImmutableOopMap {r8=Oop rdi=Oop [64]=Oop [72]=Oop [88]=Oop }
                      ;*aaload {reexecute=0 rethrow=0 return_oop=0}
                      ; - java.util.ArrayList::elementAt@2 (line 417)
                      ; - java.util.ArrayList::forEach@43 (line 1604)
  0x000002094b063948: 8222 0748 | 8904 2448 | 897c 2408 

  0x000002094b063954: ;   {runtime_call C1 Runtime throw_range_check_failed_blob}
  0x000002094b063954: e807 7922 

  0x000002094b063958: ; ImmutableOopMap {r8=Oop rdi=Oop [64]=Oop [72]=Oop [88]=Oop }
                      ;*aaload {reexecute=0 rethrow=0 return_oop=0}
                      ; - java.util.ArrayList::elementAt@2 (line 417)
                      ; - java.util.ArrayList::forEach@43 (line 1604)
                      ;   {runtime_call C1 Runtime throw_null_pointer_exception_blob}
  0x000002094b063958: 07e8 0282 

  0x000002094b06395c: ; ImmutableOopMap {r8=Oop rdi=Oop rcx=Oop [64]=Oop [72]=Oop [88]=Oop }
                      ;*invokeinterface accept {reexecute=0 rethrow=0 return_oop=0}
                      ; - java.util.ArrayList::forEach@46 (line 1604)
                      ;   {metadata({method} {0x000002095e201c40} 'forEach' '(Ljava/util/function/Consumer;)V' in 'java/util/ArrayList')}
  0x000002094b06395c: 2207 49ba | 381c 205e | 0902 0000 | 4c89 5424 | 0848 c704 | 2436 0000 

  0x000002094b063974: ;   {runtime_call C1 Runtime counter_overflow_blob}
  0x000002094b063974: 00e8 66f0 

  0x000002094b063978: ; ImmutableOopMap {[64]=Oop [72]=Oop [88]=Oop }
                      ;*goto {reexecute=1 rethrow=0 return_oop=0}
                      ; - (reexecute) java.util.ArrayList::forEach@54 (line 1603)
  0x000002094b063978: 2207 e9e2 

  0x000002094b06397c: ;   {internal_word}
  0x000002094b06397c: fdff ff49 | baf0 3706 | 4b09 0200 | 004d 8997 | 6004 0000 

  0x000002094b063990: ;   {runtime_call SafepointBlob}
  0x000002094b063990: e94b 3b16 

  0x000002094b063994: ;   {metadata(nullptr)}
  0x000002094b063994: 0748 ba00 | 0000 0000 | 0000 00b8 | 000f 050a 

  0x000002094b0639a4: ;   {runtime_call C1 Runtime load_klass_patching_blob}
  0x000002094b0639a4: e8b7 d922 

  0x000002094b0639a8: ; ImmutableOopMap {}
                      ;*new {reexecute=1 rethrow=0 return_oop=0}
                      ; - (reexecute) java.util.ArrayList::forEach@65 (line 1606)
  0x000002094b0639a8: 07e9 52fe | ffff 488b 

  0x000002094b0639b0: ;   {runtime_call C1 Runtime new_instance_blob}
  0x000002094b0639b0: d2e8 2a8d 

  0x000002094b0639b4: ; ImmutableOopMap {}
                      ;*new {reexecute=0 rethrow=0 return_oop=0}
                      ; - java.util.ArrayList::forEach@65 (line 1606)
  0x000002094b0639b4: 2207 e954 

  0x000002094b0639b8: ;   {metadata(nullptr)}
  0x000002094b0639b8: feff ff48 | ba00 0000 | 0000 0000 | 00b8 000f 

  0x000002094b0639c8: ;   {runtime_call C1 Runtime load_klass_patching_blob}
  0x000002094b0639c8: 050a e891 

  0x000002094b0639cc: ; ImmutableOopMap {[64]=Oop [72]=Oop }
                      ;*new {reexecute=1 rethrow=0 return_oop=0}
                      ; - (reexecute) java.util.Objects::requireNonNull@4 (line 220)
                      ; - java.util.ArrayList::forEach@1 (line 1599)
  0x000002094b0639cc: d922 07e9 | 74fe ffff 

  0x000002094b0639d4: ;   {runtime_call C1 Runtime fast_new_instance_blob}
  0x000002094b0639d4: 488b d2e8 

  0x000002094b0639d8: ; ImmutableOopMap {[64]=Oop [72]=Oop }
                      ;*new {reexecute=0 rethrow=0 return_oop=0}
                      ; - java.util.Objects::requireNonNull@4 (line 220)
                      ; - java.util.ArrayList::forEach@1 (line 1599)
  0x000002094b0639d8: 8490 2207 | e9c3 feff | ff49 8b87 | 0805 0000 | 49c7 8708 | 0500 0000 | 0000 0049 | c787 1005 
  0x000002094b0639f8: 0000 0000 | 0000 4881 | c480 0000 

  0x000002094b063a04: ;   {runtime_call C1 Runtime unwind_exception_blob}
  0x000002094b063a04: 005d e955 | 7222 07f4 | f4f4 f4f4 
[Stub Code]
  0x000002094b063a10: ;   {no_reloc}
  0x000002094b063a10: 0f1f 4400 

  0x000002094b063a14: ;   {static_stub}
  0x000002094b063a14: 0048 bb00 | 0000 0000 

  0x000002094b063a1c: ;   {runtime_call nmethod}
  0x000002094b063a1c: 0000 00e9 | fbff ffff 

  0x000002094b063a24: ;   {static_stub}
  0x000002094b063a24: 9048 bb00 | 0000 0000 

  0x000002094b063a2c: ;   {runtime_call nmethod}
  0x000002094b063a2c: 0000 00e9 | fbff ffff 

  0x000002094b063a34: ;   {static_stub}
  0x000002094b063a34: 48bb 0000 | 0000 0000 

  0x000002094b063a3c: ;   {runtime_call nmethod}
  0x000002094b063a3c: 0000 e9fb 

  0x000002094b063a40: ;   {runtime_call C1 Runtime handle_exception_from_callee_blob}
  0x000002094b063a40: ffff ffe8 | 18b3 2207 

  0x000002094b063a48: ;   {external_word}
  0x000002094b063a48: 48b9 e034 | b552 fb7f | 0000 4883 

  0x000002094b063a54: ;   {runtime_call}
  0x000002094b063a54: e4f0 48b8 | 1090 7252 | fb7f 0000 

  0x000002094b063a60: ;   {section_word}
  0x000002094b063a60: ffd0 f449 | ba63 3a06 | 4b09 0200 

  0x000002094b063a6c: ;   {runtime_call DeoptimizationBlob}
  0x000002094b063a6c: 0041 52e9 | 0c23 1607 | f4f4 f4f4 
[/MachCode]


---------------  P R O C E S S  ---------------

Threads class SMR info:
_java_thread_list=0x00000209a422e130, length=23, elements={
0x000002093fe1f880, 0x000002099f08fee0, 0x000002099f090620, 0x000002099f092570,
0x000002099f095570, 0x000002099f093670, 0x000002099f094920, 0x000002099f0a9f00,
0x000002099f0bfd30, 0x000002099f0bee10, 0x000002099f0be680, 0x000002099f22fbc0,
0x000002099f234b20, 0x000002099f0bf5a0, 0x000002099f0bc840, 0x000002099fd1a6c0,
0x00000209a40f6e70, 0x00000209a40f75b0, 0x000002099f0bcfd0, 0x000002099f0bdef0,
0x00000209a4250bf0, 0x00000209a4252a30, 0x00000209a424f540
}

Java Threads: ( => current thread )
=>0x000002093fe1f880 JavaThread "Test worker"                       [_thread_in_native, id=32528, stack(0x00000092ca600000,0x00000092ca700000) (1024K)]
  0x000002099f08fee0 JavaThread "Reference Handler"          daemon [_thread_blocked, id=23164, stack(0x00000092cae00000,0x00000092caf00000) (1024K)]
  0x000002099f090620 JavaThread "Finalizer"                  daemon [_thread_blocked, id=41220, stack(0x00000092caf00000,0x00000092cb000000) (1024K)]
  0x000002099f092570 JavaThread "Signal Dispatcher"          daemon [_thread_blocked, id=24272, stack(0x00000092cb000000,0x00000092cb100000) (1024K)]
  0x000002099f095570 JavaThread "Attach Listener"            daemon [_thread_blocked, id=29232, stack(0x00000092cb100000,0x00000092cb200000) (1024K)]
  0x000002099f093670 JavaThread "Service Thread"             daemon [_thread_blocked, id=15940, stack(0x00000092cb200000,0x00000092cb300000) (1024K)]
  0x000002099f094920 JavaThread "Monitor Deflation Thread"   daemon [_thread_blocked, id=38964, stack(0x00000092cb300000,0x00000092cb400000) (1024K)]
  0x000002099f0a9f00 JavaThread "C2 CompilerThread0"         daemon [_thread_in_native, id=41568, stack(0x00000092cb400000,0x00000092cb500000) (1024K)]
  0x000002099f0bfd30 JavaThread "C1 CompilerThread0"         daemon [_thread_blocked, id=40760, stack(0x00000092cb500000,0x00000092cb600000) (1024K)]
  0x000002099f0bee10 JavaThread "C1 CompilerThread1"         daemon [_thread_blocked, id=41196, stack(0x00000092cb600000,0x00000092cb700000) (1024K)]
  0x000002099f0be680 JavaThread "C1 CompilerThread2"         daemon [_thread_blocked, id=34792, stack(0x00000092cb700000,0x00000092cb800000) (1024K)]
  0x000002099f22fbc0 JavaThread "Notification Thread"        daemon [_thread_blocked, id=37452, stack(0x00000092cb800000,0x00000092cb900000) (1024K)]
  0x000002099f234b20 JavaThread "Common-Cleaner"             daemon [_thread_blocked, id=41336, stack(0x00000092cb900000,0x00000092cba00000) (1024K)]
  0x000002099f0bf5a0 JavaThread "C2 CompilerThread1"         daemon [_thread_blocked, id=40344, stack(0x00000092cba00000,0x00000092cbb00000) (1024K)]
  0x000002099f0bc840 JavaThread "C1 CompilerThread3"         daemon [_thread_blocked, id=30036, stack(0x00000092cbb00000,0x00000092cbc00000) (1024K)]
  0x000002099fd1a6c0 JavaThread "/127.0.0.1:55174 to /127.0.0.1:55173 workers"        [_thread_blocked, id=32156, stack(0x00000092cbd00000,0x00000092cbe00000) (1024K)]
  0x00000209a40f6e70 JavaThread "/127.0.0.1:55174 to /127.0.0.1:55173 workers Thread 2"        [_thread_blocked, id=30912, stack(0x00000092cbe00000,0x00000092cbf00000) (1024K)]
  0x00000209a40f75b0 JavaThread "/127.0.0.1:55174 to /127.0.0.1:55173 workers Thread 3"        [_thread_in_native, id=36996, stack(0x00000092cbf00000,0x00000092cc000000) (1024K)]
  0x000002099f0bcfd0 JavaThread "C2 CompilerThread2"         daemon [_thread_blocked, id=41400, stack(0x00000092cc000000,0x00000092cc100000) (1024K)]
  0x000002099f0bdef0 JavaThread "C2 CompilerThread3"         daemon [_thread_blocked, id=40128, stack(0x00000092cc100000,0x00000092cc200000) (1024K)]
  0x00000209a4250bf0 JavaThread "C2 CompilerThread4"         daemon [_thread_blocked, id=39880, stack(0x00000092cc200000,0x00000092cc300000) (1024K)]
  0x00000209a4252a30 JavaThread "C2 CompilerThread5"         daemon [_thread_in_native, id=11432, stack(0x00000092cc300000,0x00000092cc400000) (1024K)]
  0x00000209a424f540 JavaThread "C2 CompilerThread6"         daemon [_thread_blocked, id=36476, stack(0x00000092cc400000,0x00000092cc500000) (1024K)]
Total: 23

Other Threads:
  0x000002095df99a40 VMThread "VM Thread"                           [id=41780, stack(0x00000092cad00000,0x00000092cae00000) (1024K)]
  0x000002095deebec0 WatcherThread "VM Periodic Task Thread"        [id=40108, stack(0x00000092cac00000,0x00000092cad00000) (1024K)]
  0x0000020942247890 WorkerThread "GC Thread#0"                     [id=35556, stack(0x00000092ca700000,0x00000092ca800000) (1024K)]
  0x00000209a827ec10 WorkerThread "GC Thread#1"                     [id=33764, stack(0x00000092cc500000,0x00000092cc600000) (1024K)]
  0x00000209a5499a40 WorkerThread "GC Thread#2"                     [id=24580, stack(0x00000092cc600000,0x00000092cc700000) (1024K)]
  0x00000209a650c140 WorkerThread "GC Thread#3"                     [id=38448, stack(0x00000092cc700000,0x00000092cc800000) (1024K)]
  0x00000209a92f5010 WorkerThread "GC Thread#4"                     [id=36092, stack(0x00000092cc800000,0x00000092cc900000) (1024K)]
  0x00000209a8f28370 WorkerThread "GC Thread#5"                     [id=38840, stack(0x00000092cc900000,0x00000092cca00000) (1024K)]
  0x00000209a8f28720 WorkerThread "GC Thread#6"                     [id=41512, stack(0x00000092cca00000,0x00000092ccb00000) (1024K)]
  0x00000209a692f600 WorkerThread "GC Thread#7"                     [id=31108, stack(0x00000092ccb00000,0x00000092ccc00000) (1024K)]
  0x00000209a692eaf0 WorkerThread "GC Thread#8"                     [id=34428, stack(0x00000092ccc00000,0x00000092ccd00000) (1024K)]
  0x00000209a692e390 WorkerThread "GC Thread#9"                     [id=15704, stack(0x00000092ccd00000,0x00000092cce00000) (1024K)]
  0x000002094224d8e0 ConcurrentGCThread "G1 Main Marker"            [id=40976, stack(0x00000092ca800000,0x00000092ca900000) (1024K)]
  0x000002094224f2e0 WorkerThread "G1 Conc#0"                       [id=30344, stack(0x00000092ca900000,0x00000092caa00000) (1024K)]
  0x00000209422dd8f0 ConcurrentGCThread "G1 Refine#0"               [id=38892, stack(0x00000092caa00000,0x00000092cab00000) (1024K)]
  0x00000209422de470 ConcurrentGCThread "G1 Service"                [id=38276, stack(0x00000092cab00000,0x00000092cac00000) (1024K)]
Total: 16

Threads with active compile tasks:
C2 CompilerThread0  1136 2608       4       java.lang.invoke.MethodType::methodType (69 bytes)
C2 CompilerThread5  1136 2607       4       java.lang.invoke.MethodType::makeImpl (155 bytes)
Total: 2

VM state: not at safepoint (normal execution)

VM Mutex/Monitor currently owned by a thread: None

Heap address: 0x00000000e0000000, size: 512 MB, Compressed Oops mode: 32-bit

CDS archive(s) mapped at: [0x000002095e000000-0x000002095ed40000-0x000002095ed40000), size 13893632, SharedBaseAddress: 0x000002095e000000, ArchiveRelocationMode: 1.
Compressed class space mapped at: 0x000002095f000000-0x000002099f000000, reserved size: 1073741824
UseCompressedClassPointers 1, UseCompactObjectHeaders 0
Narrow klass pointer bits 32, Max shift 3
Narrow klass base: 0x000002095e000000, Narrow klass shift: 0
Encoding Range: [0x000002095e000000 - 0x0000020a5e000000), (4294967296 bytes)
Klass Range:    [0x000002095e000000 - 0x000002099f000000), (1090519040 bytes)
Klass ID Range:  [8 - 1090519033) (1090519025)

GC Precious Log:
 CardTable entry size: 512
 Card Set container configuration: InlinePtr #cards 5 size 8 Array Of Cards #cards 10 size 36 Howl #buckets 4 coarsen threshold 1843 Howl Bitmap #cards 512 size 80 coarsen threshold 460 Card regions per heap region 1 cards per card region 2048
 CPUs: 16 total, 16 available
 Memory: 26421M
 Large Page Support: Disabled
 NUMA Support: Disabled
 Compressed Oops: Enabled (32-bit)
 Heap Region Size: 1M
 Heap Min Capacity: 8M
 Heap Initial Capacity: 414M
 Heap Max Capacity: 512M
 Pre-touch: Disabled
 Parallel Workers: 13
 Concurrent Workers: 3
 Concurrent Refinement Workers: 13
 Periodic GC: Disabled

Heap:
 garbage-first heap   total reserved 524288K, committed 425984K, used 22282K [0x00000000e0000000, 0x0000000100000000)
  region size 1024K, 22 young (22528K), 5 survivors (5120K)
 Metaspace       used 13893K, committed 14400K, reserved 1114112K
  class space    used 1456K, committed 1664K, reserved 1048576K

Heap Regions: E=young(eden), S=young(survivor), O=old, HS=humongous(starts), HC=humongous(continues), CS=collection set, F=free, TAMS=top-at-mark-start, PB=parsable bottom
|   0|0x00000000e0000000, 0x00000000e0000000, 0x00000000e0100000|  0%| F|  |TAMS 0x00000000e0000000| PB 0x00000000e0000000| Untracked |  0
|   1|0x00000000e0100000, 0x00000000e0100000, 0x00000000e0200000|  0%| F|  |TAMS 0x00000000e0100000| PB 0x00000000e0100000| Untracked |  0
|   2|0x00000000e0200000, 0x00000000e0200000, 0x00000000e0300000|  0%| F|  |TAMS 0x00000000e0200000| PB 0x00000000e0200000| Untracked |  0
|   3|0x00000000e0300000, 0x00000000e0300000, 0x00000000e0400000|  0%| F|  |TAMS 0x00000000e0300000| PB 0x00000000e0300000| Untracked |  0
|   4|0x00000000e0400000, 0x00000000e0400000, 0x00000000e0500000|  0%| F|  |TAMS 0x00000000e0400000| PB 0x00000000e0400000| Untracked |  0
|   5|0x00000000e0500000, 0x00000000e0500000, 0x00000000e0600000|  0%| F|  |TAMS 0x00000000e0500000| PB 0x00000000e0500000| Untracked |  0
|   6|0x00000000e0600000, 0x00000000e0600000, 0x00000000e0700000|  0%| F|  |TAMS 0x00000000e0600000| PB 0x00000000e0600000| Untracked |  0
|   7|0x00000000e0700000, 0x00000000e0700000, 0x00000000e0800000|  0%| F|  |TAMS 0x00000000e0700000| PB 0x00000000e0700000| Untracked |  0
|   8|0x00000000e0800000, 0x00000000e0800000, 0x00000000e0900000|  0%| F|  |TAMS 0x00000000e0800000| PB 0x00000000e0800000| Untracked |  0
|   9|0x00000000e0900000, 0x00000000e0900000, 0x00000000e0a00000|  0%| F|  |TAMS 0x00000000e0900000| PB 0x00000000e0900000| Untracked |  0
|  10|0x00000000e0a00000, 0x00000000e0a00000, 0x00000000e0b00000|  0%| F|  |TAMS 0x00000000e0a00000| PB 0x00000000e0a00000| Untracked |  0
|  11|0x00000000e0b00000, 0x00000000e0b00000, 0x00000000e0c00000|  0%| F|  |TAMS 0x00000000e0b00000| PB 0x00000000e0b00000| Untracked |  0
|  12|0x00000000e0c00000, 0x00000000e0c00000, 0x00000000e0d00000|  0%| F|  |TAMS 0x00000000e0c00000| PB 0x00000000e0c00000| Untracked |  0
|  13|0x00000000e0d00000, 0x00000000e0d00000, 0x00000000e0e00000|  0%| F|  |TAMS 0x00000000e0d00000| PB 0x00000000e0d00000| Untracked |  0
|  14|0x00000000e0e00000, 0x00000000e0e00000, 0x00000000e0f00000|  0%| F|  |TAMS 0x00000000e0e00000| PB 0x00000000e0e00000| Untracked |  0
|  15|0x00000000e0f00000, 0x00000000e0f00000, 0x00000000e1000000|  0%| F|  |TAMS 0x00000000e0f00000| PB 0x00000000e0f00000| Untracked |  0
|  16|0x00000000e1000000, 0x00000000e1000000, 0x00000000e1100000|  0%| F|  |TAMS 0x00000000e1000000| PB 0x00000000e1000000| Untracked |  0
|  17|0x00000000e1100000, 0x00000000e1100000, 0x00000000e1200000|  0%| F|  |TAMS 0x00000000e1100000| PB 0x00000000e1100000| Untracked |  0
|  18|0x00000000e1200000, 0x00000000e1200000, 0x00000000e1300000|  0%| F|  |TAMS 0x00000000e1200000| PB 0x00000000e1200000| Untracked |  0
|  19|0x00000000e1300000, 0x00000000e1300000, 0x00000000e1400000|  0%| F|  |TAMS 0x00000000e1300000| PB 0x00000000e1300000| Untracked |  0
|  20|0x00000000e1400000, 0x00000000e1400000, 0x00000000e1500000|  0%| F|  |TAMS 0x00000000e1400000| PB 0x00000000e1400000| Untracked |  0
|  21|0x00000000e1500000, 0x00000000e1500000, 0x00000000e1600000|  0%| F|  |TAMS 0x00000000e1500000| PB 0x00000000e1500000| Untracked |  0
|  22|0x00000000e1600000, 0x00000000e1600000, 0x00000000e1700000|  0%| F|  |TAMS 0x00000000e1600000| PB 0x00000000e1600000| Untracked |  0
|  23|0x00000000e1700000, 0x00000000e1700000, 0x00000000e1800000|  0%| F|  |TAMS 0x00000000e1700000| PB 0x00000000e1700000| Untracked |  0
|  24|0x00000000e1800000, 0x00000000e1800000, 0x00000000e1900000|  0%| F|  |TAMS 0x00000000e1800000| PB 0x00000000e1800000| Untracked |  0
|  25|0x00000000e1900000, 0x00000000e1900000, 0x00000000e1a00000|  0%| F|  |TAMS 0x00000000e1900000| PB 0x00000000e1900000| Untracked |  0
|  26|0x00000000e1a00000, 0x00000000e1a00000, 0x00000000e1b00000|  0%| F|  |TAMS 0x00000000e1a00000| PB 0x00000000e1a00000| Untracked |  0
|  27|0x00000000e1b00000, 0x00000000e1b00000, 0x00000000e1c00000|  0%| F|  |TAMS 0x00000000e1b00000| PB 0x00000000e1b00000| Untracked |  0
|  28|0x00000000e1c00000, 0x00000000e1c00000, 0x00000000e1d00000|  0%| F|  |TAMS 0x00000000e1c00000| PB 0x00000000e1c00000| Untracked |  0
|  29|0x00000000e1d00000, 0x00000000e1d00000, 0x00000000e1e00000|  0%| F|  |TAMS 0x00000000e1d00000| PB 0x00000000e1d00000| Untracked |  0
|  30|0x00000000e1e00000, 0x00000000e1e00000, 0x00000000e1f00000|  0%| F|  |TAMS 0x00000000e1e00000| PB 0x00000000e1e00000| Untracked |  0
|  31|0x00000000e1f00000, 0x00000000e1f00000, 0x00000000e2000000|  0%| F|  |TAMS 0x00000000e1f00000| PB 0x00000000e1f00000| Untracked |  0
|  32|0x00000000e2000000, 0x00000000e2000000, 0x00000000e2100000|  0%| F|  |TAMS 0x00000000e2000000| PB 0x00000000e2000000| Untracked |  0
|  33|0x00000000e2100000, 0x00000000e2100000, 0x00000000e2200000|  0%| F|  |TAMS 0x00000000e2100000| PB 0x00000000e2100000| Untracked |  0
|  34|0x00000000e2200000, 0x00000000e2200000, 0x00000000e2300000|  0%| F|  |TAMS 0x00000000e2200000| PB 0x00000000e2200000| Untracked |  0
|  35|0x00000000e2300000, 0x00000000e2300000, 0x00000000e2400000|  0%| F|  |TAMS 0x00000000e2300000| PB 0x00000000e2300000| Untracked |  0
|  36|0x00000000e2400000, 0x00000000e2400000, 0x00000000e2500000|  0%| F|  |TAMS 0x00000000e2400000| PB 0x00000000e2400000| Untracked |  0
|  37|0x00000000e2500000, 0x00000000e2500000, 0x00000000e2600000|  0%| F|  |TAMS 0x00000000e2500000| PB 0x00000000e2500000| Untracked |  0
|  38|0x00000000e2600000, 0x00000000e2600000, 0x00000000e2700000|  0%| F|  |TAMS 0x00000000e2600000| PB 0x00000000e2600000| Untracked |  0
|  39|0x00000000e2700000, 0x00000000e2700000, 0x00000000e2800000|  0%| F|  |TAMS 0x00000000e2700000| PB 0x00000000e2700000| Untracked |  0
|  40|0x00000000e2800000, 0x00000000e2800000, 0x00000000e2900000|  0%| F|  |TAMS 0x00000000e2800000| PB 0x00000000e2800000| Untracked |  0
|  41|0x00000000e2900000, 0x00000000e2900000, 0x00000000e2a00000|  0%| F|  |TAMS 0x00000000e2900000| PB 0x00000000e2900000| Untracked |  0
|  42|0x00000000e2a00000, 0x00000000e2a00000, 0x00000000e2b00000|  0%| F|  |TAMS 0x00000000e2a00000| PB 0x00000000e2a00000| Untracked |  0
|  43|0x00000000e2b00000, 0x00000000e2b00000, 0x00000000e2c00000|  0%| F|  |TAMS 0x00000000e2b00000| PB 0x00000000e2b00000| Untracked |  0
|  44|0x00000000e2c00000, 0x00000000e2c00000, 0x00000000e2d00000|  0%| F|  |TAMS 0x00000000e2c00000| PB 0x00000000e2c00000| Untracked |  0
|  45|0x00000000e2d00000, 0x00000000e2d00000, 0x00000000e2e00000|  0%| F|  |TAMS 0x00000000e2d00000| PB 0x00000000e2d00000| Untracked |  0
|  46|0x00000000e2e00000, 0x00000000e2e00000, 0x00000000e2f00000|  0%| F|  |TAMS 0x00000000e2e00000| PB 0x00000000e2e00000| Untracked |  0
|  47|0x00000000e2f00000, 0x00000000e2f00000, 0x00000000e3000000|  0%| F|  |TAMS 0x00000000e2f00000| PB 0x00000000e2f00000| Untracked |  0
|  48|0x00000000e3000000, 0x00000000e3000000, 0x00000000e3100000|  0%| F|  |TAMS 0x00000000e3000000| PB 0x00000000e3000000| Untracked |  0
|  49|0x00000000e3100000, 0x00000000e3100000, 0x00000000e3200000|  0%| F|  |TAMS 0x00000000e3100000| PB 0x00000000e3100000| Untracked |  0
|  50|0x00000000e3200000, 0x00000000e3200000, 0x00000000e3300000|  0%| F|  |TAMS 0x00000000e3200000| PB 0x00000000e3200000| Untracked |  0
|  51|0x00000000e3300000, 0x00000000e3300000, 0x00000000e3400000|  0%| F|  |TAMS 0x00000000e3300000| PB 0x00000000e3300000| Untracked |  0
|  52|0x00000000e3400000, 0x00000000e3400000, 0x00000000e3500000|  0%| F|  |TAMS 0x00000000e3400000| PB 0x00000000e3400000| Untracked |  0
|  53|0x00000000e3500000, 0x00000000e3500000, 0x00000000e3600000|  0%| F|  |TAMS 0x00000000e3500000| PB 0x00000000e3500000| Untracked |  0
|  54|0x00000000e3600000, 0x00000000e3600000, 0x00000000e3700000|  0%| F|  |TAMS 0x00000000e3600000| PB 0x00000000e3600000| Untracked |  0
|  55|0x00000000e3700000, 0x00000000e3700000, 0x00000000e3800000|  0%| F|  |TAMS 0x00000000e3700000| PB 0x00000000e3700000| Untracked |  0
|  56|0x00000000e3800000, 0x00000000e3800000, 0x00000000e3900000|  0%| F|  |TAMS 0x00000000e3800000| PB 0x00000000e3800000| Untracked |  0
|  57|0x00000000e3900000, 0x00000000e3900000, 0x00000000e3a00000|  0%| F|  |TAMS 0x00000000e3900000| PB 0x00000000e3900000| Untracked |  0
|  58|0x00000000e3a00000, 0x00000000e3a00000, 0x00000000e3b00000|  0%| F|  |TAMS 0x00000000e3a00000| PB 0x00000000e3a00000| Untracked |  0
|  59|0x00000000e3b00000, 0x00000000e3b00000, 0x00000000e3c00000|  0%| F|  |TAMS 0x00000000e3b00000| PB 0x00000000e3b00000| Untracked |  0
|  60|0x00000000e3c00000, 0x00000000e3c00000, 0x00000000e3d00000|  0%| F|  |TAMS 0x00000000e3c00000| PB 0x00000000e3c00000| Untracked |  0
|  61|0x00000000e3d00000, 0x00000000e3d00000, 0x00000000e3e00000|  0%| F|  |TAMS 0x00000000e3d00000| PB 0x00000000e3d00000| Untracked |  0
|  62|0x00000000e3e00000, 0x00000000e3e00000, 0x00000000e3f00000|  0%| F|  |TAMS 0x00000000e3e00000| PB 0x00000000e3e00000| Untracked |  0
|  63|0x00000000e3f00000, 0x00000000e3f00000, 0x00000000e4000000|  0%| F|  |TAMS 0x00000000e3f00000| PB 0x00000000e3f00000| Untracked |  0
|  64|0x00000000e4000000, 0x00000000e4000000, 0x00000000e4100000|  0%| F|  |TAMS 0x00000000e4000000| PB 0x00000000e4000000| Untracked |  0
|  65|0x00000000e4100000, 0x00000000e4100000, 0x00000000e4200000|  0%| F|  |TAMS 0x00000000e4100000| PB 0x00000000e4100000| Untracked |  0
|  66|0x00000000e4200000, 0x00000000e4200000, 0x00000000e4300000|  0%| F|  |TAMS 0x00000000e4200000| PB 0x00000000e4200000| Untracked |  0
|  67|0x00000000e4300000, 0x00000000e4300000, 0x00000000e4400000|  0%| F|  |TAMS 0x00000000e4300000| PB 0x00000000e4300000| Untracked |  0
|  68|0x00000000e4400000, 0x00000000e4400000, 0x00000000e4500000|  0%| F|  |TAMS 0x00000000e4400000| PB 0x00000000e4400000| Untracked |  0
|  69|0x00000000e4500000, 0x00000000e4500000, 0x00000000e4600000|  0%| F|  |TAMS 0x00000000e4500000| PB 0x00000000e4500000| Untracked |  0
|  70|0x00000000e4600000, 0x00000000e4600000, 0x00000000e4700000|  0%| F|  |TAMS 0x00000000e4600000| PB 0x00000000e4600000| Untracked |  0
|  71|0x00000000e4700000, 0x00000000e4700000, 0x00000000e4800000|  0%| F|  |TAMS 0x00000000e4700000| PB 0x00000000e4700000| Untracked |  0
|  72|0x00000000e4800000, 0x00000000e4800000, 0x00000000e4900000|  0%| F|  |TAMS 0x00000000e4800000| PB 0x00000000e4800000| Untracked |  0
|  73|0x00000000e4900000, 0x00000000e4900000, 0x00000000e4a00000|  0%| F|  |TAMS 0x00000000e4900000| PB 0x00000000e4900000| Untracked |  0
|  74|0x00000000e4a00000, 0x00000000e4a00000, 0x00000000e4b00000|  0%| F|  |TAMS 0x00000000e4a00000| PB 0x00000000e4a00000| Untracked |  0
|  75|0x00000000e4b00000, 0x00000000e4b00000, 0x00000000e4c00000|  0%| F|  |TAMS 0x00000000e4b00000| PB 0x00000000e4b00000| Untracked |  0
|  76|0x00000000e4c00000, 0x00000000e4c00000, 0x00000000e4d00000|  0%| F|  |TAMS 0x00000000e4c00000| PB 0x00000000e4c00000| Untracked |  0
|  77|0x00000000e4d00000, 0x00000000e4d00000, 0x00000000e4e00000|  0%| F|  |TAMS 0x00000000e4d00000| PB 0x00000000e4d00000| Untracked |  0
|  78|0x00000000e4e00000, 0x00000000e4e00000, 0x00000000e4f00000|  0%| F|  |TAMS 0x00000000e4e00000| PB 0x00000000e4e00000| Untracked |  0
|  79|0x00000000e4f00000, 0x00000000e4f00000, 0x00000000e5000000|  0%| F|  |TAMS 0x00000000e4f00000| PB 0x00000000e4f00000| Untracked |  0
|  80|0x00000000e5000000, 0x00000000e5000000, 0x00000000e5100000|  0%| F|  |TAMS 0x00000000e5000000| PB 0x00000000e5000000| Untracked |  0
|  81|0x00000000e5100000, 0x00000000e5100000, 0x00000000e5200000|  0%| F|  |TAMS 0x00000000e5100000| PB 0x00000000e5100000| Untracked |  0
|  82|0x00000000e5200000, 0x00000000e5200000, 0x00000000e5300000|  0%| F|  |TAMS 0x00000000e5200000| PB 0x00000000e5200000| Untracked |  0
|  83|0x00000000e5300000, 0x00000000e5300000, 0x00000000e5400000|  0%| F|  |TAMS 0x00000000e5300000| PB 0x00000000e5300000| Untracked |  0
|  84|0x00000000e5400000, 0x00000000e5400000, 0x00000000e5500000|  0%| F|  |TAMS 0x00000000e5400000| PB 0x00000000e5400000| Untracked |  0
|  85|0x00000000e5500000, 0x00000000e5500000, 0x00000000e5600000|  0%| F|  |TAMS 0x00000000e5500000| PB 0x00000000e5500000| Untracked |  0
|  86|0x00000000e5600000, 0x00000000e5600000, 0x00000000e5700000|  0%| F|  |TAMS 0x00000000e5600000| PB 0x00000000e5600000| Untracked |  0
|  87|0x00000000e5700000, 0x00000000e5700000, 0x00000000e5800000|  0%| F|  |TAMS 0x00000000e5700000| PB 0x00000000e5700000| Untracked |  0
|  88|0x00000000e5800000, 0x00000000e5800000, 0x00000000e5900000|  0%| F|  |TAMS 0x00000000e5800000| PB 0x00000000e5800000| Untracked |  0
|  89|0x00000000e5900000, 0x00000000e5900000, 0x00000000e5a00000|  0%| F|  |TAMS 0x00000000e5900000| PB 0x00000000e5900000| Untracked |  0
|  90|0x00000000e5a00000, 0x00000000e5a00000, 0x00000000e5b00000|  0%| F|  |TAMS 0x00000000e5a00000| PB 0x00000000e5a00000| Untracked |  0
|  91|0x00000000e5b00000, 0x00000000e5b00000, 0x00000000e5c00000|  0%| F|  |TAMS 0x00000000e5b00000| PB 0x00000000e5b00000| Untracked |  0
|  92|0x00000000e5c00000, 0x00000000e5c00000, 0x00000000e5d00000|  0%| F|  |TAMS 0x00000000e5c00000| PB 0x00000000e5c00000| Untracked |  0
|  93|0x00000000e5d00000, 0x00000000e5d00000, 0x00000000e5e00000|  0%| F|  |TAMS 0x00000000e5d00000| PB 0x00000000e5d00000| Untracked |  0
|  94|0x00000000e5e00000, 0x00000000e5e00000, 0x00000000e5f00000|  0%| F|  |TAMS 0x00000000e5e00000| PB 0x00000000e5e00000| Untracked |  0
|  95|0x00000000e5f00000, 0x00000000e5f00000, 0x00000000e6000000|  0%| F|  |TAMS 0x00000000e5f00000| PB 0x00000000e5f00000| Untracked |  0
|  96|0x00000000e6000000, 0x00000000e6000000, 0x00000000e6100000|  0%| F|  |TAMS 0x00000000e6000000| PB 0x00000000e6000000| Untracked |  0
|  97|0x00000000e6100000, 0x00000000e6100000, 0x00000000e6200000|  0%| F|  |TAMS 0x00000000e6100000| PB 0x00000000e6100000| Untracked |  0
|  98|0x00000000e6200000, 0x00000000e6200000, 0x00000000e6300000|  0%| F|  |TAMS 0x00000000e6200000| PB 0x00000000e6200000| Untracked |  0
|  99|0x00000000e6300000, 0x00000000e6300000, 0x00000000e6400000|  0%| F|  |TAMS 0x00000000e6300000| PB 0x00000000e6300000| Untracked |  0
| 100|0x00000000e6400000, 0x00000000e6400000, 0x00000000e6500000|  0%| F|  |TAMS 0x00000000e6400000| PB 0x00000000e6400000| Untracked |  0
| 101|0x00000000e6500000, 0x00000000e6500000, 0x00000000e6600000|  0%| F|  |TAMS 0x00000000e6500000| PB 0x00000000e6500000| Untracked |  0
| 102|0x00000000e6600000, 0x00000000e6600000, 0x00000000e6700000|  0%| F|  |TAMS 0x00000000e6600000| PB 0x00000000e6600000| Untracked |  0
| 103|0x00000000e6700000, 0x00000000e6700000, 0x00000000e6800000|  0%| F|  |TAMS 0x00000000e6700000| PB 0x00000000e6700000| Untracked |  0
| 104|0x00000000e6800000, 0x00000000e6800000, 0x00000000e6900000|  0%| F|  |TAMS 0x00000000e6800000| PB 0x00000000e6800000| Untracked |  0
| 105|0x00000000e6900000, 0x00000000e6900000, 0x00000000e6a00000|  0%| F|  |TAMS 0x00000000e6900000| PB 0x00000000e6900000| Untracked |  0
| 106|0x00000000e6a00000, 0x00000000e6a00000, 0x00000000e6b00000|  0%| F|  |TAMS 0x00000000e6a00000| PB 0x00000000e6a00000| Untracked |  0
| 107|0x00000000e6b00000, 0x00000000e6b00000, 0x00000000e6c00000|  0%| F|  |TAMS 0x00000000e6b00000| PB 0x00000000e6b00000| Untracked |  0
| 108|0x00000000e6c00000, 0x00000000e6c00000, 0x00000000e6d00000|  0%| F|  |TAMS 0x00000000e6c00000| PB 0x00000000e6c00000| Untracked |  0
| 109|0x00000000e6d00000, 0x00000000e6d00000, 0x00000000e6e00000|  0%| F|  |TAMS 0x00000000e6d00000| PB 0x00000000e6d00000| Untracked |  0
| 110|0x00000000e6e00000, 0x00000000e6e00000, 0x00000000e6f00000|  0%| F|  |TAMS 0x00000000e6e00000| PB 0x00000000e6e00000| Untracked |  0
| 111|0x00000000e6f00000, 0x00000000e6f00000, 0x00000000e7000000|  0%| F|  |TAMS 0x00000000e6f00000| PB 0x00000000e6f00000| Untracked |  0
| 112|0x00000000e7000000, 0x00000000e7000000, 0x00000000e7100000|  0%| F|  |TAMS 0x00000000e7000000| PB 0x00000000e7000000| Untracked |  0
| 113|0x00000000e7100000, 0x00000000e7100000, 0x00000000e7200000|  0%| F|  |TAMS 0x00000000e7100000| PB 0x00000000e7100000| Untracked |  0
| 114|0x00000000e7200000, 0x00000000e7200000, 0x00000000e7300000|  0%| F|  |TAMS 0x00000000e7200000| PB 0x00000000e7200000| Untracked |  0
| 115|0x00000000e7300000, 0x00000000e7300000, 0x00000000e7400000|  0%| F|  |TAMS 0x00000000e7300000| PB 0x00000000e7300000| Untracked |  0
| 116|0x00000000e7400000, 0x00000000e7400000, 0x00000000e7500000|  0%| F|  |TAMS 0x00000000e7400000| PB 0x00000000e7400000| Untracked |  0
| 117|0x00000000e7500000, 0x00000000e7500000, 0x00000000e7600000|  0%| F|  |TAMS 0x00000000e7500000| PB 0x00000000e7500000| Untracked |  0
| 118|0x00000000e7600000, 0x00000000e7600000, 0x00000000e7700000|  0%| F|  |TAMS 0x00000000e7600000| PB 0x00000000e7600000| Untracked |  0
| 119|0x00000000e7700000, 0x00000000e7700000, 0x00000000e7800000|  0%| F|  |TAMS 0x00000000e7700000| PB 0x00000000e7700000| Untracked |  0
| 120|0x00000000e7800000, 0x00000000e7800000, 0x00000000e7900000|  0%| F|  |TAMS 0x00000000e7800000| PB 0x00000000e7800000| Untracked |  0
| 121|0x00000000e7900000, 0x00000000e7900000, 0x00000000e7a00000|  0%| F|  |TAMS 0x00000000e7900000| PB 0x00000000e7900000| Untracked |  0
| 122|0x00000000e7a00000, 0x00000000e7a00000, 0x00000000e7b00000|  0%| F|  |TAMS 0x00000000e7a00000| PB 0x00000000e7a00000| Untracked |  0
| 123|0x00000000e7b00000, 0x00000000e7b00000, 0x00000000e7c00000|  0%| F|  |TAMS 0x00000000e7b00000| PB 0x00000000e7b00000| Untracked |  0
| 124|0x00000000e7c00000, 0x00000000e7c00000, 0x00000000e7d00000|  0%| F|  |TAMS 0x00000000e7c00000| PB 0x00000000e7c00000| Untracked |  0
| 125|0x00000000e7d00000, 0x00000000e7d00000, 0x00000000e7e00000|  0%| F|  |TAMS 0x00000000e7d00000| PB 0x00000000e7d00000| Untracked |  0
| 126|0x00000000e7e00000, 0x00000000e7e00000, 0x00000000e7f00000|  0%| F|  |TAMS 0x00000000e7e00000| PB 0x00000000e7e00000| Untracked |  0
| 127|0x00000000e7f00000, 0x00000000e7f00000, 0x00000000e8000000|  0%| F|  |TAMS 0x00000000e7f00000| PB 0x00000000e7f00000| Untracked |  0
| 128|0x00000000e8000000, 0x00000000e8000000, 0x00000000e8100000|  0%| F|  |TAMS 0x00000000e8000000| PB 0x00000000e8000000| Untracked |  0
| 129|0x00000000e8100000, 0x00000000e8100000, 0x00000000e8200000|  0%| F|  |TAMS 0x00000000e8100000| PB 0x00000000e8100000| Untracked |  0
| 130|0x00000000e8200000, 0x00000000e8200000, 0x00000000e8300000|  0%| F|  |TAMS 0x00000000e8200000| PB 0x00000000e8200000| Untracked |  0
| 131|0x00000000e8300000, 0x00000000e8300000, 0x00000000e8400000|  0%| F|  |TAMS 0x00000000e8300000| PB 0x00000000e8300000| Untracked |  0
| 132|0x00000000e8400000, 0x00000000e8400000, 0x00000000e8500000|  0%| F|  |TAMS 0x00000000e8400000| PB 0x00000000e8400000| Untracked |  0
| 133|0x00000000e8500000, 0x00000000e8500000, 0x00000000e8600000|  0%| F|  |TAMS 0x00000000e8500000| PB 0x00000000e8500000| Untracked |  0
| 134|0x00000000e8600000, 0x00000000e8600000, 0x00000000e8700000|  0%| F|  |TAMS 0x00000000e8600000| PB 0x00000000e8600000| Untracked |  0
| 135|0x00000000e8700000, 0x00000000e8700000, 0x00000000e8800000|  0%| F|  |TAMS 0x00000000e8700000| PB 0x00000000e8700000| Untracked |  0
| 136|0x00000000e8800000, 0x00000000e8800000, 0x00000000e8900000|  0%| F|  |TAMS 0x00000000e8800000| PB 0x00000000e8800000| Untracked |  0
| 137|0x00000000e8900000, 0x00000000e8900000, 0x00000000e8a00000|  0%| F|  |TAMS 0x00000000e8900000| PB 0x00000000e8900000| Untracked |  0
| 138|0x00000000e8a00000, 0x00000000e8a00000, 0x00000000e8b00000|  0%| F|  |TAMS 0x00000000e8a00000| PB 0x00000000e8a00000| Untracked |  0
| 139|0x00000000e8b00000, 0x00000000e8b00000, 0x00000000e8c00000|  0%| F|  |TAMS 0x00000000e8b00000| PB 0x00000000e8b00000| Untracked |  0
| 140|0x00000000e8c00000, 0x00000000e8c00000, 0x00000000e8d00000|  0%| F|  |TAMS 0x00000000e8c00000| PB 0x00000000e8c00000| Untracked |  0
| 141|0x00000000e8d00000, 0x00000000e8d00000, 0x00000000e8e00000|  0%| F|  |TAMS 0x00000000e8d00000| PB 0x00000000e8d00000| Untracked |  0
| 142|0x00000000e8e00000, 0x00000000e8e00000, 0x00000000e8f00000|  0%| F|  |TAMS 0x00000000e8e00000| PB 0x00000000e8e00000| Untracked |  0
| 143|0x00000000e8f00000, 0x00000000e8f00000, 0x00000000e9000000|  0%| F|  |TAMS 0x00000000e8f00000| PB 0x00000000e8f00000| Untracked |  0
| 144|0x00000000e9000000, 0x00000000e9000000, 0x00000000e9100000|  0%| F|  |TAMS 0x00000000e9000000| PB 0x00000000e9000000| Untracked |  0
| 145|0x00000000e9100000, 0x00000000e9100000, 0x00000000e9200000|  0%| F|  |TAMS 0x00000000e9100000| PB 0x00000000e9100000| Untracked |  0
| 146|0x00000000e9200000, 0x00000000e9200000, 0x00000000e9300000|  0%| F|  |TAMS 0x00000000e9200000| PB 0x00000000e9200000| Untracked |  0
| 147|0x00000000e9300000, 0x00000000e9300000, 0x00000000e9400000|  0%| F|  |TAMS 0x00000000e9300000| PB 0x00000000e9300000| Untracked |  0
| 148|0x00000000e9400000, 0x00000000e9400000, 0x00000000e9500000|  0%| F|  |TAMS 0x00000000e9400000| PB 0x00000000e9400000| Untracked |  0
| 149|0x00000000e9500000, 0x00000000e9500000, 0x00000000e9600000|  0%| F|  |TAMS 0x00000000e9500000| PB 0x00000000e9500000| Untracked |  0
| 150|0x00000000e9600000, 0x00000000e9600000, 0x00000000e9700000|  0%| F|  |TAMS 0x00000000e9600000| PB 0x00000000e9600000| Untracked |  0
| 151|0x00000000e9700000, 0x00000000e9700000, 0x00000000e9800000|  0%| F|  |TAMS 0x00000000e9700000| PB 0x00000000e9700000| Untracked |  0
| 152|0x00000000e9800000, 0x00000000e9800000, 0x00000000e9900000|  0%| F|  |TAMS 0x00000000e9800000| PB 0x00000000e9800000| Untracked |  0
| 153|0x00000000e9900000, 0x00000000e9900000, 0x00000000e9a00000|  0%| F|  |TAMS 0x00000000e9900000| PB 0x00000000e9900000| Untracked |  0
| 154|0x00000000e9a00000, 0x00000000e9a00000, 0x00000000e9b00000|  0%| F|  |TAMS 0x00000000e9a00000| PB 0x00000000e9a00000| Untracked |  0
| 155|0x00000000e9b00000, 0x00000000e9b00000, 0x00000000e9c00000|  0%| F|  |TAMS 0x00000000e9b00000| PB 0x00000000e9b00000| Untracked |  0
| 156|0x00000000e9c00000, 0x00000000e9c00000, 0x00000000e9d00000|  0%| F|  |TAMS 0x00000000e9c00000| PB 0x00000000e9c00000| Untracked |  0
| 157|0x00000000e9d00000, 0x00000000e9d00000, 0x00000000e9e00000|  0%| F|  |TAMS 0x00000000e9d00000| PB 0x00000000e9d00000| Untracked |  0
| 158|0x00000000e9e00000, 0x00000000e9e00000, 0x00000000e9f00000|  0%| F|  |TAMS 0x00000000e9e00000| PB 0x00000000e9e00000| Untracked |  0
| 159|0x00000000e9f00000, 0x00000000e9f00000, 0x00000000ea000000|  0%| F|  |TAMS 0x00000000e9f00000| PB 0x00000000e9f00000| Untracked |  0
| 160|0x00000000ea000000, 0x00000000ea000000, 0x00000000ea100000|  0%| F|  |TAMS 0x00000000ea000000| PB 0x00000000ea000000| Untracked |  0
| 161|0x00000000ea100000, 0x00000000ea100000, 0x00000000ea200000|  0%| F|  |TAMS 0x00000000ea100000| PB 0x00000000ea100000| Untracked |  0
| 162|0x00000000ea200000, 0x00000000ea200000, 0x00000000ea300000|  0%| F|  |TAMS 0x00000000ea200000| PB 0x00000000ea200000| Untracked |  0
| 163|0x00000000ea300000, 0x00000000ea300000, 0x00000000ea400000|  0%| F|  |TAMS 0x00000000ea300000| PB 0x00000000ea300000| Untracked |  0
| 164|0x00000000ea400000, 0x00000000ea400000, 0x00000000ea500000|  0%| F|  |TAMS 0x00000000ea400000| PB 0x00000000ea400000| Untracked |  0
| 165|0x00000000ea500000, 0x00000000ea500000, 0x00000000ea600000|  0%| F|  |TAMS 0x00000000ea500000| PB 0x00000000ea500000| Untracked |  0
| 166|0x00000000ea600000, 0x00000000ea600000, 0x00000000ea700000|  0%| F|  |TAMS 0x00000000ea600000| PB 0x00000000ea600000| Untracked |  0
| 167|0x00000000ea700000, 0x00000000ea700000, 0x00000000ea800000|  0%| F|  |TAMS 0x00000000ea700000| PB 0x00000000ea700000| Untracked |  0
| 168|0x00000000ea800000, 0x00000000ea800000, 0x00000000ea900000|  0%| F|  |TAMS 0x00000000ea800000| PB 0x00000000ea800000| Untracked |  0
| 169|0x00000000ea900000, 0x00000000ea900000, 0x00000000eaa00000|  0%| F|  |TAMS 0x00000000ea900000| PB 0x00000000ea900000| Untracked |  0
| 170|0x00000000eaa00000, 0x00000000eaa00000, 0x00000000eab00000|  0%| F|  |TAMS 0x00000000eaa00000| PB 0x00000000eaa00000| Untracked |  0
| 171|0x00000000eab00000, 0x00000000eab00000, 0x00000000eac00000|  0%| F|  |TAMS 0x00000000eab00000| PB 0x00000000eab00000| Untracked |  0
| 172|0x00000000eac00000, 0x00000000eac00000, 0x00000000ead00000|  0%| F|  |TAMS 0x00000000eac00000| PB 0x00000000eac00000| Untracked |  0
| 173|0x00000000ead00000, 0x00000000ead00000, 0x00000000eae00000|  0%| F|  |TAMS 0x00000000ead00000| PB 0x00000000ead00000| Untracked |  0
| 174|0x00000000eae00000, 0x00000000eae00000, 0x00000000eaf00000|  0%| F|  |TAMS 0x00000000eae00000| PB 0x00000000eae00000| Untracked |  0
| 175|0x00000000eaf00000, 0x00000000eaf00000, 0x00000000eb000000|  0%| F|  |TAMS 0x00000000eaf00000| PB 0x00000000eaf00000| Untracked |  0
| 176|0x00000000eb000000, 0x00000000eb000000, 0x00000000eb100000|  0%| F|  |TAMS 0x00000000eb000000| PB 0x00000000eb000000| Untracked |  0
| 177|0x00000000eb100000, 0x00000000eb100000, 0x00000000eb200000|  0%| F|  |TAMS 0x00000000eb100000| PB 0x00000000eb100000| Untracked |  0
| 178|0x00000000eb200000, 0x00000000eb200000, 0x00000000eb300000|  0%| F|  |TAMS 0x00000000eb200000| PB 0x00000000eb200000| Untracked |  0
| 179|0x00000000eb300000, 0x00000000eb300000, 0x00000000eb400000|  0%| F|  |TAMS 0x00000000eb300000| PB 0x00000000eb300000| Untracked |  0
| 180|0x00000000eb400000, 0x00000000eb400000, 0x00000000eb500000|  0%| F|  |TAMS 0x00000000eb400000| PB 0x00000000eb400000| Untracked |  0
| 181|0x00000000eb500000, 0x00000000eb500000, 0x00000000eb600000|  0%| F|  |TAMS 0x00000000eb500000| PB 0x00000000eb500000| Untracked |  0
| 182|0x00000000eb600000, 0x00000000eb600000, 0x00000000eb700000|  0%| F|  |TAMS 0x00000000eb600000| PB 0x00000000eb600000| Untracked |  0
| 183|0x00000000eb700000, 0x00000000eb700000, 0x00000000eb800000|  0%| F|  |TAMS 0x00000000eb700000| PB 0x00000000eb700000| Untracked |  0
| 184|0x00000000eb800000, 0x00000000eb800000, 0x00000000eb900000|  0%| F|  |TAMS 0x00000000eb800000| PB 0x00000000eb800000| Untracked |  0
| 185|0x00000000eb900000, 0x00000000eb900000, 0x00000000eba00000|  0%| F|  |TAMS 0x00000000eb900000| PB 0x00000000eb900000| Untracked |  0
| 186|0x00000000eba00000, 0x00000000eba00000, 0x00000000ebb00000|  0%| F|  |TAMS 0x00000000eba00000| PB 0x00000000eba00000| Untracked |  0
| 187|0x00000000ebb00000, 0x00000000ebb00000, 0x00000000ebc00000|  0%| F|  |TAMS 0x00000000ebb00000| PB 0x00000000ebb00000| Untracked |  0
| 188|0x00000000ebc00000, 0x00000000ebc00000, 0x00000000ebd00000|  0%| F|  |TAMS 0x00000000ebc00000| PB 0x00000000ebc00000| Untracked |  0
| 189|0x00000000ebd00000, 0x00000000ebd00000, 0x00000000ebe00000|  0%| F|  |TAMS 0x00000000ebd00000| PB 0x00000000ebd00000| Untracked |  0
| 190|0x00000000ebe00000, 0x00000000ebe00000, 0x00000000ebf00000|  0%| F|  |TAMS 0x00000000ebe00000| PB 0x00000000ebe00000| Untracked |  0
| 191|0x00000000ebf00000, 0x00000000ebf00000, 0x00000000ec000000|  0%| F|  |TAMS 0x00000000ebf00000| PB 0x00000000ebf00000| Untracked |  0
| 192|0x00000000ec000000, 0x00000000ec000000, 0x00000000ec100000|  0%| F|  |TAMS 0x00000000ec000000| PB 0x00000000ec000000| Untracked |  0
| 193|0x00000000ec100000, 0x00000000ec100000, 0x00000000ec200000|  0%| F|  |TAMS 0x00000000ec100000| PB 0x00000000ec100000| Untracked |  0
| 194|0x00000000ec200000, 0x00000000ec200000, 0x00000000ec300000|  0%| F|  |TAMS 0x00000000ec200000| PB 0x00000000ec200000| Untracked |  0
| 195|0x00000000ec300000, 0x00000000ec300000, 0x00000000ec400000|  0%| F|  |TAMS 0x00000000ec300000| PB 0x00000000ec300000| Untracked |  0
| 196|0x00000000ec400000, 0x00000000ec400000, 0x00000000ec500000|  0%| F|  |TAMS 0x00000000ec400000| PB 0x00000000ec400000| Untracked |  0
| 197|0x00000000ec500000, 0x00000000ec500000, 0x00000000ec600000|  0%| F|  |TAMS 0x00000000ec500000| PB 0x00000000ec500000| Untracked |  0
| 198|0x00000000ec600000, 0x00000000ec600000, 0x00000000ec700000|  0%| F|  |TAMS 0x00000000ec600000| PB 0x00000000ec600000| Untracked |  0
| 199|0x00000000ec700000, 0x00000000ec700000, 0x00000000ec800000|  0%| F|  |TAMS 0x00000000ec700000| PB 0x00000000ec700000| Untracked |  0
| 200|0x00000000ec800000, 0x00000000ec800000, 0x00000000ec900000|  0%| F|  |TAMS 0x00000000ec800000| PB 0x00000000ec800000| Untracked |  0
| 201|0x00000000ec900000, 0x00000000ec900000, 0x00000000eca00000|  0%| F|  |TAMS 0x00000000ec900000| PB 0x00000000ec900000| Untracked |  0
| 202|0x00000000eca00000, 0x00000000eca00000, 0x00000000ecb00000|  0%| F|  |TAMS 0x00000000eca00000| PB 0x00000000eca00000| Untracked |  0
| 203|0x00000000ecb00000, 0x00000000ecb00000, 0x00000000ecc00000|  0%| F|  |TAMS 0x00000000ecb00000| PB 0x00000000ecb00000| Untracked |  0
| 204|0x00000000ecc00000, 0x00000000ecc00000, 0x00000000ecd00000|  0%| F|  |TAMS 0x00000000ecc00000| PB 0x00000000ecc00000| Untracked |  0
| 205|0x00000000ecd00000, 0x00000000ecd00000, 0x00000000ece00000|  0%| F|  |TAMS 0x00000000ecd00000| PB 0x00000000ecd00000| Untracked |  0
| 206|0x00000000ece00000, 0x00000000ece00000, 0x00000000ecf00000|  0%| F|  |TAMS 0x00000000ece00000| PB 0x00000000ece00000| Untracked |  0
| 207|0x00000000ecf00000, 0x00000000ecf00000, 0x00000000ed000000|  0%| F|  |TAMS 0x00000000ecf00000| PB 0x00000000ecf00000| Untracked |  0
| 208|0x00000000ed000000, 0x00000000ed000000, 0x00000000ed100000|  0%| F|  |TAMS 0x00000000ed000000| PB 0x00000000ed000000| Untracked |  0
| 209|0x00000000ed100000, 0x00000000ed100000, 0x00000000ed200000|  0%| F|  |TAMS 0x00000000ed100000| PB 0x00000000ed100000| Untracked |  0
| 210|0x00000000ed200000, 0x00000000ed200000, 0x00000000ed300000|  0%| F|  |TAMS 0x00000000ed200000| PB 0x00000000ed200000| Untracked |  0
| 211|0x00000000ed300000, 0x00000000ed300000, 0x00000000ed400000|  0%| F|  |TAMS 0x00000000ed300000| PB 0x00000000ed300000| Untracked |  0
| 212|0x00000000ed400000, 0x00000000ed400000, 0x00000000ed500000|  0%| F|  |TAMS 0x00000000ed400000| PB 0x00000000ed400000| Untracked |  0
| 213|0x00000000ed500000, 0x00000000ed500000, 0x00000000ed600000|  0%| F|  |TAMS 0x00000000ed500000| PB 0x00000000ed500000| Untracked |  0
| 214|0x00000000ed600000, 0x00000000ed600000, 0x00000000ed700000|  0%| F|  |TAMS 0x00000000ed600000| PB 0x00000000ed600000| Untracked |  0
| 215|0x00000000ed700000, 0x00000000ed700000, 0x00000000ed800000|  0%| F|  |TAMS 0x00000000ed700000| PB 0x00000000ed700000| Untracked |  0
| 216|0x00000000ed800000, 0x00000000ed800000, 0x00000000ed900000|  0%| F|  |TAMS 0x00000000ed800000| PB 0x00000000ed800000| Untracked |  0
| 217|0x00000000ed900000, 0x00000000ed900000, 0x00000000eda00000|  0%| F|  |TAMS 0x00000000ed900000| PB 0x00000000ed900000| Untracked |  0
| 218|0x00000000eda00000, 0x00000000eda00000, 0x00000000edb00000|  0%| F|  |TAMS 0x00000000eda00000| PB 0x00000000eda00000| Untracked |  0
| 219|0x00000000edb00000, 0x00000000edb00000, 0x00000000edc00000|  0%| F|  |TAMS 0x00000000edb00000| PB 0x00000000edb00000| Untracked |  0
| 220|0x00000000edc00000, 0x00000000edc00000, 0x00000000edd00000|  0%| F|  |TAMS 0x00000000edc00000| PB 0x00000000edc00000| Untracked |  0
| 221|0x00000000edd00000, 0x00000000edd00000, 0x00000000ede00000|  0%| F|  |TAMS 0x00000000edd00000| PB 0x00000000edd00000| Untracked |  0
| 222|0x00000000ede00000, 0x00000000ede00000, 0x00000000edf00000|  0%| F|  |TAMS 0x00000000ede00000| PB 0x00000000ede00000| Untracked |  0
| 223|0x00000000edf00000, 0x00000000edf00000, 0x00000000ee000000|  0%| F|  |TAMS 0x00000000edf00000| PB 0x00000000edf00000| Untracked |  0
| 224|0x00000000ee000000, 0x00000000ee000000, 0x00000000ee100000|  0%| F|  |TAMS 0x00000000ee000000| PB 0x00000000ee000000| Untracked |  0
| 225|0x00000000ee100000, 0x00000000ee100000, 0x00000000ee200000|  0%| F|  |TAMS 0x00000000ee100000| PB 0x00000000ee100000| Untracked |  0
| 226|0x00000000ee200000, 0x00000000ee200000, 0x00000000ee300000|  0%| F|  |TAMS 0x00000000ee200000| PB 0x00000000ee200000| Untracked |  0
| 227|0x00000000ee300000, 0x00000000ee300000, 0x00000000ee400000|  0%| F|  |TAMS 0x00000000ee300000| PB 0x00000000ee300000| Untracked |  0
| 228|0x00000000ee400000, 0x00000000ee400000, 0x00000000ee500000|  0%| F|  |TAMS 0x00000000ee400000| PB 0x00000000ee400000| Untracked |  0
| 229|0x00000000ee500000, 0x00000000ee500000, 0x00000000ee600000|  0%| F|  |TAMS 0x00000000ee500000| PB 0x00000000ee500000| Untracked |  0
| 230|0x00000000ee600000, 0x00000000ee600000, 0x00000000ee700000|  0%| F|  |TAMS 0x00000000ee600000| PB 0x00000000ee600000| Untracked |  0
| 231|0x00000000ee700000, 0x00000000ee700000, 0x00000000ee800000|  0%| F|  |TAMS 0x00000000ee700000| PB 0x00000000ee700000| Untracked |  0
| 232|0x00000000ee800000, 0x00000000ee800000, 0x00000000ee900000|  0%| F|  |TAMS 0x00000000ee800000| PB 0x00000000ee800000| Untracked |  0
| 233|0x00000000ee900000, 0x00000000ee900000, 0x00000000eea00000|  0%| F|  |TAMS 0x00000000ee900000| PB 0x00000000ee900000| Untracked |  0
| 234|0x00000000eea00000, 0x00000000eea00000, 0x00000000eeb00000|  0%| F|  |TAMS 0x00000000eea00000| PB 0x00000000eea00000| Untracked |  0
| 235|0x00000000eeb00000, 0x00000000eeb00000, 0x00000000eec00000|  0%| F|  |TAMS 0x00000000eeb00000| PB 0x00000000eeb00000| Untracked |  0
| 236|0x00000000eec00000, 0x00000000eec00000, 0x00000000eed00000|  0%| F|  |TAMS 0x00000000eec00000| PB 0x00000000eec00000| Untracked |  0
| 237|0x00000000eed00000, 0x00000000eed00000, 0x00000000eee00000|  0%| F|  |TAMS 0x00000000eed00000| PB 0x00000000eed00000| Untracked |  0
| 238|0x00000000eee00000, 0x00000000eee00000, 0x00000000eef00000|  0%| F|  |TAMS 0x00000000eee00000| PB 0x00000000eee00000| Untracked |  0
| 239|0x00000000eef00000, 0x00000000eef00000, 0x00000000ef000000|  0%| F|  |TAMS 0x00000000eef00000| PB 0x00000000eef00000| Untracked |  0
| 240|0x00000000ef000000, 0x00000000ef000000, 0x00000000ef100000|  0%| F|  |TAMS 0x00000000ef000000| PB 0x00000000ef000000| Untracked |  0
| 241|0x00000000ef100000, 0x00000000ef100000, 0x00000000ef200000|  0%| F|  |TAMS 0x00000000ef100000| PB 0x00000000ef100000| Untracked |  0
| 242|0x00000000ef200000, 0x00000000ef200000, 0x00000000ef300000|  0%| F|  |TAMS 0x00000000ef200000| PB 0x00000000ef200000| Untracked |  0
| 243|0x00000000ef300000, 0x00000000ef300000, 0x00000000ef400000|  0%| F|  |TAMS 0x00000000ef300000| PB 0x00000000ef300000| Untracked |  0
| 244|0x00000000ef400000, 0x00000000ef400000, 0x00000000ef500000|  0%| F|  |TAMS 0x00000000ef400000| PB 0x00000000ef400000| Untracked |  0
| 245|0x00000000ef500000, 0x00000000ef500000, 0x00000000ef600000|  0%| F|  |TAMS 0x00000000ef500000| PB 0x00000000ef500000| Untracked |  0
| 246|0x00000000ef600000, 0x00000000ef600000, 0x00000000ef700000|  0%| F|  |TAMS 0x00000000ef600000| PB 0x00000000ef600000| Untracked |  0
| 247|0x00000000ef700000, 0x00000000ef700000, 0x00000000ef800000|  0%| F|  |TAMS 0x00000000ef700000| PB 0x00000000ef700000| Untracked |  0
| 248|0x00000000ef800000, 0x00000000ef800000, 0x00000000ef900000|  0%| F|  |TAMS 0x00000000ef800000| PB 0x00000000ef800000| Untracked |  0
| 249|0x00000000ef900000, 0x00000000ef900000, 0x00000000efa00000|  0%| F|  |TAMS 0x00000000ef900000| PB 0x00000000ef900000| Untracked |  0
| 250|0x00000000efa00000, 0x00000000efa00000, 0x00000000efb00000|  0%| F|  |TAMS 0x00000000efa00000| PB 0x00000000efa00000| Untracked |  0
| 251|0x00000000efb00000, 0x00000000efb00000, 0x00000000efc00000|  0%| F|  |TAMS 0x00000000efb00000| PB 0x00000000efb00000| Untracked |  0
| 252|0x00000000efc00000, 0x00000000efc00000, 0x00000000efd00000|  0%| F|  |TAMS 0x00000000efc00000| PB 0x00000000efc00000| Untracked |  0
| 253|0x00000000efd00000, 0x00000000efd00000, 0x00000000efe00000|  0%| F|  |TAMS 0x00000000efd00000| PB 0x00000000efd00000| Untracked |  0
| 254|0x00000000efe00000, 0x00000000efe00000, 0x00000000eff00000|  0%| F|  |TAMS 0x00000000efe00000| PB 0x00000000efe00000| Untracked |  0
| 255|0x00000000eff00000, 0x00000000eff00000, 0x00000000f0000000|  0%| F|  |TAMS 0x00000000eff00000| PB 0x00000000eff00000| Untracked |  0
| 256|0x00000000f0000000, 0x00000000f0000000, 0x00000000f0100000|  0%| F|  |TAMS 0x00000000f0000000| PB 0x00000000f0000000| Untracked |  0
| 257|0x00000000f0100000, 0x00000000f0100000, 0x00000000f0200000|  0%| F|  |TAMS 0x00000000f0100000| PB 0x00000000f0100000| Untracked |  0
| 258|0x00000000f0200000, 0x00000000f0200000, 0x00000000f0300000|  0%| F|  |TAMS 0x00000000f0200000| PB 0x00000000f0200000| Untracked |  0
| 259|0x00000000f0300000, 0x00000000f0300000, 0x00000000f0400000|  0%| F|  |TAMS 0x00000000f0300000| PB 0x00000000f0300000| Untracked |  0
| 260|0x00000000f0400000, 0x00000000f0400000, 0x00000000f0500000|  0%| F|  |TAMS 0x00000000f0400000| PB 0x00000000f0400000| Untracked |  0
| 261|0x00000000f0500000, 0x00000000f0500000, 0x00000000f0600000|  0%| F|  |TAMS 0x00000000f0500000| PB 0x00000000f0500000| Untracked |  0
| 262|0x00000000f0600000, 0x00000000f0600000, 0x00000000f0700000|  0%| F|  |TAMS 0x00000000f0600000| PB 0x00000000f0600000| Untracked |  0
| 263|0x00000000f0700000, 0x00000000f0700000, 0x00000000f0800000|  0%| F|  |TAMS 0x00000000f0700000| PB 0x00000000f0700000| Untracked |  0
| 264|0x00000000f0800000, 0x00000000f0800000, 0x00000000f0900000|  0%| F|  |TAMS 0x00000000f0800000| PB 0x00000000f0800000| Untracked |  0
| 265|0x00000000f0900000, 0x00000000f0900000, 0x00000000f0a00000|  0%| F|  |TAMS 0x00000000f0900000| PB 0x00000000f0900000| Untracked |  0
| 266|0x00000000f0a00000, 0x00000000f0a00000, 0x00000000f0b00000|  0%| F|  |TAMS 0x00000000f0a00000| PB 0x00000000f0a00000| Untracked |  0
| 267|0x00000000f0b00000, 0x00000000f0b00000, 0x00000000f0c00000|  0%| F|  |TAMS 0x00000000f0b00000| PB 0x00000000f0b00000| Untracked |  0
| 268|0x00000000f0c00000, 0x00000000f0c00000, 0x00000000f0d00000|  0%| F|  |TAMS 0x00000000f0c00000| PB 0x00000000f0c00000| Untracked |  0
| 269|0x00000000f0d00000, 0x00000000f0d00000, 0x00000000f0e00000|  0%| F|  |TAMS 0x00000000f0d00000| PB 0x00000000f0d00000| Untracked |  0
| 270|0x00000000f0e00000, 0x00000000f0e00000, 0x00000000f0f00000|  0%| F|  |TAMS 0x00000000f0e00000| PB 0x00000000f0e00000| Untracked |  0
| 271|0x00000000f0f00000, 0x00000000f0f00000, 0x00000000f1000000|  0%| F|  |TAMS 0x00000000f0f00000| PB 0x00000000f0f00000| Untracked |  0
| 272|0x00000000f1000000, 0x00000000f1000000, 0x00000000f1100000|  0%| F|  |TAMS 0x00000000f1000000| PB 0x00000000f1000000| Untracked |  0
| 273|0x00000000f1100000, 0x00000000f1100000, 0x00000000f1200000|  0%| F|  |TAMS 0x00000000f1100000| PB 0x00000000f1100000| Untracked |  0
| 274|0x00000000f1200000, 0x00000000f1200000, 0x00000000f1300000|  0%| F|  |TAMS 0x00000000f1200000| PB 0x00000000f1200000| Untracked |  0
| 275|0x00000000f1300000, 0x00000000f1300000, 0x00000000f1400000|  0%| F|  |TAMS 0x00000000f1300000| PB 0x00000000f1300000| Untracked |  0
| 276|0x00000000f1400000, 0x00000000f1400000, 0x00000000f1500000|  0%| F|  |TAMS 0x00000000f1400000| PB 0x00000000f1400000| Untracked |  0
| 277|0x00000000f1500000, 0x00000000f1500000, 0x00000000f1600000|  0%| F|  |TAMS 0x00000000f1500000| PB 0x00000000f1500000| Untracked |  0
| 278|0x00000000f1600000, 0x00000000f1600000, 0x00000000f1700000|  0%| F|  |TAMS 0x00000000f1600000| PB 0x00000000f1600000| Untracked |  0
| 279|0x00000000f1700000, 0x00000000f1700000, 0x00000000f1800000|  0%| F|  |TAMS 0x00000000f1700000| PB 0x00000000f1700000| Untracked |  0
| 280|0x00000000f1800000, 0x00000000f1800000, 0x00000000f1900000|  0%| F|  |TAMS 0x00000000f1800000| PB 0x00000000f1800000| Untracked |  0
| 281|0x00000000f1900000, 0x00000000f1900000, 0x00000000f1a00000|  0%| F|  |TAMS 0x00000000f1900000| PB 0x00000000f1900000| Untracked |  0
| 282|0x00000000f1a00000, 0x00000000f1a00000, 0x00000000f1b00000|  0%| F|  |TAMS 0x00000000f1a00000| PB 0x00000000f1a00000| Untracked |  0
| 283|0x00000000f1b00000, 0x00000000f1b00000, 0x00000000f1c00000|  0%| F|  |TAMS 0x00000000f1b00000| PB 0x00000000f1b00000| Untracked |  0
| 284|0x00000000f1c00000, 0x00000000f1c00000, 0x00000000f1d00000|  0%| F|  |TAMS 0x00000000f1c00000| PB 0x00000000f1c00000| Untracked |  0
| 285|0x00000000f1d00000, 0x00000000f1d00000, 0x00000000f1e00000|  0%| F|  |TAMS 0x00000000f1d00000| PB 0x00000000f1d00000| Untracked |  0
| 286|0x00000000f1e00000, 0x00000000f1e00000, 0x00000000f1f00000|  0%| F|  |TAMS 0x00000000f1e00000| PB 0x00000000f1e00000| Untracked |  0
| 287|0x00000000f1f00000, 0x00000000f1f00000, 0x00000000f2000000|  0%| F|  |TAMS 0x00000000f1f00000| PB 0x00000000f1f00000| Untracked |  0
| 288|0x00000000f2000000, 0x00000000f2000000, 0x00000000f2100000|  0%| F|  |TAMS 0x00000000f2000000| PB 0x00000000f2000000| Untracked |  0
| 289|0x00000000f2100000, 0x00000000f2100000, 0x00000000f2200000|  0%| F|  |TAMS 0x00000000f2100000| PB 0x00000000f2100000| Untracked |  0
| 290|0x00000000f2200000, 0x00000000f2200000, 0x00000000f2300000|  0%| F|  |TAMS 0x00000000f2200000| PB 0x00000000f2200000| Untracked |  0
| 291|0x00000000f2300000, 0x00000000f2300000, 0x00000000f2400000|  0%| F|  |TAMS 0x00000000f2300000| PB 0x00000000f2300000| Untracked |  0
| 292|0x00000000f2400000, 0x00000000f2400000, 0x00000000f2500000|  0%| F|  |TAMS 0x00000000f2400000| PB 0x00000000f2400000| Untracked |  0
| 293|0x00000000f2500000, 0x00000000f2500000, 0x00000000f2600000|  0%| F|  |TAMS 0x00000000f2500000| PB 0x00000000f2500000| Untracked |  0
| 294|0x00000000f2600000, 0x00000000f2600000, 0x00000000f2700000|  0%| F|  |TAMS 0x00000000f2600000| PB 0x00000000f2600000| Untracked |  0
| 295|0x00000000f2700000, 0x00000000f2700000, 0x00000000f2800000|  0%| F|  |TAMS 0x00000000f2700000| PB 0x00000000f2700000| Untracked |  0
| 296|0x00000000f2800000, 0x00000000f2800000, 0x00000000f2900000|  0%| F|  |TAMS 0x00000000f2800000| PB 0x00000000f2800000| Untracked |  0
| 297|0x00000000f2900000, 0x00000000f2900000, 0x00000000f2a00000|  0%| F|  |TAMS 0x00000000f2900000| PB 0x00000000f2900000| Untracked |  0
| 298|0x00000000f2a00000, 0x00000000f2a00000, 0x00000000f2b00000|  0%| F|  |TAMS 0x00000000f2a00000| PB 0x00000000f2a00000| Untracked |  0
| 299|0x00000000f2b00000, 0x00000000f2b00000, 0x00000000f2c00000|  0%| F|  |TAMS 0x00000000f2b00000| PB 0x00000000f2b00000| Untracked |  0
| 300|0x00000000f2c00000, 0x00000000f2c00000, 0x00000000f2d00000|  0%| F|  |TAMS 0x00000000f2c00000| PB 0x00000000f2c00000| Untracked |  0
| 301|0x00000000f2d00000, 0x00000000f2d00000, 0x00000000f2e00000|  0%| F|  |TAMS 0x00000000f2d00000| PB 0x00000000f2d00000| Untracked |  0
| 302|0x00000000f2e00000, 0x00000000f2e00000, 0x00000000f2f00000|  0%| F|  |TAMS 0x00000000f2e00000| PB 0x00000000f2e00000| Untracked |  0
| 303|0x00000000f2f00000, 0x00000000f2f00000, 0x00000000f3000000|  0%| F|  |TAMS 0x00000000f2f00000| PB 0x00000000f2f00000| Untracked |  0
| 304|0x00000000f3000000, 0x00000000f3000000, 0x00000000f3100000|  0%| F|  |TAMS 0x00000000f3000000| PB 0x00000000f3000000| Untracked |  0
| 305|0x00000000f3100000, 0x00000000f3100000, 0x00000000f3200000|  0%| F|  |TAMS 0x00000000f3100000| PB 0x00000000f3100000| Untracked |  0
| 306|0x00000000f3200000, 0x00000000f3200000, 0x00000000f3300000|  0%| F|  |TAMS 0x00000000f3200000| PB 0x00000000f3200000| Untracked |  0
| 307|0x00000000f3300000, 0x00000000f3300000, 0x00000000f3400000|  0%| F|  |TAMS 0x00000000f3300000| PB 0x00000000f3300000| Untracked |  0
| 308|0x00000000f3400000, 0x00000000f3400000, 0x00000000f3500000|  0%| F|  |TAMS 0x00000000f3400000| PB 0x00000000f3400000| Untracked |  0
| 309|0x00000000f3500000, 0x00000000f3500000, 0x00000000f3600000|  0%| F|  |TAMS 0x00000000f3500000| PB 0x00000000f3500000| Untracked |  0
| 310|0x00000000f3600000, 0x00000000f3600000, 0x00000000f3700000|  0%| F|  |TAMS 0x00000000f3600000| PB 0x00000000f3600000| Untracked |  0
| 311|0x00000000f3700000, 0x00000000f3700000, 0x00000000f3800000|  0%| F|  |TAMS 0x00000000f3700000| PB 0x00000000f3700000| Untracked |  0
| 312|0x00000000f3800000, 0x00000000f3800000, 0x00000000f3900000|  0%| F|  |TAMS 0x00000000f3800000| PB 0x00000000f3800000| Untracked |  0
| 313|0x00000000f3900000, 0x00000000f3900000, 0x00000000f3a00000|  0%| F|  |TAMS 0x00000000f3900000| PB 0x00000000f3900000| Untracked |  0
| 314|0x00000000f3a00000, 0x00000000f3a00000, 0x00000000f3b00000|  0%| F|  |TAMS 0x00000000f3a00000| PB 0x00000000f3a00000| Untracked |  0
| 315|0x00000000f3b00000, 0x00000000f3b00000, 0x00000000f3c00000|  0%| F|  |TAMS 0x00000000f3b00000| PB 0x00000000f3b00000| Untracked |  0
| 316|0x00000000f3c00000, 0x00000000f3c00000, 0x00000000f3d00000|  0%| F|  |TAMS 0x00000000f3c00000| PB 0x00000000f3c00000| Untracked |  0
| 317|0x00000000f3d00000, 0x00000000f3d00000, 0x00000000f3e00000|  0%| F|  |TAMS 0x00000000f3d00000| PB 0x00000000f3d00000| Untracked |  0
| 318|0x00000000f3e00000, 0x00000000f3e00000, 0x00000000f3f00000|  0%| F|  |TAMS 0x00000000f3e00000| PB 0x00000000f3e00000| Untracked |  0
| 319|0x00000000f3f00000, 0x00000000f3f00000, 0x00000000f4000000|  0%| F|  |TAMS 0x00000000f3f00000| PB 0x00000000f3f00000| Untracked |  0
| 320|0x00000000f4000000, 0x00000000f4000000, 0x00000000f4100000|  0%| F|  |TAMS 0x00000000f4000000| PB 0x00000000f4000000| Untracked |  0
| 321|0x00000000f4100000, 0x00000000f4100000, 0x00000000f4200000|  0%| F|  |TAMS 0x00000000f4100000| PB 0x00000000f4100000| Untracked |  0
| 322|0x00000000f4200000, 0x00000000f4200000, 0x00000000f4300000|  0%| F|  |TAMS 0x00000000f4200000| PB 0x00000000f4200000| Untracked |  0
| 323|0x00000000f4300000, 0x00000000f4300000, 0x00000000f4400000|  0%| F|  |TAMS 0x00000000f4300000| PB 0x00000000f4300000| Untracked |  0
| 324|0x00000000f4400000, 0x00000000f4400000, 0x00000000f4500000|  0%| F|  |TAMS 0x00000000f4400000| PB 0x00000000f4400000| Untracked |  0
| 325|0x00000000f4500000, 0x00000000f4500000, 0x00000000f4600000|  0%| F|  |TAMS 0x00000000f4500000| PB 0x00000000f4500000| Untracked |  0
| 326|0x00000000f4600000, 0x00000000f4600000, 0x00000000f4700000|  0%| F|  |TAMS 0x00000000f4600000| PB 0x00000000f4600000| Untracked |  0
| 327|0x00000000f4700000, 0x00000000f4700000, 0x00000000f4800000|  0%| F|  |TAMS 0x00000000f4700000| PB 0x00000000f4700000| Untracked |  0
| 328|0x00000000f4800000, 0x00000000f4800000, 0x00000000f4900000|  0%| F|  |TAMS 0x00000000f4800000| PB 0x00000000f4800000| Untracked |  0
| 329|0x00000000f4900000, 0x00000000f4900000, 0x00000000f4a00000|  0%| F|  |TAMS 0x00000000f4900000| PB 0x00000000f4900000| Untracked |  0
| 330|0x00000000f4a00000, 0x00000000f4a00000, 0x00000000f4b00000|  0%| F|  |TAMS 0x00000000f4a00000| PB 0x00000000f4a00000| Untracked |  0
| 331|0x00000000f4b00000, 0x00000000f4b00000, 0x00000000f4c00000|  0%| F|  |TAMS 0x00000000f4b00000| PB 0x00000000f4b00000| Untracked |  0
| 332|0x00000000f4c00000, 0x00000000f4c00000, 0x00000000f4d00000|  0%| F|  |TAMS 0x00000000f4c00000| PB 0x00000000f4c00000| Untracked |  0
| 333|0x00000000f4d00000, 0x00000000f4d00000, 0x00000000f4e00000|  0%| F|  |TAMS 0x00000000f4d00000| PB 0x00000000f4d00000| Untracked |  0
| 334|0x00000000f4e00000, 0x00000000f4e00000, 0x00000000f4f00000|  0%| F|  |TAMS 0x00000000f4e00000| PB 0x00000000f4e00000| Untracked |  0
| 335|0x00000000f4f00000, 0x00000000f4f00000, 0x00000000f5000000|  0%| F|  |TAMS 0x00000000f4f00000| PB 0x00000000f4f00000| Untracked |  0
| 336|0x00000000f5000000, 0x00000000f5000000, 0x00000000f5100000|  0%| F|  |TAMS 0x00000000f5000000| PB 0x00000000f5000000| Untracked |  0
| 337|0x00000000f5100000, 0x00000000f5100000, 0x00000000f5200000|  0%| F|  |TAMS 0x00000000f5100000| PB 0x00000000f5100000| Untracked |  0
| 338|0x00000000f5200000, 0x00000000f5200000, 0x00000000f5300000|  0%| F|  |TAMS 0x00000000f5200000| PB 0x00000000f5200000| Untracked |  0
| 339|0x00000000f5300000, 0x00000000f5300000, 0x00000000f5400000|  0%| F|  |TAMS 0x00000000f5300000| PB 0x00000000f5300000| Untracked |  0
| 340|0x00000000f5400000, 0x00000000f5400000, 0x00000000f5500000|  0%| F|  |TAMS 0x00000000f5400000| PB 0x00000000f5400000| Untracked |  0
| 341|0x00000000f5500000, 0x00000000f5500000, 0x00000000f5600000|  0%| F|  |TAMS 0x00000000f5500000| PB 0x00000000f5500000| Untracked |  0
| 342|0x00000000f5600000, 0x00000000f5600000, 0x00000000f5700000|  0%| F|  |TAMS 0x00000000f5600000| PB 0x00000000f5600000| Untracked |  0
| 343|0x00000000f5700000, 0x00000000f5700000, 0x00000000f5800000|  0%| F|  |TAMS 0x00000000f5700000| PB 0x00000000f5700000| Untracked |  0
| 344|0x00000000f5800000, 0x00000000f5800000, 0x00000000f5900000|  0%| F|  |TAMS 0x00000000f5800000| PB 0x00000000f5800000| Untracked |  0
| 345|0x00000000f5900000, 0x00000000f5900000, 0x00000000f5a00000|  0%| F|  |TAMS 0x00000000f5900000| PB 0x00000000f5900000| Untracked |  0
| 346|0x00000000f5a00000, 0x00000000f5a00000, 0x00000000f5b00000|  0%| F|  |TAMS 0x00000000f5a00000| PB 0x00000000f5a00000| Untracked |  0
| 347|0x00000000f5b00000, 0x00000000f5b00000, 0x00000000f5c00000|  0%| F|  |TAMS 0x00000000f5b00000| PB 0x00000000f5b00000| Untracked |  0
| 348|0x00000000f5c00000, 0x00000000f5c00000, 0x00000000f5d00000|  0%| F|  |TAMS 0x00000000f5c00000| PB 0x00000000f5c00000| Untracked |  0
| 349|0x00000000f5d00000, 0x00000000f5d00000, 0x00000000f5e00000|  0%| F|  |TAMS 0x00000000f5d00000| PB 0x00000000f5d00000| Untracked |  0
| 350|0x00000000f5e00000, 0x00000000f5e00000, 0x00000000f5f00000|  0%| F|  |TAMS 0x00000000f5e00000| PB 0x00000000f5e00000| Untracked |  0
| 351|0x00000000f5f00000, 0x00000000f5f00000, 0x00000000f6000000|  0%| F|  |TAMS 0x00000000f5f00000| PB 0x00000000f5f00000| Untracked |  0
| 352|0x00000000f6000000, 0x00000000f6000000, 0x00000000f6100000|  0%| F|  |TAMS 0x00000000f6000000| PB 0x00000000f6000000| Untracked |  0
| 353|0x00000000f6100000, 0x00000000f6100000, 0x00000000f6200000|  0%| F|  |TAMS 0x00000000f6100000| PB 0x00000000f6100000| Untracked |  0
| 354|0x00000000f6200000, 0x00000000f6200000, 0x00000000f6300000|  0%| F|  |TAMS 0x00000000f6200000| PB 0x00000000f6200000| Untracked |  0
| 355|0x00000000f6300000, 0x00000000f6300000, 0x00000000f6400000|  0%| F|  |TAMS 0x00000000f6300000| PB 0x00000000f6300000| Untracked |  0
| 356|0x00000000f6400000, 0x00000000f6400000, 0x00000000f6500000|  0%| F|  |TAMS 0x00000000f6400000| PB 0x00000000f6400000| Untracked |  0
| 357|0x00000000f6500000, 0x00000000f6500000, 0x00000000f6600000|  0%| F|  |TAMS 0x00000000f6500000| PB 0x00000000f6500000| Untracked |  0
| 358|0x00000000f6600000, 0x00000000f6600000, 0x00000000f6700000|  0%| F|  |TAMS 0x00000000f6600000| PB 0x00000000f6600000| Untracked |  0
| 359|0x00000000f6700000, 0x00000000f6700000, 0x00000000f6800000|  0%| F|  |TAMS 0x00000000f6700000| PB 0x00000000f6700000| Untracked |  0
| 360|0x00000000f6800000, 0x00000000f6800000, 0x00000000f6900000|  0%| F|  |TAMS 0x00000000f6800000| PB 0x00000000f6800000| Untracked |  0
| 361|0x00000000f6900000, 0x00000000f6900000, 0x00000000f6a00000|  0%| F|  |TAMS 0x00000000f6900000| PB 0x00000000f6900000| Untracked |  0
| 362|0x00000000f6a00000, 0x00000000f6aa6600, 0x00000000f6b00000| 64%| S|CS|TAMS 0x00000000f6a00000| PB 0x00000000f6a00000| Complete |  0
| 363|0x00000000f6b00000, 0x00000000f6c00000, 0x00000000f6c00000|100%| S|CS|TAMS 0x00000000f6b00000| PB 0x00000000f6b00000| Complete |  0
| 364|0x00000000f6c00000, 0x00000000f6d00000, 0x00000000f6d00000|100%| S|CS|TAMS 0x00000000f6c00000| PB 0x00000000f6c00000| Complete |  0
| 365|0x00000000f6d00000, 0x00000000f6e00000, 0x00000000f6e00000|100%| S|CS|TAMS 0x00000000f6d00000| PB 0x00000000f6d00000| Complete |  0
| 366|0x00000000f6e00000, 0x00000000f6f00000, 0x00000000f6f00000|100%| S|CS|TAMS 0x00000000f6e00000| PB 0x00000000f6e00000| Complete |  0
| 367|0x00000000f6f00000, 0x00000000f6f00000, 0x00000000f7000000|  0%| F|  |TAMS 0x00000000f6f00000| PB 0x00000000f6f00000| Untracked |  0
| 368|0x00000000f7000000, 0x00000000f7000000, 0x00000000f7100000|  0%| F|  |TAMS 0x00000000f7000000| PB 0x00000000f7000000| Untracked |  0
| 369|0x00000000f7100000, 0x00000000f7100000, 0x00000000f7200000|  0%| F|  |TAMS 0x00000000f7100000| PB 0x00000000f7100000| Untracked |  0
| 370|0x00000000f7200000, 0x00000000f7200000, 0x00000000f7300000|  0%| F|  |TAMS 0x00000000f7200000| PB 0x00000000f7200000| Untracked |  0
| 371|0x00000000f7300000, 0x00000000f7300000, 0x00000000f7400000|  0%| F|  |TAMS 0x00000000f7300000| PB 0x00000000f7300000| Untracked |  0
| 372|0x00000000f7400000, 0x00000000f7400000, 0x00000000f7500000|  0%| F|  |TAMS 0x00000000f7400000| PB 0x00000000f7400000| Untracked |  0
| 373|0x00000000f7500000, 0x00000000f7500000, 0x00000000f7600000|  0%| F|  |TAMS 0x00000000f7500000| PB 0x00000000f7500000| Untracked |  0
| 374|0x00000000f7600000, 0x00000000f7600000, 0x00000000f7700000|  0%| F|  |TAMS 0x00000000f7600000| PB 0x00000000f7600000| Untracked |  0
| 375|0x00000000f7700000, 0x00000000f7700000, 0x00000000f7800000|  0%| F|  |TAMS 0x00000000f7700000| PB 0x00000000f7700000| Untracked |  0
| 376|0x00000000f7800000, 0x00000000f7800000, 0x00000000f7900000|  0%| F|  |TAMS 0x00000000f7800000| PB 0x00000000f7800000| Untracked |  0
| 377|0x00000000f7900000, 0x00000000f7900000, 0x00000000f7a00000|  0%| F|  |TAMS 0x00000000f7900000| PB 0x00000000f7900000| Untracked |  0
| 378|0x00000000f7a00000, 0x00000000f7a00000, 0x00000000f7b00000|  0%| F|  |TAMS 0x00000000f7a00000| PB 0x00000000f7a00000| Untracked |  0
| 379|0x00000000f7b00000, 0x00000000f7b00000, 0x00000000f7c00000|  0%| F|  |TAMS 0x00000000f7b00000| PB 0x00000000f7b00000| Untracked |  0
| 380|0x00000000f7c00000, 0x00000000f7c00000, 0x00000000f7d00000|  0%| F|  |TAMS 0x00000000f7c00000| PB 0x00000000f7c00000| Untracked |  0
| 381|0x00000000f7d00000, 0x00000000f7d00000, 0x00000000f7e00000|  0%| F|  |TAMS 0x00000000f7d00000| PB 0x00000000f7d00000| Untracked |  0
| 382|0x00000000f7e00000, 0x00000000f7e00000, 0x00000000f7f00000|  0%| F|  |TAMS 0x00000000f7e00000| PB 0x00000000f7e00000| Untracked |  0
| 383|0x00000000f7f00000, 0x00000000f7f00000, 0x00000000f8000000|  0%| F|  |TAMS 0x00000000f7f00000| PB 0x00000000f7f00000| Untracked |  0
| 384|0x00000000f8000000, 0x00000000f8000000, 0x00000000f8100000|  0%| F|  |TAMS 0x00000000f8000000| PB 0x00000000f8000000| Untracked |  0
| 385|0x00000000f8100000, 0x00000000f8100000, 0x00000000f8200000|  0%| F|  |TAMS 0x00000000f8100000| PB 0x00000000f8100000| Untracked |  0
| 386|0x00000000f8200000, 0x00000000f8200000, 0x00000000f8300000|  0%| F|  |TAMS 0x00000000f8200000| PB 0x00000000f8200000| Untracked |  0
| 387|0x00000000f8300000, 0x00000000f8300000, 0x00000000f8400000|  0%| F|  |TAMS 0x00000000f8300000| PB 0x00000000f8300000| Untracked |  0
| 388|0x00000000f8400000, 0x00000000f8400000, 0x00000000f8500000|  0%| F|  |TAMS 0x00000000f8400000| PB 0x00000000f8400000| Untracked |  0
| 389|0x00000000f8500000, 0x00000000f8500000, 0x00000000f8600000|  0%| F|  |TAMS 0x00000000f8500000| PB 0x00000000f8500000| Untracked |  0
| 390|0x00000000f8600000, 0x00000000f8600000, 0x00000000f8700000|  0%| F|  |TAMS 0x00000000f8600000| PB 0x00000000f8600000| Untracked |  0
| 391|0x00000000f8700000, 0x00000000f8700000, 0x00000000f8800000|  0%| F|  |TAMS 0x00000000f8700000| PB 0x00000000f8700000| Untracked |  0
| 392|0x00000000f8800000, 0x00000000f8800000, 0x00000000f8900000|  0%| F|  |TAMS 0x00000000f8800000| PB 0x00000000f8800000| Untracked |  0
| 393|0x00000000f8900000, 0x00000000f8900000, 0x00000000f8a00000|  0%| F|  |TAMS 0x00000000f8900000| PB 0x00000000f8900000| Untracked |  0
| 394|0x00000000f8a00000, 0x00000000f8a00000, 0x00000000f8b00000|  0%| F|  |TAMS 0x00000000f8a00000| PB 0x00000000f8a00000| Untracked |  0
| 395|0x00000000f8b00000, 0x00000000f8b00000, 0x00000000f8c00000|  0%| F|  |TAMS 0x00000000f8b00000| PB 0x00000000f8b00000| Untracked |  0
| 396|0x00000000f8c00000, 0x00000000f8c00000, 0x00000000f8d00000|  0%| F|  |TAMS 0x00000000f8c00000| PB 0x00000000f8c00000| Untracked |  0
| 397|0x00000000f8d00000, 0x00000000f8d80000, 0x00000000f8e00000| 50%| E|  |TAMS 0x00000000f8d00000| PB 0x00000000f8d00000| Complete |  0
| 398|0x00000000f8e00000, 0x00000000f8f00000, 0x00000000f8f00000|100%| E|CS|TAMS 0x00000000f8e00000| PB 0x00000000f8e00000| Complete |  0
| 399|0x00000000f8f00000, 0x00000000f9000000, 0x00000000f9000000|100%| E|CS|TAMS 0x00000000f8f00000| PB 0x00000000f8f00000| Complete |  0
| 400|0x00000000f9000000, 0x00000000f9100000, 0x00000000f9100000|100%| E|CS|TAMS 0x00000000f9000000| PB 0x00000000f9000000| Complete |  0
| 401|0x00000000f9100000, 0x00000000f9200000, 0x00000000f9200000|100%| E|CS|TAMS 0x00000000f9100000| PB 0x00000000f9100000| Complete |  0
| 402|0x00000000f9200000, 0x00000000f9300000, 0x00000000f9300000|100%| E|CS|TAMS 0x00000000f9200000| PB 0x00000000f9200000| Complete |  0
| 403|0x00000000f9300000, 0x00000000f9400000, 0x00000000f9400000|100%| E|CS|TAMS 0x00000000f9300000| PB 0x00000000f9300000| Complete |  0
| 404|0x00000000f9400000, 0x00000000f9500000, 0x00000000f9500000|100%| E|CS|TAMS 0x00000000f9400000| PB 0x00000000f9400000| Complete |  0
| 405|0x00000000f9500000, 0x00000000f9600000, 0x00000000f9600000|100%| E|CS|TAMS 0x00000000f9500000| PB 0x00000000f9500000| Complete |  0
| 406|0x00000000f9600000, 0x00000000f9700000, 0x00000000f9700000|100%| E|CS|TAMS 0x00000000f9600000| PB 0x00000000f9600000| Complete |  0
| 407|0x00000000f9700000, 0x00000000f9800000, 0x00000000f9800000|100%| E|CS|TAMS 0x00000000f9700000| PB 0x00000000f9700000| Complete |  0
| 408|0x00000000f9800000, 0x00000000f9900000, 0x00000000f9900000|100%| E|CS|TAMS 0x00000000f9800000| PB 0x00000000f9800000| Complete |  0
| 409|0x00000000f9900000, 0x00000000f9a00000, 0x00000000f9a00000|100%| E|CS|TAMS 0x00000000f9900000| PB 0x00000000f9900000| Complete |  0
| 410|0x00000000f9a00000, 0x00000000f9b00000, 0x00000000f9b00000|100%| E|CS|TAMS 0x00000000f9a00000| PB 0x00000000f9a00000| Complete |  0
| 411|0x00000000f9b00000, 0x00000000f9c00000, 0x00000000f9c00000|100%| E|CS|TAMS 0x00000000f9b00000| PB 0x00000000f9b00000| Complete |  0
| 412|0x00000000f9c00000, 0x00000000f9d00000, 0x00000000f9d00000|100%| E|CS|TAMS 0x00000000f9c00000| PB 0x00000000f9c00000| Complete |  0
| 413|0x00000000f9d00000, 0x00000000f9e00000, 0x00000000f9e00000|100%| E|CS|TAMS 0x00000000f9d00000| PB 0x00000000f9d00000| Complete |  0
| 510|0x00000000ffe00000, 0x00000000fff00000, 0x00000000fff00000|100%| O|  |TAMS 0x00000000ffe00000| PB 0x00000000ffe00000| Untracked |  0
| 511|0x00000000fff00000, 0x00000000fff1c318, 0x0000000100000000| 11%| O|  |TAMS 0x00000000fff00000| PB 0x00000000fff00000| Untracked |  0

Card table byte_map: [0x000002095a6b0000,0x000002095a7b0000] _byte_map_base: 0x0000020959fb0000

Marking Bits: (CMBitMap*) 0x0000020942247fa0
 Bits: [0x000002095a7b0000, 0x000002095afb0000)

Polling page: 0x0000020940000000

Metaspace:

Usage:
  Non-class:     12.15 MB used.
      Class:      1.42 MB used.
       Both:     13.57 MB used.

Virtual space:
  Non-class space:       64.00 MB reserved,      12.44 MB ( 19%) committed,  1 nodes.
      Class space:        1.00 GB reserved,       1.62 MB ( <1%) committed,  1 nodes.
             Both:        1.06 GB reserved,      14.06 MB (  1%) committed. 

Chunk freelists:
   Non-Class:  2.72 MB
       Class:  14.40 MB
        Both:  17.11 MB

MaxMetaspaceSize: unlimited
CompressedClassSpaceSize: 1.00 GB
Initial GC threshold: 21.00 MB
Current GC threshold: 21.00 MB
CDS: on
 - commit_granule_bytes: 65536.
 - commit_granule_words: 8192.
 - virtual_space_node_default_size: 8388608.
 - enlarge_chunks_in_place: 1.
UseCompressedClassPointers 1, UseCompactObjectHeaders 0
Narrow klass pointer bits 32, Max shift 3
Narrow klass base: 0x000002095e000000, Narrow klass shift: 0
Encoding Range: [0x000002095e000000 - 0x0000020a5e000000), (4294967296 bytes)
Klass Range:    [0x000002095e000000 - 0x000002099f000000), (1090519040 bytes)
Klass ID Range:  [8 - 1090519033) (1090519025)


Internal statistics:

num_allocs_failed_limit: 0.
num_arena_births: 602.
num_arena_deaths: 0.
num_vsnodes_births: 2.
num_vsnodes_deaths: 0.
num_space_committed: 225.
num_space_uncommitted: 0.
num_chunks_returned_to_freelist: 0.
num_chunks_taken_from_freelist: 1076.
num_chunk_merges: 0.
num_chunk_splits: 666.
num_chunks_enlarged: 392.
num_inconsistent_stats: 0.

CodeHeap 'non-profiled nmethods': size=119232Kb used=1159Kb max_used=1159Kb free=118072Kb
 bounds [0x00000209528b0000, 0x0000020952b20000, 0x0000020959d20000]
CodeHeap 'profiled nmethods': size=119104Kb used=4943Kb max_used=4943Kb free=114161Kb
 bounds [0x000002094ad20000, 0x000002094b200000, 0x0000020952170000]
CodeHeap 'non-nmethods': size=7424Kb used=3276Kb max_used=3355Kb free=4147Kb
 bounds [0x0000020952170000, 0x00000209524c0000, 0x00000209528b0000]
CodeCache: size=245760Kb, used=9378Kb, max_used=9457Kb, free=236380Kb
 total_blobs=3623, nmethods=3009, adapters=509, full_count=0
Compilation: enabled, stopped_count=0, restarted_count=0

Compilation events (20 events):
Event: 1.074 Thread 0x000002099f0be680 nmethod 2999 0x000002094b1e6c08 code [0x000002094b1e6d40, 0x000002094b1e6fd8]
Event: 1.074 Thread 0x000002099f0bc840 3000       3       org.junit.platform.commons.util.CollectionUtils::forEachInReverseOrder (72 bytes)
Event: 1.075 Thread 0x000002099f0bc840 nmethod 3000 0x000002094b1e7008 code [0x000002094b1e71e0, 0x000002094b1e7b28]
Event: 1.075 Thread 0x000002099f0be680 3001       3       java.lang.invoke.LambdaFormEditor$TransformKey::of (51 bytes)
Event: 1.075 Thread 0x000002099f0bc840 3002       3       java.lang.invoke.LambdaFormEditor$TransformKey::packedBytes (37 bytes)
Event: 1.075 Thread 0x000002099f0bc840 nmethod 3002 0x000002094b1e7b88 code [0x000002094b1e7ca0, 0x000002094b1e7db0]
Event: 1.075 Thread 0x000002099f0be680 nmethod 3001 0x000002094b1e7e88 code [0x000002094b1e8000, 0x000002094b1e84b8]
Event: 1.075 Thread 0x000002099f0bee10 3003       1       org.kgen.ir.BasicBlock::getLabel (5 bytes)
Event: 1.075 Thread 0x000002099f0bc840 3004       3       java.util.Arrays$ArrayItr::next (36 bytes)
Event: 1.075 Thread 0x000002099f0bee10 nmethod 3003 0x00000209529cae08 code [0x00000209529caf00, 0x00000209529cafc8]
Event: 1.075 Thread 0x000002099f0bfd30 3005       3       org.kgen.backend.x86.X86EncodingInfo::<init> (138 bytes)
Event: 1.075 Thread 0x000002099f0be680 3006       3       org.kgen.backend.x86.X86EncodingInfo::<init> (87 bytes)
Event: 1.075 Thread 0x000002099f0bee10 3007       3       org.kgen.backend.x86.asm.X86Assembler::encodeLegacy (1217 bytes)
Event: 1.075 Thread 0x000002099f0bc840 nmethod 3004 0x000002094b1e8508 code [0x000002094b1e8640, 0x000002094b1e8888]
Event: 1.076 Thread 0x000002099f0bc840 3008       3       kotlin.collections.CollectionsKt__CollectionsKt::emptyList (7 bytes)
Event: 1.076 Thread 0x000002099f0bc840 nmethod 3008 0x000002094b1e8908 code [0x000002094b1e8a20, 0x000002094b1e8b10]
Event: 1.076 Thread 0x000002099f0bfd30 nmethod 3005 0x000002094b1e8c08 code [0x000002094b1e8d40, 0x000002094b1e9178]
Event: 1.076 Thread 0x000002099f0bc840 3010       3       java.lang.invoke.LambdaForm$MH/0x000002095f165400::invoke (54 bytes)
Event: 1.076 Thread 0x000002099f0bfd30 3011       3       java.lang.runtime.ObjectMethods::hashCombiner (7 bytes)
Event: 1.076 Thread 0x000002099f0bfd30 nmethod 3011 0x000002094b1e9208 code [0x000002094b1e9320, 0x000002094b1e9418]

GC Heap History (2 events):
Event: 0.876 GC heap before
{Heap before GC invocations=0 (full 0):
 garbage-first heap   total reserved 524288K, committed 425984K, used 50288K [0x00000000e0000000, 0x0000000100000000)
  region size 1024K, 47 young (48128K), 0 survivors (0K)
 Metaspace       used 10591K, committed 10880K, reserved 1114112K
  class space    used 1065K, committed 1216K, reserved 1048576K
}
Event: 0.879 GC heap after
{Heap after GC invocations=1 (full 0):
 garbage-first heap   total reserved 524288K, committed 425984K, used 5898K [0x00000000e0000000, 0x0000000100000000)
  region size 1024K, 5 young (5120K), 5 survivors (5120K)
 Metaspace       used 10591K, committed 10880K, reserved 1114112K
  class space    used 1065K, committed 1216K, reserved 1048576K
}

Dll operation events (12 events):
Event: 0.006 Loaded shared library C:\Users\ziad\.jdks\azul-24.0.2\bin\java.dll
Event: 0.023 Loaded shared library C:\Users\ziad\.jdks\azul-24.0.2\bin\jsvml.dll
Event: 0.037 Loaded shared library C:\Users\ziad\.jdks\azul-24.0.2\bin\net.dll
Event: 0.038 Loaded shared library C:\Users\ziad\.jdks\azul-24.0.2\bin\nio.dll
Event: 0.041 Loaded shared library C:\Users\ziad\.jdks\azul-24.0.2\bin\zip.dll
Event: 0.081 Loaded shared library C:\Users\ziad\.jdks\azul-24.0.2\bin\verify.dll
Event: 0.084 Loaded shared library C:\Users\ziad\.jdks\azul-24.0.2\bin\jimage.dll
Event: 0.257 Loaded shared library C:\Users\ziad\.jdks\azul-24.0.2\bin\extnet.dll
Event: 0.323 Loaded shared library C:\Users\ziad\.jdks\azul-24.0.2\bin\sunmscapi.dll
Event: 0.942 Loaded shared library C:\Windows\System32\ucrtbase.dll
Event: 0.944 Loaded shared library C:\Users\ziad\.jdks\azul-24.0.2\bin\syslookup.dll
Event: 0.946 Loaded shared library kernel32

Deoptimization events (20 events):
Event: 0.947 Thread 0x000002093fe1f880 DEOPT PACKING pc=0x00000209528fd860 sp=0x00000092ca6fc100
Event: 0.947 Thread 0x000002093fe1f880 DEOPT UNPACKING pc=0x0000020952296302 sp=0x00000092ca6fc068 mode 2
Event: 0.948 Thread 0x000002093fe1f880 Uncommon trap: trap_request=0xffffff4d fr.pc=0x000002095290846c relative=0x00000000000000cc
Event: 0.948 Thread 0x000002093fe1f880 Uncommon trap: reason=unstable_if action=reinterpret pc=0x000002095290846c method=jdk.internal.classfile.impl.RawBytecodeHelper.next()Z @ 46 c2
Event: 0.948 Thread 0x000002093fe1f880 DEOPT PACKING pc=0x000002095290846c sp=0x00000092ca6fa770
Event: 0.948 Thread 0x000002093fe1f880 DEOPT UNPACKING pc=0x0000020952296302 sp=0x00000092ca6fa6f8 mode 2
Event: 0.948 Thread 0x000002093fe1f880 DEOPT PACKING pc=0x000002094af8dfbc sp=0x00000092ca6facf0
Event: 0.948 Thread 0x000002093fe1f880 DEOPT UNPACKING pc=0x00000209521c6642 sp=0x00000092ca6fa1e8 mode 0
Event: 0.978 Thread 0x000002093fe1f880 Uncommon trap: trap_request=0xffffffc6 fr.pc=0x00000209528fd860 relative=0x00000000000002a0
Event: 0.978 Thread 0x000002093fe1f880 Uncommon trap: reason=bimorphic_or_optimized_type_check action=maybe_recompile pc=0x00000209528fd860 method=java.util.HashMap.getNode(Ljava/lang/Object;)Ljava/util/HashMap$Node; @ 128 c2
Event: 0.978 Thread 0x000002093fe1f880 DEOPT PACKING pc=0x00000209528fd860 sp=0x00000092ca6fc100
Event: 0.978 Thread 0x000002093fe1f880 DEOPT UNPACKING pc=0x0000020952296302 sp=0x00000092ca6fc068 mode 2
Event: 0.993 Thread 0x000002093fe1f880 Uncommon trap: trap_request=0xffffffc6 fr.pc=0x00000209528fd860 relative=0x00000000000002a0
Event: 0.993 Thread 0x000002093fe1f880 Uncommon trap: reason=bimorphic_or_optimized_type_check action=maybe_recompile pc=0x00000209528fd860 method=java.util.HashMap.getNode(Ljava/lang/Object;)Ljava/util/HashMap$Node; @ 128 c2
Event: 0.993 Thread 0x000002093fe1f880 DEOPT PACKING pc=0x00000209528fd860 sp=0x00000092ca6fc1a0
Event: 0.993 Thread 0x000002093fe1f880 DEOPT UNPACKING pc=0x0000020952296302 sp=0x00000092ca6fc108 mode 2
Event: 0.993 Thread 0x000002093fe1f880 Uncommon trap: trap_request=0xffffffcc fr.pc=0x00000209529953f8 relative=0x00000000000003b8
Event: 0.993 Thread 0x000002093fe1f880 Uncommon trap: reason=intrinsic_or_type_checked_inlining action=make_not_entrant pc=0x00000209529953f8 method=java.util.Arrays.copyOf([Ljava/lang/Object;ILjava/lang/Class;)[Ljava/lang/Object; @ 35 c2
Event: 0.993 Thread 0x000002093fe1f880 DEOPT PACKING pc=0x00000209529953f8 sp=0x00000092ca6fae60
Event: 0.993 Thread 0x000002093fe1f880 DEOPT UNPACKING pc=0x0000020952296302 sp=0x00000092ca6fae08 mode 2

Classes loaded (20 events):
Event: 1.030 Loading class java/lang/foreign/MemoryLayout$PathElement
Event: 1.030 Loading class java/lang/foreign/MemoryLayout$PathElement done
Event: 1.030 Loading class jdk/internal/foreign/LayoutPath
Event: 1.030 Loading class jdk/internal/foreign/LayoutPath done
Event: 1.033 Loading class jdk/internal/foreign/Utils$1VarHandleCache
Event: 1.033 Loading class jdk/internal/foreign/Utils$1VarHandleCache done
Event: 1.033 Loading class java/lang/invoke/VarHandleSegmentAsBytes
Event: 1.033 Loading class java/lang/invoke/VarHandleSegmentViewBase
Event: 1.033 Loading class java/lang/invoke/VarHandleSegmentViewBase done
Event: 1.033 Loading class java/lang/invoke/VarHandleSegmentAsBytes done
Event: 1.033 Loading class java/lang/invoke/IndirectVarHandle
Event: 1.033 Loading class java/lang/invoke/IndirectVarHandle done
Event: 1.035 Loading class java/lang/invoke/BoundMethodHandle$Species_LLJ
Event: 1.035 Loading class java/lang/invoke/BoundMethodHandle$Species_LLJ done
Event: 1.036 Loading class java/lang/invoke/VarHandleSegmentAsLongs
Event: 1.036 Loading class java/lang/invoke/VarHandleSegmentAsLongs done
Event: 1.038 Loading class java/lang/invoke/VarHandleSegmentAsInts
Event: 1.038 Loading class java/lang/invoke/VarHandleSegmentAsInts done
Event: 1.066 Loading class java/lang/invoke/MethodHandleImpl$CountingWrapper$1
Event: 1.066 Loading class java/lang/invoke/MethodHandleImpl$CountingWrapper$1 done

Classes unloaded (0 events):
No events

Classes redefined (0 events):
No events

Internal exceptions (20 events):
Event: 1.019 Thread 0x000002093fe1f880 Exception <a 'java/lang/NoSuchMethodError'{0x00000000f9161098}: 'long java.lang.invoke.DelegatingMethodHandle$Holder.delegate(java.lang.Object, java.lang.Object)'> (0x00000000f9161098) 
thrown [s\src\hotspot\share\interpreter\linkResolver.cpp, line 805]
Event: 1.031 Thread 0x000002093fe1f880 Exception <a 'java/lang/NoSuchMethodError'{0x00000000f91be5f0}: 'long java.lang.invoke.DirectMethodHandle$Holder.invokeStaticInit(java.lang.Object, long, long, long, long)'> (0x00000000f91be5f0) 
thrown [s\src\hotspot\share\interpreter\linkResolver.cpp, line 805]
Event: 1.032 Thread 0x000002093fe1f880 Exception <a 'java/lang/NoSuchMethodError'{0x00000000f91c7018}: 'java.lang.Object java.lang.invoke.DirectMethodHandle$Holder.invokeInterface(java.lang.Object, java.lang.Object, long, long)'> (0x00000000f91c7018) 
thrown [s\src\hotspot\share\interpreter\linkResolver.cpp, line 805]
Event: 1.032 Thread 0x000002093fe1f880 Exception <a 'java/lang/NoSuchMethodError'{0x00000000f91cfcb8}: 'java.lang.Object java.lang.invoke.DirectMethodHandle$Holder.invokeInterface(java.lang.Object, java.lang.Object, long, java.lang.Object)'> (0x00000000f91cfcb8) 
thrown [s\src\hotspot\share\interpreter\linkResolver.cpp, line 805]
Event: 1.032 Thread 0x000002093fe1f880 Exception <a 'java/lang/NoSuchMethodError'{0x00000000f91e0420}: 'void java.lang.invoke.DirectMethodHandle$Holder.invokeStaticInit(java.lang.Object, java.lang.Object, long, java.lang.Object)'> (0x00000000f91e0420) 
thrown [s\src\hotspot\share\interpreter\linkResolver.cpp, line 805]
Event: 1.032 Thread 0x000002093fe1f880 Exception <a 'java/lang/NoSuchMethodError'{0x00000000f91e8d90}: 'long java.lang.invoke.DirectMethodHandle$Holder.invokeStatic(java.lang.Object, long, long)'> (0x00000000f91e8d90) 
thrown [s\src\hotspot\share\interpreter\linkResolver.cpp, line 805]
Event: 1.035 Thread 0x000002093fe1f880 Exception <a 'java/lang/NoSuchMethodError'{0x00000000f9024150}: 'void java.lang.invoke.DelegatingMethodHandle$Holder.reinvoke_L(java.lang.Object, java.lang.Object, java.lang.Object, java.lang.Object, long, long, int)'> (0x00000000f9024150) 
thrown [s\src\hotspot\share\interpreter\linkResolver.cpp, line 805]
Event: 1.036 Thread 0x000002093fe1f880 Exception <a 'java/lang/NoSuchMethodError'{0x00000000f90443e8}: 'java.lang.Object java.lang.invoke.DirectMethodHandle$Holder.invokeStatic(java.lang.Object, java.lang.Object, java.lang.Object, java.lang.Object, java.lang.Object, long)'> (0x00000000f90443e8) 
thrown [s\src\hotspot\share\interpreter\linkResolver.cpp, line 805]
Event: 1.037 Thread 0x000002093fe1f880 Exception <a 'java/lang/NoSuchMethodError'{0x00000000f9068570}: 'void java.lang.invoke.DelegatingMethodHandle$Holder.reinvoke_L(java.lang.Object, java.lang.Object, java.lang.Object, java.lang.Object, long, long, long)'> (0x00000000f9068570) 
thrown [s\src\hotspot\share\interpreter\linkResolver.cpp, line 805]
Event: 1.039 Thread 0x000002093fe1f880 Exception <a 'java/lang/NoSuchMethodError'{0x00000000f9096590}: 'long java.lang.invoke.DirectMethodHandle$Holder.invokeStaticInit(java.lang.Object, java.lang.Object, java.lang.Object)'> (0x00000000f9096590) 
thrown [s\src\hotspot\share\interpreter\linkResolver.cpp, line 805]
Event: 1.040 Thread 0x000002093fe1f880 Exception <a 'java/lang/NoSuchMethodError'{0x00000000f90a6d40}: 'long java.lang.invoke.DelegatingMethodHandle$Holder.reinvoke_L(java.lang.Object, java.lang.Object, java.lang.Object)'> (0x00000000f90a6d40) 
thrown [s\src\hotspot\share\interpreter\linkResolver.cpp, line 805]
Event: 1.043 Thread 0x000002093fe1f880 Exception <a 'java/lang/NoSuchMethodError'{0x00000000f90f95c8}: 'long java.lang.invoke.DelegatingMethodHandle$Holder.reinvoke_L(java.lang.Object, java.lang.Object, java.lang.Object, java.lang.Object, long, long)'> (0x00000000f90f95c8) 
thrown [s\src\hotspot\share\interpreter\linkResolver.cpp, line 805]
Event: 1.052 Thread 0x000002093fe1f880 Exception <a 'java/lang/NoSuchMethodError'{0x00000000f8f73fd0}: 'long java.lang.invoke.DirectMethodHandle$Holder.invokeStatic(java.lang.Object, java.lang.Object, java.lang.Object, long, long, long)'> (0x00000000f8f73fd0) 
thrown [s\src\hotspot\share\interpreter\linkResolver.cpp, line 805]
Event: 1.052 Thread 0x000002093fe1f880 Exception <a 'java/lang/NoSuchMethodError'{0x00000000f8f7c6f8}: 'long java.lang.invoke.DirectMethodHandle$Holder.invokeStaticInit(java.lang.Object, java.lang.Object, java.lang.Object, long, long, long)'> (0x00000000f8f7c6f8) 
thrown [s\src\hotspot\share\interpreter\linkResolver.cpp, line 805]
Event: 1.052 Thread 0x000002093fe1f880 Exception <a 'java/lang/NoSuchMethodError'{0x00000000f8f8eda0}: 'long java.lang.invoke.DelegatingMethodHandle$Holder.reinvoke_L(java.lang.Object, java.lang.Object, java.lang.Object, long, long, long)'> (0x00000000f8f8eda0) 
thrown [s\src\hotspot\share\interpreter\linkResolver.cpp, line 805]
Event: 1.056 Thread 0x000002093fe1f880 Exception <a 'java/lang/NoSuchMethodError'{0x00000000f8e05658}: 'long java.lang.invoke.DirectMethodHandle$Holder.invokeStatic(java.lang.Object, java.lang.Object, java.lang.Object, long, long)'> (0x00000000f8e05658) 
thrown [s\src\hotspot\share\interpreter\linkResolver.cpp, line 805]
Event: 1.056 Thread 0x000002093fe1f880 Exception <a 'java/lang/NoSuchMethodError'{0x00000000f8e0dd58}: 'long java.lang.invoke.DirectMethodHandle$Holder.invokeStaticInit(java.lang.Object, java.lang.Object, java.lang.Object, long, long)'> (0x00000000f8e0dd58) 
thrown [s\src\hotspot\share\interpreter\linkResolver.cpp, line 805]
Event: 1.056 Thread 0x000002093fe1f880 Exception <a 'java/lang/NoSuchMethodError'{0x00000000f8e168f8}: 'long java.lang.invoke.DirectMethodHandle$Holder.invokeSpecial(java.lang.Object, java.lang.Object, java.lang.Object, java.lang.Object, long, long)'> (0x00000000f8e168f8) 
thrown [s\src\hotspot\share\interpreter\linkResolver.cpp, line 805]
Event: 1.057 Thread 0x000002093fe1f880 Exception <a 'java/lang/NoSuchMethodError'{0x00000000f8e1f000}: 'long java.lang.invoke.DelegatingMethodHandle$Holder.reinvoke_L(java.lang.Object, java.lang.Object, java.lang.Object, long, long)'> (0x00000000f8e1f000) 
thrown [s\src\hotspot\share\interpreter\linkResolver.cpp, line 805]
Event: 1.057 Thread 0x000002093fe1f880 Exception <a 'java/lang/NoSuchMethodError'{0x00000000f8e48c28}: 'java.lang.Object java.lang.invoke.Invokers$Holder.invoke_MT(java.lang.Object, long, long, java.lang.Object)'> (0x00000000f8e48c28) 
thrown [s\src\hotspot\share\interpreter\linkResolver.cpp, line 805]

VM Operations (20 events):
Event: 1.054 Executing VM operation: HandshakeAllThreads (CloseScopedMemory)
Event: 1.054 Executing VM operation: HandshakeAllThreads (CloseScopedMemory) done
Event: 1.058 Executing VM operation: HandshakeAllThreads (CloseScopedMemory)
Event: 1.058 Executing VM operation: HandshakeAllThreads (CloseScopedMemory) done
Event: 1.060 Executing VM operation: HandshakeAllThreads (CloseScopedMemory)
Event: 1.060 Executing VM operation: HandshakeAllThreads (CloseScopedMemory) done
Event: 1.063 Executing VM operation: HandshakeAllThreads (CloseScopedMemory)
Event: 1.063 Executing VM operation: HandshakeAllThreads (CloseScopedMemory) done
Event: 1.064 Executing VM operation: HandshakeAllThreads (CloseScopedMemory)
Event: 1.064 Executing VM operation: HandshakeAllThreads (CloseScopedMemory) done
Event: 1.067 Executing VM operation: HandshakeAllThreads (CloseScopedMemory)
Event: 1.067 Executing VM operation: HandshakeAllThreads (CloseScopedMemory) done
Event: 1.070 Executing VM operation: HandshakeAllThreads (CloseScopedMemory)
Event: 1.070 Executing VM operation: HandshakeAllThreads (CloseScopedMemory) done
Event: 1.071 Executing VM operation: HandshakeAllThreads (CloseScopedMemory)
Event: 1.071 Executing VM operation: HandshakeAllThreads (CloseScopedMemory) done
Event: 1.073 Executing VM operation: HandshakeAllThreads (CloseScopedMemory)
Event: 1.073 Executing VM operation: HandshakeAllThreads (CloseScopedMemory) done
Event: 1.074 Executing VM operation: HandshakeAllThreads (CloseScopedMemory)
Event: 1.074 Executing VM operation: HandshakeAllThreads (CloseScopedMemory) done

Memory protections (0 events):
No events

Nmethod flushes (0 events):
No events

Events (20 events):
Event: 0.022 Thread 0x000002093fe1f880 Thread added: 0x000002099f092570
Event: 0.022 Thread 0x000002093fe1f880 Thread added: 0x000002099f095570
Event: 0.022 Thread 0x000002093fe1f880 Thread added: 0x000002099f093670
Event: 0.022 Thread 0x000002093fe1f880 Thread added: 0x000002099f094920
Event: 0.022 Thread 0x000002093fe1f880 Thread added: 0x000002099f0a9f00
Event: 0.022 Thread 0x000002093fe1f880 Thread added: 0x000002099f0bfd30
Event: 0.031 Thread 0x000002099f0a9f00 Thread added: 0x000002099f0bee10
Event: 0.032 Thread 0x000002099f0bfd30 Thread added: 0x000002099f0be680
Event: 0.034 Thread 0x000002093fe1f880 Thread added: 0x000002099f22fbc0
Event: 0.035 Thread 0x000002093fe1f880 Thread added: 0x000002099f234b20
Event: 0.069 Thread 0x000002099f0be680 Thread added: 0x000002099f0bf5a0
Event: 0.239 Thread 0x000002099f0be680 Thread added: 0x000002099f0bc840
Event: 0.299 Thread 0x000002093fe1f880 Thread added: 0x000002099fd1a6c0
Event: 0.347 Thread 0x000002093fe1f880 Thread added: 0x00000209a40f6e70
Event: 0.348 Thread 0x000002093fe1f880 Thread added: 0x00000209a40f75b0
Event: 0.531 Thread 0x000002099f0bee10 Thread added: 0x000002099f0bcfd0
Event: 0.536 Thread 0x000002099f0bcfd0 Thread added: 0x000002099f0bdef0
Event: 0.537 Thread 0x000002099f0bc840 Thread added: 0x00000209a4250bf0
Event: 0.542 Thread 0x000002099f0bc840 Thread added: 0x00000209a4252a30
Event: 0.544 Thread 0x000002099f0bfd30 Thread added: 0x00000209a424f540


Dynamic libraries:
0x00007ff6eef40000 - 0x00007ff6eef4e000 	C:\Users\ziad\.jdks\azul-24.0.2\bin\java.exe
0x00007ffc42620000 - 0x00007ffc42883000 	C:\windows\SYSTEM32\ntdll.dll
0x00007ffc420b0000 - 0x00007ffc42177000 	C:\windows\System32\KERNEL32.DLL
0x00007ffc3fbf0000 - 0x00007ffc3ffb9000 	C:\windows\System32\KERNELBASE.dll
0x00007ffc3f960000 - 0x00007ffc3faac000 	C:\windows\System32\ucrtbase.dll
0x00007ffc23480000 - 0x00007ffc23496000 	C:\Users\ziad\.jdks\azul-24.0.2\bin\jli.dll
0x00007ffc20340000 - 0x00007ffc2035e000 	C:\Users\ziad\.jdks\azul-24.0.2\bin\VCRUNTIME140.dll
0x00007ffc40bc0000 - 0x00007ffc40d8a000 	C:\windows\System32\USER32.dll
0x00007ffc402b0000 - 0x00007ffc402d7000 	C:\windows\System32\win32u.dll
0x00007ffc1e680000 - 0x00007ffc1e910000 	C:\windows\WinSxS\amd64_microsoft.windows.common-controls_6595b64144ccf1df_6.0.26100.3323_none_3e088096e3344490\COMCTL32.dll
0x00007ffc42080000 - 0x00007ffc420aa000 	C:\windows\System32\GDI32.dll
0x00007ffc3fab0000 - 0x00007ffc3fbe1000 	C:\windows\System32\gdi32full.dll
0x00007ffc42230000 - 0x00007ffc422d9000 	C:\windows\System32\msvcrt.dll
0x00007ffc3f8b0000 - 0x00007ffc3f953000 	C:\windows\System32\msvcp_win.dll
0x00007ffc41840000 - 0x00007ffc4186f000 	C:\windows\System32\IMM32.DLL
0x00007ffc34290000 - 0x00007ffc3429c000 	C:\Users\ziad\.jdks\azul-24.0.2\bin\vcruntime140_1.dll
0x00007ffbd5510000 - 0x00007ffbd559d000 	C:\Users\ziad\.jdks\azul-24.0.2\bin\msvcp140.dll
0x00007ffb520a0000 - 0x00007ffb52f1c000 	C:\Users\ziad\.jdks\azul-24.0.2\bin\server\jvm.dll
0x00007ffc42520000 - 0x00007ffc425d2000 	C:\windows\System32\ADVAPI32.dll
0x00007ffc41fd0000 - 0x00007ffc42076000 	C:\windows\System32\sechost.dll
0x00007ffc42400000 - 0x00007ffc42516000 	C:\windows\System32\RPCRT4.dll
0x00007ffc41b60000 - 0x00007ffc41bd4000 	C:\windows\System32\WS2_32.dll
0x00007ffc3e470000 - 0x00007ffc3e4be000 	C:\windows\SYSTEM32\POWRPROF.dll
0x00007ffc34450000 - 0x00007ffc34486000 	C:\windows\SYSTEM32\WINMM.dll
0x00007ffc2e2b0000 - 0x00007ffc2e2bb000 	C:\windows\SYSTEM32\VERSION.dll
0x00007ffc3e450000 - 0x00007ffc3e464000 	C:\windows\SYSTEM32\UMPDC.dll
0x00007ffc3e710000 - 0x00007ffc3e72a000 	C:\windows\SYSTEM32\kernel.appcore.dll
0x00007ffc20330000 - 0x00007ffc2033a000 	C:\Users\ziad\.jdks\azul-24.0.2\bin\jimage.dll
0x00007ffc31e80000 - 0x00007ffc320c1000 	C:\windows\SYSTEM32\DBGHELP.DLL
0x00007ffc40ea0000 - 0x00007ffc41222000 	C:\windows\System32\combase.dll
0x00007ffc41a80000 - 0x00007ffc41b56000 	C:\windows\System32\OLEAUT32.dll
0x00007ffc1df00000 - 0x00007ffc1df39000 	C:\windows\SYSTEM32\dbgcore.DLL
0x00007ffc402e0000 - 0x00007ffc40379000 	C:\windows\System32\bcryptPrimitives.dll
0x00007ffc20310000 - 0x00007ffc2032e000 	C:\Users\ziad\.jdks\azul-24.0.2\bin\java.dll
0x00007ffc41e10000 - 0x00007ffc41fa5000 	C:\windows\System32\ole32.dll
0x00007ffc40440000 - 0x00007ffc40b55000 	C:\windows\System32\SHELL32.dll
0x00007ffc3ffc0000 - 0x00007ffc40128000 	C:\windows\System32\wintypes.dll
0x00007ffc3d4c0000 - 0x00007ffc3dd05000 	C:\windows\SYSTEM32\windows.storage.dll
0x00007ffc42310000 - 0x00007ffc423fb000 	C:\windows\System32\SHCORE.dll
0x00007ffc41920000 - 0x00007ffc4197d000 	C:\windows\System32\shlwapi.dll
0x00007ffc3f730000 - 0x00007ffc3f75f000 	C:\windows\SYSTEM32\profapi.dll
0x00007ffbcee00000 - 0x00007ffbceed7000 	C:\Users\ziad\.jdks\azul-24.0.2\bin\jsvml.dll
0x00007ffc20300000 - 0x00007ffc20310000 	C:\Users\ziad\.jdks\azul-24.0.2\bin\net.dll
0x00007ffc3ec10000 - 0x00007ffc3ec7a000 	C:\windows\system32\mswsock.dll
0x00007ffbddfe0000 - 0x00007ffbddff6000 	C:\Users\ziad\.jdks\azul-24.0.2\bin\nio.dll
0x00007ffbddfc0000 - 0x00007ffbddfd7000 	C:\Users\ziad\.jdks\azul-24.0.2\bin\zip.dll
0x00007ffc20040000 - 0x00007ffc20050000 	C:\Users\ziad\.jdks\azul-24.0.2\bin\verify.dll
0x00007ffbf7c80000 - 0x00007ffbf7c89000 	C:\Users\ziad\.jdks\azul-24.0.2\bin\extnet.dll
0x00007ffbf63a0000 - 0x00007ffbf63ae000 	C:\Users\ziad\.jdks\azul-24.0.2\bin\sunmscapi.dll
0x00007ffc40130000 - 0x00007ffc402a7000 	C:\windows\System32\CRYPT32.dll
0x00007ffc3f110000 - 0x00007ffc3f140000 	C:\windows\SYSTEM32\ncrypt.dll
0x00007ffc3f0c0000 - 0x00007ffc3f0ff000 	C:\windows\SYSTEM32\NTASN1.dll
0x00007ffc300c0000 - 0x00007ffc300c8000 	C:\windows\system32\wshunix.dll
0x00007ffc3efc0000 - 0x00007ffc3efdc000 	C:\windows\SYSTEM32\CRYPTSP.dll
0x00007ffc3e670000 - 0x00007ffc3e6aa000 	C:\windows\system32\rsaenh.dll
0x00007ffc3ecb0000 - 0x00007ffc3ecdb000 	C:\windows\SYSTEM32\USERENV.dll
0x00007ffc3f150000 - 0x00007ffc3f176000 	C:\windows\SYSTEM32\bcrypt.dll
0x00007ffc3ee40000 - 0x00007ffc3ee4c000 	C:\windows\SYSTEM32\CRYPTBASE.dll
0x00007ffc3e0e0000 - 0x00007ffc3e113000 	C:\windows\SYSTEM32\IPHLPAPI.DLL
0x00007ffc40e90000 - 0x00007ffc40e9a000 	C:\windows\System32\NSI.dll
0x00007ffbf2110000 - 0x00007ffbf2119000 	C:\Users\ziad\.jdks\azul-24.0.2\bin\syslookup.dll

JVMTI agents: none

dbghelp: loaded successfully - version: 4.0.5 - missing functions: none
symbol engine: initialized successfully - sym options: 0x614 - pdb path: .;C:\Users\ziad\.jdks\azul-24.0.2\bin;C:\windows\SYSTEM32;C:\windows\WinSxS\amd64_microsoft.windows.common-controls_6595b64144ccf1df_6.0.26100.3323_none_3e088096e3344490;C:\Users\ziad\.jdks\azul-24.0.2\bin\server

VM Arguments:
jvm_args: -Dorg.gradle.internal.worker.tmpdir=C:\src\kgen\examples\lang\build\tmp\test\work --enable-native-access=ALL-UNNAMED -Xmx512m -Dfile.encoding=UTF-8 -Duser.country=US -Duser.language=en -Duser.variant -ea 
java_command: worker.org.gradle.process.internal.worker.GradleWorkerMain 'Gradle Test Executor 1'
java_class_path (initial): C:\\Users\\ziad\\.gradle\\caches\\8.14.1\\workerMain\\gradle-worker.jar;C:\\src\\kgen\\examples\\lang\\build\\classes\\kotlin\\test;C:\\src\\kgen\\examples\\lang\\build\\classes\\kotlin\\main;C:\\src\\kgen\\kgen\\build\\libs\\kgen-0.1.0-SNAPSHOT.jar;C:\\Users\\ziad\\.gradle\\caches\\modules-2\\files-2.1\\org.jetbrains.kotlin\\kotlin-test-junit5\\2.1.10\\fc0a18dd6972c35268f29fa357fc2a30c11728b6\\kotlin-test-junit5-2.1.10.jar;C:\\Users\\ziad\\.gradle\\caches\\modules-2\\files-2.1\\org.jetbrains.kotlin\\kotlin-test\\2.1.10\\9a70f7e2e364080626a4f9ec7256290dee15fd5\\kotlin-test-2.1.10.jar;C:\\Users\\ziad\\.gradle\\caches\\modules-2\\files-2.1\\org.jetbrains.kotlin\\kotlin-stdlib\\2.1.10\\d3028429e7151d7a7c1a0d63a4f60eac86a87b91\\kotlin-stdlib-2.1.10.jar;C:\\Users\\ziad\\.gradle\\caches\\modules-2\\files-2.1\\org.jetbrains\\annotations\\13.0\\919f0dfe192fb4e063e7dacadee7f8bb9a2672a9\\annotations-13.0.jar;C:\\Users\\ziad\\.gradle\\caches\\modules-2\\files-2.1\\org.junit.platform\\junit-platform-launcher\\1.10.1\\ce85bf5e38bee0989ded9bd468dd4ff78dc0cfa8\\junit-platform-launcher-1.10.1.jar;C:\\Users\\ziad\\.gradle\\caches\\modules-2\\files-2.1\\org.junit.platform\\junit-platform-engine\\1.10.1\\f32ae4af74fde68414b8a3d2b7cf1fb43824a83a\\junit-platform-engine-1.10.1.jar;C:\\Users\\ziad\\.gradle\\caches\\modules-2\\files-2.1\\org.junit.jupiter\\junit-jupiter-api\\5.10.1\\eb90c7d8bfaae8fdc97b225733fcb595ddd72843\\junit-jupiter-api-5.10.1.jar;C:\\Users\\ziad\\.gradle\\caches\\modules-2\\files-2.1\\org.junit.platform\\junit-platform-commons\\1.10.1\\2bfcd4a4e38b10c671b6916d7e543c20afe25579\\junit-platform-commons-1.10.1.jar;C:\\Users\\ziad\\.gradle\\caches\\modules-2\\files-2.1\\org.junit.jupiter\\junit-jupiter-engine\\5.10.1\\6c9ff773f9aa842b91d1f2fe4658973252ce2428\\junit-jupiter-engine-5.10.1.jar;C:\\Users\\ziad\\.gradle\\caches\\modules-2\\files-2.1\\org.opentest4j\\opentest4j\\1.3.0\\152ea56b3a72f655d4fd677fc0ef2596c3dd5e6e\\opentest4j-1.3.0.jar
Launcher Type: SUN_STANDARD

[Global flags]
     intx CICompilerCount                          = 12                                        {product} {ergonomic}
     uint ConcGCThreads                            = 3                                         {product} {ergonomic}
     uint G1ConcRefinementThreads                  = 13                                        {product} {ergonomic}
   size_t G1HeapRegionSize                         = 1048576                                   {product} {ergonomic}
   size_t InitialHeapSize                          = 434110464                                 {product} {ergonomic}
   size_t MarkStackSize                            = 4194304                                   {product} {ergonomic}
   size_t MarkStackSizeMax                         = 536870912                                 {product} {ergonomic}
   size_t MaxHeapSize                              = 536870912                                 {product} {command line}
   size_t MaxNewSize                               = 321912832                                 {product} {ergonomic}
   size_t MinHeapDeltaBytes                        = 1048576                                   {product} {ergonomic}
   size_t MinHeapSize                              = 8388608                                   {product} {ergonomic}
    uintx NonNMethodCodeHeapSize                   = 7602176                                {pd product} {ergonomic}
    uintx NonProfiledCodeHeapSize                  = 122093568                              {pd product} {ergonomic}
    uintx ProfiledCodeHeapSize                     = 121962496                              {pd product} {ergonomic}
    uintx ReservedCodeCacheSize                    = 251658240                              {pd product} {ergonomic}
     bool SegmentedCodeCache                       = true                                      {product} {ergonomic}
   size_t SoftMaxHeapSize                          = 536870912                              {manageable} {ergonomic}
     bool UseCompressedOops                        = true                           {product lp64_product} {ergonomic}
     bool UseG1GC                                  = true                                      {product} {ergonomic}
     bool UseLargePagesIndividualAllocation        = false                                  {pd product} {ergonomic}

Logging:
Log output configuration:
 #0: stdout all=warning uptime,level,tags foldmultilines=false
 #1: stderr all=off uptime,level,tags foldmultilines=false

Environment Variables:
JAVA_HOME=C:\Users\ziad\.jdks\azul-24.0.2
PATH=C:\windows\system32;C:\windows;C:\windows\System32\Wbem;C:\windows\System32\WindowsPowerShell\v1.0\;C:\windows\System32\OpenSSH\;C:\Program Files\Microsoft SQL Server\150\Tools\Binn\;C:\Program Files\Microsoft SQL Server\Client SDK\ODBC\170\Tools\Binn\;C:\Program Files\dotnet\;C:\Program Files\Microsoft SQL Server\170\Tools\Binn\;C:\Users\ziad\AppData\Local\Microsoft\WindowsApps;C:\Users\ziad\AppData\Local\Programs\Microsoft VS Code\bin;C:\Users\ziad\.dotnet\tools
USERNAME=ziad
OS=Windows_NT
PROCESSOR_IDENTIFIER=AMD64 Family 25 Model 116 Stepping 1, AuthenticAMD
TMP=C:\Users\ziad\AppData\Local\Temp
TEMP=C:\Users\ziad\AppData\Local\Temp




Periodic native trim disabled

---------------  S Y S T E M  ---------------

OS:
 Windows 11 , 64 bit Build 26100 (10.0.26100.3323)
OS uptime: 10 days 14:46 hours
Hyper-V role detected

CPU: total 16 (initial active 16) (16 cores per cpu, 2 threads per core) family 25 model 116 stepping 1 microcode 0xa704107, cx8, cmov, fxsr, ht, mmx, 3dnowpref, sse, sse2, sse3, ssse3, sse4a, sse4.1, sse4.2, popcnt, lzcnt, tsc, tscinvbit, avx, avx2, aes, erms, clmul, bmi1, bmi2, adx, avx512f, avx512dq, avx512cd, avx512bw, avx512vl, sha, fma, vzeroupper, avx512_vpopcntdq, avx512_vpclmulqdq, avx512_vaes, avx512_vnni, clflush, clflushopt, avx512_vbmi2, avx512_vbmi, hv, rdtscp, rdpid, fsrm, gfni, avx512_bitalg, f16c, cet_ss, avx512_ifma
Processor Information for the first 16 processors :
  Max Mhz: 3801, Current Mhz: 3801, Mhz Limit: 3801

Memory: 4k page, system-wide physical 26421M (7742M free)
TotalPageFile size 38264M (AvailPageFile size 4911M)
current process WorkingSet (physical memory assigned to process): 203M, peak: 209M
current process commit charge ("private bytes"): 622M, peak: 638M

vm_info: OpenJDK 64-Bit Server VM (24.0.2+12) for windows-amd64 JRE (24.0.2+12) (Zulu24.32+13-CA), built on 2025-07-11T12:45:44Z with MS VC++ 17.1 (VS2022)

END.
