#
# A fatal error has been detected by the Java Runtime Environment:
#
#  EXCEPTION_INT_DIVIDE_BY_ZERO (0xc0000094) at pc=0x000002283d6c0009, pid=4872, tid=23120
#
# JRE version: OpenJDK Runtime Environment Zulu24.32+13-CA (24.0.2+12) (build 24.0.2+12)
# Java VM: OpenJDK 64-Bit Server VM Zulu24.32+13-CA (24.0.2+12, mixed mode, sharing, tiered, compressed oops, compressed class ptrs, g1 gc, windows-amd64)
# Problematic frame:
# C  0x000002283d6c0009
#
# No core dump will be written. Minidumps are not enabled by default on client versions of Windows
#
# If you would like to submit a bug report, please visit:
#   http://www.azul.com/support/
# The crash happened outside the Java Virtual Machine in native code.
# See problematic frame for where to report the bug.
#

---------------  S U M M A R Y ------------

Command Line: -Dorg.gradle.internal.worker.tmpdir=C:\src\kgen\examples\lang\build\tmp\test\work --enable-native-access=ALL-UNNAMED -Xmx512m -Dfile.encoding=UTF-8 -Duser.country=US -Duser.language=en -Duser.variant -ea worker.org.gradle.process.internal.worker.GradleWorkerMain 'Gradle Test Executor 1'

Host: AMD Ryzen 7 7840HS w/ Radeon 780M Graphics     , 16 cores, 25G,  Windows 11 , 64 bit Build 26100 (10.0.26100.3323)
Time: Sat Mar  7 12:56:37 2026 Pacific Standard Time elapsed time: 1.143860 seconds (0d 0h 0m 1s)

---------------  T H R E A D  ---------------

Current thread (0x000002283b2e4450):  JavaThread "Test worker"        [_thread_in_native, id=23120, stack(0x00000099b2600000,0x00000099b2700000) (1024K)]

Stack: [0x00000099b2600000,0x00000099b2700000],  sp=0x00000099b26fbfb0,  free space=1007k
Native frames: (J=compiled Java code, j=interpreted, Vv=VM code, C=native code)
C  0x000002283d6c0009  (no source info available)

Java frames: (J=compiled Java code, j=interpreted, Vv=VM code)
v  ~RuntimeStub::nep_invoker_blob 0x000002284d9d8768
j  java.lang.invoke.LambdaForm$MH+0x000002285b198400.invoke(Ljava/lang/Object;JJJ)J+12 java.base@24.0.2
j  java.lang.invoke.LambdaForm$MH+0x000002285b18f000.invokeExact_MT(Ljava/lang/Object;JJJLjava/lang/Object;)J+23 java.base@24.0.2
j  jdk.internal.foreign.abi.DowncallStub+0x000002285b198800.invoke(Ljava/lang/foreign/SegmentAllocator;Ljava/lang/foreign/MemorySegment;JJ)J+52 java.base@24.0.2
j  java.lang.invoke.LambdaForm$DMH+0x000002285b198c00.invokeStatic(Ljava/lang/Object;Ljava/lang/Object;Ljava/lang/Object;JJ)J+16 java.base@24.0.2
j  java.lang.invoke.LambdaForm$MH+0x000002285b19b000.invoke(Ljava/lang/Object;JJ)Ljava/lang/Object;+50 java.base@24.0.2
j  java.lang.invoke.LambdaForm$MH+0x000002285b19ac00.invoke_MT(Ljava/lang/Object;JJLjava/lang/Object;)Ljava/lang/Object;+23 java.base@24.0.2
j  org.kgen.jit.JitEngine$Companion.invokeHandle(Ljava/lang/invoke/MethodHandle;[J)Ljava/lang/Object;+68
j  org.kgen.jit.JitEngine$Companion.access$invokeHandle(Lorg/kgen/jit/JitEngine$Companion;Ljava/lang/invoke/MethodHandle;[J)Ljava/lang/Object;+3
j  org.kgen.jit.JitEngine.call(Ljava/lang/String;[J)J+88
j  org.kgen.examples.lang.JitRunner.run(Ljava/lang/String;Ljava/lang/String;[J)J+35
j  org.kgen.examples.lang.JitRunnerTest.divisionTruncates()V+53
j  java.lang.invoke.DirectMethodHandle$Holder.invokeSpecial(Ljava/lang/Object;Ljava/lang/Object;)V+10 java.base@24.0.2
j  java.lang.invoke.LambdaForm$MH+0x000002285b089000.invoke(Ljava/lang/Object;Ljava/lang/Object;)Ljava/lang/Object;+31 java.base@24.0.2
J 1732 c1 java.lang.invoke.Invokers$Holder.invokeExact_MT(Ljava/lang/Object;Ljava/lang/Object;Ljava/lang/Object;)Ljava/lang/Object; java.base@24.0.2 (23 bytes) @ 0x0000022846502cdc [0x0000022846502700+0x00000000000005dc]
j  jdk.internal.reflect.DirectMethodHandleAccessor.invokeImpl(Ljava/lang/Object;[Ljava/lang/Object;)Ljava/lang/Object;+41 java.base@24.0.2
j  jdk.internal.reflect.DirectMethodHandleAccessor.invoke(Ljava/lang/Object;[Ljava/lang/Object;)Ljava/lang/Object;+23 java.base@24.0.2
j  java.lang.reflect.Method.invoke(Ljava/lang/Object;[Ljava/lang/Object;)Ljava/lang/Object;+102 java.base@24.0.2
j  org.junit.platform.commons.util.ReflectionUtils.invokeMethod(Ljava/lang/reflect/Method;Ljava/lang/Object;[Ljava/lang/Object;)Ljava/lang/Object;+42
j  org.junit.jupiter.engine.execution.MethodInvocation.proceed()Ljava/lang/Object;+16
j  org.junit.jupiter.engine.execution.InvocationInterceptorChain$ValidatingInvocation.proceed()Ljava/lang/Object;+8
j  org.junit.jupiter.engine.extension.TimeoutExtension.intercept(Lorg/junit/jupiter/api/extension/InvocationInterceptor$Invocation;Lorg/junit/jupiter/api/extension/ReflectiveInvocationContext;Lorg/junit/jupiter/api/extension/ExtensionContext;Lorg/junit/jupiter/engine/extension/TimeoutDuration;Lorg/junit/jupiter/engine/extension/TimeoutExtension$TimeoutProvider;)Ljava/lang/Object;+28
j  org.junit.jupiter.engine.extension.TimeoutExtension.interceptTestableMethod(Lorg/junit/jupiter/api/extension/InvocationInterceptor$Invocation;Lorg/junit/jupiter/api/extension/ReflectiveInvocationContext;Lorg/junit/jupiter/api/extension/ExtensionContext;Lorg/junit/jupiter/engine/extension/TimeoutExtension$TimeoutProvider;)Ljava/lang/Object;+31
j  org.junit.jupiter.engine.extension.TimeoutExtension.interceptTestMethod(Lorg/junit/jupiter/api/extension/InvocationInterceptor$Invocation;Lorg/junit/jupiter/api/extension/ReflectiveInvocationContext;Lorg/junit/jupiter/api/extension/ExtensionContext;)V+9
j  org.junit.jupiter.engine.descriptor.TestMethodTestDescriptor$$Lambda+0x000002285b0bd488.apply(Lorg/junit/jupiter/api/extension/InvocationInterceptor;Lorg/junit/jupiter/api/extension/InvocationInterceptor$Invocation;Lorg/junit/jupiter/api/extension/ReflectiveInvocationContext;Lorg/junit/jupiter/api/extension/ExtensionContext;)V+5
j  org.junit.jupiter.engine.execution.InterceptingExecutableInvoker$ReflectiveInterceptorCall.lambda$ofVoidMethod$0(Lorg/junit/jupiter/engine/execution/InterceptingExecutableInvoker$ReflectiveInterceptorCall$VoidMethodInterceptorCall;Lorg/junit/jupiter/api/extension/InvocationInterceptor;Lorg/junit/jupiter/api/extension/InvocationInterceptor$Invocation;Lorg/junit/jupiter/api/extension/ReflectiveInvocationContext;Lorg/junit/jupiter/api/extension/ExtensionContext;)Ljava/lang/Void;+6
j  org.junit.jupiter.engine.execution.InterceptingExecutableInvoker$ReflectiveInterceptorCall$$Lambda+0x000002285b0bd6b8.apply(Lorg/junit/jupiter/api/extension/InvocationInterceptor;Lorg/junit/jupiter/api/extension/InvocationInterceptor$Invocation;Lorg/junit/jupiter/api/extension/ReflectiveInvocationContext;Lorg/junit/jupiter/api/extension/ExtensionContext;)Ljava/lang/Object;+9
j  org.junit.jupiter.engine.execution.InterceptingExecutableInvoker.lambda$invoke$0(Lorg/junit/jupiter/engine/execution/InterceptingExecutableInvoker$ReflectiveInterceptorCall;Lorg/junit/jupiter/api/extension/ReflectiveInvocationContext;Lorg/junit/jupiter/api/extension/ExtensionContext;Lorg/junit/jupiter/api/extension/InvocationInterceptor;Lorg/junit/jupiter/api/extension/InvocationInterceptor$Invocation;)Ljava/lang/Object;+6
j  org.junit.jupiter.engine.execution.InterceptingExecutableInvoker$$Lambda+0x000002285b127878.apply(Lorg/junit/jupiter/api/extension/InvocationInterceptor;Lorg/junit/jupiter/api/extension/InvocationInterceptor$Invocation;)Ljava/lang/Object;+14
j  org.junit.jupiter.engine.execution.InvocationInterceptorChain$InterceptedInvocation.proceed()Ljava/lang/Object;+12
j  org.junit.jupiter.engine.execution.InvocationInterceptorChain.proceed(Lorg/junit/jupiter/api/extension/InvocationInterceptor$Invocation;)Ljava/lang/Object;+1
j  org.junit.jupiter.engine.execution.InvocationInterceptorChain.chainAndInvoke(Lorg/junit/jupiter/api/extension/InvocationInterceptor$Invocation;Lorg/junit/jupiter/engine/execution/InvocationInterceptorChain$InterceptorCall;Ljava/util/List;)Ljava/lang/Object;+24
j  org.junit.jupiter.engine.execution.InvocationInterceptorChain.invoke(Lorg/junit/jupiter/api/extension/InvocationInterceptor$Invocation;Lorg/junit/jupiter/engine/extension/ExtensionRegistry;Lorg/junit/jupiter/engine/execution/InvocationInterceptorChain$InterceptorCall;)Ljava/lang/Object;+31
j  org.junit.jupiter.engine.execution.InterceptingExecutableInvoker.invoke(Lorg/junit/jupiter/api/extension/InvocationInterceptor$Invocation;Lorg/junit/jupiter/api/extension/ReflectiveInvocationContext;Lorg/junit/jupiter/api/extension/ExtensionContext;Lorg/junit/jupiter/engine/extension/ExtensionRegistry;Lorg/junit/jupiter/engine/execution/InterceptingExecutableInvoker$ReflectiveInterceptorCall;)Ljava/lang/Object;+15
j  org.junit.jupiter.engine.execution.InterceptingExecutableInvoker.invoke(Ljava/lang/reflect/Method;Ljava/lang/Object;Lorg/junit/jupiter/api/extension/ExtensionContext;Lorg/junit/jupiter/engine/extension/ExtensionRegistry;Lorg/junit/jupiter/engine/execution/InterceptingExecutableInvoker$ReflectiveInterceptorCall;)Ljava/lang/Object;+55
j  org.junit.jupiter.engine.descriptor.TestMethodTestDescriptor.lambda$invokeTestMethod$7(Lorg/junit/jupiter/api/extension/ExtensionContext;Lorg/junit/jupiter/engine/execution/JupiterEngineExecutionContext;)V+28
j  org.junit.jupiter.engine.descriptor.TestMethodTestDescriptor$$Lambda+0x000002285b129920.execute()V+12
J 2507 c1 org.junit.platform.engine.support.hierarchical.ThrowableCollector.execute(Lorg/junit/platform/engine/support/hierarchical/ThrowableCollector$Executable;)V (20 bytes) @ 0x00000228466639f4 [0x00000228466638e0+0x0000000000000114]
j  org.junit.jupiter.engine.descriptor.TestMethodTestDescriptor.invokeTestMethod(Lorg/junit/jupiter/engine/execution/JupiterEngineExecutionContext;Lorg/junit/platform/engine/support/hierarchical/Node$DynamicTestExecutor;)V+21
j  org.junit.jupiter.engine.descriptor.TestMethodTestDescriptor.execute(Lorg/junit/jupiter/engine/execution/JupiterEngineExecutionContext;Lorg/junit/platform/engine/support/hierarchical/Node$DynamicTestExecutor;)Lorg/junit/jupiter/engine/execution/JupiterEngineExecutionContext;+44
j  org.junit.jupiter.engine.descriptor.TestMethodTestDescriptor.execute(Lorg/junit/platform/engine/support/hierarchical/EngineExecutionContext;Lorg/junit/platform/engine/support/hierarchical/Node$DynamicTestExecutor;)Lorg/junit/platform/engine/support/hierarchical/EngineExecutionContext;+6
j  org.junit.platform.engine.support.hierarchical.NodeTestTask.lambda$executeRecursively$6()V+79
j  org.junit.platform.engine.support.hierarchical.NodeTestTask$$Lambda+0x000002285b118d78.execute()V+4
J 2507 c1 org.junit.platform.engine.support.hierarchical.ThrowableCollector.execute(Lorg/junit/platform/engine/support/hierarchical/ThrowableCollector$Executable;)V (20 bytes) @ 0x00000228466639f4 [0x00000228466638e0+0x0000000000000114]
j  org.junit.platform.engine.support.hierarchical.NodeTestTask.lambda$executeRecursively$8(Lorg/junit/platform/engine/support/hierarchical/EngineExecutionContext;)V+15
j  org.junit.platform.engine.support.hierarchical.NodeTestTask$$Lambda+0x000002285b118b40.invoke(Lorg/junit/platform/engine/support/hierarchical/EngineExecutionContext;)V+5
j  org.junit.platform.engine.support.hierarchical.Node.around(Lorg/junit/platform/engine/support/hierarchical/EngineExecutionContext;Lorg/junit/platform/engine/support/hierarchical/Node$Invocation;)V+2
j  org.junit.platform.engine.support.hierarchical.NodeTestTask.lambda$executeRecursively$9()V+14
j  org.junit.platform.engine.support.hierarchical.NodeTestTask$$Lambda+0x000002285b118908.execute()V+4
J 2507 c1 org.junit.platform.engine.support.hierarchical.ThrowableCollector.execute(Lorg/junit/platform/engine/support/hierarchical/ThrowableCollector$Executable;)V (20 bytes) @ 0x00000228466639f4 [0x00000228466638e0+0x0000000000000114]
j  org.junit.platform.engine.support.hierarchical.NodeTestTask.executeRecursively()V+31
j  org.junit.platform.engine.support.hierarchical.NodeTestTask.execute()V+55
j  org.junit.platform.engine.support.hierarchical.SameThreadHierarchicalTestExecutorService$$Lambda+0x000002285b1198e0.accept(Ljava/lang/Object;)V+4
J 2053 c1 java.util.ArrayList.forEach(Ljava/util/function/Consumer;)V java.base@24.0.2 (74 bytes) @ 0x0000022846575dac [0x0000022846575b80+0x000000000000022c]
j  org.junit.platform.engine.support.hierarchical.SameThreadHierarchicalTestExecutorService.invokeAll(Ljava/util/List;)V+6
j  org.junit.platform.engine.support.hierarchical.NodeTestTask.lambda$executeRecursively$6()V+116
j  org.junit.platform.engine.support.hierarchical.NodeTestTask$$Lambda+0x000002285b118d78.execute()V+4
J 2507 c1 org.junit.platform.engine.support.hierarchical.ThrowableCollector.execute(Lorg/junit/platform/engine/support/hierarchical/ThrowableCollector$Executable;)V (20 bytes) @ 0x00000228466639f4 [0x00000228466638e0+0x0000000000000114]
j  org.junit.platform.engine.support.hierarchical.NodeTestTask.lambda$executeRecursively$8(Lorg/junit/platform/engine/support/hierarchical/EngineExecutionContext;)V+15
j  org.junit.platform.engine.support.hierarchical.NodeTestTask$$Lambda+0x000002285b118b40.invoke(Lorg/junit/platform/engine/support/hierarchical/EngineExecutionContext;)V+5
j  org.junit.platform.engine.support.hierarchical.Node.around(Lorg/junit/platform/engine/support/hierarchical/EngineExecutionContext;Lorg/junit/platform/engine/support/hierarchical/Node$Invocation;)V+2
j  org.junit.platform.engine.support.hierarchical.NodeTestTask.lambda$executeRecursively$9()V+14
j  org.junit.platform.engine.support.hierarchical.NodeTestTask$$Lambda+0x000002285b118908.execute()V+4
J 2507 c1 org.junit.platform.engine.support.hierarchical.ThrowableCollector.execute(Lorg/junit/platform/engine/support/hierarchical/ThrowableCollector$Executable;)V (20 bytes) @ 0x00000228466639f4 [0x00000228466638e0+0x0000000000000114]
j  org.junit.platform.engine.support.hierarchical.NodeTestTask.executeRecursively()V+31
j  org.junit.platform.engine.support.hierarchical.NodeTestTask.execute()V+55
j  org.junit.platform.engine.support.hierarchical.SameThreadHierarchicalTestExecutorService$$Lambda+0x000002285b1198e0.accept(Ljava/lang/Object;)V+4
J 2053 c1 java.util.ArrayList.forEach(Ljava/util/function/Consumer;)V java.base@24.0.2 (74 bytes) @ 0x0000022846575dac [0x0000022846575b80+0x000000000000022c]
j  org.junit.platform.engine.support.hierarchical.SameThreadHierarchicalTestExecutorService.invokeAll(Ljava/util/List;)V+6
j  org.junit.platform.engine.support.hierarchical.NodeTestTask.lambda$executeRecursively$6()V+116
j  org.junit.platform.engine.support.hierarchical.NodeTestTask$$Lambda+0x000002285b118d78.execute()V+4
j  org.junit.platform.engine.support.hierarchical.ThrowableCollector.execute(Lorg/junit/platform/engine/support/hierarchical/ThrowableCollector$Executable;)V+1
j  org.junit.platform.engine.support.hierarchical.NodeTestTask.lambda$executeRecursively$8(Lorg/junit/platform/engine/support/hierarchical/EngineExecutionContext;)V+15
j  org.junit.platform.engine.support.hierarchical.NodeTestTask$$Lambda+0x000002285b118b40.invoke(Lorg/junit/platform/engine/support/hierarchical/EngineExecutionContext;)V+5
j  org.junit.platform.engine.support.hierarchical.Node.around(Lorg/junit/platform/engine/support/hierarchical/EngineExecutionContext;Lorg/junit/platform/engine/support/hierarchical/Node$Invocation;)V+2
j  org.junit.platform.engine.support.hierarchical.NodeTestTask.lambda$executeRecursively$9()V+14
j  org.junit.platform.engine.support.hierarchical.NodeTestTask$$Lambda+0x000002285b118908.execute()V+4
j  org.junit.platform.engine.support.hierarchical.ThrowableCollector.execute(Lorg/junit/platform/engine/support/hierarchical/ThrowableCollector$Executable;)V+1
j  org.junit.platform.engine.support.hierarchical.NodeTestTask.executeRecursively()V+31
j  org.junit.platform.engine.support.hierarchical.NodeTestTask.execute()V+55
j  org.junit.platform.engine.support.hierarchical.SameThreadHierarchicalTestExecutorService.submit(Lorg/junit/platform/engine/support/hierarchical/HierarchicalTestExecutorService$TestTask;)Ljava/util/concurrent/Future;+1
j  org.junit.platform.engine.support.hierarchical.HierarchicalTestExecutor.execute()Ljava/util/concurrent/Future;+74
j  org.junit.platform.engine.support.hierarchical.HierarchicalTestEngine.execute(Lorg/junit/platform/engine/ExecutionRequest;)V+31
j  org.junit.platform.launcher.core.EngineExecutionOrchestrator.execute(Lorg/junit/platform/engine/TestDescriptor;Lorg/junit/platform/engine/EngineExecutionListener;Lorg/junit/platform/engine/ConfigurationParameters;Lorg/junit/platform/engine/TestEngine;)V+24
j  org.junit.platform.launcher.core.EngineExecutionOrchestrator.execute(Lorg/junit/platform/launcher/core/LauncherDiscoveryResult;Lorg/junit/platform/engine/EngineExecutionListener;)V+115
j  org.junit.platform.launcher.core.EngineExecutionOrchestrator.execute(Lorg/junit/platform/launcher/core/InternalTestPlan;Lorg/junit/platform/engine/EngineExecutionListener;Lorg/junit/platform/launcher/TestExecutionListener;)V+55
j  org.junit.platform.launcher.core.EngineExecutionOrchestrator.lambda$execute$0(Lorg/junit/platform/launcher/core/InternalTestPlan;Lorg/junit/platform/launcher/TestExecutionListener;)V+6
j  org.junit.platform.launcher.core.EngineExecutionOrchestrator$$Lambda+0x000002285b1086e8.accept(Ljava/lang/Object;)V+12
j  org.junit.platform.launcher.core.EngineExecutionOrchestrator.withInterceptedStreams(Lorg/junit/platform/engine/ConfigurationParameters;Lorg/junit/platform/launcher/core/ListenerRegistry;Ljava/util/function/Consumer;)V+51
j  org.junit.platform.launcher.core.EngineExecutionOrchestrator.execute(Lorg/junit/platform/launcher/core/InternalTestPlan;[Lorg/junit/platform/launcher/TestExecutionListener;)V+23
j  org.junit.platform.launcher.core.DefaultLauncher.execute(Lorg/junit/platform/launcher/core/InternalTestPlan;[Lorg/junit/platform/launcher/TestExecutionListener;)V+6
j  org.junit.platform.launcher.core.DefaultLauncher.execute(Lorg/junit/platform/launcher/LauncherDiscoveryRequest;[Lorg/junit/platform/launcher/TestExecutionListener;)V+34
j  org.junit.platform.launcher.core.DelegatingLauncher.execute(Lorg/junit/platform/launcher/LauncherDiscoveryRequest;[Lorg/junit/platform/launcher/TestExecutionListener;)V+6
j  org.gradle.api.internal.tasks.testing.junitplatform.JUnitPlatformTestClassProcessor$CollectAllTestClassesExecutor.processAllTestClasses()V+94
j  org.gradle.api.internal.tasks.testing.junitplatform.JUnitPlatformTestClassProcessor$CollectAllTestClassesExecutor.access$000(Lorg/gradle/api/internal/tasks/testing/junitplatform/JUnitPlatformTestClassProcessor$CollectAllTestClassesExecutor;)V+1
j  org.gradle.api.internal.tasks.testing.junitplatform.JUnitPlatformTestClassProcessor.stop()V+4
j  org.gradle.api.internal.tasks.testing.SuiteTestClassProcessor.stop()V+4
j  java.lang.invoke.LambdaForm$DMH+0x000002285b088800.invokeInterface(Ljava/lang/Object;Ljava/lang/Object;)V+21 java.base@24.0.2
j  java.lang.invoke.LambdaForm$MH+0x000002285b089000.invoke(Ljava/lang/Object;Ljava/lang/Object;)Ljava/lang/Object;+31 java.base@24.0.2
j  java.lang.invoke.Invokers$Holder.invokeExact_MT(Ljava/lang/Object;Ljava/lang/Object;Ljava/lang/Object;)Ljava/lang/Object;+19 java.base@24.0.2
j  jdk.internal.reflect.DirectMethodHandleAccessor.invokeImpl(Ljava/lang/Object;[Ljava/lang/Object;)Ljava/lang/Object;+41 java.base@24.0.2
j  jdk.internal.reflect.DirectMethodHandleAccessor.invoke(Ljava/lang/Object;[Ljava/lang/Object;)Ljava/lang/Object;+23 java.base@24.0.2
j  java.lang.reflect.Method.invoke(Ljava/lang/Object;[Ljava/lang/Object;)Ljava/lang/Object;+102 java.base@24.0.2
j  org.gradle.internal.dispatch.ReflectionDispatch.dispatch(Lorg/gradle/internal/dispatch/MethodInvocation;)V+19
j  org.gradle.internal.dispatch.ReflectionDispatch.dispatch(Ljava/lang/Object;)V+5
j  org.gradle.internal.dispatch.ContextClassLoaderDispatch.dispatch(Ljava/lang/Object;)V+22
j  org.gradle.internal.dispatch.ProxyDispatchAdapter$DispatchingInvocationHandler.invoke(Ljava/lang/Object;Ljava/lang/reflect/Method;[Ljava/lang/Object;)Ljava/lang/Object;+177
j  jdk.proxy1.$Proxy4.stop()V+9 jdk.proxy1
j  org.gradle.api.internal.tasks.testing.worker.TestWorker$3.run()V+7
j  org.gradle.api.internal.tasks.testing.worker.TestWorker.executeAndMaintainThreadName(Ljava/lang/Runnable;)V+1
j  org.gradle.api.internal.tasks.testing.worker.TestWorker.execute(Lorg/gradle/process/internal/worker/WorkerProcessContext;)V+76
j  org.gradle.api.internal.tasks.testing.worker.TestWorker.execute(Ljava/lang/Object;)V+5
j  org.gradle.process.internal.worker.child.ActionExecutionWorker.execute(Lorg/gradle/process/internal/worker/WorkerProcessContext;)V+65
j  org.gradle.process.internal.worker.child.SystemApplicationClassLoaderWorker.call()Ljava/lang/Void;+270
j  org.gradle.process.internal.worker.child.SystemApplicationClassLoaderWorker.call()Ljava/lang/Object;+1
j  worker.org.gradle.process.internal.worker.GradleWorkerMain.run()V+250
j  worker.org.gradle.process.internal.worker.GradleWorkerMain.main([Ljava/lang/String;)V+7
v  ~StubRoutines::call_stub 0x000002284d680fcd

siginfo: EXCEPTION_INT_DIVIDE_BY_ZERO (0xc0000094)


Registers:
RAX=0x000000000000000a, RBX=0x000002289bbd66f8, RCX=0x000000000000000a, RDX=0x0000000000000000
RSP=0x00000099b26fbfb0, RBP=0x00000099b26fbfb0, RSI=0x0000000000000004, RDI=0x00000000f8e10f90
R8 =0x000000000000000a, R9 =0x0000000000000003, R10=0x000002283d6c0000, R11=0x000002284dee8460
R12=0x0000000000000000, R13=0x00000099b26fbff8, R14=0x00000099b26fc0c0, R15=0x000002283b2e4450
RIP=0x000002283d6c0009, EFLAGS=0x0000000000010206

XMM[0]=0x0000000000000000 0x0000000000000000
XMM[1]=0x0000000000000000 0x0000000000000000
XMM[2]=0x0000000000000000 0x3ff5555555555555
XMM[3]=0x0000000000000000 0x3ff0000000000000
XMM[4]=0x0000000000000000 0x0000000000000000
XMM[5]=0x0000000000000000 0x0000000000000000
XMM[6]=0x0000000000000000 0x459176a54847ac12
XMM[7]=0x0000000000000000 0x256d17ae5486ab2d
XMM[8]=0x0000000000000000 0xf852d9749b5b6777
XMM[9]=0x0000000000000000 0x1a7dad2524e20570
XMM[10]=0x0000000000000000 0x000000000a64584b
XMM[11]=0x0000000000000000 0x26400c3b4b2211ab
XMM[12]=0x0000000000000000 0x0000000024e20570
XMM[13]=0x0000000000000000 0x0000000000000000
XMM[14]=0x0000000000000000 0x0000000000000000
XMM[15]=0x0000000000000000 0x0000000000000000
  MXCSR=0x00001fa0


Register to memory mapping:

RAX=0x000000000000000a is an unknown value
RBX={method} {0x000002289bbd6700} 'linkToNative' '(JJJLjava/lang/Object;)J' in 'java/lang/invoke/MethodHandle'
RCX=0x000000000000000a is an unknown value
RDX=0x0 is null
RSP=0x00000099b26fbfb0 is pointing into the stack for thread: 0x000002283b2e4450
RBP=0x00000099b26fbfb0 is pointing into the stack for thread: 0x000002283b2e4450
RSI=0x0000000000000004 is an unknown value
RDI=0x00000000f8e10f90 is an oop: jdk.internal.foreign.abi.NativeEntryPoint 
{0x00000000f8e10f90} - klass: 'jdk/internal/foreign/abi/NativeEntryPoint' - flags: 

 - ---- fields (total size 3 words):
 - private final 'methodType' 'Ljava/lang/invoke/MethodType;' @12  a 'java/lang/invoke/MethodType'{0x00000000f92f5548} = (JJJ)J (0xf92f5548)
 - private final 'downcallStubAddress' 'J' @16  2372124116832 (0x000002284d9d8760)
R8 =0x000000000000000a is an unknown value
R9 =0x0000000000000003 is an unknown value
R10=0x000002283d6c0000 points into unknown readable memory: 0x48c18b48ec8b4855 | 55 48 8b ec 48 8b c1 48
R11=0x000002284dee8460 is at entry_point+0 in (nmethod*)0x000002284dee8388
Compiled method (n/a) 1175 2890     n 0       java.lang.invoke.MethodHandle::linkToNative(JJJL)J (native)
 total in heap  [0x000002284dee8388,0x000002284dee8468] = 224
 main code      [0x000002284dee8460,0x000002284dee8467] = 7
 stub code      [0x000002284dee8467,0x000002284dee8468] = 1
R12=0x0 is null
R13=0x00000099b26fbff8 is pointing into the stack for thread: 0x000002283b2e4450
R14=0x00000099b26fc0c0 is pointing into the stack for thread: 0x000002283b2e4450
R15=0x000002283b2e4450 is a thread

Top of Stack: (sp=0x00000099b26fbfb0)
0x00000099b26fbfb0:   00000099b26fbfe0 000002284d9d87a1   ..o........M(...
0x00000099b26fbfc0:   000002284d688108 0000000000000000   ..hM(...........
0x00000099b26fbfd0:   fffffffffffffff7 000002289bb70750   ........P...(...
0x00000099b26fbfe0:   00000099b26fc078 000002284d6888f6   x.o.......hM(...
0x00000099b26fbff0:   000002284d6888f6 00000000f8e10f90   ..hM(...........
0x00000099b26fc000:   0000000000000003 0000000000000000   ................
0x00000099b26fc010:   000000000000000a 0000000000000000   ................
0x00000099b26fc020:   000002283d6c0000 0000000000000000   ..l=(...........
0x00000099b26fc030:   fffffffffffffff7 000002289bc7fa54   ........T...(...
0x00000099b26fc040:   0000000000000009 000002289bc7fbf8   ............(...
0x00000099b26fc050:   0000000000000000 00000000f8e18878   ........x.......
0x00000099b26fc060:   000002289bc7fa60 fffffffffffffff0   `...(...........
0x00000099b26fc070:   00000099b26fc090 00000099b26fc110   ..o.......o.....
0x00000099b26fc080:   000002284d6888f6 00000000f8e10f90   ..hM(...........
0x00000099b26fc090:   0000000000000003 0000000000000000   ................
0x00000099b26fc0a0:   000000000000000a 0000000000000000   ................
0x00000099b26fc0b0:   000002283d6c0000 0000000000000000   ..l=(...........
0x00000099b26fc0c0:   00000000f8e189a0 fffffffffffffff7   ................
0x00000099b26fc0d0:   000002289bc7329f 0000000000000009   .2..(...........
0x00000099b26fc0e0:   000002289bc73460 0000000000000000   `4..(...........
0x00000099b26fc0f0:   00000000f8f07c38 000002289bc732b0   8|.......2..(...
0x00000099b26fc100:   fffffffffffffff0 00000099b26fc120   ........ .o.....
0x00000099b26fc110:   00000099b26fc1a8 000002284d6888f6   ..o.......hM(...
0x00000099b26fc120:   00000000f92f5548 0000000000000003   HU/.............
0x00000099b26fc130:   0000000000000000 000000000000000a   ................
0x00000099b26fc140:   0000000000000000 000002283d6c0000   ..........l=(...
0x00000099b26fc150:   0000000000000000 00000000f8e189a0   ................
0x00000099b26fc160:   fffffffffffffff7 000002289bc803a4   ............(...
0x00000099b26fc170:   0000000000000011 000002289bc805a8   ............(...
0x00000099b26fc180:   0000000000000000 00000000f8e227b8   .........'......
0x00000099b26fc190:   000002289bc803e8 ffffffffffffffef   ....(...........
0x00000099b26fc1a0:   00000099b26fc200 00000099b26fc280   ..o.......o.....

Instructions: (pc=0x000002283d6c0009)
  0x000002283d6bff09:   ?? ?? ?? ?? ?? ?? ?? ?? ?? ?? ?? ?? ?? ?? ?? ??
  0x000002283d6bff19:   ?? ?? ?? ?? ?? ?? ?? ?? ?? ?? ?? ?? ?? ?? ?? ??
  0x000002283d6bff29:   ?? ?? ?? ?? ?? ?? ?? ?? ?? ?? ?? ?? ?? ?? ?? ??
  0x000002283d6bff39:   ?? ?? ?? ?? ?? ?? ?? ?? ?? ?? ?? ?? ?? ?? ?? ??
  0x000002283d6bff49:   ?? ?? ?? ?? ?? ?? ?? ?? ?? ?? ?? ?? ?? ?? ?? ??
  0x000002283d6bff59:   ?? ?? ?? ?? ?? ?? ?? ?? ?? ?? ?? ?? ?? ?? ?? ??
  0x000002283d6bff69:   ?? ?? ?? ?? ?? ?? ?? ?? ?? ?? ?? ?? ?? ?? ?? ??
  0x000002283d6bff79:   ?? ?? ?? ?? ?? ?? ?? ?? ?? ?? ?? ?? ?? ?? ?? ??
  0x000002283d6bff89:   ?? ?? ?? ?? ?? ?? ?? ?? ?? ?? ?? ?? ?? ?? ?? ??
  0x000002283d6bff99:   ?? ?? ?? ?? ?? ?? ?? ?? ?? ?? ?? ?? ?? ?? ?? ??
  0x000002283d6bffa9:   ?? ?? ?? ?? ?? ?? ?? ?? ?? ?? ?? ?? ?? ?? ?? ??
  0x000002283d6bffb9:   ?? ?? ?? ?? ?? ?? ?? ?? ?? ?? ?? ?? ?? ?? ?? ??
  0x000002283d6bffc9:   ?? ?? ?? ?? ?? ?? ?? ?? ?? ?? ?? ?? ?? ?? ?? ??
  0x000002283d6bffd9:   ?? ?? ?? ?? ?? ?? ?? ?? ?? ?? ?? ?? ?? ?? ?? ??
  0x000002283d6bffe9:   ?? ?? ?? ?? ?? ?? ?? ?? ?? ?? ?? ?? ?? ?? ?? ??
  0x000002283d6bfff9:   ?? ?? ?? ?? ?? ?? ?? 55 48 8b ec 48 8b c1 48 99
=>0x000002283d6c0009:   48 f7 fa 48 8b f0 48 8b c6 5d c3 00 00 00 00 00
  0x000002283d6c0019:   00 00 00 00 00 00 00 00 00 00 00 00 00 00 00 00
  0x000002283d6c0029:   00 00 00 00 00 00 00 00 00 00 00 00 00 00 00 00
  0x000002283d6c0039:   00 00 00 00 00 00 00 00 00 00 00 00 00 00 00 00
  0x000002283d6c0049:   00 00 00 00 00 00 00 00 00 00 00 00 00 00 00 00
  0x000002283d6c0059:   00 00 00 00 00 00 00 00 00 00 00 00 00 00 00 00
  0x000002283d6c0069:   00 00 00 00 00 00 00 00 00 00 00 00 00 00 00 00
  0x000002283d6c0079:   00 00 00 00 00 00 00 00 00 00 00 00 00 00 00 00
  0x000002283d6c0089:   00 00 00 00 00 00 00 00 00 00 00 00 00 00 00 00
  0x000002283d6c0099:   00 00 00 00 00 00 00 00 00 00 00 00 00 00 00 00
  0x000002283d6c00a9:   00 00 00 00 00 00 00 00 00 00 00 00 00 00 00 00
  0x000002283d6c00b9:   00 00 00 00 00 00 00 00 00 00 00 00 00 00 00 00
  0x000002283d6c00c9:   00 00 00 00 00 00 00 00 00 00 00 00 00 00 00 00
  0x000002283d6c00d9:   00 00 00 00 00 00 00 00 00 00 00 00 00 00 00 00
  0x000002283d6c00e9:   00 00 00 00 00 00 00 00 00 00 00 00 00 00 00 00
  0x000002283d6c00f9:   00 00 00 00 00 00 00 00 00 00 00 00 00 00 00 00


Stack slot to memory mapping:

stack at sp + 0 slots: 0x00000099b26fbfe0 is pointing into the stack for thread: 0x000002283b2e4450
stack at sp + 1 slots: 0x000002284d9d87a1 is at code_begin+65 in 
[CodeBlob (0x000002284d9d8708)]
Framesize: 6
Runtime Stub (0x000002284d9d8708): nep_invoker_blob
--------------------------------------------------------------------------------
Decoding CodeBlob, name: nep_invoker_blob, at  [0x000002284d9d8760, 0x000002284d9d8868]  264 bytes
[MachCode]
  0x000002284d9d8760: 5548 8bec | 4883 ec20 | c5f8 7749 | 89af b803 | 0000 49ba | 6887 9d4d | 2802 0000 | 4d89 97b0 
  0x000002284d9d8780: 0300 0049 | 89a7 a803 | 0000 41c7 | 8754 0400 | 0004 0000 | 004c 8bd2 | 498b d149 | 8bc8 41ff 
  0x000002284d9d87a0: d2c5 f877 | 41c7 8754 | 0400 0005 | 0000 00f0 | 8344 24c0 | 0049 3b6f | 280f 874d | 0000 0041 
  0x000002284d9d87c0: 83bf 5004 | 0000 000f | 853f 0000 | 0041 c787 | 5404 0000 | 0800 0000 | 4183 bfd0 | 0400 0002 
  0x000002284d9d87e0: 0f84 5300 | 0000 49c7 | 87a8 0300 | 0000 0000 | 0049 c787 | b803 0000 | 0000 0000 | 49c7 87b0 
  0x000002284d9d8800: 0300 0000 | 0000 00c5 | f877 c9c3 | 4889 0424 | 498b cfc5 | f877 4c8b | e448 83ec | 2048 83e4 
  0x000002284d9d8820: f048 b8f0 | a54d 52fb | 7f00 00ff | d049 8be4 | 4d33 e448 | 8b04 24eb | 9448 8904 | 24c5 f877 
  0x000002284d9d8840: 4c8b e448 | 83ec 2048 | 83e4 f048 | b860 7485 | 52fb 7f00 | 00ff d049 | 8be4 4d33 | e448 8b04 
  0x000002284d9d8860: 24eb 83f4 | f4f4 f4f4 
[/MachCode]
--------------------------------------------------------------------------------
stack at sp + 2 slots: 0x000002284d688108 is at code_begin+-56 in 
[CodeBlob (0x000002284d688108)]
Framesize: 0
BufferBlob (0x000002284d688108) used for Interpreter
stack at sp + 3 slots: 0x0 is null
stack at sp + 4 slots: 0xfffffffffffffff7 is an unknown value
stack at sp + 5 slots: 0x000002289bb70750 is pointing into metadata
stack at sp + 6 slots: 0x00000099b26fc078 is pointing into the stack for thread: 0x000002283b2e4450
stack at sp + 7 slots: 0x000002284d6888f6 is at code_begin+1526 in an Interpreter codelet
return entry points  [0x000002284d688300, 0x000002284d688f90]  3216 bytes

Lock stack of current Java thread (top to bottom):

--------------------------------------------------------------------------------
Decoding CodeBlob, name: nep_invoker_blob, at  [0x000002284d9d8760, 0x000002284d9d8868]  264 bytes
[MachCode]
  0x000002284d9d8760: 5548 8bec | 4883 ec20 | c5f8 7749 | 89af b803 | 0000 49ba | 6887 9d4d | 2802 0000 | 4d89 97b0 
  0x000002284d9d8780: 0300 0049 | 89a7 a803 | 0000 41c7 | 8754 0400 | 0004 0000 | 004c 8bd2 | 498b d149 | 8bc8 41ff 
  0x000002284d9d87a0: d2c5 f877 | 41c7 8754 | 0400 0005 | 0000 00f0 | 8344 24c0 | 0049 3b6f | 280f 874d | 0000 0041 
  0x000002284d9d87c0: 83bf 5004 | 0000 000f | 853f 0000 | 0041 c787 | 5404 0000 | 0800 0000 | 4183 bfd0 | 0400 0002 
  0x000002284d9d87e0: 0f84 5300 | 0000 49c7 | 87a8 0300 | 0000 0000 | 0049 c787 | b803 0000 | 0000 0000 | 49c7 87b0 
  0x000002284d9d8800: 0300 0000 | 0000 00c5 | f877 c9c3 | 4889 0424 | 498b cfc5 | f877 4c8b | e448 83ec | 2048 83e4 
  0x000002284d9d8820: f048 b8f0 | a54d 52fb | 7f00 00ff | d049 8be4 | 4d33 e448 | 8b04 24eb | 9448 8904 | 24c5 f877 
  0x000002284d9d8840: 4c8b e448 | 83ec 2048 | 83e4 f048 | b860 7485 | 52fb 7f00 | 00ff d049 | 8be4 4d33 | e448 8b04 
  0x000002284d9d8860: 24eb 83f4 | f4f4 f4f4 
[/MachCode]
--------------------------------------------------------------------------------


Compiled method (c1) 1183 1732       3       java.lang.invoke.Invokers$Holder::invokeExact_MT (23 bytes)
 total in heap  [0x0000022846502588,0x0000022846502ef8] = 2416
 relocation     [0x0000022846502660,0x00000228465026f8] = 152
 main code      [0x0000022846502700,0x0000022846502e58] = 1880
 stub code      [0x0000022846502e58,0x0000022846502ec8] = 112
 metadata       [0x0000022846502ec8,0x0000022846502ef8] = 48
 immutable data [0x000002289f8ce210,0x000002289f8ce3c0] = 432
 dependencies   [0x000002289f8ce210,0x000002289f8ce220] = 16
 nul chk table  [0x000002289f8ce220,0x000002289f8ce240] = 32
 scopes pcs     [0x000002289f8ce240,0x000002289f8ce320] = 224
 scopes data    [0x000002289f8ce320,0x000002289f8ce3c0] = 160

[Constant Pool (empty)]

[MachCode]
[Verified Entry Point]
  # {method} {0x000002285a1f5000} 'invokeExact_MT' '(Ljava/lang/Object;Ljava/lang/Object;Ljava/lang/Object;)Ljava/lang/Object;' in 'java/lang/invoke/Invokers$Holder'
  # parm0:    rdx:rdx   = 'java/lang/Object'
  # parm1:    r8:r8     = 'java/lang/Object'
  # parm2:    r9:r9     = 'java/lang/Object'
  #           [sp+0x70]  (sp of caller)
  0x0000022846502700: 8984 2400 | 80ff ff55 | 4883 ec60 | 4181 7f20 | 0100 0000 

  0x0000022846502714: ;   {runtime_call StubRoutines (final stubs)}
  0x0000022846502714: 7405 e845 | 551b 074c | 8944 2440 

  0x0000022846502720: ;   {metadata(method data for {method} {0x000002285a1f5000} 'invokeExact_MT' '(Ljava/lang/Object;Ljava/lang/Object;Ljava/lang/Object;)Ljava/lang/Object;' in 'java/lang/invoke/Invokers$Holder')}
  0x0000022846502720: 48be 983f | 3b9b 2802 | 0000 488d | b688 0200 | 0048 85d2 | 750c f606 | 0175 30f0 | 4883 0e01 
  0x0000022846502740: eb29 8b7a | 0849 ba00 | 0000 5a28 | 0200 0049 | 03fa 4c8b | d748 333e | 48f7 c7fc | ffff ff74 
  0x0000022846502760: 0a40 f6c7 | 0275 0448 | 830e 024d | 85c0 750e | f646 1001 | 7534 f048 | 834e 1001 | eb2c 418b 
  0x0000022846502780: 7808 49ba | 0000 005a | 2802 0000 | 4903 fa4c | 8bd7 4833 | 7e10 48f7 | c7fc ffff | ff74 0b40 
  0x00000228465027a0: f6c7 0275 | 0548 834e 

  0x00000228465027a8: ;   {metadata(method data for {method} {0x000002285a1f5000} 'invokeExact_MT' '(Ljava/lang/Object;Ljava/lang/Object;Ljava/lang/Object;)Ljava/lang/Object;' in 'java/lang/invoke/Invokers$Holder')}
  0x00000228465027a8: 1002 48be | 983f 3b9b | 2802 0000 | 8bbe cc00 | 0000 83c7 | 0289 becc | 0000 0081 | e7fe 0700 
  0x00000228465027c8: 0085 ff0f | 84a3 0500 | 0048 85d2 

  0x00000228465027d4: ;   {metadata(method data for {method} {0x000002285a1f5000} 'invokeExact_MT' '(Ljava/lang/Object;Ljava/lang/Object;Ljava/lang/Object;)Ljava/lang/Object;' in 'java/lang/invoke/Invokers$Holder')}
  0x00000228465027d4: 48bf 983f | 3b9b 2802 | 0000 750c | 808f 0901 | 0000 01e9 | af00 0000 | 8b5a 0849 | ba00 0000 
  0x00000228465027f4: 5a28 0200 | 0049 03da | 483b 9f18 | 0100 0075 | 0d48 8387 | 2001 0000 | 01e9 6000 | 0000 483b 
  0x0000022846502814: 9f28 0100 | 0075 0d48 | 8387 3001 | 0000 01e9 | 4a00 0000 | 4883 bf18 | 0100 0000 | 7517 4889 
  0x0000022846502834: 9f18 0100 | 0048 c787 | 2001 0000 | 0100 0000 | e929 0000 | 0048 83bf | 2801 0000 | 0075 1748 
  0x0000022846502854: 899f 2801 | 0000 48c7 | 8730 0100 | 0001 0000 | 00e9 0800 | 0000 4883 | 8710 0100 

  0x0000022846502870: ;   {metadata('java/lang/invoke/MethodHandle')}
  0x0000022846502870: 0001 48bb | a887 1d5a | 2802 0000 | 8b7a 0849 | ba00 0000 | 5a28 0200 | 0049 03fa | 483b 5f38 
  0x0000022846502890: 0f85 ff04 | 0000 e900 | 0000 0048 | 8bf2 4889 | 7424 484d 

  0x00000228465028a4: ;   {metadata(method data for {method} {0x000002285a1f5000} 'invokeExact_MT' '(Ljava/lang/Object;Ljava/lang/Object;Ljava/lang/Object;)Ljava/lang/Object;' in 'java/lang/invoke/Invokers$Holder')}
  0x00000228465028a4: 85c9 48bb | 983f 3b9b | 2802 0000 | 750c 808b | 3901 0000 | 01e9 b000 | 0000 418b | 4108 49ba 
  0x00000228465028c4: 0000 005a | 2802 0000 | 4903 c248 | 3b83 4801 | 0000 750d | 4883 8350 | 0100 0001 | e960 0000 
  0x00000228465028e4: 0048 3b83 | 5801 0000 | 750d 4883 | 8360 0100 | 0001 e94a | 0000 0048 | 83bb 4801 | 0000 0075 
  0x0000022846502904: 1748 8983 | 4801 0000 | 48c7 8350 | 0100 0001 | 0000 00e9 | 2900 0000 | 4883 bb58 | 0100 0000 
  0x0000022846502924: 7517 4889 | 8358 0100 | 0048 c783 | 6001 0000 | 0100 0000 | e908 0000 | 0048 8383 | 4001 0000 
  0x0000022846502944: ;   {metadata('java/lang/invoke/MethodType')}
  0x0000022846502944: 0148 b888 | 9a1d 5a28 | 0200 0041 | 8b51 0849 | ba00 0000 | 5a28 0200 | 0049 03d2 | 483b c20f 
  0x0000022846502964: 8535 0400 | 00e9 0000 | 0000 498b 

  0x0000022846502970: ;   {metadata(method data for {method} {0x000002285a1f5000} 'invokeExact_MT' '(Ljava/lang/Object;Ljava/lang/Object;Ljava/lang/Object;)Ljava/lang/Object;' in 'java/lang/invoke/Invokers$Holder')}
  0x0000022846502970: f948 ba98 | 3f3b 9b28 | 0200 0048 | 8d92 8001 | 0000 4885 | f675 0ef6 | 4208 0175 | 32f0 4883 
  0x0000022846502990: 4a08 01eb | 2a8b 5e08 | 49ba 0000 | 005a 2802 | 0000 4903 | da4c 8bd3 | 4833 5a08 | 48f7 c3fc 
  0x00000228465029b0: ffff ff74 | 0af6 c302 | 7505 4883 | 4a08 0248 | 85ff 750c | f642 1801 | 7506 f048 | 834a 1801 
  0x00000228465029d0: ;   {metadata(method data for {method} {0x000002285a1f5000} 'invokeExact_MT' '(Ljava/lang/Object;Ljava/lang/Object;Ljava/lang/Object;)Ljava/lang/Object;' in 'java/lang/invoke/Invokers$Holder')}
  0x00000228465029d0: 48ba 983f | 3b9b 2802 | 0000 4883 | 8270 0100 

  0x00000228465029e0: ;   {metadata(method data for {method} {0x000002285a44f2a8} 'checkExactType' '(Ljava/lang/invoke/MethodHandle;Ljava/lang/invoke/MethodType;)V' in 'java/lang/invoke/Invokers')}
  0x00000228465029e0: 0001 48ba | b0db 3a9b | 2802 0000 | 8b9a cc00 | 0000 83c3 | 0289 9acc | 0000 0081 | e3fe ff1f 
  0x0000022846502a00: 0085 db0f | 849e 0300 | 0048 3b06 

  0x0000022846502a0c: ;   {metadata(method data for {method} {0x000002285a44f2a8} 'checkExactType' '(Ljava/lang/invoke/MethodHandle;Ljava/lang/invoke/MethodType;)V' in 'java/lang/invoke/Invokers')}
  0x0000022846502a0c: 488b d648 | bbb0 db3a | 9b28 0200 | 008b 5208 | 49ba 0000 | 005a 2802 | 0000 4903 | d248 3b93 
  0x0000022846502a2c: 1801 0000 | 750d 4883 | 8320 0100 | 0001 e960 | 0000 0048 | 3b93 2801 | 0000 750d | 4883 8330 
  0x0000022846502a4c: 0100 0001 | e94a 0000 | 0048 83bb | 1801 0000 | 0075 1748 | 8993 1801 | 0000 48c7 | 8320 0100 
  0x0000022846502a6c: 0001 0000 | 00e9 2900 | 0000 4883 | bb28 0100 | 0000 7517 | 4889 9328 | 0100 0048 | c783 3001 
  0x0000022846502a8c: 0000 0100 | 0000 e908 | 0000 0048 | 8383 1001 | 0000 018b | 5e10 483b 

  0x0000022846502aa4: ;   {metadata(method data for {method} {0x000002285a44f2a8} 'checkExactType' '(Ljava/lang/invoke/MethodHandle;Ljava/lang/invoke/MethodType;)V' in 'java/lang/invoke/Invokers')}
  0x0000022846502aa4: df48 bab0 | db3a 9b28 | 0200 00b8 | 5001 0000 | 7505 b840 | 0100 0048 | 8b0c 0248 | 8d49 0148 
  0x0000022846502ac4: 890c 020f | 8573 0200 

  0x0000022846502acc: ;   {metadata(method data for {method} {0x000002285a1f5000} 'invokeExact_MT' '(Ljava/lang/Object;Ljava/lang/Object;Ljava/lang/Object;)Ljava/lang/Object;' in 'java/lang/invoke/Invokers$Holder')}
  0x0000022846502acc: 0048 ba98 | 3f3b 9b28 | 0200 0048 | 8d92 b801 | 0000 8b7e | 0849 ba00 | 0000 5a28 | 0200 0049 
  0x0000022846502aec: 03fa 4c8b | d748 337a | 0848 f7c7 | fcff ffff | 740b 40f6 | c702 7505 | 4883 4a08 

  0x0000022846502b08: ;   {metadata(method data for {method} {0x000002285a1f5000} 'invokeExact_MT' '(Ljava/lang/Object;Ljava/lang/Object;Ljava/lang/Object;)Ljava/lang/Object;' in 'java/lang/invoke/Invokers$Holder')}
  0x0000022846502b08: 0248 ba98 | 3f3b 9b28 | 0200 0048 | 8382 a801 

  0x0000022846502b18: ;   {metadata(method data for {method} {0x000002285a44f1a0} 'checkCustomized' '(Ljava/lang/invoke/MethodHandle;)V' in 'java/lang/invoke/Invokers')}
  0x0000022846502b18: 0000 0148 | ba18 9d3a | 9b28 0200 | 008b bacc | 0000 0083 | c702 89ba | cc00 0000 | 81e7 feff 
  0x0000022846502b38: 1f00 85ff | 0f84 8b02 

  0x0000022846502b40: ;   {metadata(method data for {method} {0x000002285a44f1a0} 'checkCustomized' '(Ljava/lang/invoke/MethodHandle;)V' in 'java/lang/invoke/Invokers')}
  0x0000022846502b40: 0000 48ba | 189d 3a9b | 2802 0000 | 4883 8210 | 0100 0001 

  0x0000022846502b54: ;   {metadata(method data for {method} {0x000002285a1ddb08} 'isCompileConstant' '(Ljava/lang/Object;)Z' in 'java/lang/invoke/MethodHandleImpl')}
  0x0000022846502b54: 48ba f0a4 | 3a9b 2802 | 0000 8bba | cc00 0000 | 83c7 0289 | bacc 0000 | 0081 e7fe | ff1f 0085 
  0x0000022846502b74: ff0f 8473 

  0x0000022846502b78: ;   {metadata(method data for {method} {0x000002285a44f1a0} 'checkCustomized' '(Ljava/lang/invoke/MethodHandle;)V' in 'java/lang/invoke/Invokers')}
  0x0000022846502b78: 0200 0048 | ba18 9d3a | 9b28 0200 | 00ff 8220 | 0100 008b | 5614 8b52 | 1c48 85d2 

  0x0000022846502b94: ;   {metadata(method data for {method} {0x000002285a44f1a0} 'checkCustomized' '(Ljava/lang/invoke/MethodHandle;)V' in 'java/lang/invoke/Invokers')}
  0x0000022846502b94: 48ba 189d | 3a9b 2802 | 0000 bf40 | 0100 0075 | 05bf 5001 | 0000 488b | 1c3a 488d | 5b01 4889 
  0x0000022846502bb4: 1c3a 0f85 | 2800 0000 

  0x0000022846502bbc: ;   {metadata(method data for {method} {0x000002285a44f1a0} 'checkCustomized' '(Ljava/lang/invoke/MethodHandle;)V' in 'java/lang/invoke/Invokers')}
  0x0000022846502bbc: 48ba 189d | 3a9b 2802 | 0000 4883 | 8260 0100 | 0001 488b | d666 0f1f 

  0x0000022846502bd4: ;   {static_call}
  0x0000022846502bd4: 4400 00e8 

  0x0000022846502bd8: ; ImmutableOopMap {[64]=Oop [72]=Oop }
                      ;*invokestatic maybeCustomize {reexecute=0 rethrow=0 return_oop=0}
                      ; - java.lang.invoke.Invokers::checkCustomized@19 (line 626)
                      ; - java.lang.invoke.Invokers$Holder::invokeExact_MT@14
  0x0000022846502bd8: c4fe fdff 

  0x0000022846502bdc: ;   {post_call_nop}
  0x0000022846502bdc: 0f1f 8400 | 5406 0000 | 4c8b 4424 

  0x0000022846502be8: ;   {metadata(method data for {method} {0x000002285a1f5000} 'invokeExact_MT' '(Ljava/lang/Object;Ljava/lang/Object;Ljava/lang/Object;)Ljava/lang/Object;' in 'java/lang/invoke/Invokers$Holder')}
  0x0000022846502be8: 4048 ba98 | 3f3b 9b28 | 0200 0048 | 8d92 0002 | 0000 4d85 | c075 0ef6 | 4208 0175 | 34f0 4883 
  0x0000022846502c08: 4a08 01eb | 2c41 8b70 | 0849 ba00 | 0000 5a28 | 0200 0049 | 03f2 4c8b | d648 3372 | 0848 f7c6 
  0x0000022846502c28: fcff ffff | 740b 40f6 | c602 7505 | 4883 4a08 | 0248 8b74 

  0x0000022846502c3c: ;   {metadata(method data for {method} {0x000002285a1f5000} 'invokeExact_MT' '(Ljava/lang/Object;Ljava/lang/Object;Ljava/lang/Object;)Ljava/lang/Object;' in 'java/lang/invoke/Invokers$Holder')}
  0x0000022846502c3c: 2448 48ba | 983f 3b9b | 2802 0000 | 8b76 0849 | ba00 0000 | 5a28 0200 | 0049 03f2 | 483b b2d8 
  0x0000022846502c5c: 0100 0075 | 0d48 8382 | e001 0000 | 01e9 6000 | 0000 483b | b2e8 0100 | 0075 0d48 | 8382 f001 
  0x0000022846502c7c: 0000 01e9 | 4a00 0000 | 4883 bad8 | 0100 0000 | 7517 4889 | b2d8 0100 | 0048 c782 | e001 0000 
  0x0000022846502c9c: 0100 0000 | e929 0000 | 0048 83ba | e801 0000 | 0075 1748 | 89b2 e801 | 0000 48c7 | 82f0 0100 
  0x0000022846502cbc: 0001 0000 | 00e9 0800 | 0000 4883 | 82d0 0100 | 0001 488b | 5424 480f 

  0x0000022846502cd4: ;   {optimized virtual_call}
  0x0000022846502cd4: 1f40 00e8 

  0x0000022846502cd8: ; ImmutableOopMap {}
                      ;*invokevirtual invokeBasic {reexecute=0 rethrow=0 return_oop=0}
                      ; - java.lang.invoke.Invokers$Holder::invokeExact_MT@19
  0x0000022846502cd8: a45b 8c07 

  0x0000022846502cdc: ;   {post_call_nop}
  0x0000022846502cdc: 0f1f 8400 | 5407 0001 

  0x0000022846502ce4: ;   {metadata(method data for {method} {0x000002285a1f5000} 'invokeExact_MT' '(Ljava/lang/Object;Ljava/lang/Object;Ljava/lang/Object;)Ljava/lang/Object;' in 'java/lang/invoke/Invokers$Holder')}
  0x0000022846502ce4: 48ba 983f | 3b9b 2802 | 0000 488d | 9210 0200 | 0048 85c0 | 750c f602 | 0175 31f0 | 4883 0a01 
  0x0000022846502d04: eb2a 448b | 4008 49ba | 0000 005a | 2802 0000 | 4d03 c24d | 8bd0 4c33 | 0249 f7c0 | fcff ffff 
  0x0000022846502d24: 740a 41f6 | c002 7504 | 4883 0a02 | 4883 c460 

  0x0000022846502d34: ;   {poll_return}
  0x0000022846502d34: 5d49 3b67 | 280f 87d5 | 0000 00c3 

  0x0000022846502d40: ;   {metadata(method data for {method} {0x000002285a44f2a8} 'checkExactType' '(Ljava/lang/invoke/MethodHandle;Ljava/lang/invoke/MethodType;)V' in 'java/lang/invoke/Invokers')}
  0x0000022846502d40: 48ba b0db | 3a9b 2802 | 0000 4883 | 8260 0100 | 0001 488b | d34c 8bc7 | 0f1f 8000 

  0x0000022846502d5c: ;   {static_call}
  0x0000022846502d5c: 0000 00e8 

  0x0000022846502d60: ; ImmutableOopMap {[64]=Oop [72]=Oop }
                      ;*invokestatic newWrongMethodTypeException {reexecute=0 rethrow=0 return_oop=0}
                      ; - java.lang.invoke.Invokers::checkExactType@12 (line 531)
                      ; - java.lang.invoke.Invokers$Holder::invokeExact_MT@10
  0x0000022846502d60: fcca 1c07 

  0x0000022846502d64: ;   {post_call_nop}
  0x0000022846502d64: 0f1f 8400 | dc07 0002 

  0x0000022846502d6c: ; implicit exception: dispatches to 0x0000022846502e2a
  0x0000022846502d6c: 483b 00e9 | d800 0000 

  0x0000022846502d74: ;   {metadata({method} {0x000002285a1f5000} 'invokeExact_MT' '(Ljava/lang/Object;Ljava/lang/Object;Ljava/lang/Object;)Ljava/lang/Object;' in 'java/lang/invoke/Invokers$Holder')}
  0x0000022846502d74: 49ba f84f | 1f5a 2802 | 0000 4c89 | 5424 0848 | c704 24ff 

  0x0000022846502d88: ;   {runtime_call C1 Runtime counter_overflow_blob}
  0x0000022846502d88: ffff ffe8 

  0x0000022846502d8c: ; ImmutableOopMap {rdx=Oop r8=Oop r9=Oop [64]=Oop }
                      ;*synchronization entry
                      ; - java.lang.invoke.Invokers$Holder::invokeExact_MT@-1
  0x0000022846502d8c: d019 2a07 | e93c faff | ff48 8914 

  0x0000022846502d98: ;   {runtime_call C1 Runtime throw_class_cast_exception_blob}
  0x0000022846502d98: 24e8 42e3 

  0x0000022846502d9c: ; ImmutableOopMap {r8=Oop r9=Oop [64]=Oop }
                      ;*checkcast {reexecute=0 rethrow=0 return_oop=0}
                      ; - java.lang.invoke.Invokers$Holder::invokeExact_MT@1
  0x0000022846502d9c: 2907 4c89 

  0x0000022846502da0: ;   {runtime_call C1 Runtime throw_class_cast_exception_blob}
  0x0000022846502da0: 0c24 e839 

  0x0000022846502da4: ; ImmutableOopMap {r8=Oop rsi=Oop [64]=Oop [72]=Oop }
                      ;*checkcast {reexecute=0 rethrow=0 return_oop=0}
                      ; - java.lang.invoke.Invokers$Holder::invokeExact_MT@7
                      ;   {metadata({method} {0x000002285a44f2a8} 'checkExactType' '(Ljava/lang/invoke/MethodHandle;Ljava/lang/invoke/MethodType;)V' in 'java/lang/invoke/Invokers')}
  0x0000022846502da4: e329 0749 | baa0 f244 | 5a28 0200 | 004c 8954 | 2408 48c7 | 0424 ffff 

  0x0000022846502dbc: ;   {runtime_call C1 Runtime counter_overflow_blob}
  0x0000022846502dbc: ffff e89d 

  0x0000022846502dc0: ; ImmutableOopMap {r8=Oop rsi=Oop rdi=Oop [64]=Oop [72]=Oop }
                      ;*synchronization entry
                      ; - java.lang.invoke.Invokers::checkExactType@-1 (line 529)
                      ; - java.lang.invoke.Invokers$Holder::invokeExact_MT@10
  0x0000022846502dc0: 192a 07e9 | 41fc ffff 

  0x0000022846502dc8: ;   {runtime_call C1 Runtime throw_null_pointer_exception_blob}
  0x0000022846502dc8: e893 9d29 

  0x0000022846502dcc: ; ImmutableOopMap {r8=Oop rsi=Oop rdi=Oop [64]=Oop [72]=Oop }
                      ;*invokevirtual type {reexecute=0 rethrow=0 return_oop=0}
                      ; - java.lang.invoke.Invokers::checkExactType@1 (line 529)
                      ; - java.lang.invoke.Invokers$Holder::invokeExact_MT@10
                      ;   {metadata({method} {0x000002285a44f1a0} 'checkCustomized' '(Ljava/lang/invoke/MethodHandle;)V' in 'java/lang/invoke/Invokers')}
  0x0000022846502dcc: 0749 ba98 | f144 5a28 | 0200 004c | 8954 2408 | 48c7 0424 | ffff ffff 

  0x0000022846502de4: ;   {runtime_call C1 Runtime counter_overflow_blob}
  0x0000022846502de4: e877 192a 

  0x0000022846502de8: ; ImmutableOopMap {r8=Oop rsi=Oop [64]=Oop [72]=Oop }
                      ;*synchronization entry
                      ; - java.lang.invoke.Invokers::checkCustomized@-1 (line 622)
                      ; - java.lang.invoke.Invokers$Holder::invokeExact_MT@14
  0x0000022846502de8: 07e9 54fd 

  0x0000022846502dec: ;   {metadata({method} {0x000002285a1ddb08} 'isCompileConstant' '(Ljava/lang/Object;)Z' in 'java/lang/invoke/MethodHandleImpl')}
  0x0000022846502dec: ffff 49ba | 00db 1d5a | 2802 0000 | 4c89 5424 | 0848 c704 | 24ff ffff 

  0x0000022846502e04: ;   {runtime_call C1 Runtime counter_overflow_blob}
  0x0000022846502e04: ffe8 5619 

  0x0000022846502e08: ; ImmutableOopMap {r8=Oop rsi=Oop [64]=Oop [72]=Oop }
                      ;*synchronization entry
                      ; - java.lang.invoke.MethodHandleImpl::isCompileConstant@-1 (line 624)
                      ; - java.lang.invoke.Invokers::checkCustomized@1 (line 622)
                      ; - java.lang.invoke.Invokers$Holder::invokeExact_MT@14
  0x0000022846502e08: 2a07 e96c 

  0x0000022846502e0c: ;   {runtime_call C1 Runtime throw_null_pointer_exception_blob}
  0x0000022846502e0c: fdff ffe8 

  0x0000022846502e10: ; ImmutableOopMap {r8=Oop rsi=Oop [64]=Oop [72]=Oop }
                      ;*getfield customized {reexecute=1 rethrow=0 return_oop=0}
                      ; - (reexecute) java.lang.invoke.Invokers::checkCustomized@12 (line 625)
                      ; - java.lang.invoke.Invokers$Holder::invokeExact_MT@14
  0x0000022846502e10: 4c9d 2907 

  0x0000022846502e14: ;   {internal_word}
  0x0000022846502e14: 49ba 352d | 5046 2802 | 0000 4d89 | 9760 0400 

  0x0000022846502e24: ;   {runtime_call SafepointBlob}
  0x0000022846502e24: 00e9 b646 

  0x0000022846502e28: ;   {runtime_call C1 Runtime throw_null_pointer_exception_blob}
  0x0000022846502e28: 1d07 e831 

  0x0000022846502e2c: ; ImmutableOopMap {rax=Oop [64]=Oop [72]=Oop }
                      ;*athrow {reexecute=1 rethrow=0 return_oop=0}
                      ; - (reexecute) java.lang.invoke.Invokers::checkExactType@15 (line 531)
                      ; - java.lang.invoke.Invokers$Holder::invokeExact_MT@10
  0x0000022846502e2c: 9d29 0749 | 8b87 0805 | 0000 49c7 | 8708 0500 | 0000 0000 | 0049 c787 | 1005 0000 | 0000 0000 
  0x0000022846502e4c: 4883 c460 

  0x0000022846502e50: ;   {runtime_call C1 Runtime unwind_exception_blob}
  0x0000022846502e50: 5de9 0a8e | 2907 f4f4 
[Stub Code]
  0x0000022846502e58: ;   {no_reloc}
  0x0000022846502e58: 48bb 0000 | 0000 0000 

  0x0000022846502e60: ;   {runtime_call nmethod}
  0x0000022846502e60: 0000 e9fb 

  0x0000022846502e64: ;   {static_stub}
  0x0000022846502e64: ffff ff48 | bb00 0000 | 0000 0000 

  0x0000022846502e70: ;   {runtime_call nmethod}
  0x0000022846502e70: 00e9 fbff 

  0x0000022846502e74: ;   {static_stub}
  0x0000022846502e74: ffff 48bb | 0000 0000 | 0000 0000 

  0x0000022846502e80: ;   {runtime_call nmethod}
  0x0000022846502e80: e9fb ffff 

  0x0000022846502e84: ;   {runtime_call C1 Runtime handle_exception_from_callee_blob}
  0x0000022846502e84: ffe8 56d7 

  0x0000022846502e88: ;   {external_word}
  0x0000022846502e88: 2907 48b9 | e034 b552 | fb7f 0000 | 4883 e4f0 

  0x0000022846502e98: ;   {runtime_call}
  0x0000022846502e98: 48b8 1090 | 7252 fb7f | 0000 ffd0 

  0x0000022846502ea4: ;   {section_word}
  0x0000022846502ea4: f449 baa5 | 2e50 4628 | 0200 0041 

  0x0000022846502eb0: ;   {runtime_call DeoptimizationBlob}
  0x0000022846502eb0: 52e9 ca2e 

  0x0000022846502eb4: ;   {section_word}
  0x0000022846502eb4: 1d07 49ba | b62e 5046 | 2802 0000 

  0x0000022846502ec0: ;   {runtime_call DeoptimizationBlob}
  0x0000022846502ec0: 4152 e9b9 | 2e1d 07f4 
[/MachCode]


Compiled method (c1) 1192 2507   !   3       org.junit.platform.engine.support.hierarchical.ThrowableCollector::execute (20 bytes)
 total in heap  [0x0000022846663788,0x0000022846663cf8] = 1392
 relocation     [0x0000022846663860,0x00000228466638d0] = 112
 main code      [0x00000228466638e0,0x0000022846663c70] = 912
 stub code      [0x0000022846663c70,0x0000022846663cd8] = 104
 oops           [0x0000022846663cd8,0x0000022846663ce0] = 8
 metadata       [0x0000022846663ce0,0x0000022846663cf8] = 24
 immutable data [0x00000228a07c8290,0x00000228a07c83b8] = 296
 dependencies   [0x00000228a07c8290,0x00000228a07c8298] = 8
 nul chk table  [0x00000228a07c8298,0x00000228a07c82a8] = 16
 handler table  [0x00000228a07c82a8,0x00000228a07c82d8] = 48
 scopes pcs     [0x00000228a07c82d8,0x00000228a07c8358] = 128
 scopes data    [0x00000228a07c8358,0x00000228a07c83b8] = 96

[Constant Pool (empty)]

[MachCode]
[Instructions begin]
  0x00000228466638e0: 660f 1f84 | 0000 0000 | 0066 0f1f | 8400 0000 | 0000 448b | 5208 443b 

  0x00000228466638f8: ;   {runtime_call Shared Runtime ic_miss_blob}
  0x00000228466638f8: 5008 0f85 | 60b0 0607 
[Verified Entry Point]
  0x0000022846663900: 8984 2400 | 80ff ff55 | 4883 ec40 | 4181 7f20 | 0100 0000 

  0x0000022846663914: ;   {runtime_call StubRoutines (final stubs)}
  0x0000022846663914: 7405 e845 

  0x0000022846663918: ;   {metadata(method data for {method} {0x000002289b71fc20} 'execute' '(Lorg/junit/platform/engine/support/hierarchical/ThrowableCollector$Executable;)V' in 'org/junit/platform/engine/support/hierarchical/ThrowableCollector')}
  0x0000022846663918: 4305 0748 | be60 c29a | 9b28 0200 | 008b becc | 0000 0083 | c702 89be | cc00 0000 | 81e7 fe07 
  0x0000022846663938: 0000 85ff | 0f84 9202 | 0000 4889 | 5424 2849 | 3b00 498b 

  0x000002284666394c: ;   {metadata(method data for {method} {0x000002289b71fc20} 'execute' '(Lorg/junit/platform/engine/support/hierarchical/ThrowableCollector$Executable;)V' in 'org/junit/platform/engine/support/hierarchical/ThrowableCollector')}
  0x000002284666394c: f048 bf60 | c29a 9b28 | 0200 008b | 7608 49ba | 0000 005a | 2802 0000 | 4903 f248 | 3bb7 1801 
  0x000002284666396c: 0000 750d | 4883 8720 | 0100 0001 | e960 0000 | 0048 3bb7 | 2801 0000 | 750d 4883 | 8730 0100 
  0x000002284666398c: 0001 e94a | 0000 0048 | 83bf 1801 | 0000 0075 | 1748 89b7 | 1801 0000 | 48c7 8720 | 0100 0001 
  0x00000228466639ac: 0000 00e9 | 2900 0000 | 4883 bf28 | 0100 0000 | 7517 4889 | b728 0100 | 0048 c787 | 3001 0000 
  0x00000228466639cc: 0100 0000 | e908 0000 | 0048 8387 | 1001 0000 | 0149 8bd0 | 0f1f 4400 | 0048 b850 | 6c9c a128 
  0x00000228466639ec: ;   {virtual_call}
  0x00000228466639ec: 0200 00e8 

  0x00000228466639f0: ; ImmutableOopMap {[40]=Oop }
                      ;*invokeinterface execute {reexecute=0 rethrow=0 return_oop=0}
                      ; - org.junit.platform.engine.support.hierarchical.ThrowableCollector::execute@1 (line 73)
  0x00000228466639f0: ec77 1407 

  0x00000228466639f4: ;   {post_call_nop}
  0x00000228466639f4: 0f1f 8400 | 6c02 0000 | e9b3 0100 | 0049 8b87 | 0805 0000 | 4d33 d24d | 8997 0805 | 0000 4d33 
  0x0000022846663a14: d24d 8997 | 1005 0000 

  0x0000022846663a1c: ;   {metadata(method data for {method} {0x000002289b71fc20} 'execute' '(Lorg/junit/platform/engine/support/hierarchical/ThrowableCollector$Executable;)V' in 'org/junit/platform/engine/support/hierarchical/ThrowableCollector')}
  0x0000022846663a1c: 48ba 60c2 | 9a9b 2802 | 0000 4883 | 8258 0100 

  0x0000022846663a2c: ;   {metadata(method data for {method} {0x000002289b7355a0} 'rethrowIfUnrecoverable' '(Ljava/lang/Throwable;)V' in 'org/junit/platform/commons/util/UnrecoverableExceptions')}
  0x0000022846663a2c: 0001 48ba | 28c4 9a9b | 2802 0000 | 8bb2 cc00 | 0000 83c6 | 0289 b2cc | 0000 0081 | e6fe ff1f 
  0x0000022846663a4c: 0085 f60f | 84a5 0100 | 0048 85c0 

  0x0000022846663a58: ;   {metadata(method data for {method} {0x000002289b7355a0} 'rethrowIfUnrecoverable' '(Ljava/lang/Throwable;)V' in 'org/junit/platform/commons/util/UnrecoverableExceptions')}
  0x0000022846663a58: 48bf 28c4 | 9a9b 2802 | 0000 750c | 808f 0901 | 0000 01e9 | ae00 0000 | 8b58 0849 | ba00 0000 
  0x0000022846663a78: 5a28 0200 | 0049 03da | 483b 9f18 | 0100 0075 | 0d48 8387 | 2001 0000 | 01e9 6000 | 0000 483b 
  0x0000022846663a98: 9f28 0100 | 0075 0d48 | 8387 3001 | 0000 01e9 | 4a00 0000 | 4883 bf18 | 0100 0000 | 7517 4889 
  0x0000022846663ab8: 9f18 0100 | 0048 c787 | 2001 0000 | 0100 0000 | e929 0000 | 0048 83bf | 2801 0000 | 0075 1748 
  0x0000022846663ad8: 899f 2801 | 0000 48c7 | 8730 0100 | 0001 0000 | 00e9 0800 | 0000 4883 | 8710 0100 

  0x0000022846663af4: ;   {metadata('java/lang/OutOfMemoryError')}
  0x0000022846663af4: 0001 48bb | a851 1c5a | 2802 0000 | 8b70 0849 | ba00 0000 | 5a28 0200 | 0049 03f2 | 483b de0f 
  0x0000022846663b14: 8505 0000 | 00e9 0500 | 0000 4833 | d2eb 05ba | 0100 0000 

  0x0000022846663b28: ;   {metadata(method data for {method} {0x000002289b7355a0} 'rethrowIfUnrecoverable' '(Ljava/lang/Throwable;)V' in 'org/junit/platform/commons/util/UnrecoverableExceptions')}
  0x0000022846663b28: 85d2 48ba | 28c4 9a9b | 2802 0000 | be50 0100 | 0075 05be | 4001 0000 | 488b 3c32 | 488d 7f01 
  0x0000022846663b48: 4889 3c32 | 0f85 0a00 | 0000 4889 | 4424 30e9 | 1800 0000 | 488b d048 | 8944 2430 

  0x0000022846663b64: ;   {static_call}
  0x0000022846663b64: 6666 90e8 

  0x0000022846663b68: ; ImmutableOopMap {[40]=Oop [48]=Oop }
                      ;*invokestatic throwAsUncheckedException {reexecute=0 rethrow=0 return_oop=0}
                      ; - org.junit.platform.commons.util.UnrecoverableExceptions::rethrowIfUnrecoverable@8 (line 52)
                      ; - org.junit.platform.engine.support.hierarchical.ThrowableCollector::execute@11 (line 76)
  0x0000022846663b68: f4bc 0607 

  0x0000022846663b6c: ;   {post_call_nop}
  0x0000022846663b6c: 0f1f 8400 | e403 0001 | 488b 4424 | 3048 8b54 | 2428 4c8b 

  0x0000022846663b80: ;   {metadata(method data for {method} {0x000002289b71fc20} 'execute' '(Lorg/junit/platform/engine/support/hierarchical/ThrowableCollector$Executable;)V' in 'org/junit/platform/engine/support/hierarchical/ThrowableCollector')}
  0x0000022846663b80: c248 be60 | c29a 9b28 | 0200 0048 | 8386 6801 | 0000 014c 

  0x0000022846663b94: ;   {optimized virtual_call}
  0x0000022846663b94: 8bc0 90e8 

  0x0000022846663b98: ; ImmutableOopMap {}
                      ;*invokespecial add {reexecute=0 rethrow=0 return_oop=0}
                      ; - org.junit.platform.engine.support.hierarchical.ThrowableCollector::execute@16 (line 77)
  0x0000022846663b98: c4b2 0607 

  0x0000022846663b9c: ;   {post_call_nop}
  0x0000022846663b9c: 0f1f 8400 | 1404 0002 | 4883 c440 

  0x0000022846663ba8: ;   {poll_return}
  0x0000022846663ba8: 5d49 3b67 | 280f 8768 | 0000 00c3 

  0x0000022846663bb4: ;   {metadata(method data for {method} {0x000002289b71fc20} 'execute' '(Lorg/junit/platform/engine/support/hierarchical/ThrowableCollector$Executable;)V' in 'org/junit/platform/engine/support/hierarchical/ThrowableCollector')}
  0x0000022846663bb4: 48be 60c2 | 9a9b 2802 | 0000 ff86 | 4001 0000 | 4883 c440 

  0x0000022846663bc8: ;   {poll_return}
  0x0000022846663bc8: 5d49 3b67 | 280f 875e | 0000 00c3 

  0x0000022846663bd4: ;   {metadata({method} {0x000002289b71fc20} 'execute' '(Lorg/junit/platform/engine/support/hierarchical/ThrowableCollector$Executable;)V' in 'org/junit/platform/engine/support/hierarchical/ThrowableCollector')}
  0x0000022846663bd4: 49ba 18fc | 719b 2802 | 0000 4c89 | 5424 0848 | c704 24ff 

  0x0000022846663be8: ;   {runtime_call C1 Runtime counter_overflow_blob}
  0x0000022846663be8: ffff ffe8 

  0x0000022846663bec: ; ImmutableOopMap {rdx=Oop r8=Oop }
                      ;*synchronization entry
                      ; - org.junit.platform.engine.support.hierarchical.ThrowableCollector::execute@-1 (line 73)
  0x0000022846663bec: 700b 1407 | e94d fdff 

  0x0000022846663bf4: ;   {runtime_call C1 Runtime throw_null_pointer_exception_blob}
  0x0000022846663bf4: ffe8 668f 

  0x0000022846663bf8: ; ImmutableOopMap {r8=Oop [40]=Oop }
                      ;*invokeinterface execute {reexecute=0 rethrow=0 return_oop=0}
                      ; - org.junit.platform.engine.support.hierarchical.ThrowableCollector::execute@1 (line 73)
                      ;   {metadata({method} {0x000002289b7355a0} 'rethrowIfUnrecoverable' '(Ljava/lang/Throwable;)V' in 'org/junit/platform/commons/util/UnrecoverableExceptions')}
  0x0000022846663bf8: 1307 49ba | 9855 739b | 2802 0000 | 4c89 5424 | 0848 c704 | 24ff ffff 

  0x0000022846663c10: ;   {runtime_call C1 Runtime counter_overflow_blob}
  0x0000022846663c10: ffe8 4a0b 

  0x0000022846663c14: ; ImmutableOopMap {rax=Oop [40]=Oop }
                      ;*synchronization entry
                      ; - org.junit.platform.commons.util.UnrecoverableExceptions::rethrowIfUnrecoverable@-1 (line 51)
                      ; - org.junit.platform.engine.support.hierarchical.ThrowableCollector::execute@11 (line 76)
  0x0000022846663c14: 1407 e93a 

  0x0000022846663c18: ;   {internal_word}
  0x0000022846663c18: feff ff49 | baa9 3b66 | 4628 0200 | 004d 8997 | 6004 0000 

  0x0000022846663c2c: ;   {runtime_call SafepointBlob}
  0x0000022846663c2c: e9af 3807 

  0x0000022846663c30: ;   {internal_word}
  0x0000022846663c30: 0749 bac9 | 3b66 4628 | 0200 004d | 8997 6004 

  0x0000022846663c40: ;   {runtime_call SafepointBlob}
  0x0000022846663c40: 0000 e999 | 3807 0749 | 8b87 0805 | 0000 49c7 | 8708 0500 | 0000 0000 | 0049 c787 | 1005 0000 
  0x0000022846663c60: 0000 0000 | 4883 c440 

  0x0000022846663c68: ;   {runtime_call C1 Runtime unwind_exception_blob}
  0x0000022846663c68: 5de9 f27f | 1307 f4f4 
[Stub Code]
  0x0000022846663c70: ;   {no_reloc}
  0x0000022846663c70: 0f1f 4400 

  0x0000022846663c74: ;   {static_stub}
  0x0000022846663c74: 0048 bb00 | 0000 0000 

  0x0000022846663c7c: ;   {runtime_call nmethod}
  0x0000022846663c7c: 0000 00e9 | fbff ffff 

  0x0000022846663c84: ;   {static_stub}
  0x0000022846663c84: 9048 bb00 | 0000 0000 

  0x0000022846663c8c: ;   {runtime_call nmethod}
  0x0000022846663c8c: 0000 00e9 | fbff ffff 

  0x0000022846663c94: ;   {static_stub}
  0x0000022846663c94: 48bb 0000 | 0000 0000 

  0x0000022846663c9c: ;   {runtime_call nmethod}
  0x0000022846663c9c: 0000 e9fb 

  0x0000022846663ca0: ;   {runtime_call C1 Runtime handle_exception_from_callee_blob}
  0x0000022846663ca0: ffff ffe8 | 38c9 1307 

  0x0000022846663ca8: ;   {external_word}
  0x0000022846663ca8: 48b9 e034 | b552 fb7f | 0000 4883 

  0x0000022846663cb4: ;   {runtime_call}
  0x0000022846663cb4: e4f0 48b8 | 1090 7252 | fb7f 0000 

  0x0000022846663cc0: ;   {section_word}
  0x0000022846663cc0: ffd0 f449 | bac3 3c66 | 4628 0200 

  0x0000022846663ccc: ;   {runtime_call DeoptimizationBlob}
  0x0000022846663ccc: 0041 52e9 | ac20 0707 | f4f4 f4f4 
[/MachCode]


---------------  P R O C E S S  ---------------

Threads class SMR info:
_java_thread_list=0x000002289f99a960, length=24, elements={
0x000002283b2e4450, 0x000002285946e3b0, 0x000002285946eaf0, 0x000002285946f360,
0x000002285946ffc0, 0x0000022859470c20, 0x0000022859471750, 0x00000228594725b0,
0x0000022859474270, 0x000002285949d5a0, 0x00000228596f8780, 0x00000228596f96d0,
0x0000022859797b80, 0x000002289f75ab00, 0x000002289f74daf0, 0x000002289f91fae0,
0x000002289f82e930, 0x000002289f82f070, 0x000002289f90dae0, 0x000002289f7e3440,
0x000002289f7e1ec0, 0x000002289f788f50, 0x000002289f78a600, 0x000002289f7896e0
}

Java Threads: ( => current thread )
=>0x000002283b2e4450 JavaThread "Test worker"                       [_thread_in_native, id=23120, stack(0x00000099b2600000,0x00000099b2700000) (1024K)]
  0x000002285946e3b0 JavaThread "Reference Handler"          daemon [_thread_blocked, id=33880, stack(0x00000099b2e00000,0x00000099b2f00000) (1024K)]
  0x000002285946eaf0 JavaThread "Finalizer"                  daemon [_thread_blocked, id=27084, stack(0x00000099b2f00000,0x00000099b3000000) (1024K)]
  0x000002285946f360 JavaThread "Signal Dispatcher"          daemon [_thread_blocked, id=40252, stack(0x00000099b3000000,0x00000099b3100000) (1024K)]
  0x000002285946ffc0 JavaThread "Attach Listener"            daemon [_thread_blocked, id=41440, stack(0x00000099b3100000,0x00000099b3200000) (1024K)]
  0x0000022859470c20 JavaThread "Service Thread"             daemon [_thread_blocked, id=37620, stack(0x00000099b3200000,0x00000099b3300000) (1024K)]
  0x0000022859471750 JavaThread "Monitor Deflation Thread"   daemon [_thread_blocked, id=37812, stack(0x00000099b3300000,0x00000099b3400000) (1024K)]
  0x00000228594725b0 JavaThread "C2 CompilerThread0"         daemon [_thread_blocked, id=5560, stack(0x00000099b3400000,0x00000099b3500000) (1024K)]
  0x0000022859474270 JavaThread "C1 CompilerThread0"         daemon [_thread_blocked, id=34840, stack(0x00000099b3500000,0x00000099b3600000) (1024K)]
  0x000002285949d5a0 JavaThread "C1 CompilerThread1"         daemon [_thread_blocked, id=35408, stack(0x00000099b3600000,0x00000099b3700000) (1024K)]
  0x00000228596f8780 JavaThread "Notification Thread"        daemon [_thread_blocked, id=34764, stack(0x00000099b3700000,0x00000099b3800000) (1024K)]
  0x00000228596f96d0 JavaThread "Common-Cleaner"             daemon [_thread_blocked, id=23772, stack(0x00000099b3800000,0x00000099b3900000) (1024K)]
  0x0000022859797b80 JavaThread "C2 CompilerThread1"         daemon [_thread_blocked, id=28584, stack(0x00000099b3900000,0x00000099b3a00000) (1024K)]
  0x000002289f75ab00 JavaThread "C1 CompilerThread2"         daemon [_thread_blocked, id=27820, stack(0x00000099b3a00000,0x00000099b3b00000) (1024K)]
  0x000002289f74daf0 JavaThread "C1 CompilerThread3"         daemon [_thread_blocked, id=24928, stack(0x00000099b3b00000,0x00000099b3c00000) (1024K)]
  0x000002289f91fae0 JavaThread "/127.0.0.1:55185 to /127.0.0.1:55184 workers"        [_thread_blocked, id=32296, stack(0x00000099b3d00000,0x00000099b3e00000) (1024K)]
  0x000002289f82e930 JavaThread "/127.0.0.1:55185 to /127.0.0.1:55184 workers Thread 2"        [_thread_blocked, id=34932, stack(0x00000099b3e00000,0x00000099b3f00000) (1024K)]
  0x000002289f82f070 JavaThread "/127.0.0.1:55185 to /127.0.0.1:55184 workers Thread 3"        [_thread_in_native, id=12208, stack(0x00000099b3f00000,0x00000099b4000000) (1024K)]
  0x000002289f90dae0 JavaThread "C2 CompilerThread2"         daemon [_thread_in_native, id=31780, stack(0x00000099b4000000,0x00000099b4100000) (1024K)]
  0x000002289f7e3440 JavaThread "C2 CompilerThread3"         daemon [_thread_blocked, id=13516, stack(0x00000099b4100000,0x00000099b4200000) (1024K)]
  0x000002289f7e1ec0 JavaThread "C2 CompilerThread4"         daemon [_thread_blocked, id=35520, stack(0x00000099b4200000,0x00000099b4300000) (1024K)]
  0x000002289f788f50 JavaThread "C2 CompilerThread5"         daemon [_thread_blocked, id=31792, stack(0x00000099b4300000,0x00000099b4400000) (1024K)]
  0x000002289f78a600 JavaThread "C2 CompilerThread6"         daemon [_thread_blocked, id=41836, stack(0x00000099b4400000,0x00000099b4500000) (1024K)]
  0x000002289f7896e0 JavaThread "C2 CompilerThread7"         daemon [_thread_in_native, id=37180, stack(0x00000099b4500000,0x00000099b4600000) (1024K)]
Total: 24

Other Threads:
  0x000002285945bea0 VMThread "VM Thread"                           [id=36664, stack(0x00000099b2d00000,0x00000099b2e00000) (1024K)]
  0x0000022859453a20 WatcherThread "VM Periodic Task Thread"        [id=33180, stack(0x00000099b2c00000,0x00000099b2d00000) (1024K)]
  0x000002283d75b040 WorkerThread "GC Thread#0"                     [id=41356, stack(0x00000099b2700000,0x00000099b2800000) (1024K)]
  0x00000228a3560720 WorkerThread "GC Thread#1"                     [id=39680, stack(0x00000099b4600000,0x00000099b4700000) (1024K)]
  0x00000228a56a0f60 WorkerThread "GC Thread#2"                     [id=29248, stack(0x00000099b4700000,0x00000099b4800000) (1024K)]
  0x00000228a71610e0 WorkerThread "GC Thread#3"                     [id=34396, stack(0x00000099b4800000,0x00000099b4900000) (1024K)]
  0x00000228a7a6b440 WorkerThread "GC Thread#4"                     [id=22684, stack(0x00000099b4900000,0x00000099b4a00000) (1024K)]
  0x00000228a4702740 WorkerThread "GC Thread#5"                     [id=28808, stack(0x00000099b4a00000,0x00000099b4b00000) (1024K)]
  0x000002289fac4110 WorkerThread "GC Thread#6"                     [id=9316, stack(0x00000099b4b00000,0x00000099b4c00000) (1024K)]
  0x000002289fac2ea0 WorkerThread "GC Thread#7"                     [id=35672, stack(0x00000099b4c00000,0x00000099b4d00000) (1024K)]
  0x000002289fac44c0 WorkerThread "GC Thread#8"                     [id=26140, stack(0x00000099b4d00000,0x00000099b4e00000) (1024K)]
  0x000002289fac4870 WorkerThread "GC Thread#9"                     [id=39932, stack(0x00000099b4e00000,0x00000099b4f00000) (1024K)]
  0x000002283d760fa0 ConcurrentGCThread "G1 Main Marker"            [id=39432, stack(0x00000099b2800000,0x00000099b2900000) (1024K)]
  0x000002283d762730 WorkerThread "G1 Conc#0"                       [id=41580, stack(0x00000099b2900000,0x00000099b2a00000) (1024K)]
  0x00000228593fc390 ConcurrentGCThread "G1 Refine#0"               [id=35052, stack(0x00000099b2a00000,0x00000099b2b00000) (1024K)]
  0x00000228593fcbc0 ConcurrentGCThread "G1 Service"                [id=23472, stack(0x00000099b2b00000,0x00000099b2c00000) (1024K)]
Total: 16

Threads with active compile tasks:
C2 CompilerThread2  1197 2614       4       java.lang.invoke.MethodType::methodType (69 bytes)
C2 CompilerThread7  1197 2616       4       java.lang.invoke.MethodType::makeImpl (155 bytes)
Total: 2

VM state: not at safepoint (normal execution)

VM Mutex/Monitor currently owned by a thread: None

Heap address: 0x00000000e0000000, size: 512 MB, Compressed Oops mode: 32-bit

CDS archive(s) mapped at: [0x000002285a000000-0x000002285ad40000-0x000002285ad40000), size 13893632, SharedBaseAddress: 0x000002285a000000, ArchiveRelocationMode: 1.
Compressed class space mapped at: 0x000002285b000000-0x000002289b000000, reserved size: 1073741824
UseCompressedClassPointers 1, UseCompactObjectHeaders 0
Narrow klass pointer bits 32, Max shift 3
Narrow klass base: 0x000002285a000000, Narrow klass shift: 0
Encoding Range: [0x000002285a000000 - 0x000002295a000000), (4294967296 bytes)
Klass Range:    [0x000002285a000000 - 0x000002289b000000), (1090519040 bytes)
Klass ID Range:  [8 - 1090519033) (1090519025)

GC Precious Log:
 CardTable entry size: 512
 Card Set container configuration: InlinePtr #cards 5 size 8 Array Of Cards #cards 10 size 36 Howl #buckets 4 coarsen threshold 1843 Howl Bitmap #cards 512 size 80 coarsen threshold 460 Card regions per heap region 1 cards per card region 2048
 CPUs: 16 total, 16 available
 Memory: 26421M
 Large Page Support: Disabled
 NUMA Support: Disabled
 Compressed Oops: Enabled (32-bit)
 Heap Region Size: 1M
 Heap Min Capacity: 8M
 Heap Initial Capacity: 414M
 Heap Max Capacity: 512M
 Pre-touch: Disabled
 Parallel Workers: 13
 Concurrent Workers: 3
 Concurrent Refinement Workers: 13
 Periodic GC: Disabled

Heap:
 garbage-first heap   total reserved 524288K, committed 425984K, used 22331K [0x00000000e0000000, 0x0000000100000000)
  region size 1024K, 22 young (22528K), 5 survivors (5120K)
 Metaspace       used 13957K, committed 14528K, reserved 1114112K
  class space    used 1468K, committed 1728K, reserved 1048576K

Heap Regions: E=young(eden), S=young(survivor), O=old, HS=humongous(starts), HC=humongous(continues), CS=collection set, F=free, TAMS=top-at-mark-start, PB=parsable bottom
|   0|0x00000000e0000000, 0x00000000e0000000, 0x00000000e0100000|  0%| F|  |TAMS 0x00000000e0000000| PB 0x00000000e0000000| Untracked |  0
|   1|0x00000000e0100000, 0x00000000e0100000, 0x00000000e0200000|  0%| F|  |TAMS 0x00000000e0100000| PB 0x00000000e0100000| Untracked |  0
|   2|0x00000000e0200000, 0x00000000e0200000, 0x00000000e0300000|  0%| F|  |TAMS 0x00000000e0200000| PB 0x00000000e0200000| Untracked |  0
|   3|0x00000000e0300000, 0x00000000e0300000, 0x00000000e0400000|  0%| F|  |TAMS 0x00000000e0300000| PB 0x00000000e0300000| Untracked |  0
|   4|0x00000000e0400000, 0x00000000e0400000, 0x00000000e0500000|  0%| F|  |TAMS 0x00000000e0400000| PB 0x00000000e0400000| Untracked |  0
|   5|0x00000000e0500000, 0x00000000e0500000, 0x00000000e0600000|  0%| F|  |TAMS 0x00000000e0500000| PB 0x00000000e0500000| Untracked |  0
|   6|0x00000000e0600000, 0x00000000e0600000, 0x00000000e0700000|  0%| F|  |TAMS 0x00000000e0600000| PB 0x00000000e0600000| Untracked |  0
|   7|0x00000000e0700000, 0x00000000e0700000, 0x00000000e0800000|  0%| F|  |TAMS 0x00000000e0700000| PB 0x00000000e0700000| Untracked |  0
|   8|0x00000000e0800000, 0x00000000e0800000, 0x00000000e0900000|  0%| F|  |TAMS 0x00000000e0800000| PB 0x00000000e0800000| Untracked |  0
|   9|0x00000000e0900000, 0x00000000e0900000, 0x00000000e0a00000|  0%| F|  |TAMS 0x00000000e0900000| PB 0x00000000e0900000| Untracked |  0
|  10|0x00000000e0a00000, 0x00000000e0a00000, 0x00000000e0b00000|  0%| F|  |TAMS 0x00000000e0a00000| PB 0x00000000e0a00000| Untracked |  0
|  11|0x00000000e0b00000, 0x00000000e0b00000, 0x00000000e0c00000|  0%| F|  |TAMS 0x00000000e0b00000| PB 0x00000000e0b00000| Untracked |  0
|  12|0x00000000e0c00000, 0x00000000e0c00000, 0x00000000e0d00000|  0%| F|  |TAMS 0x00000000e0c00000| PB 0x00000000e0c00000| Untracked |  0
|  13|0x00000000e0d00000, 0x00000000e0d00000, 0x00000000e0e00000|  0%| F|  |TAMS 0x00000000e0d00000| PB 0x00000000e0d00000| Untracked |  0
|  14|0x00000000e0e00000, 0x00000000e0e00000, 0x00000000e0f00000|  0%| F|  |TAMS 0x00000000e0e00000| PB 0x00000000e0e00000| Untracked |  0
|  15|0x00000000e0f00000, 0x00000000e0f00000, 0x00000000e1000000|  0%| F|  |TAMS 0x00000000e0f00000| PB 0x00000000e0f00000| Untracked |  0
|  16|0x00000000e1000000, 0x00000000e1000000, 0x00000000e1100000|  0%| F|  |TAMS 0x00000000e1000000| PB 0x00000000e1000000| Untracked |  0
|  17|0x00000000e1100000, 0x00000000e1100000, 0x00000000e1200000|  0%| F|  |TAMS 0x00000000e1100000| PB 0x00000000e1100000| Untracked |  0
|  18|0x00000000e1200000, 0x00000000e1200000, 0x00000000e1300000|  0%| F|  |TAMS 0x00000000e1200000| PB 0x00000000e1200000| Untracked |  0
|  19|0x00000000e1300000, 0x00000000e1300000, 0x00000000e1400000|  0%| F|  |TAMS 0x00000000e1300000| PB 0x00000000e1300000| Untracked |  0
|  20|0x00000000e1400000, 0x00000000e1400000, 0x00000000e1500000|  0%| F|  |TAMS 0x00000000e1400000| PB 0x00000000e1400000| Untracked |  0
|  21|0x00000000e1500000, 0x00000000e1500000, 0x00000000e1600000|  0%| F|  |TAMS 0x00000000e1500000| PB 0x00000000e1500000| Untracked |  0
|  22|0x00000000e1600000, 0x00000000e1600000, 0x00000000e1700000|  0%| F|  |TAMS 0x00000000e1600000| PB 0x00000000e1600000| Untracked |  0
|  23|0x00000000e1700000, 0x00000000e1700000, 0x00000000e1800000|  0%| F|  |TAMS 0x00000000e1700000| PB 0x00000000e1700000| Untracked |  0
|  24|0x00000000e1800000, 0x00000000e1800000, 0x00000000e1900000|  0%| F|  |TAMS 0x00000000e1800000| PB 0x00000000e1800000| Untracked |  0
|  25|0x00000000e1900000, 0x00000000e1900000, 0x00000000e1a00000|  0%| F|  |TAMS 0x00000000e1900000| PB 0x00000000e1900000| Untracked |  0
|  26|0x00000000e1a00000, 0x00000000e1a00000, 0x00000000e1b00000|  0%| F|  |TAMS 0x00000000e1a00000| PB 0x00000000e1a00000| Untracked |  0
|  27|0x00000000e1b00000, 0x00000000e1b00000, 0x00000000e1c00000|  0%| F|  |TAMS 0x00000000e1b00000| PB 0x00000000e1b00000| Untracked |  0
|  28|0x00000000e1c00000, 0x00000000e1c00000, 0x00000000e1d00000|  0%| F|  |TAMS 0x00000000e1c00000| PB 0x00000000e1c00000| Untracked |  0
|  29|0x00000000e1d00000, 0x00000000e1d00000, 0x00000000e1e00000|  0%| F|  |TAMS 0x00000000e1d00000| PB 0x00000000e1d00000| Untracked |  0
|  30|0x00000000e1e00000, 0x00000000e1e00000, 0x00000000e1f00000|  0%| F|  |TAMS 0x00000000e1e00000| PB 0x00000000e1e00000| Untracked |  0
|  31|0x00000000e1f00000, 0x00000000e1f00000, 0x00000000e2000000|  0%| F|  |TAMS 0x00000000e1f00000| PB 0x00000000e1f00000| Untracked |  0
|  32|0x00000000e2000000, 0x00000000e2000000, 0x00000000e2100000|  0%| F|  |TAMS 0x00000000e2000000| PB 0x00000000e2000000| Untracked |  0
|  33|0x00000000e2100000, 0x00000000e2100000, 0x00000000e2200000|  0%| F|  |TAMS 0x00000000e2100000| PB 0x00000000e2100000| Untracked |  0
|  34|0x00000000e2200000, 0x00000000e2200000, 0x00000000e2300000|  0%| F|  |TAMS 0x00000000e2200000| PB 0x00000000e2200000| Untracked |  0
|  35|0x00000000e2300000, 0x00000000e2300000, 0x00000000e2400000|  0%| F|  |TAMS 0x00000000e2300000| PB 0x00000000e2300000| Untracked |  0
|  36|0x00000000e2400000, 0x00000000e2400000, 0x00000000e2500000|  0%| F|  |TAMS 0x00000000e2400000| PB 0x00000000e2400000| Untracked |  0
|  37|0x00000000e2500000, 0x00000000e2500000, 0x00000000e2600000|  0%| F|  |TAMS 0x00000000e2500000| PB 0x00000000e2500000| Untracked |  0
|  38|0x00000000e2600000, 0x00000000e2600000, 0x00000000e2700000|  0%| F|  |TAMS 0x00000000e2600000| PB 0x00000000e2600000| Untracked |  0
|  39|0x00000000e2700000, 0x00000000e2700000, 0x00000000e2800000|  0%| F|  |TAMS 0x00000000e2700000| PB 0x00000000e2700000| Untracked |  0
|  40|0x00000000e2800000, 0x00000000e2800000, 0x00000000e2900000|  0%| F|  |TAMS 0x00000000e2800000| PB 0x00000000e2800000| Untracked |  0
|  41|0x00000000e2900000, 0x00000000e2900000, 0x00000000e2a00000|  0%| F|  |TAMS 0x00000000e2900000| PB 0x00000000e2900000| Untracked |  0
|  42|0x00000000e2a00000, 0x00000000e2a00000, 0x00000000e2b00000|  0%| F|  |TAMS 0x00000000e2a00000| PB 0x00000000e2a00000| Untracked |  0
|  43|0x00000000e2b00000, 0x00000000e2b00000, 0x00000000e2c00000|  0%| F|  |TAMS 0x00000000e2b00000| PB 0x00000000e2b00000| Untracked |  0
|  44|0x00000000e2c00000, 0x00000000e2c00000, 0x00000000e2d00000|  0%| F|  |TAMS 0x00000000e2c00000| PB 0x00000000e2c00000| Untracked |  0
|  45|0x00000000e2d00000, 0x00000000e2d00000, 0x00000000e2e00000|  0%| F|  |TAMS 0x00000000e2d00000| PB 0x00000000e2d00000| Untracked |  0
|  46|0x00000000e2e00000, 0x00000000e2e00000, 0x00000000e2f00000|  0%| F|  |TAMS 0x00000000e2e00000| PB 0x00000000e2e00000| Untracked |  0
|  47|0x00000000e2f00000, 0x00000000e2f00000, 0x00000000e3000000|  0%| F|  |TAMS 0x00000000e2f00000| PB 0x00000000e2f00000| Untracked |  0
|  48|0x00000000e3000000, 0x00000000e3000000, 0x00000000e3100000|  0%| F|  |TAMS 0x00000000e3000000| PB 0x00000000e3000000| Untracked |  0
|  49|0x00000000e3100000, 0x00000000e3100000, 0x00000000e3200000|  0%| F|  |TAMS 0x00000000e3100000| PB 0x00000000e3100000| Untracked |  0
|  50|0x00000000e3200000, 0x00000000e3200000, 0x00000000e3300000|  0%| F|  |TAMS 0x00000000e3200000| PB 0x00000000e3200000| Untracked |  0
|  51|0x00000000e3300000, 0x00000000e3300000, 0x00000000e3400000|  0%| F|  |TAMS 0x00000000e3300000| PB 0x00000000e3300000| Untracked |  0
|  52|0x00000000e3400000, 0x00000000e3400000, 0x00000000e3500000|  0%| F|  |TAMS 0x00000000e3400000| PB 0x00000000e3400000| Untracked |  0
|  53|0x00000000e3500000, 0x00000000e3500000, 0x00000000e3600000|  0%| F|  |TAMS 0x00000000e3500000| PB 0x00000000e3500000| Untracked |  0
|  54|0x00000000e3600000, 0x00000000e3600000, 0x00000000e3700000|  0%| F|  |TAMS 0x00000000e3600000| PB 0x00000000e3600000| Untracked |  0
|  55|0x00000000e3700000, 0x00000000e3700000, 0x00000000e3800000|  0%| F|  |TAMS 0x00000000e3700000| PB 0x00000000e3700000| Untracked |  0
|  56|0x00000000e3800000, 0x00000000e3800000, 0x00000000e3900000|  0%| F|  |TAMS 0x00000000e3800000| PB 0x00000000e3800000| Untracked |  0
|  57|0x00000000e3900000, 0x00000000e3900000, 0x00000000e3a00000|  0%| F|  |TAMS 0x00000000e3900000| PB 0x00000000e3900000| Untracked |  0
|  58|0x00000000e3a00000, 0x00000000e3a00000, 0x00000000e3b00000|  0%| F|  |TAMS 0x00000000e3a00000| PB 0x00000000e3a00000| Untracked |  0
|  59|0x00000000e3b00000, 0x00000000e3b00000, 0x00000000e3c00000|  0%| F|  |TAMS 0x00000000e3b00000| PB 0x00000000e3b00000| Untracked |  0
|  60|0x00000000e3c00000, 0x00000000e3c00000, 0x00000000e3d00000|  0%| F|  |TAMS 0x00000000e3c00000| PB 0x00000000e3c00000| Untracked |  0
|  61|0x00000000e3d00000, 0x00000000e3d00000, 0x00000000e3e00000|  0%| F|  |TAMS 0x00000000e3d00000| PB 0x00000000e3d00000| Untracked |  0
|  62|0x00000000e3e00000, 0x00000000e3e00000, 0x00000000e3f00000|  0%| F|  |TAMS 0x00000000e3e00000| PB 0x00000000e3e00000| Untracked |  0
|  63|0x00000000e3f00000, 0x00000000e3f00000, 0x00000000e4000000|  0%| F|  |TAMS 0x00000000e3f00000| PB 0x00000000e3f00000| Untracked |  0
|  64|0x00000000e4000000, 0x00000000e4000000, 0x00000000e4100000|  0%| F|  |TAMS 0x00000000e4000000| PB 0x00000000e4000000| Untracked |  0
|  65|0x00000000e4100000, 0x00000000e4100000, 0x00000000e4200000|  0%| F|  |TAMS 0x00000000e4100000| PB 0x00000000e4100000| Untracked |  0
|  66|0x00000000e4200000, 0x00000000e4200000, 0x00000000e4300000|  0%| F|  |TAMS 0x00000000e4200000| PB 0x00000000e4200000| Untracked |  0
|  67|0x00000000e4300000, 0x00000000e4300000, 0x00000000e4400000|  0%| F|  |TAMS 0x00000000e4300000| PB 0x00000000e4300000| Untracked |  0
|  68|0x00000000e4400000, 0x00000000e4400000, 0x00000000e4500000|  0%| F|  |TAMS 0x00000000e4400000| PB 0x00000000e4400000| Untracked |  0
|  69|0x00000000e4500000, 0x00000000e4500000, 0x00000000e4600000|  0%| F|  |TAMS 0x00000000e4500000| PB 0x00000000e4500000| Untracked |  0
|  70|0x00000000e4600000, 0x00000000e4600000, 0x00000000e4700000|  0%| F|  |TAMS 0x00000000e4600000| PB 0x00000000e4600000| Untracked |  0
|  71|0x00000000e4700000, 0x00000000e4700000, 0x00000000e4800000|  0%| F|  |TAMS 0x00000000e4700000| PB 0x00000000e4700000| Untracked |  0
|  72|0x00000000e4800000, 0x00000000e4800000, 0x00000000e4900000|  0%| F|  |TAMS 0x00000000e4800000| PB 0x00000000e4800000| Untracked |  0
|  73|0x00000000e4900000, 0x00000000e4900000, 0x00000000e4a00000|  0%| F|  |TAMS 0x00000000e4900000| PB 0x00000000e4900000| Untracked |  0
|  74|0x00000000e4a00000, 0x00000000e4a00000, 0x00000000e4b00000|  0%| F|  |TAMS 0x00000000e4a00000| PB 0x00000000e4a00000| Untracked |  0
|  75|0x00000000e4b00000, 0x00000000e4b00000, 0x00000000e4c00000|  0%| F|  |TAMS 0x00000000e4b00000| PB 0x00000000e4b00000| Untracked |  0
|  76|0x00000000e4c00000, 0x00000000e4c00000, 0x00000000e4d00000|  0%| F|  |TAMS 0x00000000e4c00000| PB 0x00000000e4c00000| Untracked |  0
|  77|0x00000000e4d00000, 0x00000000e4d00000, 0x00000000e4e00000|  0%| F|  |TAMS 0x00000000e4d00000| PB 0x00000000e4d00000| Untracked |  0
|  78|0x00000000e4e00000, 0x00000000e4e00000, 0x00000000e4f00000|  0%| F|  |TAMS 0x00000000e4e00000| PB 0x00000000e4e00000| Untracked |  0
|  79|0x00000000e4f00000, 0x00000000e4f00000, 0x00000000e5000000|  0%| F|  |TAMS 0x00000000e4f00000| PB 0x00000000e4f00000| Untracked |  0
|  80|0x00000000e5000000, 0x00000000e5000000, 0x00000000e5100000|  0%| F|  |TAMS 0x00000000e5000000| PB 0x00000000e5000000| Untracked |  0
|  81|0x00000000e5100000, 0x00000000e5100000, 0x00000000e5200000|  0%| F|  |TAMS 0x00000000e5100000| PB 0x00000000e5100000| Untracked |  0
|  82|0x00000000e5200000, 0x00000000e5200000, 0x00000000e5300000|  0%| F|  |TAMS 0x00000000e5200000| PB 0x00000000e5200000| Untracked |  0
|  83|0x00000000e5300000, 0x00000000e5300000, 0x00000000e5400000|  0%| F|  |TAMS 0x00000000e5300000| PB 0x00000000e5300000| Untracked |  0
|  84|0x00000000e5400000, 0x00000000e5400000, 0x00000000e5500000|  0%| F|  |TAMS 0x00000000e5400000| PB 0x00000000e5400000| Untracked |  0
|  85|0x00000000e5500000, 0x00000000e5500000, 0x00000000e5600000|  0%| F|  |TAMS 0x00000000e5500000| PB 0x00000000e5500000| Untracked |  0
|  86|0x00000000e5600000, 0x00000000e5600000, 0x00000000e5700000|  0%| F|  |TAMS 0x00000000e5600000| PB 0x00000000e5600000| Untracked |  0
|  87|0x00000000e5700000, 0x00000000e5700000, 0x00000000e5800000|  0%| F|  |TAMS 0x00000000e5700000| PB 0x00000000e5700000| Untracked |  0
|  88|0x00000000e5800000, 0x00000000e5800000, 0x00000000e5900000|  0%| F|  |TAMS 0x00000000e5800000| PB 0x00000000e5800000| Untracked |  0
|  89|0x00000000e5900000, 0x00000000e5900000, 0x00000000e5a00000|  0%| F|  |TAMS 0x00000000e5900000| PB 0x00000000e5900000| Untracked |  0
|  90|0x00000000e5a00000, 0x00000000e5a00000, 0x00000000e5b00000|  0%| F|  |TAMS 0x00000000e5a00000| PB 0x00000000e5a00000| Untracked |  0
|  91|0x00000000e5b00000, 0x00000000e5b00000, 0x00000000e5c00000|  0%| F|  |TAMS 0x00000000e5b00000| PB 0x00000000e5b00000| Untracked |  0
|  92|0x00000000e5c00000, 0x00000000e5c00000, 0x00000000e5d00000|  0%| F|  |TAMS 0x00000000e5c00000| PB 0x00000000e5c00000| Untracked |  0
|  93|0x00000000e5d00000, 0x00000000e5d00000, 0x00000000e5e00000|  0%| F|  |TAMS 0x00000000e5d00000| PB 0x00000000e5d00000| Untracked |  0
|  94|0x00000000e5e00000, 0x00000000e5e00000, 0x00000000e5f00000|  0%| F|  |TAMS 0x00000000e5e00000| PB 0x00000000e5e00000| Untracked |  0
|  95|0x00000000e5f00000, 0x00000000e5f00000, 0x00000000e6000000|  0%| F|  |TAMS 0x00000000e5f00000| PB 0x00000000e5f00000| Untracked |  0
|  96|0x00000000e6000000, 0x00000000e6000000, 0x00000000e6100000|  0%| F|  |TAMS 0x00000000e6000000| PB 0x00000000e6000000| Untracked |  0
|  97|0x00000000e6100000, 0x00000000e6100000, 0x00000000e6200000|  0%| F|  |TAMS 0x00000000e6100000| PB 0x00000000e6100000| Untracked |  0
|  98|0x00000000e6200000, 0x00000000e6200000, 0x00000000e6300000|  0%| F|  |TAMS 0x00000000e6200000| PB 0x00000000e6200000| Untracked |  0
|  99|0x00000000e6300000, 0x00000000e6300000, 0x00000000e6400000|  0%| F|  |TAMS 0x00000000e6300000| PB 0x00000000e6300000| Untracked |  0
| 100|0x00000000e6400000, 0x00000000e6400000, 0x00000000e6500000|  0%| F|  |TAMS 0x00000000e6400000| PB 0x00000000e6400000| Untracked |  0
| 101|0x00000000e6500000, 0x00000000e6500000, 0x00000000e6600000|  0%| F|  |TAMS 0x00000000e6500000| PB 0x00000000e6500000| Untracked |  0
| 102|0x00000000e6600000, 0x00000000e6600000, 0x00000000e6700000|  0%| F|  |TAMS 0x00000000e6600000| PB 0x00000000e6600000| Untracked |  0
| 103|0x00000000e6700000, 0x00000000e6700000, 0x00000000e6800000|  0%| F|  |TAMS 0x00000000e6700000| PB 0x00000000e6700000| Untracked |  0
| 104|0x00000000e6800000, 0x00000000e6800000, 0x00000000e6900000|  0%| F|  |TAMS 0x00000000e6800000| PB 0x00000000e6800000| Untracked |  0
| 105|0x00000000e6900000, 0x00000000e6900000, 0x00000000e6a00000|  0%| F|  |TAMS 0x00000000e6900000| PB 0x00000000e6900000| Untracked |  0
| 106|0x00000000e6a00000, 0x00000000e6a00000, 0x00000000e6b00000|  0%| F|  |TAMS 0x00000000e6a00000| PB 0x00000000e6a00000| Untracked |  0
| 107|0x00000000e6b00000, 0x00000000e6b00000, 0x00000000e6c00000|  0%| F|  |TAMS 0x00000000e6b00000| PB 0x00000000e6b00000| Untracked |  0
| 108|0x00000000e6c00000, 0x00000000e6c00000, 0x00000000e6d00000|  0%| F|  |TAMS 0x00000000e6c00000| PB 0x00000000e6c00000| Untracked |  0
| 109|0x00000000e6d00000, 0x00000000e6d00000, 0x00000000e6e00000|  0%| F|  |TAMS 0x00000000e6d00000| PB 0x00000000e6d00000| Untracked |  0
| 110|0x00000000e6e00000, 0x00000000e6e00000, 0x00000000e6f00000|  0%| F|  |TAMS 0x00000000e6e00000| PB 0x00000000e6e00000| Untracked |  0
| 111|0x00000000e6f00000, 0x00000000e6f00000, 0x00000000e7000000|  0%| F|  |TAMS 0x00000000e6f00000| PB 0x00000000e6f00000| Untracked |  0
| 112|0x00000000e7000000, 0x00000000e7000000, 0x00000000e7100000|  0%| F|  |TAMS 0x00000000e7000000| PB 0x00000000e7000000| Untracked |  0
| 113|0x00000000e7100000, 0x00000000e7100000, 0x00000000e7200000|  0%| F|  |TAMS 0x00000000e7100000| PB 0x00000000e7100000| Untracked |  0
| 114|0x00000000e7200000, 0x00000000e7200000, 0x00000000e7300000|  0%| F|  |TAMS 0x00000000e7200000| PB 0x00000000e7200000| Untracked |  0
| 115|0x00000000e7300000, 0x00000000e7300000, 0x00000000e7400000|  0%| F|  |TAMS 0x00000000e7300000| PB 0x00000000e7300000| Untracked |  0
| 116|0x00000000e7400000, 0x00000000e7400000, 0x00000000e7500000|  0%| F|  |TAMS 0x00000000e7400000| PB 0x00000000e7400000| Untracked |  0
| 117|0x00000000e7500000, 0x00000000e7500000, 0x00000000e7600000|  0%| F|  |TAMS 0x00000000e7500000| PB 0x00000000e7500000| Untracked |  0
| 118|0x00000000e7600000, 0x00000000e7600000, 0x00000000e7700000|  0%| F|  |TAMS 0x00000000e7600000| PB 0x00000000e7600000| Untracked |  0
| 119|0x00000000e7700000, 0x00000000e7700000, 0x00000000e7800000|  0%| F|  |TAMS 0x00000000e7700000| PB 0x00000000e7700000| Untracked |  0
| 120|0x00000000e7800000, 0x00000000e7800000, 0x00000000e7900000|  0%| F|  |TAMS 0x00000000e7800000| PB 0x00000000e7800000| Untracked |  0
| 121|0x00000000e7900000, 0x00000000e7900000, 0x00000000e7a00000|  0%| F|  |TAMS 0x00000000e7900000| PB 0x00000000e7900000| Untracked |  0
| 122|0x00000000e7a00000, 0x00000000e7a00000, 0x00000000e7b00000|  0%| F|  |TAMS 0x00000000e7a00000| PB 0x00000000e7a00000| Untracked |  0
| 123|0x00000000e7b00000, 0x00000000e7b00000, 0x00000000e7c00000|  0%| F|  |TAMS 0x00000000e7b00000| PB 0x00000000e7b00000| Untracked |  0
| 124|0x00000000e7c00000, 0x00000000e7c00000, 0x00000000e7d00000|  0%| F|  |TAMS 0x00000000e7c00000| PB 0x00000000e7c00000| Untracked |  0
| 125|0x00000000e7d00000, 0x00000000e7d00000, 0x00000000e7e00000|  0%| F|  |TAMS 0x00000000e7d00000| PB 0x00000000e7d00000| Untracked |  0
| 126|0x00000000e7e00000, 0x00000000e7e00000, 0x00000000e7f00000|  0%| F|  |TAMS 0x00000000e7e00000| PB 0x00000000e7e00000| Untracked |  0
| 127|0x00000000e7f00000, 0x00000000e7f00000, 0x00000000e8000000|  0%| F|  |TAMS 0x00000000e7f00000| PB 0x00000000e7f00000| Untracked |  0
| 128|0x00000000e8000000, 0x00000000e8000000, 0x00000000e8100000|  0%| F|  |TAMS 0x00000000e8000000| PB 0x00000000e8000000| Untracked |  0
| 129|0x00000000e8100000, 0x00000000e8100000, 0x00000000e8200000|  0%| F|  |TAMS 0x00000000e8100000| PB 0x00000000e8100000| Untracked |  0
| 130|0x00000000e8200000, 0x00000000e8200000, 0x00000000e8300000|  0%| F|  |TAMS 0x00000000e8200000| PB 0x00000000e8200000| Untracked |  0
| 131|0x00000000e8300000, 0x00000000e8300000, 0x00000000e8400000|  0%| F|  |TAMS 0x00000000e8300000| PB 0x00000000e8300000| Untracked |  0
| 132|0x00000000e8400000, 0x00000000e8400000, 0x00000000e8500000|  0%| F|  |TAMS 0x00000000e8400000| PB 0x00000000e8400000| Untracked |  0
| 133|0x00000000e8500000, 0x00000000e8500000, 0x00000000e8600000|  0%| F|  |TAMS 0x00000000e8500000| PB 0x00000000e8500000| Untracked |  0
| 134|0x00000000e8600000, 0x00000000e8600000, 0x00000000e8700000|  0%| F|  |TAMS 0x00000000e8600000| PB 0x00000000e8600000| Untracked |  0
| 135|0x00000000e8700000, 0x00000000e8700000, 0x00000000e8800000|  0%| F|  |TAMS 0x00000000e8700000| PB 0x00000000e8700000| Untracked |  0
| 136|0x00000000e8800000, 0x00000000e8800000, 0x00000000e8900000|  0%| F|  |TAMS 0x00000000e8800000| PB 0x00000000e8800000| Untracked |  0
| 137|0x00000000e8900000, 0x00000000e8900000, 0x00000000e8a00000|  0%| F|  |TAMS 0x00000000e8900000| PB 0x00000000e8900000| Untracked |  0
| 138|0x00000000e8a00000, 0x00000000e8a00000, 0x00000000e8b00000|  0%| F|  |TAMS 0x00000000e8a00000| PB 0x00000000e8a00000| Untracked |  0
| 139|0x00000000e8b00000, 0x00000000e8b00000, 0x00000000e8c00000|  0%| F|  |TAMS 0x00000000e8b00000| PB 0x00000000e8b00000| Untracked |  0
| 140|0x00000000e8c00000, 0x00000000e8c00000, 0x00000000e8d00000|  0%| F|  |TAMS 0x00000000e8c00000| PB 0x00000000e8c00000| Untracked |  0
| 141|0x00000000e8d00000, 0x00000000e8d00000, 0x00000000e8e00000|  0%| F|  |TAMS 0x00000000e8d00000| PB 0x00000000e8d00000| Untracked |  0
| 142|0x00000000e8e00000, 0x00000000e8e00000, 0x00000000e8f00000|  0%| F|  |TAMS 0x00000000e8e00000| PB 0x00000000e8e00000| Untracked |  0
| 143|0x00000000e8f00000, 0x00000000e8f00000, 0x00000000e9000000|  0%| F|  |TAMS 0x00000000e8f00000| PB 0x00000000e8f00000| Untracked |  0
| 144|0x00000000e9000000, 0x00000000e9000000, 0x00000000e9100000|  0%| F|  |TAMS 0x00000000e9000000| PB 0x00000000e9000000| Untracked |  0
| 145|0x00000000e9100000, 0x00000000e9100000, 0x00000000e9200000|  0%| F|  |TAMS 0x00000000e9100000| PB 0x00000000e9100000| Untracked |  0
| 146|0x00000000e9200000, 0x00000000e9200000, 0x00000000e9300000|  0%| F|  |TAMS 0x00000000e9200000| PB 0x00000000e9200000| Untracked |  0
| 147|0x00000000e9300000, 0x00000000e9300000, 0x00000000e9400000|  0%| F|  |TAMS 0x00000000e9300000| PB 0x00000000e9300000| Untracked |  0
| 148|0x00000000e9400000, 0x00000000e9400000, 0x00000000e9500000|  0%| F|  |TAMS 0x00000000e9400000| PB 0x00000000e9400000| Untracked |  0
| 149|0x00000000e9500000, 0x00000000e9500000, 0x00000000e9600000|  0%| F|  |TAMS 0x00000000e9500000| PB 0x00000000e9500000| Untracked |  0
| 150|0x00000000e9600000, 0x00000000e9600000, 0x00000000e9700000|  0%| F|  |TAMS 0x00000000e9600000| PB 0x00000000e9600000| Untracked |  0
| 151|0x00000000e9700000, 0x00000000e9700000, 0x00000000e9800000|  0%| F|  |TAMS 0x00000000e9700000| PB 0x00000000e9700000| Untracked |  0
| 152|0x00000000e9800000, 0x00000000e9800000, 0x00000000e9900000|  0%| F|  |TAMS 0x00000000e9800000| PB 0x00000000e9800000| Untracked |  0
| 153|0x00000000e9900000, 0x00000000e9900000, 0x00000000e9a00000|  0%| F|  |TAMS 0x00000000e9900000| PB 0x00000000e9900000| Untracked |  0
| 154|0x00000000e9a00000, 0x00000000e9a00000, 0x00000000e9b00000|  0%| F|  |TAMS 0x00000000e9a00000| PB 0x00000000e9a00000| Untracked |  0
| 155|0x00000000e9b00000, 0x00000000e9b00000, 0x00000000e9c00000|  0%| F|  |TAMS 0x00000000e9b00000| PB 0x00000000e9b00000| Untracked |  0
| 156|0x00000000e9c00000, 0x00000000e9c00000, 0x00000000e9d00000|  0%| F|  |TAMS 0x00000000e9c00000| PB 0x00000000e9c00000| Untracked |  0
| 157|0x00000000e9d00000, 0x00000000e9d00000, 0x00000000e9e00000|  0%| F|  |TAMS 0x00000000e9d00000| PB 0x00000000e9d00000| Untracked |  0
| 158|0x00000000e9e00000, 0x00000000e9e00000, 0x00000000e9f00000|  0%| F|  |TAMS 0x00000000e9e00000| PB 0x00000000e9e00000| Untracked |  0
| 159|0x00000000e9f00000, 0x00000000e9f00000, 0x00000000ea000000|  0%| F|  |TAMS 0x00000000e9f00000| PB 0x00000000e9f00000| Untracked |  0
| 160|0x00000000ea000000, 0x00000000ea000000, 0x00000000ea100000|  0%| F|  |TAMS 0x00000000ea000000| PB 0x00000000ea000000| Untracked |  0
| 161|0x00000000ea100000, 0x00000000ea100000, 0x00000000ea200000|  0%| F|  |TAMS 0x00000000ea100000| PB 0x00000000ea100000| Untracked |  0
| 162|0x00000000ea200000, 0x00000000ea200000, 0x00000000ea300000|  0%| F|  |TAMS 0x00000000ea200000| PB 0x00000000ea200000| Untracked |  0
| 163|0x00000000ea300000, 0x00000000ea300000, 0x00000000ea400000|  0%| F|  |TAMS 0x00000000ea300000| PB 0x00000000ea300000| Untracked |  0
| 164|0x00000000ea400000, 0x00000000ea400000, 0x00000000ea500000|  0%| F|  |TAMS 0x00000000ea400000| PB 0x00000000ea400000| Untracked |  0
| 165|0x00000000ea500000, 0x00000000ea500000, 0x00000000ea600000|  0%| F|  |TAMS 0x00000000ea500000| PB 0x00000000ea500000| Untracked |  0
| 166|0x00000000ea600000, 0x00000000ea600000, 0x00000000ea700000|  0%| F|  |TAMS 0x00000000ea600000| PB 0x00000000ea600000| Untracked |  0
| 167|0x00000000ea700000, 0x00000000ea700000, 0x00000000ea800000|  0%| F|  |TAMS 0x00000000ea700000| PB 0x00000000ea700000| Untracked |  0
| 168|0x00000000ea800000, 0x00000000ea800000, 0x00000000ea900000|  0%| F|  |TAMS 0x00000000ea800000| PB 0x00000000ea800000| Untracked |  0
| 169|0x00000000ea900000, 0x00000000ea900000, 0x00000000eaa00000|  0%| F|  |TAMS 0x00000000ea900000| PB 0x00000000ea900000| Untracked |  0
| 170|0x00000000eaa00000, 0x00000000eaa00000, 0x00000000eab00000|  0%| F|  |TAMS 0x00000000eaa00000| PB 0x00000000eaa00000| Untracked |  0
| 171|0x00000000eab00000, 0x00000000eab00000, 0x00000000eac00000|  0%| F|  |TAMS 0x00000000eab00000| PB 0x00000000eab00000| Untracked |  0
| 172|0x00000000eac00000, 0x00000000eac00000, 0x00000000ead00000|  0%| F|  |TAMS 0x00000000eac00000| PB 0x00000000eac00000| Untracked |  0
| 173|0x00000000ead00000, 0x00000000ead00000, 0x00000000eae00000|  0%| F|  |TAMS 0x00000000ead00000| PB 0x00000000ead00000| Untracked |  0
| 174|0x00000000eae00000, 0x00000000eae00000, 0x00000000eaf00000|  0%| F|  |TAMS 0x00000000eae00000| PB 0x00000000eae00000| Untracked |  0
| 175|0x00000000eaf00000, 0x00000000eaf00000, 0x00000000eb000000|  0%| F|  |TAMS 0x00000000eaf00000| PB 0x00000000eaf00000| Untracked |  0
| 176|0x00000000eb000000, 0x00000000eb000000, 0x00000000eb100000|  0%| F|  |TAMS 0x00000000eb000000| PB 0x00000000eb000000| Untracked |  0
| 177|0x00000000eb100000, 0x00000000eb100000, 0x00000000eb200000|  0%| F|  |TAMS 0x00000000eb100000| PB 0x00000000eb100000| Untracked |  0
| 178|0x00000000eb200000, 0x00000000eb200000, 0x00000000eb300000|  0%| F|  |TAMS 0x00000000eb200000| PB 0x00000000eb200000| Untracked |  0
| 179|0x00000000eb300000, 0x00000000eb300000, 0x00000000eb400000|  0%| F|  |TAMS 0x00000000eb300000| PB 0x00000000eb300000| Untracked |  0
| 180|0x00000000eb400000, 0x00000000eb400000, 0x00000000eb500000|  0%| F|  |TAMS 0x00000000eb400000| PB 0x00000000eb400000| Untracked |  0
| 181|0x00000000eb500000, 0x00000000eb500000, 0x00000000eb600000|  0%| F|  |TAMS 0x00000000eb500000| PB 0x00000000eb500000| Untracked |  0
| 182|0x00000000eb600000, 0x00000000eb600000, 0x00000000eb700000|  0%| F|  |TAMS 0x00000000eb600000| PB 0x00000000eb600000| Untracked |  0
| 183|0x00000000eb700000, 0x00000000eb700000, 0x00000000eb800000|  0%| F|  |TAMS 0x00000000eb700000| PB 0x00000000eb700000| Untracked |  0
| 184|0x00000000eb800000, 0x00000000eb800000, 0x00000000eb900000|  0%| F|  |TAMS 0x00000000eb800000| PB 0x00000000eb800000| Untracked |  0
| 185|0x00000000eb900000, 0x00000000eb900000, 0x00000000eba00000|  0%| F|  |TAMS 0x00000000eb900000| PB 0x00000000eb900000| Untracked |  0
| 186|0x00000000eba00000, 0x00000000eba00000, 0x00000000ebb00000|  0%| F|  |TAMS 0x00000000eba00000| PB 0x00000000eba00000| Untracked |  0
| 187|0x00000000ebb00000, 0x00000000ebb00000, 0x00000000ebc00000|  0%| F|  |TAMS 0x00000000ebb00000| PB 0x00000000ebb00000| Untracked |  0
| 188|0x00000000ebc00000, 0x00000000ebc00000, 0x00000000ebd00000|  0%| F|  |TAMS 0x00000000ebc00000| PB 0x00000000ebc00000| Untracked |  0
| 189|0x00000000ebd00000, 0x00000000ebd00000, 0x00000000ebe00000|  0%| F|  |TAMS 0x00000000ebd00000| PB 0x00000000ebd00000| Untracked |  0
| 190|0x00000000ebe00000, 0x00000000ebe00000, 0x00000000ebf00000|  0%| F|  |TAMS 0x00000000ebe00000| PB 0x00000000ebe00000| Untracked |  0
| 191|0x00000000ebf00000, 0x00000000ebf00000, 0x00000000ec000000|  0%| F|  |TAMS 0x00000000ebf00000| PB 0x00000000ebf00000| Untracked |  0
| 192|0x00000000ec000000, 0x00000000ec000000, 0x00000000ec100000|  0%| F|  |TAMS 0x00000000ec000000| PB 0x00000000ec000000| Untracked |  0
| 193|0x00000000ec100000, 0x00000000ec100000, 0x00000000ec200000|  0%| F|  |TAMS 0x00000000ec100000| PB 0x00000000ec100000| Untracked |  0
| 194|0x00000000ec200000, 0x00000000ec200000, 0x00000000ec300000|  0%| F|  |TAMS 0x00000000ec200000| PB 0x00000000ec200000| Untracked |  0
| 195|0x00000000ec300000, 0x00000000ec300000, 0x00000000ec400000|  0%| F|  |TAMS 0x00000000ec300000| PB 0x00000000ec300000| Untracked |  0
| 196|0x00000000ec400000, 0x00000000ec400000, 0x00000000ec500000|  0%| F|  |TAMS 0x00000000ec400000| PB 0x00000000ec400000| Untracked |  0
| 197|0x00000000ec500000, 0x00000000ec500000, 0x00000000ec600000|  0%| F|  |TAMS 0x00000000ec500000| PB 0x00000000ec500000| Untracked |  0
| 198|0x00000000ec600000, 0x00000000ec600000, 0x00000000ec700000|  0%| F|  |TAMS 0x00000000ec600000| PB 0x00000000ec600000| Untracked |  0
| 199|0x00000000ec700000, 0x00000000ec700000, 0x00000000ec800000|  0%| F|  |TAMS 0x00000000ec700000| PB 0x00000000ec700000| Untracked |  0
| 200|0x00000000ec800000, 0x00000000ec800000, 0x00000000ec900000|  0%| F|  |TAMS 0x00000000ec800000| PB 0x00000000ec800000| Untracked |  0
| 201|0x00000000ec900000, 0x00000000ec900000, 0x00000000eca00000|  0%| F|  |TAMS 0x00000000ec900000| PB 0x00000000ec900000| Untracked |  0
| 202|0x00000000eca00000, 0x00000000eca00000, 0x00000000ecb00000|  0%| F|  |TAMS 0x00000000eca00000| PB 0x00000000eca00000| Untracked |  0
| 203|0x00000000ecb00000, 0x00000000ecb00000, 0x00000000ecc00000|  0%| F|  |TAMS 0x00000000ecb00000| PB 0x00000000ecb00000| Untracked |  0
| 204|0x00000000ecc00000, 0x00000000ecc00000, 0x00000000ecd00000|  0%| F|  |TAMS 0x00000000ecc00000| PB 0x00000000ecc00000| Untracked |  0
| 205|0x00000000ecd00000, 0x00000000ecd00000, 0x00000000ece00000|  0%| F|  |TAMS 0x00000000ecd00000| PB 0x00000000ecd00000| Untracked |  0
| 206|0x00000000ece00000, 0x00000000ece00000, 0x00000000ecf00000|  0%| F|  |TAMS 0x00000000ece00000| PB 0x00000000ece00000| Untracked |  0
| 207|0x00000000ecf00000, 0x00000000ecf00000, 0x00000000ed000000|  0%| F|  |TAMS 0x00000000ecf00000| PB 0x00000000ecf00000| Untracked |  0
| 208|0x00000000ed000000, 0x00000000ed000000, 0x00000000ed100000|  0%| F|  |TAMS 0x00000000ed000000| PB 0x00000000ed000000| Untracked |  0
| 209|0x00000000ed100000, 0x00000000ed100000, 0x00000000ed200000|  0%| F|  |TAMS 0x00000000ed100000| PB 0x00000000ed100000| Untracked |  0
| 210|0x00000000ed200000, 0x00000000ed200000, 0x00000000ed300000|  0%| F|  |TAMS 0x00000000ed200000| PB 0x00000000ed200000| Untracked |  0
| 211|0x00000000ed300000, 0x00000000ed300000, 0x00000000ed400000|  0%| F|  |TAMS 0x00000000ed300000| PB 0x00000000ed300000| Untracked |  0
| 212|0x00000000ed400000, 0x00000000ed400000, 0x00000000ed500000|  0%| F|  |TAMS 0x00000000ed400000| PB 0x00000000ed400000| Untracked |  0
| 213|0x00000000ed500000, 0x00000000ed500000, 0x00000000ed600000|  0%| F|  |TAMS 0x00000000ed500000| PB 0x00000000ed500000| Untracked |  0
| 214|0x00000000ed600000, 0x00000000ed600000, 0x00000000ed700000|  0%| F|  |TAMS 0x00000000ed600000| PB 0x00000000ed600000| Untracked |  0
| 215|0x00000000ed700000, 0x00000000ed700000, 0x00000000ed800000|  0%| F|  |TAMS 0x00000000ed700000| PB 0x00000000ed700000| Untracked |  0
| 216|0x00000000ed800000, 0x00000000ed800000, 0x00000000ed900000|  0%| F|  |TAMS 0x00000000ed800000| PB 0x00000000ed800000| Untracked |  0
| 217|0x00000000ed900000, 0x00000000ed900000, 0x00000000eda00000|  0%| F|  |TAMS 0x00000000ed900000| PB 0x00000000ed900000| Untracked |  0
| 218|0x00000000eda00000, 0x00000000eda00000, 0x00000000edb00000|  0%| F|  |TAMS 0x00000000eda00000| PB 0x00000000eda00000| Untracked |  0
| 219|0x00000000edb00000, 0x00000000edb00000, 0x00000000edc00000|  0%| F|  |TAMS 0x00000000edb00000| PB 0x00000000edb00000| Untracked |  0
| 220|0x00000000edc00000, 0x00000000edc00000, 0x00000000edd00000|  0%| F|  |TAMS 0x00000000edc00000| PB 0x00000000edc00000| Untracked |  0
| 221|0x00000000edd00000, 0x00000000edd00000, 0x00000000ede00000|  0%| F|  |TAMS 0x00000000edd00000| PB 0x00000000edd00000| Untracked |  0
| 222|0x00000000ede00000, 0x00000000ede00000, 0x00000000edf00000|  0%| F|  |TAMS 0x00000000ede00000| PB 0x00000000ede00000| Untracked |  0
| 223|0x00000000edf00000, 0x00000000edf00000, 0x00000000ee000000|  0%| F|  |TAMS 0x00000000edf00000| PB 0x00000000edf00000| Untracked |  0
| 224|0x00000000ee000000, 0x00000000ee000000, 0x00000000ee100000|  0%| F|  |TAMS 0x00000000ee000000| PB 0x00000000ee000000| Untracked |  0
| 225|0x00000000ee100000, 0x00000000ee100000, 0x00000000ee200000|  0%| F|  |TAMS 0x00000000ee100000| PB 0x00000000ee100000| Untracked |  0
| 226|0x00000000ee200000, 0x00000000ee200000, 0x00000000ee300000|  0%| F|  |TAMS 0x00000000ee200000| PB 0x00000000ee200000| Untracked |  0
| 227|0x00000000ee300000, 0x00000000ee300000, 0x00000000ee400000|  0%| F|  |TAMS 0x00000000ee300000| PB 0x00000000ee300000| Untracked |  0
| 228|0x00000000ee400000, 0x00000000ee400000, 0x00000000ee500000|  0%| F|  |TAMS 0x00000000ee400000| PB 0x00000000ee400000| Untracked |  0
| 229|0x00000000ee500000, 0x00000000ee500000, 0x00000000ee600000|  0%| F|  |TAMS 0x00000000ee500000| PB 0x00000000ee500000| Untracked |  0
| 230|0x00000000ee600000, 0x00000000ee600000, 0x00000000ee700000|  0%| F|  |TAMS 0x00000000ee600000| PB 0x00000000ee600000| Untracked |  0
| 231|0x00000000ee700000, 0x00000000ee700000, 0x00000000ee800000|  0%| F|  |TAMS 0x00000000ee700000| PB 0x00000000ee700000| Untracked |  0
| 232|0x00000000ee800000, 0x00000000ee800000, 0x00000000ee900000|  0%| F|  |TAMS 0x00000000ee800000| PB 0x00000000ee800000| Untracked |  0
| 233|0x00000000ee900000, 0x00000000ee900000, 0x00000000eea00000|  0%| F|  |TAMS 0x00000000ee900000| PB 0x00000000ee900000| Untracked |  0
| 234|0x00000000eea00000, 0x00000000eea00000, 0x00000000eeb00000|  0%| F|  |TAMS 0x00000000eea00000| PB 0x00000000eea00000| Untracked |  0
| 235|0x00000000eeb00000, 0x00000000eeb00000, 0x00000000eec00000|  0%| F|  |TAMS 0x00000000eeb00000| PB 0x00000000eeb00000| Untracked |  0
| 236|0x00000000eec00000, 0x00000000eec00000, 0x00000000eed00000|  0%| F|  |TAMS 0x00000000eec00000| PB 0x00000000eec00000| Untracked |  0
| 237|0x00000000eed00000, 0x00000000eed00000, 0x00000000eee00000|  0%| F|  |TAMS 0x00000000eed00000| PB 0x00000000eed00000| Untracked |  0
| 238|0x00000000eee00000, 0x00000000eee00000, 0x00000000eef00000|  0%| F|  |TAMS 0x00000000eee00000| PB 0x00000000eee00000| Untracked |  0
| 239|0x00000000eef00000, 0x00000000eef00000, 0x00000000ef000000|  0%| F|  |TAMS 0x00000000eef00000| PB 0x00000000eef00000| Untracked |  0
| 240|0x00000000ef000000, 0x00000000ef000000, 0x00000000ef100000|  0%| F|  |TAMS 0x00000000ef000000| PB 0x00000000ef000000| Untracked |  0
| 241|0x00000000ef100000, 0x00000000ef100000, 0x00000000ef200000|  0%| F|  |TAMS 0x00000000ef100000| PB 0x00000000ef100000| Untracked |  0
| 242|0x00000000ef200000, 0x00000000ef200000, 0x00000000ef300000|  0%| F|  |TAMS 0x00000000ef200000| PB 0x00000000ef200000| Untracked |  0
| 243|0x00000000ef300000, 0x00000000ef300000, 0x00000000ef400000|  0%| F|  |TAMS 0x00000000ef300000| PB 0x00000000ef300000| Untracked |  0
| 244|0x00000000ef400000, 0x00000000ef400000, 0x00000000ef500000|  0%| F|  |TAMS 0x00000000ef400000| PB 0x00000000ef400000| Untracked |  0
| 245|0x00000000ef500000, 0x00000000ef500000, 0x00000000ef600000|  0%| F|  |TAMS 0x00000000ef500000| PB 0x00000000ef500000| Untracked |  0
| 246|0x00000000ef600000, 0x00000000ef600000, 0x00000000ef700000|  0%| F|  |TAMS 0x00000000ef600000| PB 0x00000000ef600000| Untracked |  0
| 247|0x00000000ef700000, 0x00000000ef700000, 0x00000000ef800000|  0%| F|  |TAMS 0x00000000ef700000| PB 0x00000000ef700000| Untracked |  0
| 248|0x00000000ef800000, 0x00000000ef800000, 0x00000000ef900000|  0%| F|  |TAMS 0x00000000ef800000| PB 0x00000000ef800000| Untracked |  0
| 249|0x00000000ef900000, 0x00000000ef900000, 0x00000000efa00000|  0%| F|  |TAMS 0x00000000ef900000| PB 0x00000000ef900000| Untracked |  0
| 250|0x00000000efa00000, 0x00000000efa00000, 0x00000000efb00000|  0%| F|  |TAMS 0x00000000efa00000| PB 0x00000000efa00000| Untracked |  0
| 251|0x00000000efb00000, 0x00000000efb00000, 0x00000000efc00000|  0%| F|  |TAMS 0x00000000efb00000| PB 0x00000000efb00000| Untracked |  0
| 252|0x00000000efc00000, 0x00000000efc00000, 0x00000000efd00000|  0%| F|  |TAMS 0x00000000efc00000| PB 0x00000000efc00000| Untracked |  0
| 253|0x00000000efd00000, 0x00000000efd00000, 0x00000000efe00000|  0%| F|  |TAMS 0x00000000efd00000| PB 0x00000000efd00000| Untracked |  0
| 254|0x00000000efe00000, 0x00000000efe00000, 0x00000000eff00000|  0%| F|  |TAMS 0x00000000efe00000| PB 0x00000000efe00000| Untracked |  0
| 255|0x00000000eff00000, 0x00000000eff00000, 0x00000000f0000000|  0%| F|  |TAMS 0x00000000eff00000| PB 0x00000000eff00000| Untracked |  0
| 256|0x00000000f0000000, 0x00000000f0000000, 0x00000000f0100000|  0%| F|  |TAMS 0x00000000f0000000| PB 0x00000000f0000000| Untracked |  0
| 257|0x00000000f0100000, 0x00000000f0100000, 0x00000000f0200000|  0%| F|  |TAMS 0x00000000f0100000| PB 0x00000000f0100000| Untracked |  0
| 258|0x00000000f0200000, 0x00000000f0200000, 0x00000000f0300000|  0%| F|  |TAMS 0x00000000f0200000| PB 0x00000000f0200000| Untracked |  0
| 259|0x00000000f0300000, 0x00000000f0300000, 0x00000000f0400000|  0%| F|  |TAMS 0x00000000f0300000| PB 0x00000000f0300000| Untracked |  0
| 260|0x00000000f0400000, 0x00000000f0400000, 0x00000000f0500000|  0%| F|  |TAMS 0x00000000f0400000| PB 0x00000000f0400000| Untracked |  0
| 261|0x00000000f0500000, 0x00000000f0500000, 0x00000000f0600000|  0%| F|  |TAMS 0x00000000f0500000| PB 0x00000000f0500000| Untracked |  0
| 262|0x00000000f0600000, 0x00000000f0600000, 0x00000000f0700000|  0%| F|  |TAMS 0x00000000f0600000| PB 0x00000000f0600000| Untracked |  0
| 263|0x00000000f0700000, 0x00000000f0700000, 0x00000000f0800000|  0%| F|  |TAMS 0x00000000f0700000| PB 0x00000000f0700000| Untracked |  0
| 264|0x00000000f0800000, 0x00000000f0800000, 0x00000000f0900000|  0%| F|  |TAMS 0x00000000f0800000| PB 0x00000000f0800000| Untracked |  0
| 265|0x00000000f0900000, 0x00000000f0900000, 0x00000000f0a00000|  0%| F|  |TAMS 0x00000000f0900000| PB 0x00000000f0900000| Untracked |  0
| 266|0x00000000f0a00000, 0x00000000f0a00000, 0x00000000f0b00000|  0%| F|  |TAMS 0x00000000f0a00000| PB 0x00000000f0a00000| Untracked |  0
| 267|0x00000000f0b00000, 0x00000000f0b00000, 0x00000000f0c00000|  0%| F|  |TAMS 0x00000000f0b00000| PB 0x00000000f0b00000| Untracked |  0
| 268|0x00000000f0c00000, 0x00000000f0c00000, 0x00000000f0d00000|  0%| F|  |TAMS 0x00000000f0c00000| PB 0x00000000f0c00000| Untracked |  0
| 269|0x00000000f0d00000, 0x00000000f0d00000, 0x00000000f0e00000|  0%| F|  |TAMS 0x00000000f0d00000| PB 0x00000000f0d00000| Untracked |  0
| 270|0x00000000f0e00000, 0x00000000f0e00000, 0x00000000f0f00000|  0%| F|  |TAMS 0x00000000f0e00000| PB 0x00000000f0e00000| Untracked |  0
| 271|0x00000000f0f00000, 0x00000000f0f00000, 0x00000000f1000000|  0%| F|  |TAMS 0x00000000f0f00000| PB 0x00000000f0f00000| Untracked |  0
| 272|0x00000000f1000000, 0x00000000f1000000, 0x00000000f1100000|  0%| F|  |TAMS 0x00000000f1000000| PB 0x00000000f1000000| Untracked |  0
| 273|0x00000000f1100000, 0x00000000f1100000, 0x00000000f1200000|  0%| F|  |TAMS 0x00000000f1100000| PB 0x00000000f1100000| Untracked |  0
| 274|0x00000000f1200000, 0x00000000f1200000, 0x00000000f1300000|  0%| F|  |TAMS 0x00000000f1200000| PB 0x00000000f1200000| Untracked |  0
| 275|0x00000000f1300000, 0x00000000f1300000, 0x00000000f1400000|  0%| F|  |TAMS 0x00000000f1300000| PB 0x00000000f1300000| Untracked |  0
| 276|0x00000000f1400000, 0x00000000f1400000, 0x00000000f1500000|  0%| F|  |TAMS 0x00000000f1400000| PB 0x00000000f1400000| Untracked |  0
| 277|0x00000000f1500000, 0x00000000f1500000, 0x00000000f1600000|  0%| F|  |TAMS 0x00000000f1500000| PB 0x00000000f1500000| Untracked |  0
| 278|0x00000000f1600000, 0x00000000f1600000, 0x00000000f1700000|  0%| F|  |TAMS 0x00000000f1600000| PB 0x00000000f1600000| Untracked |  0
| 279|0x00000000f1700000, 0x00000000f1700000, 0x00000000f1800000|  0%| F|  |TAMS 0x00000000f1700000| PB 0x00000000f1700000| Untracked |  0
| 280|0x00000000f1800000, 0x00000000f1800000, 0x00000000f1900000|  0%| F|  |TAMS 0x00000000f1800000| PB 0x00000000f1800000| Untracked |  0
| 281|0x00000000f1900000, 0x00000000f1900000, 0x00000000f1a00000|  0%| F|  |TAMS 0x00000000f1900000| PB 0x00000000f1900000| Untracked |  0
| 282|0x00000000f1a00000, 0x00000000f1a00000, 0x00000000f1b00000|  0%| F|  |TAMS 0x00000000f1a00000| PB 0x00000000f1a00000| Untracked |  0
| 283|0x00000000f1b00000, 0x00000000f1b00000, 0x00000000f1c00000|  0%| F|  |TAMS 0x00000000f1b00000| PB 0x00000000f1b00000| Untracked |  0
| 284|0x00000000f1c00000, 0x00000000f1c00000, 0x00000000f1d00000|  0%| F|  |TAMS 0x00000000f1c00000| PB 0x00000000f1c00000| Untracked |  0
| 285|0x00000000f1d00000, 0x00000000f1d00000, 0x00000000f1e00000|  0%| F|  |TAMS 0x00000000f1d00000| PB 0x00000000f1d00000| Untracked |  0
| 286|0x00000000f1e00000, 0x00000000f1e00000, 0x00000000f1f00000|  0%| F|  |TAMS 0x00000000f1e00000| PB 0x00000000f1e00000| Untracked |  0
| 287|0x00000000f1f00000, 0x00000000f1f00000, 0x00000000f2000000|  0%| F|  |TAMS 0x00000000f1f00000| PB 0x00000000f1f00000| Untracked |  0
| 288|0x00000000f2000000, 0x00000000f2000000, 0x00000000f2100000|  0%| F|  |TAMS 0x00000000f2000000| PB 0x00000000f2000000| Untracked |  0
| 289|0x00000000f2100000, 0x00000000f2100000, 0x00000000f2200000|  0%| F|  |TAMS 0x00000000f2100000| PB 0x00000000f2100000| Untracked |  0
| 290|0x00000000f2200000, 0x00000000f2200000, 0x00000000f2300000|  0%| F|  |TAMS 0x00000000f2200000| PB 0x00000000f2200000| Untracked |  0
| 291|0x00000000f2300000, 0x00000000f2300000, 0x00000000f2400000|  0%| F|  |TAMS 0x00000000f2300000| PB 0x00000000f2300000| Untracked |  0
| 292|0x00000000f2400000, 0x00000000f2400000, 0x00000000f2500000|  0%| F|  |TAMS 0x00000000f2400000| PB 0x00000000f2400000| Untracked |  0
| 293|0x00000000f2500000, 0x00000000f2500000, 0x00000000f2600000|  0%| F|  |TAMS 0x00000000f2500000| PB 0x00000000f2500000| Untracked |  0
| 294|0x00000000f2600000, 0x00000000f2600000, 0x00000000f2700000|  0%| F|  |TAMS 0x00000000f2600000| PB 0x00000000f2600000| Untracked |  0
| 295|0x00000000f2700000, 0x00000000f2700000, 0x00000000f2800000|  0%| F|  |TAMS 0x00000000f2700000| PB 0x00000000f2700000| Untracked |  0
| 296|0x00000000f2800000, 0x00000000f2800000, 0x00000000f2900000|  0%| F|  |TAMS 0x00000000f2800000| PB 0x00000000f2800000| Untracked |  0
| 297|0x00000000f2900000, 0x00000000f2900000, 0x00000000f2a00000|  0%| F|  |TAMS 0x00000000f2900000| PB 0x00000000f2900000| Untracked |  0
| 298|0x00000000f2a00000, 0x00000000f2a00000, 0x00000000f2b00000|  0%| F|  |TAMS 0x00000000f2a00000| PB 0x00000000f2a00000| Untracked |  0
| 299|0x00000000f2b00000, 0x00000000f2b00000, 0x00000000f2c00000|  0%| F|  |TAMS 0x00000000f2b00000| PB 0x00000000f2b00000| Untracked |  0
| 300|0x00000000f2c00000, 0x00000000f2c00000, 0x00000000f2d00000|  0%| F|  |TAMS 0x00000000f2c00000| PB 0x00000000f2c00000| Untracked |  0
| 301|0x00000000f2d00000, 0x00000000f2d00000, 0x00000000f2e00000|  0%| F|  |TAMS 0x00000000f2d00000| PB 0x00000000f2d00000| Untracked |  0
| 302|0x00000000f2e00000, 0x00000000f2e00000, 0x00000000f2f00000|  0%| F|  |TAMS 0x00000000f2e00000| PB 0x00000000f2e00000| Untracked |  0
| 303|0x00000000f2f00000, 0x00000000f2f00000, 0x00000000f3000000|  0%| F|  |TAMS 0x00000000f2f00000| PB 0x00000000f2f00000| Untracked |  0
| 304|0x00000000f3000000, 0x00000000f3000000, 0x00000000f3100000|  0%| F|  |TAMS 0x00000000f3000000| PB 0x00000000f3000000| Untracked |  0
| 305|0x00000000f3100000, 0x00000000f3100000, 0x00000000f3200000|  0%| F|  |TAMS 0x00000000f3100000| PB 0x00000000f3100000| Untracked |  0
| 306|0x00000000f3200000, 0x00000000f3200000, 0x00000000f3300000|  0%| F|  |TAMS 0x00000000f3200000| PB 0x00000000f3200000| Untracked |  0
| 307|0x00000000f3300000, 0x00000000f3300000, 0x00000000f3400000|  0%| F|  |TAMS 0x00000000f3300000| PB 0x00000000f3300000| Untracked |  0
| 308|0x00000000f3400000, 0x00000000f3400000, 0x00000000f3500000|  0%| F|  |TAMS 0x00000000f3400000| PB 0x00000000f3400000| Untracked |  0
| 309|0x00000000f3500000, 0x00000000f3500000, 0x00000000f3600000|  0%| F|  |TAMS 0x00000000f3500000| PB 0x00000000f3500000| Untracked |  0
| 310|0x00000000f3600000, 0x00000000f3600000, 0x00000000f3700000|  0%| F|  |TAMS 0x00000000f3600000| PB 0x00000000f3600000| Untracked |  0
| 311|0x00000000f3700000, 0x00000000f3700000, 0x00000000f3800000|  0%| F|  |TAMS 0x00000000f3700000| PB 0x00000000f3700000| Untracked |  0
| 312|0x00000000f3800000, 0x00000000f3800000, 0x00000000f3900000|  0%| F|  |TAMS 0x00000000f3800000| PB 0x00000000f3800000| Untracked |  0
| 313|0x00000000f3900000, 0x00000000f3900000, 0x00000000f3a00000|  0%| F|  |TAMS 0x00000000f3900000| PB 0x00000000f3900000| Untracked |  0
| 314|0x00000000f3a00000, 0x00000000f3a00000, 0x00000000f3b00000|  0%| F|  |TAMS 0x00000000f3a00000| PB 0x00000000f3a00000| Untracked |  0
| 315|0x00000000f3b00000, 0x00000000f3b00000, 0x00000000f3c00000|  0%| F|  |TAMS 0x00000000f3b00000| PB 0x00000000f3b00000| Untracked |  0
| 316|0x00000000f3c00000, 0x00000000f3c00000, 0x00000000f3d00000|  0%| F|  |TAMS 0x00000000f3c00000| PB 0x00000000f3c00000| Untracked |  0
| 317|0x00000000f3d00000, 0x00000000f3d00000, 0x00000000f3e00000|  0%| F|  |TAMS 0x00000000f3d00000| PB 0x00000000f3d00000| Untracked |  0
| 318|0x00000000f3e00000, 0x00000000f3e00000, 0x00000000f3f00000|  0%| F|  |TAMS 0x00000000f3e00000| PB 0x00000000f3e00000| Untracked |  0
| 319|0x00000000f3f00000, 0x00000000f3f00000, 0x00000000f4000000|  0%| F|  |TAMS 0x00000000f3f00000| PB 0x00000000f3f00000| Untracked |  0
| 320|0x00000000f4000000, 0x00000000f4000000, 0x00000000f4100000|  0%| F|  |TAMS 0x00000000f4000000| PB 0x00000000f4000000| Untracked |  0
| 321|0x00000000f4100000, 0x00000000f4100000, 0x00000000f4200000|  0%| F|  |TAMS 0x00000000f4100000| PB 0x00000000f4100000| Untracked |  0
| 322|0x00000000f4200000, 0x00000000f4200000, 0x00000000f4300000|  0%| F|  |TAMS 0x00000000f4200000| PB 0x00000000f4200000| Untracked |  0
| 323|0x00000000f4300000, 0x00000000f4300000, 0x00000000f4400000|  0%| F|  |TAMS 0x00000000f4300000| PB 0x00000000f4300000| Untracked |  0
| 324|0x00000000f4400000, 0x00000000f4400000, 0x00000000f4500000|  0%| F|  |TAMS 0x00000000f4400000| PB 0x00000000f4400000| Untracked |  0
| 325|0x00000000f4500000, 0x00000000f4500000, 0x00000000f4600000|  0%| F|  |TAMS 0x00000000f4500000| PB 0x00000000f4500000| Untracked |  0
| 326|0x00000000f4600000, 0x00000000f4600000, 0x00000000f4700000|  0%| F|  |TAMS 0x00000000f4600000| PB 0x00000000f4600000| Untracked |  0
| 327|0x00000000f4700000, 0x00000000f4700000, 0x00000000f4800000|  0%| F|  |TAMS 0x00000000f4700000| PB 0x00000000f4700000| Untracked |  0
| 328|0x00000000f4800000, 0x00000000f4800000, 0x00000000f4900000|  0%| F|  |TAMS 0x00000000f4800000| PB 0x00000000f4800000| Untracked |  0
| 329|0x00000000f4900000, 0x00000000f4900000, 0x00000000f4a00000|  0%| F|  |TAMS 0x00000000f4900000| PB 0x00000000f4900000| Untracked |  0
| 330|0x00000000f4a00000, 0x00000000f4a00000, 0x00000000f4b00000|  0%| F|  |TAMS 0x00000000f4a00000| PB 0x00000000f4a00000| Untracked |  0
| 331|0x00000000f4b00000, 0x00000000f4b00000, 0x00000000f4c00000|  0%| F|  |TAMS 0x00000000f4b00000| PB 0x00000000f4b00000| Untracked |  0
| 332|0x00000000f4c00000, 0x00000000f4c00000, 0x00000000f4d00000|  0%| F|  |TAMS 0x00000000f4c00000| PB 0x00000000f4c00000| Untracked |  0
| 333|0x00000000f4d00000, 0x00000000f4d00000, 0x00000000f4e00000|  0%| F|  |TAMS 0x00000000f4d00000| PB 0x00000000f4d00000| Untracked |  0
| 334|0x00000000f4e00000, 0x00000000f4e00000, 0x00000000f4f00000|  0%| F|  |TAMS 0x00000000f4e00000| PB 0x00000000f4e00000| Untracked |  0
| 335|0x00000000f4f00000, 0x00000000f4f00000, 0x00000000f5000000|  0%| F|  |TAMS 0x00000000f4f00000| PB 0x00000000f4f00000| Untracked |  0
| 336|0x00000000f5000000, 0x00000000f5000000, 0x00000000f5100000|  0%| F|  |TAMS 0x00000000f5000000| PB 0x00000000f5000000| Untracked |  0
| 337|0x00000000f5100000, 0x00000000f5100000, 0x00000000f5200000|  0%| F|  |TAMS 0x00000000f5100000| PB 0x00000000f5100000| Untracked |  0
| 338|0x00000000f5200000, 0x00000000f5200000, 0x00000000f5300000|  0%| F|  |TAMS 0x00000000f5200000| PB 0x00000000f5200000| Untracked |  0
| 339|0x00000000f5300000, 0x00000000f5300000, 0x00000000f5400000|  0%| F|  |TAMS 0x00000000f5300000| PB 0x00000000f5300000| Untracked |  0
| 340|0x00000000f5400000, 0x00000000f5400000, 0x00000000f5500000|  0%| F|  |TAMS 0x00000000f5400000| PB 0x00000000f5400000| Untracked |  0
| 341|0x00000000f5500000, 0x00000000f5500000, 0x00000000f5600000|  0%| F|  |TAMS 0x00000000f5500000| PB 0x00000000f5500000| Untracked |  0
| 342|0x00000000f5600000, 0x00000000f5600000, 0x00000000f5700000|  0%| F|  |TAMS 0x00000000f5600000| PB 0x00000000f5600000| Untracked |  0
| 343|0x00000000f5700000, 0x00000000f5700000, 0x00000000f5800000|  0%| F|  |TAMS 0x00000000f5700000| PB 0x00000000f5700000| Untracked |  0
| 344|0x00000000f5800000, 0x00000000f5800000, 0x00000000f5900000|  0%| F|  |TAMS 0x00000000f5800000| PB 0x00000000f5800000| Untracked |  0
| 345|0x00000000f5900000, 0x00000000f5900000, 0x00000000f5a00000|  0%| F|  |TAMS 0x00000000f5900000| PB 0x00000000f5900000| Untracked |  0
| 346|0x00000000f5a00000, 0x00000000f5a00000, 0x00000000f5b00000|  0%| F|  |TAMS 0x00000000f5a00000| PB 0x00000000f5a00000| Untracked |  0
| 347|0x00000000f5b00000, 0x00000000f5b00000, 0x00000000f5c00000|  0%| F|  |TAMS 0x00000000f5b00000| PB 0x00000000f5b00000| Untracked |  0
| 348|0x00000000f5c00000, 0x00000000f5c00000, 0x00000000f5d00000|  0%| F|  |TAMS 0x00000000f5c00000| PB 0x00000000f5c00000| Untracked |  0
| 349|0x00000000f5d00000, 0x00000000f5d00000, 0x00000000f5e00000|  0%| F|  |TAMS 0x00000000f5d00000| PB 0x00000000f5d00000| Untracked |  0
| 350|0x00000000f5e00000, 0x00000000f5e00000, 0x00000000f5f00000|  0%| F|  |TAMS 0x00000000f5e00000| PB 0x00000000f5e00000| Untracked |  0
| 351|0x00000000f5f00000, 0x00000000f5f00000, 0x00000000f6000000|  0%| F|  |TAMS 0x00000000f5f00000| PB 0x00000000f5f00000| Untracked |  0
| 352|0x00000000f6000000, 0x00000000f6000000, 0x00000000f6100000|  0%| F|  |TAMS 0x00000000f6000000| PB 0x00000000f6000000| Untracked |  0
| 353|0x00000000f6100000, 0x00000000f6100000, 0x00000000f6200000|  0%| F|  |TAMS 0x00000000f6100000| PB 0x00000000f6100000| Untracked |  0
| 354|0x00000000f6200000, 0x00000000f6200000, 0x00000000f6300000|  0%| F|  |TAMS 0x00000000f6200000| PB 0x00000000f6200000| Untracked |  0
| 355|0x00000000f6300000, 0x00000000f6300000, 0x00000000f6400000|  0%| F|  |TAMS 0x00000000f6300000| PB 0x00000000f6300000| Untracked |  0
| 356|0x00000000f6400000, 0x00000000f6400000, 0x00000000f6500000|  0%| F|  |TAMS 0x00000000f6400000| PB 0x00000000f6400000| Untracked |  0
| 357|0x00000000f6500000, 0x00000000f6500000, 0x00000000f6600000|  0%| F|  |TAMS 0x00000000f6500000| PB 0x00000000f6500000| Untracked |  0
| 358|0x00000000f6600000, 0x00000000f6600000, 0x00000000f6700000|  0%| F|  |TAMS 0x00000000f6600000| PB 0x00000000f6600000| Untracked |  0
| 359|0x00000000f6700000, 0x00000000f6700000, 0x00000000f6800000|  0%| F|  |TAMS 0x00000000f6700000| PB 0x00000000f6700000| Untracked |  0
| 360|0x00000000f6800000, 0x00000000f6800000, 0x00000000f6900000|  0%| F|  |TAMS 0x00000000f6800000| PB 0x00000000f6800000| Untracked |  0
| 361|0x00000000f6900000, 0x00000000f6900000, 0x00000000f6a00000|  0%| F|  |TAMS 0x00000000f6900000| PB 0x00000000f6900000| Untracked |  0
| 362|0x00000000f6a00000, 0x00000000f6ab2bd0, 0x00000000f6b00000| 69%| S|CS|TAMS 0x00000000f6a00000| PB 0x00000000f6a00000| Complete |  0
| 363|0x00000000f6b00000, 0x00000000f6c00000, 0x00000000f6c00000|100%| S|CS|TAMS 0x00000000f6b00000| PB 0x00000000f6b00000| Complete |  0
| 364|0x00000000f6c00000, 0x00000000f6d00000, 0x00000000f6d00000|100%| S|CS|TAMS 0x00000000f6c00000| PB 0x00000000f6c00000| Complete |  0
| 365|0x00000000f6d00000, 0x00000000f6e00000, 0x00000000f6e00000|100%| S|CS|TAMS 0x00000000f6d00000| PB 0x00000000f6d00000| Complete |  0
| 366|0x00000000f6e00000, 0x00000000f6f00000, 0x00000000f6f00000|100%| S|CS|TAMS 0x00000000f6e00000| PB 0x00000000f6e00000| Complete |  0
| 367|0x00000000f6f00000, 0x00000000f6f00000, 0x00000000f7000000|  0%| F|  |TAMS 0x00000000f6f00000| PB 0x00000000f6f00000| Untracked |  0
| 368|0x00000000f7000000, 0x00000000f7000000, 0x00000000f7100000|  0%| F|  |TAMS 0x00000000f7000000| PB 0x00000000f7000000| Untracked |  0
| 369|0x00000000f7100000, 0x00000000f7100000, 0x00000000f7200000|  0%| F|  |TAMS 0x00000000f7100000| PB 0x00000000f7100000| Untracked |  0
| 370|0x00000000f7200000, 0x00000000f7200000, 0x00000000f7300000|  0%| F|  |TAMS 0x00000000f7200000| PB 0x00000000f7200000| Untracked |  0
| 371|0x00000000f7300000, 0x00000000f7300000, 0x00000000f7400000|  0%| F|  |TAMS 0x00000000f7300000| PB 0x00000000f7300000| Untracked |  0
| 372|0x00000000f7400000, 0x00000000f7400000, 0x00000000f7500000|  0%| F|  |TAMS 0x00000000f7400000| PB 0x00000000f7400000| Untracked |  0
| 373|0x00000000f7500000, 0x00000000f7500000, 0x00000000f7600000|  0%| F|  |TAMS 0x00000000f7500000| PB 0x00000000f7500000| Untracked |  0
| 374|0x00000000f7600000, 0x00000000f7600000, 0x00000000f7700000|  0%| F|  |TAMS 0x00000000f7600000| PB 0x00000000f7600000| Untracked |  0
| 375|0x00000000f7700000, 0x00000000f7700000, 0x00000000f7800000|  0%| F|  |TAMS 0x00000000f7700000| PB 0x00000000f7700000| Untracked |  0
| 376|0x00000000f7800000, 0x00000000f7800000, 0x00000000f7900000|  0%| F|  |TAMS 0x00000000f7800000| PB 0x00000000f7800000| Untracked |  0
| 377|0x00000000f7900000, 0x00000000f7900000, 0x00000000f7a00000|  0%| F|  |TAMS 0x00000000f7900000| PB 0x00000000f7900000| Untracked |  0
| 378|0x00000000f7a00000, 0x00000000f7a00000, 0x00000000f7b00000|  0%| F|  |TAMS 0x00000000f7a00000| PB 0x00000000f7a00000| Untracked |  0
| 379|0x00000000f7b00000, 0x00000000f7b00000, 0x00000000f7c00000|  0%| F|  |TAMS 0x00000000f7b00000| PB 0x00000000f7b00000| Untracked |  0
| 380|0x00000000f7c00000, 0x00000000f7c00000, 0x00000000f7d00000|  0%| F|  |TAMS 0x00000000f7c00000| PB 0x00000000f7c00000| Untracked |  0
| 381|0x00000000f7d00000, 0x00000000f7d00000, 0x00000000f7e00000|  0%| F|  |TAMS 0x00000000f7d00000| PB 0x00000000f7d00000| Untracked |  0
| 382|0x00000000f7e00000, 0x00000000f7e00000, 0x00000000f7f00000|  0%| F|  |TAMS 0x00000000f7e00000| PB 0x00000000f7e00000| Untracked |  0
| 383|0x00000000f7f00000, 0x00000000f7f00000, 0x00000000f8000000|  0%| F|  |TAMS 0x00000000f7f00000| PB 0x00000000f7f00000| Untracked |  0
| 384|0x00000000f8000000, 0x00000000f8000000, 0x00000000f8100000|  0%| F|  |TAMS 0x00000000f8000000| PB 0x00000000f8000000| Untracked |  0
| 385|0x00000000f8100000, 0x00000000f8100000, 0x00000000f8200000|  0%| F|  |TAMS 0x00000000f8100000| PB 0x00000000f8100000| Untracked |  0
| 386|0x00000000f8200000, 0x00000000f8200000, 0x00000000f8300000|  0%| F|  |TAMS 0x00000000f8200000| PB 0x00000000f8200000| Untracked |  0
| 387|0x00000000f8300000, 0x00000000f8300000, 0x00000000f8400000|  0%| F|  |TAMS 0x00000000f8300000| PB 0x00000000f8300000| Untracked |  0
| 388|0x00000000f8400000, 0x00000000f8400000, 0x00000000f8500000|  0%| F|  |TAMS 0x00000000f8400000| PB 0x00000000f8400000| Untracked |  0
| 389|0x00000000f8500000, 0x00000000f8500000, 0x00000000f8600000|  0%| F|  |TAMS 0x00000000f8500000| PB 0x00000000f8500000| Untracked |  0
| 390|0x00000000f8600000, 0x00000000f8600000, 0x00000000f8700000|  0%| F|  |TAMS 0x00000000f8600000| PB 0x00000000f8600000| Untracked |  0
| 391|0x00000000f8700000, 0x00000000f8700000, 0x00000000f8800000|  0%| F|  |TAMS 0x00000000f8700000| PB 0x00000000f8700000| Untracked |  0
| 392|0x00000000f8800000, 0x00000000f8800000, 0x00000000f8900000|  0%| F|  |TAMS 0x00000000f8800000| PB 0x00000000f8800000| Untracked |  0
| 393|0x00000000f8900000, 0x00000000f8900000, 0x00000000f8a00000|  0%| F|  |TAMS 0x00000000f8900000| PB 0x00000000f8900000| Untracked |  0
| 394|0x00000000f8a00000, 0x00000000f8a00000, 0x00000000f8b00000|  0%| F|  |TAMS 0x00000000f8a00000| PB 0x00000000f8a00000| Untracked |  0
| 395|0x00000000f8b00000, 0x00000000f8b00000, 0x00000000f8c00000|  0%| F|  |TAMS 0x00000000f8b00000| PB 0x00000000f8b00000| Untracked |  0
| 396|0x00000000f8c00000, 0x00000000f8c00000, 0x00000000f8d00000|  0%| F|  |TAMS 0x00000000f8c00000| PB 0x00000000f8c00000| Untracked |  0
| 397|0x00000000f8d00000, 0x00000000f8df2650, 0x00000000f8e00000| 94%| E|  |TAMS 0x00000000f8d00000| PB 0x00000000f8d00000| Complete |  0
| 398|0x00000000f8e00000, 0x00000000f8f00000, 0x00000000f8f00000|100%| E|CS|TAMS 0x00000000f8e00000| PB 0x00000000f8e00000| Complete |  0
| 399|0x00000000f8f00000, 0x00000000f9000000, 0x00000000f9000000|100%| E|CS|TAMS 0x00000000f8f00000| PB 0x00000000f8f00000| Complete |  0
| 400|0x00000000f9000000, 0x00000000f9100000, 0x00000000f9100000|100%| E|CS|TAMS 0x00000000f9000000| PB 0x00000000f9000000| Complete |  0
| 401|0x00000000f9100000, 0x00000000f9200000, 0x00000000f9200000|100%| E|CS|TAMS 0x00000000f9100000| PB 0x00000000f9100000| Complete |  0
| 402|0x00000000f9200000, 0x00000000f9300000, 0x00000000f9300000|100%| E|CS|TAMS 0x00000000f9200000| PB 0x00000000f9200000| Complete |  0
| 403|0x00000000f9300000, 0x00000000f9400000, 0x00000000f9400000|100%| E|CS|TAMS 0x00000000f9300000| PB 0x00000000f9300000| Complete |  0
| 404|0x00000000f9400000, 0x00000000f9500000, 0x00000000f9500000|100%| E|CS|TAMS 0x00000000f9400000| PB 0x00000000f9400000| Complete |  0
| 405|0x00000000f9500000, 0x00000000f9600000, 0x00000000f9600000|100%| E|CS|TAMS 0x00000000f9500000| PB 0x00000000f9500000| Complete |  0
| 406|0x00000000f9600000, 0x00000000f9700000, 0x00000000f9700000|100%| E|CS|TAMS 0x00000000f9600000| PB 0x00000000f9600000| Complete |  0
| 407|0x00000000f9700000, 0x00000000f9800000, 0x00000000f9800000|100%| E|CS|TAMS 0x00000000f9700000| PB 0x00000000f9700000| Complete |  0
| 408|0x00000000f9800000, 0x00000000f9900000, 0x00000000f9900000|100%| E|CS|TAMS 0x00000000f9800000| PB 0x00000000f9800000| Complete |  0
| 409|0x00000000f9900000, 0x00000000f9a00000, 0x00000000f9a00000|100%| E|CS|TAMS 0x00000000f9900000| PB 0x00000000f9900000| Complete |  0
| 410|0x00000000f9a00000, 0x00000000f9b00000, 0x00000000f9b00000|100%| E|CS|TAMS 0x00000000f9a00000| PB 0x00000000f9a00000| Complete |  0
| 411|0x00000000f9b00000, 0x00000000f9c00000, 0x00000000f9c00000|100%| E|CS|TAMS 0x00000000f9b00000| PB 0x00000000f9b00000| Complete |  0
| 412|0x00000000f9c00000, 0x00000000f9d00000, 0x00000000f9d00000|100%| E|CS|TAMS 0x00000000f9c00000| PB 0x00000000f9c00000| Complete |  0
| 413|0x00000000f9d00000, 0x00000000f9e00000, 0x00000000f9e00000|100%| E|CS|TAMS 0x00000000f9d00000| PB 0x00000000f9d00000| Complete |  0
| 510|0x00000000ffe00000, 0x00000000fff00000, 0x00000000fff00000|100%| O|  |TAMS 0x00000000ffe00000| PB 0x00000000ffe00000| Untracked |  0
| 511|0x00000000fff00000, 0x00000000fff1c318, 0x0000000100000000| 11%| O|  |TAMS 0x00000000fff00000| PB 0x00000000fff00000| Untracked |  0

Card table byte_map: [0x0000022855bd0000,0x0000022855cd0000] _byte_map_base: 0x00000228554d0000

Marking Bits: (CMBitMap*) 0x000002283d75b660
 Bits: [0x0000022855cd0000, 0x00000228564d0000)

Polling page: 0x000002283cf00000

Metaspace:

Usage:
  Non-class:     12.20 MB used.
      Class:      1.43 MB used.
       Both:     13.63 MB used.

Virtual space:
  Non-class space:       64.00 MB reserved,      12.50 MB ( 20%) committed,  1 nodes.
      Class space:        1.00 GB reserved,       1.69 MB ( <1%) committed,  1 nodes.
             Both:        1.06 GB reserved,      14.19 MB (  1%) committed. 

Chunk freelists:
   Non-Class:  3.44 MB
       Class:  14.14 MB
        Both:  17.59 MB

MaxMetaspaceSize: unlimited
CompressedClassSpaceSize: 1.00 GB
Initial GC threshold: 21.00 MB
Current GC threshold: 21.00 MB
CDS: on
 - commit_granule_bytes: 65536.
 - commit_granule_words: 8192.
 - virtual_space_node_default_size: 8388608.
 - enlarge_chunks_in_place: 1.
UseCompressedClassPointers 1, UseCompactObjectHeaders 0
Narrow klass pointer bits 32, Max shift 3
Narrow klass base: 0x000002285a000000, Narrow klass shift: 0
Encoding Range: [0x000002285a000000 - 0x000002295a000000), (4294967296 bytes)
Klass Range:    [0x000002285a000000 - 0x000002289b000000), (1090519040 bytes)
Klass ID Range:  [8 - 1090519033) (1090519025)


Internal statistics:

num_allocs_failed_limit: 0.
num_arena_births: 604.
num_arena_deaths: 0.
num_vsnodes_births: 2.
num_vsnodes_deaths: 0.
num_space_committed: 227.
num_space_uncommitted: 0.
num_chunks_returned_to_freelist: 0.
num_chunks_taken_from_freelist: 1092.
num_chunk_merges: 0.
num_chunk_splits: 673.
num_chunks_enlarged: 393.
num_inconsistent_stats: 0.

CodeHeap 'non-profiled nmethods': size=119232Kb used=1240Kb max_used=1240Kb free=117991Kb
 bounds [0x000002284ddc0000, 0x000002284e030000, 0x0000022855230000]
CodeHeap 'profiled nmethods': size=119104Kb used=4956Kb max_used=4956Kb free=114147Kb
 bounds [0x0000022846230000, 0x0000022846710000, 0x000002284d680000]
CodeHeap 'non-nmethods': size=7424Kb used=3280Kb max_used=3375Kb free=4143Kb
 bounds [0x000002284d680000, 0x000002284d9e0000, 0x000002284ddc0000]
CodeCache: size=245760Kb, used=9476Kb, max_used=9571Kb, free=236281Kb
 total_blobs=3627, nmethods=3012, adapters=510, full_count=0
Compilation: enabled, stopped_count=0, restarted_count=0

Compilation events (20 events):
Event: 1.135 Thread 0x000002285949d5a0 nmethod 3001 0x000002284deeeb88 code [0x000002284deeec80, 0x000002284deeed48]
Event: 1.135 Thread 0x0000022859474270 nmethod 3002 0x000002284deeee88 code [0x000002284deeef80, 0x000002284deef028]
Event: 1.135 Thread 0x000002289f74daf0 3003       3       java.lang.invoke.LambdaFormEditor$TransformKey::of (51 bytes)
Event: 1.135 Thread 0x0000022859474270 3004       3       java.lang.invoke.LambdaFormEditor$TransformKey::packedBytes (37 bytes)
Event: 1.135 Thread 0x0000022859474270 nmethod 3004 0x00000228466fa708 code [0x00000228466fa820, 0x00000228466fa930]
Event: 1.135 Thread 0x000002289f74daf0 nmethod 3003 0x00000228466faa08 code [0x00000228466fab80, 0x00000228466fb038]
Event: 1.135 Thread 0x000002289f75ab00 3005       3       org.junit.platform.commons.util.CollectionUtils::forEachInReverseOrder (72 bytes)
Event: 1.136 Thread 0x000002289f75ab00 nmethod 3005 0x00000228466fb088 code [0x00000228466fb260, 0x00000228466fbba8]
Event: 1.137 Thread 0x0000022859474270 3006       1       org.kgen.ir.BasicBlock::getLabel (5 bytes)
Event: 1.137 Thread 0x000002289f75ab00 3007       3       java.util.Arrays$ArrayItr::next (36 bytes)
Event: 1.137 Thread 0x0000022859474270 nmethod 3006 0x000002284deef188 code [0x000002284deef280, 0x000002284deef348]
Event: 1.137 Thread 0x000002285949d5a0 3008       3       org.kgen.backend.x86.X86EncodingInfo::<init> (138 bytes)
Event: 1.137 Thread 0x000002289f74daf0 3009       3       org.kgen.backend.x86.X86EncodingInfo::<init> (87 bytes)
Event: 1.137 Thread 0x0000022859474270 3010       3       org.kgen.backend.x86.asm.X86Assembler::encodeLegacy (1217 bytes)
Event: 1.137 Thread 0x000002289f75ab00 nmethod 3007 0x00000228466fbc08 code [0x00000228466fbd40, 0x00000228466fbf88]
Event: 1.137 Thread 0x000002289f75ab00 3011       3       kotlin.collections.CollectionsKt__CollectionsKt::emptyList (7 bytes)
Event: 1.137 Thread 0x000002289f75ab00 nmethod 3011 0x00000228466fc008 code [0x00000228466fc120, 0x00000228466fc210]
Event: 1.137 Thread 0x000002285949d5a0 nmethod 3008 0x00000228466fc308 code [0x00000228466fc440, 0x00000228466fc878]
Event: 1.137 Thread 0x000002285949d5a0 3013       3       java.lang.invoke.LambdaForm$MH/0x000002285b165400::invoke (54 bytes)
Event: 1.137 Thread 0x000002289f75ab00 3014       3       java.lang.runtime.ObjectMethods::hashCombiner (7 bytes)

GC Heap History (2 events):
Event: 0.919 GC heap before
{Heap before GC invocations=0 (full 0):
 garbage-first heap   total reserved 524288K, committed 425984K, used 50288K [0x00000000e0000000, 0x0000000100000000)
  region size 1024K, 47 young (48128K), 0 survivors (0K)
 Metaspace       used 10651K, committed 10880K, reserved 1114112K
  class space    used 1077K, committed 1216K, reserved 1048576K
}
Event: 0.922 GC heap after
{Heap after GC invocations=1 (full 0):
 garbage-first heap   total reserved 524288K, committed 425984K, used 5947K [0x00000000e0000000, 0x0000000100000000)
  region size 1024K, 5 young (5120K), 5 survivors (5120K)
 Metaspace       used 10651K, committed 10880K, reserved 1114112K
  class space    used 1077K, committed 1216K, reserved 1048576K
}

Dll operation events (12 events):
Event: 0.006 Loaded shared library C:\Users\ziad\.jdks\azul-24.0.2\bin\java.dll
Event: 0.025 Loaded shared library C:\Users\ziad\.jdks\azul-24.0.2\bin\jsvml.dll
Event: 0.039 Loaded shared library C:\Users\ziad\.jdks\azul-24.0.2\bin\net.dll
Event: 0.041 Loaded shared library C:\Users\ziad\.jdks\azul-24.0.2\bin\nio.dll
Event: 0.044 Loaded shared library C:\Users\ziad\.jdks\azul-24.0.2\bin\zip.dll
Event: 0.083 Loaded shared library C:\Users\ziad\.jdks\azul-24.0.2\bin\verify.dll
Event: 0.086 Loaded shared library C:\Users\ziad\.jdks\azul-24.0.2\bin\jimage.dll
Event: 0.263 Loaded shared library C:\Users\ziad\.jdks\azul-24.0.2\bin\extnet.dll
Event: 0.326 Loaded shared library C:\Users\ziad\.jdks\azul-24.0.2\bin\sunmscapi.dll
Event: 0.994 Loaded shared library C:\Windows\System32\ucrtbase.dll
Event: 0.996 Loaded shared library C:\Users\ziad\.jdks\azul-24.0.2\bin\syslookup.dll
Event: 0.999 Loaded shared library kernel32

Deoptimization events (20 events):
Event: 0.944 Thread 0x000002283b2e4450 Uncommon trap: trap_request=0xffffff4d fr.pc=0x000002284de3c9e0 relative=0x0000000000000140
Event: 0.944 Thread 0x000002283b2e4450 Uncommon trap: reason=unstable_if action=reinterpret pc=0x000002284de3c9e0 method=java.util.Objects.hashCode(Ljava/lang/Object;)I @ 1 c2
Event: 0.944 Thread 0x000002283b2e4450 DEOPT PACKING pc=0x000002284de3c9e0 sp=0x00000099b26fa8a0
Event: 0.944 Thread 0x000002283b2e4450 DEOPT UNPACKING pc=0x000002284d7a6d02 sp=0x00000099b26fa7b0 mode 2
Event: 0.955 Thread 0x000002283b2e4450 DEOPT PACKING pc=0x00000228466211e0 sp=0x00000099b26fadb0
Event: 0.955 Thread 0x000002283b2e4450 DEOPT UNPACKING pc=0x000002284d6d6642 sp=0x00000099b26fa2b8 mode 0
Event: 0.978 Thread 0x000002283b2e4450 DEOPT PACKING pc=0x00000228466211e0 sp=0x00000099b26fafc0
Event: 0.978 Thread 0x000002283b2e4450 DEOPT UNPACKING pc=0x000002284d6d6642 sp=0x00000099b26fa4c8 mode 0
Event: 1.002 Thread 0x000002283b2e4450 Uncommon trap: trap_request=0xffffff4d fr.pc=0x000002284de1b5ec relative=0x00000000000000cc
Event: 1.002 Thread 0x000002283b2e4450 Uncommon trap: reason=unstable_if action=reinterpret pc=0x000002284de1b5ec method=jdk.internal.classfile.impl.RawBytecodeHelper.next()Z @ 46 c2
Event: 1.002 Thread 0x000002283b2e4450 DEOPT PACKING pc=0x000002284de1b5ec sp=0x00000099b26fa4d0
Event: 1.002 Thread 0x000002283b2e4450 DEOPT UNPACKING pc=0x000002284d7a6d02 sp=0x00000099b26fa458 mode 2
Event: 1.003 Thread 0x000002283b2e4450 DEOPT PACKING pc=0x00000228464a05bc sp=0x00000099b26faa50
Event: 1.003 Thread 0x000002283b2e4450 DEOPT UNPACKING pc=0x000002284d6d6642 sp=0x00000099b26f9f48 mode 0
Event: 1.015 Thread 0x000002283b2e4450 DEOPT PACKING pc=0x0000022846626ae9 sp=0x00000099b26fa8c0
Event: 1.015 Thread 0x000002283b2e4450 DEOPT UNPACKING pc=0x000002284d6d6642 sp=0x00000099b26f9dd0 mode 0
Event: 1.047 Thread 0x000002283b2e4450 Uncommon trap: trap_request=0xffffffcc fr.pc=0x000002284deabbf8 relative=0x00000000000003b8
Event: 1.047 Thread 0x000002283b2e4450 Uncommon trap: reason=intrinsic_or_type_checked_inlining action=make_not_entrant pc=0x000002284deabbf8 method=java.util.Arrays.copyOf([Ljava/lang/Object;ILjava/lang/Class;)[Ljava/lang/Object; @ 35 c2
Event: 1.047 Thread 0x000002283b2e4450 DEOPT PACKING pc=0x000002284deabbf8 sp=0x00000099b26fabc0
Event: 1.047 Thread 0x000002283b2e4450 DEOPT UNPACKING pc=0x000002284d7a6d02 sp=0x00000099b26fab68 mode 2

Classes loaded (20 events):
Event: 1.086 Loading class java/lang/foreign/MemoryLayout$PathElement
Event: 1.086 Loading class java/lang/foreign/MemoryLayout$PathElement done
Event: 1.086 Loading class jdk/internal/foreign/LayoutPath
Event: 1.086 Loading class jdk/internal/foreign/LayoutPath done
Event: 1.088 Loading class jdk/internal/foreign/Utils$1VarHandleCache
Event: 1.088 Loading class jdk/internal/foreign/Utils$1VarHandleCache done
Event: 1.088 Loading class java/lang/invoke/VarHandleSegmentAsBytes
Event: 1.088 Loading class java/lang/invoke/VarHandleSegmentViewBase
Event: 1.088 Loading class java/lang/invoke/VarHandleSegmentViewBase done
Event: 1.088 Loading class java/lang/invoke/VarHandleSegmentAsBytes done
Event: 1.088 Loading class java/lang/invoke/IndirectVarHandle
Event: 1.088 Loading class java/lang/invoke/IndirectVarHandle done
Event: 1.091 Loading class java/lang/invoke/BoundMethodHandle$Species_LLJ
Event: 1.091 Loading class java/lang/invoke/BoundMethodHandle$Species_LLJ done
Event: 1.093 Loading class java/lang/invoke/VarHandleSegmentAsLongs
Event: 1.093 Loading class java/lang/invoke/VarHandleSegmentAsLongs done
Event: 1.094 Loading class java/lang/invoke/VarHandleSegmentAsInts
Event: 1.094 Loading class java/lang/invoke/VarHandleSegmentAsInts done
Event: 1.127 Loading class java/lang/invoke/MethodHandleImpl$CountingWrapper$1
Event: 1.127 Loading class java/lang/invoke/MethodHandleImpl$CountingWrapper$1 done

Classes unloaded (0 events):
No events

Classes redefined (0 events):
No events

Internal exceptions (20 events):
Event: 1.072 Thread 0x000002283b2e4450 Exception <a 'java/lang/NoSuchMethodError'{0x00000000f917eda0}: 'long java.lang.invoke.DelegatingMethodHandle$Holder.delegate(java.lang.Object, java.lang.Object)'> (0x00000000f917eda0) 
thrown [s\src\hotspot\share\interpreter\linkResolver.cpp, line 805]
Event: 1.086 Thread 0x000002283b2e4450 Exception <a 'java/lang/NoSuchMethodError'{0x00000000f91dc4d8}: 'long java.lang.invoke.DirectMethodHandle$Holder.invokeStaticInit(java.lang.Object, long, long, long, long)'> (0x00000000f91dc4d8) 
thrown [s\src\hotspot\share\interpreter\linkResolver.cpp, line 805]
Event: 1.087 Thread 0x000002283b2e4450 Exception <a 'java/lang/NoSuchMethodError'{0x00000000f91e4f00}: 'java.lang.Object java.lang.invoke.DirectMethodHandle$Holder.invokeInterface(java.lang.Object, java.lang.Object, long, long)'> (0x00000000f91e4f00) 
thrown [s\src\hotspot\share\interpreter\linkResolver.cpp, line 805]
Event: 1.087 Thread 0x000002283b2e4450 Exception <a 'java/lang/NoSuchMethodError'{0x00000000f91edba0}: 'java.lang.Object java.lang.invoke.DirectMethodHandle$Holder.invokeInterface(java.lang.Object, java.lang.Object, long, java.lang.Object)'> (0x00000000f91edba0) 
thrown [s\src\hotspot\share\interpreter\linkResolver.cpp, line 805]
Event: 1.087 Thread 0x000002283b2e4450 Exception <a 'java/lang/NoSuchMethodError'{0x00000000f91fe308}: 'void java.lang.invoke.DirectMethodHandle$Holder.invokeStaticInit(java.lang.Object, java.lang.Object, long, java.lang.Object)'> (0x00000000f91fe308) 
thrown [s\src\hotspot\share\interpreter\linkResolver.cpp, line 805]
Event: 1.088 Thread 0x000002283b2e4450 Exception <a 'java/lang/NoSuchMethodError'{0x00000000f9007e18}: 'long java.lang.invoke.DirectMethodHandle$Holder.invokeStatic(java.lang.Object, long, long)'> (0x00000000f9007e18) 
thrown [s\src\hotspot\share\interpreter\linkResolver.cpp, line 805]
Event: 1.090 Thread 0x000002283b2e4450 Exception <a 'java/lang/NoSuchMethodError'{0x00000000f9042f90}: 'void java.lang.invoke.DelegatingMethodHandle$Holder.reinvoke_L(java.lang.Object, java.lang.Object, java.lang.Object, java.lang.Object, long, long, int)'> (0x00000000f9042f90) 
thrown [s\src\hotspot\share\interpreter\linkResolver.cpp, line 805]
Event: 1.092 Thread 0x000002283b2e4450 Exception <a 'java/lang/NoSuchMethodError'{0x00000000f9063228}: 'java.lang.Object java.lang.invoke.DirectMethodHandle$Holder.invokeStatic(java.lang.Object, java.lang.Object, java.lang.Object, java.lang.Object, java.lang.Object, long)'> (0x00000000f9063228) 
thrown [s\src\hotspot\share\interpreter\linkResolver.cpp, line 805]
Event: 1.093 Thread 0x000002283b2e4450 Exception <a 'java/lang/NoSuchMethodError'{0x00000000f9087d18}: 'void java.lang.invoke.DelegatingMethodHandle$Holder.reinvoke_L(java.lang.Object, java.lang.Object, java.lang.Object, java.lang.Object, long, long, long)'> (0x00000000f9087d18) 
thrown [s\src\hotspot\share\interpreter\linkResolver.cpp, line 805]
Event: 1.096 Thread 0x000002283b2e4450 Exception <a 'java/lang/NoSuchMethodError'{0x00000000f90b5af8}: 'long java.lang.invoke.DirectMethodHandle$Holder.invokeStaticInit(java.lang.Object, java.lang.Object, java.lang.Object)'> (0x00000000f90b5af8) 
thrown [s\src\hotspot\share\interpreter\linkResolver.cpp, line 805]
Event: 1.096 Thread 0x000002283b2e4450 Exception <a 'java/lang/NoSuchMethodError'{0x00000000f90c62a8}: 'long java.lang.invoke.DelegatingMethodHandle$Holder.reinvoke_L(java.lang.Object, java.lang.Object, java.lang.Object)'> (0x00000000f90c62a8) 
thrown [s\src\hotspot\share\interpreter\linkResolver.cpp, line 805]
Event: 1.099 Thread 0x000002283b2e4450 Exception <a 'java/lang/NoSuchMethodError'{0x00000000f8f18d78}: 'long java.lang.invoke.DelegatingMethodHandle$Holder.reinvoke_L(java.lang.Object, java.lang.Object, java.lang.Object, java.lang.Object, long, long)'> (0x00000000f8f18d78) 
thrown [s\src\hotspot\share\interpreter\linkResolver.cpp, line 805]
Event: 1.109 Thread 0x000002283b2e4450 Exception <a 'java/lang/NoSuchMethodError'{0x00000000f8f93788}: 'long java.lang.invoke.DirectMethodHandle$Holder.invokeStatic(java.lang.Object, java.lang.Object, java.lang.Object, long, long, long)'> (0x00000000f8f93788) 
thrown [s\src\hotspot\share\interpreter\linkResolver.cpp, line 805]
Event: 1.109 Thread 0x000002283b2e4450 Exception <a 'java/lang/NoSuchMethodError'{0x00000000f8f9beb0}: 'long java.lang.invoke.DirectMethodHandle$Holder.invokeStaticInit(java.lang.Object, java.lang.Object, java.lang.Object, long, long, long)'> (0x00000000f8f9beb0) 
thrown [s\src\hotspot\share\interpreter\linkResolver.cpp, line 805]
Event: 1.110 Thread 0x000002283b2e4450 Exception <a 'java/lang/NoSuchMethodError'{0x00000000f8fac940}: 'long java.lang.invoke.DelegatingMethodHandle$Holder.reinvoke_L(java.lang.Object, java.lang.Object, java.lang.Object, long, long, long)'> (0x00000000f8fac940) 
thrown [s\src\hotspot\share\interpreter\linkResolver.cpp, line 805]
Event: 1.114 Thread 0x000002283b2e4450 Exception <a 'java/lang/NoSuchMethodError'{0x00000000f8e22e38}: 'long java.lang.invoke.DirectMethodHandle$Holder.invokeStatic(java.lang.Object, java.lang.Object, java.lang.Object, long, long)'> (0x00000000f8e22e38) 
thrown [s\src\hotspot\share\interpreter\linkResolver.cpp, line 805]
Event: 1.115 Thread 0x000002283b2e4450 Exception <a 'java/lang/NoSuchMethodError'{0x00000000f8e2b538}: 'long java.lang.invoke.DirectMethodHandle$Holder.invokeStaticInit(java.lang.Object, java.lang.Object, java.lang.Object, long, long)'> (0x00000000f8e2b538) 
thrown [s\src\hotspot\share\interpreter\linkResolver.cpp, line 805]
Event: 1.115 Thread 0x000002283b2e4450 Exception <a 'java/lang/NoSuchMethodError'{0x00000000f8e340d8}: 'long java.lang.invoke.DirectMethodHandle$Holder.invokeSpecial(java.lang.Object, java.lang.Object, java.lang.Object, java.lang.Object, long, long)'> (0x00000000f8e340d8) 
thrown [s\src\hotspot\share\interpreter\linkResolver.cpp, line 805]
Event: 1.115 Thread 0x000002283b2e4450 Exception <a 'java/lang/NoSuchMethodError'{0x00000000f8e3c7e0}: 'long java.lang.invoke.DelegatingMethodHandle$Holder.reinvoke_L(java.lang.Object, java.lang.Object, java.lang.Object, long, long)'> (0x00000000f8e3c7e0) 
thrown [s\src\hotspot\share\interpreter\linkResolver.cpp, line 805]
Event: 1.116 Thread 0x000002283b2e4450 Exception <a 'java/lang/NoSuchMethodError'{0x00000000f8e66408}: 'java.lang.Object java.lang.invoke.Invokers$Holder.invoke_MT(java.lang.Object, long, long, java.lang.Object)'> (0x00000000f8e66408) 
thrown [s\src\hotspot\share\interpreter\linkResolver.cpp, line 805]

VM Operations (20 events):
Event: 1.111 Executing VM operation: HandshakeAllThreads (CloseScopedMemory)
Event: 1.111 Executing VM operation: HandshakeAllThreads (CloseScopedMemory) done
Event: 1.117 Executing VM operation: HandshakeAllThreads (CloseScopedMemory)
Event: 1.117 Executing VM operation: HandshakeAllThreads (CloseScopedMemory) done
Event: 1.119 Executing VM operation: HandshakeAllThreads (CloseScopedMemory)
Event: 1.119 Executing VM operation: HandshakeAllThreads (CloseScopedMemory) done
Event: 1.123 Executing VM operation: HandshakeAllThreads (CloseScopedMemory)
Event: 1.123 Executing VM operation: HandshakeAllThreads (CloseScopedMemory) done
Event: 1.125 Executing VM operation: HandshakeAllThreads (CloseScopedMemory)
Event: 1.125 Executing VM operation: HandshakeAllThreads (CloseScopedMemory) done
Event: 1.128 Executing VM operation: HandshakeAllThreads (CloseScopedMemory)
Event: 1.128 Executing VM operation: HandshakeAllThreads (CloseScopedMemory) done
Event: 1.130 Executing VM operation: HandshakeAllThreads (CloseScopedMemory)
Event: 1.130 Executing VM operation: HandshakeAllThreads (CloseScopedMemory) done
Event: 1.131 Executing VM operation: HandshakeAllThreads (CloseScopedMemory)
Event: 1.132 Executing VM operation: HandshakeAllThreads (CloseScopedMemory) done
Event: 1.133 Executing VM operation: HandshakeAllThreads (CloseScopedMemory)
Event: 1.133 Executing VM operation: HandshakeAllThreads (CloseScopedMemory) done
Event: 1.135 Executing VM operation: HandshakeAllThreads (CloseScopedMemory)
Event: 1.135 Executing VM operation: HandshakeAllThreads (CloseScopedMemory) done

Memory protections (0 events):
No events

Nmethod flushes (0 events):
No events

Events (20 events):
Event: 0.023 Thread 0x000002283b2e4450 Thread added: 0x000002285946ffc0
Event: 0.023 Thread 0x000002283b2e4450 Thread added: 0x0000022859470c20
Event: 0.023 Thread 0x000002283b2e4450 Thread added: 0x0000022859471750
Event: 0.023 Thread 0x000002283b2e4450 Thread added: 0x00000228594725b0
Event: 0.023 Thread 0x000002283b2e4450 Thread added: 0x0000022859474270
Event: 0.032 Thread 0x0000022859474270 Thread added: 0x000002285949d5a0
Event: 0.035 Thread 0x000002283b2e4450 Thread added: 0x00000228596f8780
Event: 0.037 Thread 0x000002283b2e4450 Thread added: 0x00000228596f96d0
Event: 0.071 Thread 0x000002285949d5a0 Thread added: 0x0000022859797b80
Event: 0.242 Thread 0x0000022859797b80 Thread added: 0x000002289f75ab00
Event: 0.242 Thread 0x0000022859797b80 Thread added: 0x000002289f74daf0
Event: 0.305 Thread 0x000002283b2e4450 Thread added: 0x000002289f91fae0
Event: 0.354 Thread 0x000002283b2e4450 Thread added: 0x000002289f82e930
Event: 0.354 Thread 0x000002283b2e4450 Thread added: 0x000002289f82f070
Event: 0.528 Thread 0x000002289f75ab00 Thread added: 0x000002289f90dae0
Event: 0.531 Thread 0x000002289f74daf0 Thread added: 0x000002289f7e3440
Event: 0.536 Thread 0x0000022859474270 Thread added: 0x000002289f7e1ec0
Event: 0.539 Thread 0x0000022859474270 Thread added: 0x000002289f788f50
Event: 0.545 Thread 0x0000022859474270 Thread added: 0x000002289f78a600
Event: 0.545 Thread 0x000002289f7e1ec0 Thread added: 0x000002289f7896e0


Dynamic libraries:
0x00007ff6eef40000 - 0x00007ff6eef4e000 	C:\Users\ziad\.jdks\azul-24.0.2\bin\java.exe
0x00007ffc42620000 - 0x00007ffc42883000 	C:\windows\SYSTEM32\ntdll.dll
0x00007ffc420b0000 - 0x00007ffc42177000 	C:\windows\System32\KERNEL32.DLL
0x00007ffc3fbf0000 - 0x00007ffc3ffb9000 	C:\windows\System32\KERNELBASE.dll
0x00007ffc3f960000 - 0x00007ffc3faac000 	C:\windows\System32\ucrtbase.dll
0x00007ffc23480000 - 0x00007ffc2349e000 	C:\Users\ziad\.jdks\azul-24.0.2\bin\VCRUNTIME140.dll
0x00007ffc20340000 - 0x00007ffc20356000 	C:\Users\ziad\.jdks\azul-24.0.2\bin\jli.dll
0x00007ffc40bc0000 - 0x00007ffc40d8a000 	C:\windows\System32\USER32.dll
0x00007ffc1e680000 - 0x00007ffc1e910000 	C:\windows\WinSxS\amd64_microsoft.windows.common-controls_6595b64144ccf1df_6.0.26100.3323_none_3e088096e3344490\COMCTL32.dll
0x00007ffc402b0000 - 0x00007ffc402d7000 	C:\windows\System32\win32u.dll
0x00007ffc42230000 - 0x00007ffc422d9000 	C:\windows\System32\msvcrt.dll
0x00007ffc42080000 - 0x00007ffc420aa000 	C:\windows\System32\GDI32.dll
0x00007ffc3fab0000 - 0x00007ffc3fbe1000 	C:\windows\System32\gdi32full.dll
0x00007ffc3f8b0000 - 0x00007ffc3f953000 	C:\windows\System32\msvcp_win.dll
0x00007ffc41840000 - 0x00007ffc4186f000 	C:\windows\System32\IMM32.DLL
0x00007ffc34290000 - 0x00007ffc3429c000 	C:\Users\ziad\.jdks\azul-24.0.2\bin\vcruntime140_1.dll
0x00007ffbd5510000 - 0x00007ffbd559d000 	C:\Users\ziad\.jdks\azul-24.0.2\bin\msvcp140.dll
0x00007ffb520a0000 - 0x00007ffb52f1c000 	C:\Users\ziad\.jdks\azul-24.0.2\bin\server\jvm.dll
0x00007ffc42520000 - 0x00007ffc425d2000 	C:\windows\System32\ADVAPI32.dll
0x00007ffc41fd0000 - 0x00007ffc42076000 	C:\windows\System32\sechost.dll
0x00007ffc42400000 - 0x00007ffc42516000 	C:\windows\System32\RPCRT4.dll
0x00007ffc41b60000 - 0x00007ffc41bd4000 	C:\windows\System32\WS2_32.dll
0x00007ffc34450000 - 0x00007ffc34486000 	C:\windows\SYSTEM32\WINMM.dll
0x00007ffc3e470000 - 0x00007ffc3e4be000 	C:\windows\SYSTEM32\POWRPROF.dll
0x00007ffc2e2b0000 - 0x00007ffc2e2bb000 	C:\windows\SYSTEM32\VERSION.dll
0x00007ffc3e450000 - 0x00007ffc3e464000 	C:\windows\SYSTEM32\UMPDC.dll
0x00007ffc3e710000 - 0x00007ffc3e72a000 	C:\windows\SYSTEM32\kernel.appcore.dll
0x00007ffc20330000 - 0x00007ffc2033a000 	C:\Users\ziad\.jdks\azul-24.0.2\bin\jimage.dll
0x00007ffc31e80000 - 0x00007ffc320c1000 	C:\windows\SYSTEM32\DBGHELP.DLL
0x00007ffc40ea0000 - 0x00007ffc41222000 	C:\windows\System32\combase.dll
0x00007ffc41a80000 - 0x00007ffc41b56000 	C:\windows\System32\OLEAUT32.dll
0x00007ffc1df00000 - 0x00007ffc1df39000 	C:\windows\SYSTEM32\dbgcore.DLL
0x00007ffc402e0000 - 0x00007ffc40379000 	C:\windows\System32\bcryptPrimitives.dll
0x00007ffc20310000 - 0x00007ffc2032e000 	C:\Users\ziad\.jdks\azul-24.0.2\bin\java.dll
0x00007ffc41e10000 - 0x00007ffc41fa5000 	C:\windows\System32\ole32.dll
0x00007ffc40440000 - 0x00007ffc40b55000 	C:\windows\System32\SHELL32.dll
0x00007ffc3ffc0000 - 0x00007ffc40128000 	C:\windows\System32\wintypes.dll
0x00007ffc3d4c0000 - 0x00007ffc3dd05000 	C:\windows\SYSTEM32\windows.storage.dll
0x00007ffc42310000 - 0x00007ffc423fb000 	C:\windows\System32\SHCORE.dll
0x00007ffc41920000 - 0x00007ffc4197d000 	C:\windows\System32\shlwapi.dll
0x00007ffc3f730000 - 0x00007ffc3f75f000 	C:\windows\SYSTEM32\profapi.dll
0x00007ffbcee00000 - 0x00007ffbceed7000 	C:\Users\ziad\.jdks\azul-24.0.2\bin\jsvml.dll
0x00007ffc20300000 - 0x00007ffc20310000 	C:\Users\ziad\.jdks\azul-24.0.2\bin\net.dll
0x00007ffc3ec10000 - 0x00007ffc3ec7a000 	C:\windows\system32\mswsock.dll
0x00007ffbddfe0000 - 0x00007ffbddff6000 	C:\Users\ziad\.jdks\azul-24.0.2\bin\nio.dll
0x00007ffbddfc0000 - 0x00007ffbddfd7000 	C:\Users\ziad\.jdks\azul-24.0.2\bin\zip.dll
0x00007ffc20040000 - 0x00007ffc20050000 	C:\Users\ziad\.jdks\azul-24.0.2\bin\verify.dll
0x00007ffbf7c80000 - 0x00007ffbf7c89000 	C:\Users\ziad\.jdks\azul-24.0.2\bin\extnet.dll
0x00007ffbf63a0000 - 0x00007ffbf63ae000 	C:\Users\ziad\.jdks\azul-24.0.2\bin\sunmscapi.dll
0x00007ffc40130000 - 0x00007ffc402a7000 	C:\windows\System32\CRYPT32.dll
0x00007ffc3f110000 - 0x00007ffc3f140000 	C:\windows\SYSTEM32\ncrypt.dll
0x00007ffc3f0c0000 - 0x00007ffc3f0ff000 	C:\windows\SYSTEM32\NTASN1.dll
0x00007ffc300c0000 - 0x00007ffc300c8000 	C:\windows\system32\wshunix.dll
0x00007ffc3efc0000 - 0x00007ffc3efdc000 	C:\windows\SYSTEM32\CRYPTSP.dll
0x00007ffc3e670000 - 0x00007ffc3e6aa000 	C:\windows\system32\rsaenh.dll
0x00007ffc3ecb0000 - 0x00007ffc3ecdb000 	C:\windows\SYSTEM32\USERENV.dll
0x00007ffc3f150000 - 0x00007ffc3f176000 	C:\windows\SYSTEM32\bcrypt.dll
0x00007ffc3ee40000 - 0x00007ffc3ee4c000 	C:\windows\SYSTEM32\CRYPTBASE.dll
0x00007ffc3e0e0000 - 0x00007ffc3e113000 	C:\windows\SYSTEM32\IPHLPAPI.DLL
0x00007ffc40e90000 - 0x00007ffc40e9a000 	C:\windows\System32\NSI.dll
0x00007ffbf4e60000 - 0x00007ffbf4e69000 	C:\Users\ziad\.jdks\azul-24.0.2\bin\syslookup.dll

JVMTI agents: none

dbghelp: loaded successfully - version: 4.0.5 - missing functions: none
symbol engine: initialized successfully - sym options: 0x614 - pdb path: .;C:\Users\ziad\.jdks\azul-24.0.2\bin;C:\windows\SYSTEM32;C:\windows\WinSxS\amd64_microsoft.windows.common-controls_6595b64144ccf1df_6.0.26100.3323_none_3e088096e3344490;C:\Users\ziad\.jdks\azul-24.0.2\bin\server

VM Arguments:
jvm_args: -Dorg.gradle.internal.worker.tmpdir=C:\src\kgen\examples\lang\build\tmp\test\work --enable-native-access=ALL-UNNAMED -Xmx512m -Dfile.encoding=UTF-8 -Duser.country=US -Duser.language=en -Duser.variant -ea 
java_command: worker.org.gradle.process.internal.worker.GradleWorkerMain 'Gradle Test Executor 1'
java_class_path (initial): C:\\Users\\ziad\\.gradle\\caches\\8.14.1\\workerMain\\gradle-worker.jar;C:\\src\\kgen\\examples\\lang\\build\\classes\\kotlin\\test;C:\\src\\kgen\\examples\\lang\\build\\classes\\kotlin\\main;C:\\src\\kgen\\kgen\\build\\libs\\kgen-0.1.0-SNAPSHOT.jar;C:\\Users\\ziad\\.gradle\\caches\\modules-2\\files-2.1\\org.jetbrains.kotlin\\kotlin-test-junit5\\2.1.10\\fc0a18dd6972c35268f29fa357fc2a30c11728b6\\kotlin-test-junit5-2.1.10.jar;C:\\Users\\ziad\\.gradle\\caches\\modules-2\\files-2.1\\org.jetbrains.kotlin\\kotlin-test\\2.1.10\\9a70f7e2e364080626a4f9ec7256290dee15fd5\\kotlin-test-2.1.10.jar;C:\\Users\\ziad\\.gradle\\caches\\modules-2\\files-2.1\\org.jetbrains.kotlin\\kotlin-stdlib\\2.1.10\\d3028429e7151d7a7c1a0d63a4f60eac86a87b91\\kotlin-stdlib-2.1.10.jar;C:\\Users\\ziad\\.gradle\\caches\\modules-2\\files-2.1\\org.jetbrains\\annotations\\13.0\\919f0dfe192fb4e063e7dacadee7f8bb9a2672a9\\annotations-13.0.jar;C:\\Users\\ziad\\.gradle\\caches\\modules-2\\files-2.1\\org.junit.platform\\junit-platform-launcher\\1.10.1\\ce85bf5e38bee0989ded9bd468dd4ff78dc0cfa8\\junit-platform-launcher-1.10.1.jar;C:\\Users\\ziad\\.gradle\\caches\\modules-2\\files-2.1\\org.junit.platform\\junit-platform-engine\\1.10.1\\f32ae4af74fde68414b8a3d2b7cf1fb43824a83a\\junit-platform-engine-1.10.1.jar;C:\\Users\\ziad\\.gradle\\caches\\modules-2\\files-2.1\\org.junit.jupiter\\junit-jupiter-api\\5.10.1\\eb90c7d8bfaae8fdc97b225733fcb595ddd72843\\junit-jupiter-api-5.10.1.jar;C:\\Users\\ziad\\.gradle\\caches\\modules-2\\files-2.1\\org.junit.platform\\junit-platform-commons\\1.10.1\\2bfcd4a4e38b10c671b6916d7e543c20afe25579\\junit-platform-commons-1.10.1.jar;C:\\Users\\ziad\\.gradle\\caches\\modules-2\\files-2.1\\org.junit.jupiter\\junit-jupiter-engine\\5.10.1\\6c9ff773f9aa842b91d1f2fe4658973252ce2428\\junit-jupiter-engine-5.10.1.jar;C:\\Users\\ziad\\.gradle\\caches\\modules-2\\files-2.1\\org.opentest4j\\opentest4j\\1.3.0\\152ea56b3a72f655d4fd677fc0ef2596c3dd5e6e\\opentest4j-1.3.0.jar
Launcher Type: SUN_STANDARD

[Global flags]
     intx CICompilerCount                          = 12                                        {product} {ergonomic}
     uint ConcGCThreads                            = 3                                         {product} {ergonomic}
     uint G1ConcRefinementThreads                  = 13                                        {product} {ergonomic}
   size_t G1HeapRegionSize                         = 1048576                                   {product} {ergonomic}
   size_t InitialHeapSize                          = 434110464                                 {product} {ergonomic}
   size_t MarkStackSize                            = 4194304                                   {product} {ergonomic}
   size_t MarkStackSizeMax                         = 536870912                                 {product} {ergonomic}
   size_t MaxHeapSize                              = 536870912                                 {product} {command line}
   size_t MaxNewSize                               = 321912832                                 {product} {ergonomic}
   size_t MinHeapDeltaBytes                        = 1048576                                   {product} {ergonomic}
   size_t MinHeapSize                              = 8388608                                   {product} {ergonomic}
    uintx NonNMethodCodeHeapSize                   = 7602176                                {pd product} {ergonomic}
    uintx NonProfiledCodeHeapSize                  = 122093568                              {pd product} {ergonomic}
    uintx ProfiledCodeHeapSize                     = 121962496                              {pd product} {ergonomic}
    uintx ReservedCodeCacheSize                    = 251658240                              {pd product} {ergonomic}
     bool SegmentedCodeCache                       = true                                      {product} {ergonomic}
   size_t SoftMaxHeapSize                          = 536870912                              {manageable} {ergonomic}
     bool UseCompressedOops                        = true                           {product lp64_product} {ergonomic}
     bool UseG1GC                                  = true                                      {product} {ergonomic}
     bool UseLargePagesIndividualAllocation        = false                                  {pd product} {ergonomic}

Logging:
Log output configuration:
 #0: stdout all=warning uptime,level,tags foldmultilines=false
 #1: stderr all=off uptime,level,tags foldmultilines=false

Environment Variables:
JAVA_HOME=C:\Users\ziad\.jdks\azul-24.0.2
PATH=C:\windows\system32;C:\windows;C:\windows\System32\Wbem;C:\windows\System32\WindowsPowerShell\v1.0\;C:\windows\System32\OpenSSH\;C:\Program Files\Microsoft SQL Server\150\Tools\Binn\;C:\Program Files\Microsoft SQL Server\Client SDK\ODBC\170\Tools\Binn\;C:\Program Files\dotnet\;C:\Program Files\Microsoft SQL Server\170\Tools\Binn\;C:\Users\ziad\AppData\Local\Microsoft\WindowsApps;C:\Users\ziad\AppData\Local\Programs\Microsoft VS Code\bin;C:\Users\ziad\.dotnet\tools
USERNAME=ziad
OS=Windows_NT
PROCESSOR_IDENTIFIER=AMD64 Family 25 Model 116 Stepping 1, AuthenticAMD
TMP=C:\Users\ziad\AppData\Local\Temp
TEMP=C:\Users\ziad\AppData\Local\Temp




Periodic native trim disabled

---------------  S Y S T E M  ---------------

OS:
 Windows 11 , 64 bit Build 26100 (10.0.26100.3323)
OS uptime: 10 days 14:47 hours
Hyper-V role detected

CPU: total 16 (initial active 16) (16 cores per cpu, 2 threads per core) family 25 model 116 stepping 1 microcode 0xa704107, cx8, cmov, fxsr, ht, mmx, 3dnowpref, sse, sse2, sse3, ssse3, sse4a, sse4.1, sse4.2, popcnt, lzcnt, tsc, tscinvbit, avx, avx2, aes, erms, clmul, bmi1, bmi2, adx, avx512f, avx512dq, avx512cd, avx512bw, avx512vl, sha, fma, vzeroupper, avx512_vpopcntdq, avx512_vpclmulqdq, avx512_vaes, avx512_vnni, clflush, clflushopt, avx512_vbmi2, avx512_vbmi, hv, rdtscp, rdpid, fsrm, gfni, avx512_bitalg, f16c, cet_ss, avx512_ifma
Processor Information for the first 16 processors :
  Max Mhz: 3801, Current Mhz: 3801, Mhz Limit: 3801

Memory: 4k page, system-wide physical 26421M (8178M free)
TotalPageFile size 38264M (AvailPageFile size 5780M)
current process WorkingSet (physical memory assigned to process): 243M, peak: 249M
current process commit charge ("private bytes"): 660M, peak: 689M

vm_info: OpenJDK 64-Bit Server VM (24.0.2+12) for windows-amd64 JRE (24.0.2+12) (Zulu24.32+13-CA), built on 2025-07-11T12:45:44Z with MS VC++ 17.1 (VS2022)

END.
