#
# A fatal error has been detected by the Java Runtime Environment:
#
#  EXCEPTION_ACCESS_VIOLATION (0xc0000005) at pc=0x000001464308003e, pid=36376, tid=12644
#
# JRE version: OpenJDK Runtime Environment Zulu24.32+13-CA (24.0.2+12) (build 24.0.2+12)
# Java VM: OpenJDK 64-Bit Server VM Zulu24.32+13-CA (24.0.2+12, mixed mode, sharing, tiered, compressed oops, compressed class ptrs, g1 gc, windows-amd64)
# Problematic frame:
# C  0x000001464308003e
#
# No core dump will be written. Minidumps are not enabled by default on client versions of Windows
#
# If you would like to submit a bug report, please visit:
#   http://www.azul.com/support/
# The crash happened outside the Java Virtual Machine in native code.
# See problematic frame for where to report the bug.
#

---------------  S U M M A R Y ------------

Command Line: -Dorg.gradle.internal.worker.tmpdir=C:\src\kgen\examples\lang\build\tmp\test\work --enable-native-access=ALL-UNNAMED -Xmx1g -Dfile.encoding=UTF-8 -Duser.country=US -Duser.language=en -Duser.variant -ea worker.org.gradle.process.internal.worker.GradleWorkerMain 'Gradle Test Executor 49'

Host: AMD Ryzen 7 7840HS w/ Radeon 780M Graphics     , 16 cores, 25G,  Windows 11 , 64 bit Build 26100 (10.0.26100.3323)
Time: Sat Mar  7 13:31:16 2026 Pacific Standard Time elapsed time: 0.810047 seconds (0d 0h 0m 0s)

---------------  T H R E A D  ---------------

Current thread (0x0000014643d6eaf0):  JavaThread "Test worker"        [_thread_in_native, id=12644, stack(0x00000015ace00000,0x00000015acf00000) (1024K)]

Stack: [0x00000015ace00000,0x00000015acf00000],  sp=0x00000015acefbf50,  free space=1007k
Native frames: (J=compiled Java code, j=interpreted, Vv=VM code, C=native code)
C  0x000001464308003e  (no source info available)

Java frames: (J=compiled Java code, j=interpreted, Vv=VM code)
v  ~RuntimeStub::nep_invoker_blob 0x0000014655b0ebe8
j  java.lang.invoke.LambdaForm$MH+0x000001460116c000.invoke(Ljava/lang/Object;JJ)J+10 java.base@24.0.2
j  java.lang.invoke.LambdaForm$MH+0x000001460116f400.invokeExact_MT(Ljava/lang/Object;JJLjava/lang/Object;)J+21 java.base@24.0.2
j  jdk.internal.foreign.abi.DowncallStub+0x000001460116c400.invoke(Ljava/lang/foreign/SegmentAllocator;Ljava/lang/foreign/MemorySegment;J)J+46 java.base@24.0.2
j  java.lang.invoke.LambdaForm$DMH+0x000001460116cc00.invokeStaticInit(Ljava/lang/Object;Ljava/lang/Object;Ljava/lang/Object;J)J+14 java.base@24.0.2
j  java.lang.invoke.LambdaForm$MH+0x000001460116ec00.invoke(Ljava/lang/Object;J)Ljava/lang/Object;+46 java.base@24.0.2
j  java.lang.invoke.LambdaForm$MH+0x000001460116e800.invoke_MT(Ljava/lang/Object;JLjava/lang/Object;)Ljava/lang/Object;+21 java.base@24.0.2
j  org.kgen.jit.JitEngine$Companion.invokeHandle(Ljava/lang/invoke/MethodHandle;[J)Ljava/lang/Object;+55
j  org.kgen.jit.JitEngine$Companion.access$invokeHandle(Lorg/kgen/jit/JitEngine$Companion;Ljava/lang/invoke/MethodHandle;[J)Ljava/lang/Object;+3
j  org.kgen.jit.JitEngine.call(Ljava/lang/String;[J)J+88
j  org.kgen.examples.lang.JitRunner.run(Ljava/lang/String;Ljava/lang/String;[J)J+35
j  org.kgen.examples.lang.JitRunnerTest.divInWhileCondition()V+43
j  java.lang.invoke.DirectMethodHandle$Holder.invokeSpecial(Ljava/lang/Object;Ljava/lang/Object;)V+10 java.base@24.0.2
j  java.lang.invoke.LambdaForm$MH+0x0000014601089000.invoke(Ljava/lang/Object;Ljava/lang/Object;)Ljava/lang/Object;+31 java.base@24.0.2
J 1706 c1 java.lang.invoke.Invokers$Holder.invokeExact_MT(Ljava/lang/Object;Ljava/lang/Object;Ljava/lang/Object;)Ljava/lang/Object; java.base@24.0.2 (23 bytes) @ 0x000001464e669a74 [0x000001464e669400+0x0000000000000674]
j  jdk.internal.reflect.DirectMethodHandleAccessor.invokeImpl(Ljava/lang/Object;[Ljava/lang/Object;)Ljava/lang/Object;+41 java.base@24.0.2
j  jdk.internal.reflect.DirectMethodHandleAccessor.invoke(Ljava/lang/Object;[Ljava/lang/Object;)Ljava/lang/Object;+23 java.base@24.0.2
j  java.lang.reflect.Method.invoke(Ljava/lang/Object;[Ljava/lang/Object;)Ljava/lang/Object;+102 java.base@24.0.2
j  org.junit.platform.commons.util.ReflectionUtils.invokeMethod(Ljava/lang/reflect/Method;Ljava/lang/Object;[Ljava/lang/Object;)Ljava/lang/Object;+42
j  org.junit.jupiter.engine.execution.MethodInvocation.proceed()Ljava/lang/Object;+16
j  org.junit.jupiter.engine.execution.InvocationInterceptorChain$ValidatingInvocation.proceed()Ljava/lang/Object;+8
j  org.junit.jupiter.engine.extension.TimeoutExtension.intercept(Lorg/junit/jupiter/api/extension/InvocationInterceptor$Invocation;Lorg/junit/jupiter/api/extension/ReflectiveInvocationContext;Lorg/junit/jupiter/api/extension/ExtensionContext;Lorg/junit/jupiter/engine/extension/TimeoutDuration;Lorg/junit/jupiter/engine/extension/TimeoutExtension$TimeoutProvider;)Ljava/lang/Object;+28
j  org.junit.jupiter.engine.extension.TimeoutExtension.interceptTestableMethod(Lorg/junit/jupiter/api/extension/InvocationInterceptor$Invocation;Lorg/junit/jupiter/api/extension/ReflectiveInvocationContext;Lorg/junit/jupiter/api/extension/ExtensionContext;Lorg/junit/jupiter/engine/extension/TimeoutExtension$TimeoutProvider;)Ljava/lang/Object;+31
j  org.junit.jupiter.engine.extension.TimeoutExtension.interceptTestMethod(Lorg/junit/jupiter/api/extension/InvocationInterceptor$Invocation;Lorg/junit/jupiter/api/extension/ReflectiveInvocationContext;Lorg/junit/jupiter/api/extension/ExtensionContext;)V+9
j  org.junit.jupiter.engine.descriptor.TestMethodTestDescriptor$$Lambda+0x00000146010be488.apply(Lorg/junit/jupiter/api/extension/InvocationInterceptor;Lorg/junit/jupiter/api/extension/InvocationInterceptor$Invocation;Lorg/junit/jupiter/api/extension/ReflectiveInvocationContext;Lorg/junit/jupiter/api/extension/ExtensionContext;)V+5
j  org.junit.jupiter.engine.execution.InterceptingExecutableInvoker$ReflectiveInterceptorCall.lambda$ofVoidMethod$0(Lorg/junit/jupiter/engine/execution/InterceptingExecutableInvoker$ReflectiveInterceptorCall$VoidMethodInterceptorCall;Lorg/junit/jupiter/api/extension/InvocationInterceptor;Lorg/junit/jupiter/api/extension/InvocationInterceptor$Invocation;Lorg/junit/jupiter/api/extension/ReflectiveInvocationContext;Lorg/junit/jupiter/api/extension/ExtensionContext;)Ljava/lang/Void;+6
j  org.junit.jupiter.engine.execution.InterceptingExecutableInvoker$ReflectiveInterceptorCall$$Lambda+0x00000146010be6b8.apply(Lorg/junit/jupiter/api/extension/InvocationInterceptor;Lorg/junit/jupiter/api/extension/InvocationInterceptor$Invocation;Lorg/junit/jupiter/api/extension/ReflectiveInvocationContext;Lorg/junit/jupiter/api/extension/ExtensionContext;)Ljava/lang/Object;+9
j  org.junit.jupiter.engine.execution.InterceptingExecutableInvoker.lambda$invoke$0(Lorg/junit/jupiter/engine/execution/InterceptingExecutableInvoker$ReflectiveInterceptorCall;Lorg/junit/jupiter/api/extension/ReflectiveInvocationContext;Lorg/junit/jupiter/api/extension/ExtensionContext;Lorg/junit/jupiter/api/extension/InvocationInterceptor;Lorg/junit/jupiter/api/extension/InvocationInterceptor$Invocation;)Ljava/lang/Object;+6
j  org.junit.jupiter.engine.execution.InterceptingExecutableInvoker$$Lambda+0x0000014601128938.apply(Lorg/junit/jupiter/api/extension/InvocationInterceptor;Lorg/junit/jupiter/api/extension/InvocationInterceptor$Invocation;)Ljava/lang/Object;+14
j  org.junit.jupiter.engine.execution.InvocationInterceptorChain$InterceptedInvocation.proceed()Ljava/lang/Object;+12
j  org.junit.jupiter.engine.execution.InvocationInterceptorChain.proceed(Lorg/junit/jupiter/api/extension/InvocationInterceptor$Invocation;)Ljava/lang/Object;+1
j  org.junit.jupiter.engine.execution.InvocationInterceptorChain.chainAndInvoke(Lorg/junit/jupiter/api/extension/InvocationInterceptor$Invocation;Lorg/junit/jupiter/engine/execution/InvocationInterceptorChain$InterceptorCall;Ljava/util/List;)Ljava/lang/Object;+24
j  org.junit.jupiter.engine.execution.InvocationInterceptorChain.invoke(Lorg/junit/jupiter/api/extension/InvocationInterceptor$Invocation;Lorg/junit/jupiter/engine/extension/ExtensionRegistry;Lorg/junit/jupiter/engine/execution/InvocationInterceptorChain$InterceptorCall;)Ljava/lang/Object;+31
j  org.junit.jupiter.engine.execution.InterceptingExecutableInvoker.invoke(Lorg/junit/jupiter/api/extension/InvocationInterceptor$Invocation;Lorg/junit/jupiter/api/extension/ReflectiveInvocationContext;Lorg/junit/jupiter/api/extension/ExtensionContext;Lorg/junit/jupiter/engine/extension/ExtensionRegistry;Lorg/junit/jupiter/engine/execution/InterceptingExecutableInvoker$ReflectiveInterceptorCall;)Ljava/lang/Object;+15
j  org.junit.jupiter.engine.execution.InterceptingExecutableInvoker.invoke(Ljava/lang/reflect/Method;Ljava/lang/Object;Lorg/junit/jupiter/api/extension/ExtensionContext;Lorg/junit/jupiter/engine/extension/ExtensionRegistry;Lorg/junit/jupiter/engine/execution/InterceptingExecutableInvoker$ReflectiveInterceptorCall;)Ljava/lang/Object;+55
j  org.junit.jupiter.engine.descriptor.TestMethodTestDescriptor.lambda$invokeTestMethod$7(Lorg/junit/jupiter/api/extension/ExtensionContext;Lorg/junit/jupiter/engine/execution/JupiterEngineExecutionContext;)V+28
j  org.junit.jupiter.engine.descriptor.TestMethodTestDescriptor$$Lambda+0x000001460112a938.execute()V+12
j  org.junit.platform.engine.support.hierarchical.ThrowableCollector.execute(Lorg/junit/platform/engine/support/hierarchical/ThrowableCollector$Executable;)V+1
j  org.junit.jupiter.engine.descriptor.TestMethodTestDescriptor.invokeTestMethod(Lorg/junit/jupiter/engine/execution/JupiterEngineExecutionContext;Lorg/junit/platform/engine/support/hierarchical/Node$DynamicTestExecutor;)V+21
j  org.junit.jupiter.engine.descriptor.TestMethodTestDescriptor.execute(Lorg/junit/jupiter/engine/execution/JupiterEngineExecutionContext;Lorg/junit/platform/engine/support/hierarchical/Node$DynamicTestExecutor;)Lorg/junit/jupiter/engine/execution/JupiterEngineExecutionContext;+44
j  org.junit.jupiter.engine.descriptor.TestMethodTestDescriptor.execute(Lorg/junit/platform/engine/support/hierarchical/EngineExecutionContext;Lorg/junit/platform/engine/support/hierarchical/Node$DynamicTestExecutor;)Lorg/junit/platform/engine/support/hierarchical/EngineExecutionContext;+6
j  org.junit.platform.engine.support.hierarchical.NodeTestTask.lambda$executeRecursively$6()V+79
j  org.junit.platform.engine.support.hierarchical.NodeTestTask$$Lambda+0x0000014601119670.execute()V+4
j  org.junit.platform.engine.support.hierarchical.ThrowableCollector.execute(Lorg/junit/platform/engine/support/hierarchical/ThrowableCollector$Executable;)V+1
j  org.junit.platform.engine.support.hierarchical.NodeTestTask.lambda$executeRecursively$8(Lorg/junit/platform/engine/support/hierarchical/EngineExecutionContext;)V+15
j  org.junit.platform.engine.support.hierarchical.NodeTestTask$$Lambda+0x0000014601119438.invoke(Lorg/junit/platform/engine/support/hierarchical/EngineExecutionContext;)V+5
j  org.junit.platform.engine.support.hierarchical.Node.around(Lorg/junit/platform/engine/support/hierarchical/EngineExecutionContext;Lorg/junit/platform/engine/support/hierarchical/Node$Invocation;)V+2
j  org.junit.platform.engine.support.hierarchical.NodeTestTask.lambda$executeRecursively$9()V+14
j  org.junit.platform.engine.support.hierarchical.NodeTestTask$$Lambda+0x0000014601119200.execute()V+4
j  org.junit.platform.engine.support.hierarchical.ThrowableCollector.execute(Lorg/junit/platform/engine/support/hierarchical/ThrowableCollector$Executable;)V+1
j  org.junit.platform.engine.support.hierarchical.NodeTestTask.executeRecursively()V+31
j  org.junit.platform.engine.support.hierarchical.NodeTestTask.execute()V+55
j  org.junit.platform.engine.support.hierarchical.SameThreadHierarchicalTestExecutorService$$Lambda+0x000001460111a1d8.accept(Ljava/lang/Object;)V+4
j  java.util.ArrayList.forEach(Ljava/util/function/Consumer;)V+46 java.base@24.0.2
j  org.junit.platform.engine.support.hierarchical.SameThreadHierarchicalTestExecutorService.invokeAll(Ljava/util/List;)V+6
j  org.junit.platform.engine.support.hierarchical.NodeTestTask.lambda$executeRecursively$6()V+116
j  org.junit.platform.engine.support.hierarchical.NodeTestTask$$Lambda+0x0000014601119670.execute()V+4
j  org.junit.platform.engine.support.hierarchical.ThrowableCollector.execute(Lorg/junit/platform/engine/support/hierarchical/ThrowableCollector$Executable;)V+1
j  org.junit.platform.engine.support.hierarchical.NodeTestTask.lambda$executeRecursively$8(Lorg/junit/platform/engine/support/hierarchical/EngineExecutionContext;)V+15
j  org.junit.platform.engine.support.hierarchical.NodeTestTask$$Lambda+0x0000014601119438.invoke(Lorg/junit/platform/engine/support/hierarchical/EngineExecutionContext;)V+5
j  org.junit.platform.engine.support.hierarchical.Node.around(Lorg/junit/platform/engine/support/hierarchical/EngineExecutionContext;Lorg/junit/platform/engine/support/hierarchical/Node$Invocation;)V+2
j  org.junit.platform.engine.support.hierarchical.NodeTestTask.lambda$executeRecursively$9()V+14
j  org.junit.platform.engine.support.hierarchical.NodeTestTask$$Lambda+0x0000014601119200.execute()V+4
j  org.junit.platform.engine.support.hierarchical.ThrowableCollector.execute(Lorg/junit/platform/engine/support/hierarchical/ThrowableCollector$Executable;)V+1
j  org.junit.platform.engine.support.hierarchical.NodeTestTask.executeRecursively()V+31
j  org.junit.platform.engine.support.hierarchical.NodeTestTask.execute()V+55
j  org.junit.platform.engine.support.hierarchical.SameThreadHierarchicalTestExecutorService$$Lambda+0x000001460111a1d8.accept(Ljava/lang/Object;)V+4
j  java.util.ArrayList.forEach(Ljava/util/function/Consumer;)V+46 java.base@24.0.2
j  org.junit.platform.engine.support.hierarchical.SameThreadHierarchicalTestExecutorService.invokeAll(Ljava/util/List;)V+6
j  org.junit.platform.engine.support.hierarchical.NodeTestTask.lambda$executeRecursively$6()V+116
j  org.junit.platform.engine.support.hierarchical.NodeTestTask$$Lambda+0x0000014601119670.execute()V+4
j  org.junit.platform.engine.support.hierarchical.ThrowableCollector.execute(Lorg/junit/platform/engine/support/hierarchical/ThrowableCollector$Executable;)V+1
j  org.junit.platform.engine.support.hierarchical.NodeTestTask.lambda$executeRecursively$8(Lorg/junit/platform/engine/support/hierarchical/EngineExecutionContext;)V+15
j  org.junit.platform.engine.support.hierarchical.NodeTestTask$$Lambda+0x0000014601119438.invoke(Lorg/junit/platform/engine/support/hierarchical/EngineExecutionContext;)V+5
j  org.junit.platform.engine.support.hierarchical.Node.around(Lorg/junit/platform/engine/support/hierarchical/EngineExecutionContext;Lorg/junit/platform/engine/support/hierarchical/Node$Invocation;)V+2
j  org.junit.platform.engine.support.hierarchical.NodeTestTask.lambda$executeRecursively$9()V+14
j  org.junit.platform.engine.support.hierarchical.NodeTestTask$$Lambda+0x0000014601119200.execute()V+4
j  org.junit.platform.engine.support.hierarchical.ThrowableCollector.execute(Lorg/junit/platform/engine/support/hierarchical/ThrowableCollector$Executable;)V+1
j  org.junit.platform.engine.support.hierarchical.NodeTestTask.executeRecursively()V+31
j  org.junit.platform.engine.support.hierarchical.NodeTestTask.execute()V+55
j  org.junit.platform.engine.support.hierarchical.SameThreadHierarchicalTestExecutorService.submit(Lorg/junit/platform/engine/support/hierarchical/HierarchicalTestExecutorService$TestTask;)Ljava/util/concurrent/Future;+1
j  org.junit.platform.engine.support.hierarchical.HierarchicalTestExecutor.execute()Ljava/util/concurrent/Future;+74
j  org.junit.platform.engine.support.hierarchical.HierarchicalTestEngine.execute(Lorg/junit/platform/engine/ExecutionRequest;)V+31
j  org.junit.platform.launcher.core.EngineExecutionOrchestrator.execute(Lorg/junit/platform/engine/TestDescriptor;Lorg/junit/platform/engine/EngineExecutionListener;Lorg/junit/platform/engine/ConfigurationParameters;Lorg/junit/platform/engine/TestEngine;)V+24
j  org.junit.platform.launcher.core.EngineExecutionOrchestrator.execute(Lorg/junit/platform/launcher/core/LauncherDiscoveryResult;Lorg/junit/platform/engine/EngineExecutionListener;)V+115
j  org.junit.platform.launcher.core.EngineExecutionOrchestrator.execute(Lorg/junit/platform/launcher/core/InternalTestPlan;Lorg/junit/platform/engine/EngineExecutionListener;Lorg/junit/platform/launcher/TestExecutionListener;)V+55
j  org.junit.platform.launcher.core.EngineExecutionOrchestrator.lambda$execute$0(Lorg/junit/platform/launcher/core/InternalTestPlan;Lorg/junit/platform/launcher/TestExecutionListener;)V+6
j  org.junit.platform.launcher.core.EngineExecutionOrchestrator$$Lambda+0x0000014601108fc8.accept(Ljava/lang/Object;)V+12
j  org.junit.platform.launcher.core.EngineExecutionOrchestrator.withInterceptedStreams(Lorg/junit/platform/engine/ConfigurationParameters;Lorg/junit/platform/launcher/core/ListenerRegistry;Ljava/util/function/Consumer;)V+51
j  org.junit.platform.launcher.core.EngineExecutionOrchestrator.execute(Lorg/junit/platform/launcher/core/InternalTestPlan;[Lorg/junit/platform/launcher/TestExecutionListener;)V+23
j  org.junit.platform.launcher.core.DefaultLauncher.execute(Lorg/junit/platform/launcher/core/InternalTestPlan;[Lorg/junit/platform/launcher/TestExecutionListener;)V+6
j  org.junit.platform.launcher.core.DefaultLauncher.execute(Lorg/junit/platform/launcher/LauncherDiscoveryRequest;[Lorg/junit/platform/launcher/TestExecutionListener;)V+34
j  org.junit.platform.launcher.core.DelegatingLauncher.execute(Lorg/junit/platform/launcher/LauncherDiscoveryRequest;[Lorg/junit/platform/launcher/TestExecutionListener;)V+6
j  org.gradle.api.internal.tasks.testing.junitplatform.JUnitPlatformTestClassProcessor$CollectAllTestClassesExecutor.processAllTestClasses()V+94
j  org.gradle.api.internal.tasks.testing.junitplatform.JUnitPlatformTestClassProcessor$CollectAllTestClassesExecutor.access$000(Lorg/gradle/api/internal/tasks/testing/junitplatform/JUnitPlatformTestClassProcessor$CollectAllTestClassesExecutor;)V+1
j  org.gradle.api.internal.tasks.testing.junitplatform.JUnitPlatformTestClassProcessor.stop()V+4
j  org.gradle.api.internal.tasks.testing.SuiteTestClassProcessor.stop()V+4
j  java.lang.invoke.LambdaForm$DMH+0x0000014601088800.invokeInterface(Ljava/lang/Object;Ljava/lang/Object;)V+21 java.base@24.0.2
j  java.lang.invoke.LambdaForm$MH+0x0000014601089000.invoke(Ljava/lang/Object;Ljava/lang/Object;)Ljava/lang/Object;+31 java.base@24.0.2
j  java.lang.invoke.Invokers$Holder.invokeExact_MT(Ljava/lang/Object;Ljava/lang/Object;Ljava/lang/Object;)Ljava/lang/Object;+19 java.base@24.0.2
j  jdk.internal.reflect.DirectMethodHandleAccessor.invokeImpl(Ljava/lang/Object;[Ljava/lang/Object;)Ljava/lang/Object;+41 java.base@24.0.2
j  jdk.internal.reflect.DirectMethodHandleAccessor.invoke(Ljava/lang/Object;[Ljava/lang/Object;)Ljava/lang/Object;+23 java.base@24.0.2
j  java.lang.reflect.Method.invoke(Ljava/lang/Object;[Ljava/lang/Object;)Ljava/lang/Object;+102 java.base@24.0.2
j  org.gradle.internal.dispatch.ReflectionDispatch.dispatch(Lorg/gradle/internal/dispatch/MethodInvocation;)V+19
j  org.gradle.internal.dispatch.ReflectionDispatch.dispatch(Ljava/lang/Object;)V+5
j  org.gradle.internal.dispatch.ContextClassLoaderDispatch.dispatch(Ljava/lang/Object;)V+22
j  org.gradle.internal.dispatch.ProxyDispatchAdapter$DispatchingInvocationHandler.invoke(Ljava/lang/Object;Ljava/lang/reflect/Method;[Ljava/lang/Object;)Ljava/lang/Object;+177
j  jdk.proxy1.$Proxy4.stop()V+9 jdk.proxy1
j  org.gradle.api.internal.tasks.testing.worker.TestWorker$3.run()V+7
j  org.gradle.api.internal.tasks.testing.worker.TestWorker.executeAndMaintainThreadName(Ljava/lang/Runnable;)V+1
j  org.gradle.api.internal.tasks.testing.worker.TestWorker.execute(Lorg/gradle/process/internal/worker/WorkerProcessContext;)V+76
j  org.gradle.api.internal.tasks.testing.worker.TestWorker.execute(Ljava/lang/Object;)V+5
j  org.gradle.process.internal.worker.child.ActionExecutionWorker.execute(Lorg/gradle/process/internal/worker/WorkerProcessContext;)V+65
j  org.gradle.process.internal.worker.child.SystemApplicationClassLoaderWorker.call()Ljava/lang/Void;+270
j  org.gradle.process.internal.worker.child.SystemApplicationClassLoaderWorker.call()Ljava/lang/Object;+1
j  worker.org.gradle.process.internal.worker.GradleWorkerMain.run()V+250
j  worker.org.gradle.process.internal.worker.GradleWorkerMain.main([Ljava/lang/String;)V+7
v  ~StubRoutines::call_stub 0x0000014655800fcd

siginfo: EXCEPTION_ACCESS_VIOLATION (0xc0000005), reading address 0x0000000000000000


Registers:
RAX=0x0000000000000020, RBX=0x0000014663ba4aa0, RCX=0x0000000000000040, RDX=0x0000000000000000
RSP=0x00000015acefbf50, RBP=0x00000015acefbf60, RSI=0x0000000000000040, RDI=0x0000000000000020
R8 =0x0000000000000040, R9 =0x00000000d98bc698, R10=0x0000014643080000, R11=0x0000000000000002
R12=0x0000000000000000, R13=0x00000015acefbfa8, R14=0x00000015acefc050, R15=0x0000014643d6eaf0
RIP=0x000001464308003e, EFLAGS=0x0000000000010202

XMM[0]=0x3b3b3b3b3b3b3b3b 0x3b3b3b3b3b3b3b3b
XMM[1]=0x0000000000000000 0x0000000000000000
XMM[2]=0x2525252525252525 0x2525252525252525
XMM[3]=0x0000000000000000 0x0000000000000000
XMM[4]=0x0000000000000000 0x0000000000000000
XMM[5]=0x0000000000000000 0x0000000000000000
XMM[6]=0x2abcb1e9b28d4331 0xd9f4a92748ab63d2
XMM[7]=0x6acfd1ef3b2dfafe 0x7f4881effe8c88fb
XMM[8]=0x061c30efb1780098 0xf852d974fbd6b3fb
XMM[9]=0xa78dce99a78dce99 0xa78dce99f3d42b06
XMM[10]=0x0000000000000000 0x000000004c465c6d
XMM[11]=0xabec4e87abec4e87 0xabec4e879fc0798d
XMM[12]=0x0000000000000000 0x00000000f3d42b06
XMM[13]=0x0000000000000000 0x0000000000000000
XMM[14]=0x0000000000000000 0x0000000000000000
XMM[15]=0x0000000000000000 0x0000000000000000
  MXCSR=0x00001fa0


Register to memory mapping:

RAX=0x0000000000000020 is an unknown value
RBX={method} {0x0000014663ba4aa8} 'linkToNative' '(JJLjava/lang/Object;)J' in 'java/lang/invoke/MethodHandle'
RCX=0x0000000000000040 is an unknown value
RDX=0x0 is null
RSP=0x00000015acefbf50 is pointing into the stack for thread: 0x0000014643d6eaf0
RBP=0x00000015acefbf60 is pointing into the stack for thread: 0x0000014643d6eaf0
RSI=0x0000000000000040 is an unknown value
RDI=0x0000000000000020 is an unknown value
R8 =0x0000000000000040 is an unknown value
R9 =0x00000000d98bc698 is an oop: jdk.internal.foreign.abi.NativeEntryPoint 
{0x00000000d98bc698} - klass: 'jdk/internal/foreign/abi/NativeEntryPoint' - flags: 

 - ---- fields (total size 3 words):
 - private final 'methodType' 'Ljava/lang/invoke/MethodType;' @12  a 'java/lang/invoke/MethodType'{0x00000000d98bbd30} = (JJ)J (0xd98bbd30)
 - private final 'downcallStubAddress' 'J' @16  1401596996576 (0x0000014655b0ebe0)
R10=0x0000014643080000 points into unknown readable memory: 0x10ec8148ec8b4855 | 55 48 8b ec 48 81 ec 10
R11=0x0000000000000002 is an unknown value
R12=0x0 is null
R13=0x00000015acefbfa8 is pointing into the stack for thread: 0x0000014643d6eaf0
R14=0x00000015acefc050 is pointing into the stack for thread: 0x0000014643d6eaf0
R15=0x0000014643d6eaf0 is a thread

Top of Stack: (sp=0x00000015acefbf50)
0x00000015acefbf50:   00000015acefc050 0000000000000040   P.......@.......
0x00000015acefbf60:   00000015acefbf90 0000014655b0ec1e   ...........UF...
0x00000015acefbf70:   00000015acefc018 0000014655819a31   ........1..UF...
0x00000015acefbf80:   0000000000000002 0000014663b777a8   .........w.cF...
0x00000015acefbf90:   00000015acefc018 00000146558088f6   ...........UF...
0x00000015acefbfa0:   00000146558088f6 00000000d98bc698   ...UF...........
0x00000015acefbfb0:   0000000000000040 0000000000000000   @...............
0x00000015acefbfc0:   0000014643080000 0000000000000000   ...CF...........
0x00000015acefbfd0:   fffffffffffffff7 0000014663acfe52   ........R..cF...
0x00000015acefbfe0:   0000000000000007 0000014663ad0000   ...........cF...
0x00000015acefbff0:   0000000000000000 00000000d98c4080   .........@......
0x00000015acefc000:   0000014663acfe60 fffffffffffffff2   `..cF...........
0x00000015acefc010:   00000015acefc030 00000015acefc0a0   0...............
0x00000015acefc020:   00000146558088f6 00000000d98bc698   ...UF...........
0x00000015acefc030:   0000000000000040 0000000000000000   @...............
0x00000015acefc040:   0000014643080000 0000000000000000   ...CF...........
0x00000015acefc050:   00000000d98c41a8 fffffffffffffff7   .A..............
0x00000015acefc060:   0000014663ad669d 0000000000000007   .f.cF...........
0x00000015acefc070:   0000014663ad6868 0000000000000000   hh.cF...........
0x00000015acefc080:   00000000d9731968 0000014663ad66b0   h.s......f.cF...
0x00000015acefc090:   fffffffffffffff2 00000015acefc0b0   ................
0x00000015acefc0a0:   00000015acefc128 00000146558088f6   (..........UF...
0x00000015acefc0b0:   00000000d98bbd30 0000000000000040   0.......@.......
0x00000015acefc0c0:   0000000000000000 0000014643080000   ...........CF...
0x00000015acefc0d0:   0000000000000000 00000000d98c41a8   .........A......
0x00000015acefc0e0:   fffffffffffffff7 0000014663ad079e   ...........cF...
0x00000015acefc0f0:   000000000000000d 0000014663ad09a0   ...........cF...
0x00000015acefc100:   0000000000000000 00000000d98cddd0   ................
0x00000015acefc110:   0000014663ad0800 fffffffffffffff1   ...cF...........
0x00000015acefc120:   00000015acefc170 00000015acefc1e0   p...............
0x00000015acefc130:   00000146558088f6 0000000000000000   ...UF...........
0x00000015acefc140:   0000000000000000 00000000d6bbe878   ........x.......

Instructions: (pc=0x000001464308003e)
  0x000001464307ff3e:   ?? ?? ?? ?? ?? ?? ?? ?? ?? ?? ?? ?? ?? ?? ?? ??
  0x000001464307ff4e:   ?? ?? ?? ?? ?? ?? ?? ?? ?? ?? ?? ?? ?? ?? ?? ??
  0x000001464307ff5e:   ?? ?? ?? ?? ?? ?? ?? ?? ?? ?? ?? ?? ?? ?? ?? ??
  0x000001464307ff6e:   ?? ?? ?? ?? ?? ?? ?? ?? ?? ?? ?? ?? ?? ?? ?? ??
  0x000001464307ff7e:   ?? ?? ?? ?? ?? ?? ?? ?? ?? ?? ?? ?? ?? ?? ?? ??
  0x000001464307ff8e:   ?? ?? ?? ?? ?? ?? ?? ?? ?? ?? ?? ?? ?? ?? ?? ??
  0x000001464307ff9e:   ?? ?? ?? ?? ?? ?? ?? ?? ?? ?? ?? ?? ?? ?? ?? ??
  0x000001464307ffae:   ?? ?? ?? ?? ?? ?? ?? ?? ?? ?? ?? ?? ?? ?? ?? ??
  0x000001464307ffbe:   ?? ?? ?? ?? ?? ?? ?? ?? ?? ?? ?? ?? ?? ?? ?? ??
  0x000001464307ffce:   ?? ?? ?? ?? ?? ?? ?? ?? ?? ?? ?? ?? ?? ?? ?? ??
  0x000001464307ffde:   ?? ?? ?? ?? ?? ?? ?? ?? ?? ?? ?? ?? ?? ?? ?? ??
  0x000001464307ffee:   ?? ?? ?? ?? ?? ?? ?? ?? ?? ?? ?? ?? ?? ?? ?? ??
  0x000001464307fffe:   ?? ?? 55 48 8b ec 48 81 ec 10 00 00 00 48 8d 55
  0x000001464308000e:   f8 48 89 0a e9 00 00 00 00 48 8b 32 49 c7 c3 02
  0x000001464308001e:   00 00 00 48 8b c6 48 99 49 f7 fb 48 8b f8 48 81
  0x000001464308002e:   ff 00 00 00 00 0f 8f 05 00 00 00 e9 1d 00 00 00
=>0x000001464308003e:   4c 8b 02 49 c7 c3 02 00 00 00 49 8b c0 48 99 49
  0x000001464308004e:   f7 fb 4c 8b c8 4c 89 0a e9 bc ff ff ff 48 8b 0a
  0x000001464308005e:   48 8b c1 48 81 c4 10 00 00 00 5d c3 00 00 00 00
  0x000001464308006e:   00 00 00 00 00 00 00 00 00 00 00 00 00 00 00 00
  0x000001464308007e:   00 00 00 00 00 00 00 00 00 00 00 00 00 00 00 00
  0x000001464308008e:   00 00 00 00 00 00 00 00 00 00 00 00 00 00 00 00
  0x000001464308009e:   00 00 00 00 00 00 00 00 00 00 00 00 00 00 00 00
  0x00000146430800ae:   00 00 00 00 00 00 00 00 00 00 00 00 00 00 00 00
  0x00000146430800be:   00 00 00 00 00 00 00 00 00 00 00 00 00 00 00 00
  0x00000146430800ce:   00 00 00 00 00 00 00 00 00 00 00 00 00 00 00 00
  0x00000146430800de:   00 00 00 00 00 00 00 00 00 00 00 00 00 00 00 00
  0x00000146430800ee:   00 00 00 00 00 00 00 00 00 00 00 00 00 00 00 00
  0x00000146430800fe:   00 00 00 00 00 00 00 00 00 00 00 00 00 00 00 00
  0x000001464308010e:   00 00 00 00 00 00 00 00 00 00 00 00 00 00 00 00
  0x000001464308011e:   00 00 00 00 00 00 00 00 00 00 00 00 00 00 00 00
  0x000001464308012e:   00 00 00 00 00 00 00 00 00 00 00 00 00 00 00 00


Stack slot to memory mapping:

stack at sp + 0 slots: 0x00000015acefc050 is pointing into the stack for thread: 0x0000014643d6eaf0
stack at sp + 1 slots: 0x0000000000000040 is an unknown value
stack at sp + 2 slots: 0x00000015acefbf90 is pointing into the stack for thread: 0x0000014643d6eaf0
stack at sp + 3 slots: 0x0000014655b0ec1e is at code_begin+62 in 
[CodeBlob (0x0000014655b0eb88)]
Framesize: 6
Runtime Stub (0x0000014655b0eb88): nep_invoker_blob
--------------------------------------------------------------------------------
Decoding CodeBlob, name: nep_invoker_blob, at  [0x0000014655b0ebe0, 0x0000014655b0ece0]  256 bytes
[MachCode]
  0x0000014655b0ebe0: 5548 8bec | 4883 ec20 | c5f8 7749 | 89af b803 | 0000 49ba | e8eb b055 | 4601 0000 | 4d89 97b0 
  0x0000014655b0ec00: 0300 0049 | 89a7 a803 | 0000 41c7 | 8754 0400 | 0004 0000 | 004c 8bd2 | 498b c841 | ffd2 c5f8 
  0x0000014655b0ec20: 7741 c787 | 5404 0000 | 0500 0000 | f083 4424 | c000 493b | 6f28 0f87 | 4d00 0000 | 4183 bf50 
  0x0000014655b0ec40: 0400 0000 | 0f85 3f00 | 0000 41c7 | 8754 0400 | 0008 0000 | 0041 83bf | d004 0000 | 020f 8453 
  0x0000014655b0ec60: 0000 0049 | c787 a803 | 0000 0000 | 0000 49c7 | 87b8 0300 | 0000 0000 | 0049 c787 | b003 0000 
  0x0000014655b0ec80: 0000 0000 | c5f8 77c9 | c348 8904 | 2449 8bcf | c5f8 774c | 8be4 4883 | ec20 4883 | e4f0 48b8 
  0x0000014655b0eca0: f0a5 4d52 | fb7f 0000 | ffd0 498b | e44d 33e4 | 488b 0424 | eb94 4889 | 0424 c5f8 | 774c 8be4 
  0x0000014655b0ecc0: 4883 ec20 | 4883 e4f0 | 48b8 6074 | 8552 fb7f | 0000 ffd0 | 498b e44d | 33e4 488b | 0424 eb83 
[/MachCode]
--------------------------------------------------------------------------------
stack at sp + 4 slots: 0x00000015acefc018 is pointing into the stack for thread: 0x0000014643d6eaf0
stack at sp + 5 slots: 0x0000014655819a31 is at code_begin+177 in an Interpreter codelet
invokestatic  184 invokestatic  [0x0000014655819980, 0x0000014655819c60]  736 bytes
stack at sp + 6 slots: 0x0000000000000002 is an unknown value
stack at sp + 7 slots: 0x0000014663b777a8 is pointing into metadata

Lock stack of current Java thread (top to bottom):

--------------------------------------------------------------------------------
Decoding CodeBlob, name: nep_invoker_blob, at  [0x0000014655b0ebe0, 0x0000014655b0ece0]  256 bytes
[MachCode]
  0x0000014655b0ebe0: 5548 8bec | 4883 ec20 | c5f8 7749 | 89af b803 | 0000 49ba | e8eb b055 | 4601 0000 | 4d89 97b0 
  0x0000014655b0ec00: 0300 0049 | 89a7 a803 | 0000 41c7 | 8754 0400 | 0004 0000 | 004c 8bd2 | 498b c841 | ffd2 c5f8 
  0x0000014655b0ec20: 7741 c787 | 5404 0000 | 0500 0000 | f083 4424 | c000 493b | 6f28 0f87 | 4d00 0000 | 4183 bf50 
  0x0000014655b0ec40: 0400 0000 | 0f85 3f00 | 0000 41c7 | 8754 0400 | 0008 0000 | 0041 83bf | d004 0000 | 020f 8453 
  0x0000014655b0ec60: 0000 0049 | c787 a803 | 0000 0000 | 0000 49c7 | 87b8 0300 | 0000 0000 | 0049 c787 | b003 0000 
  0x0000014655b0ec80: 0000 0000 | c5f8 77c9 | c348 8904 | 2449 8bcf | c5f8 774c | 8be4 4883 | ec20 4883 | e4f0 48b8 
  0x0000014655b0eca0: f0a5 4d52 | fb7f 0000 | ffd0 498b | e44d 33e4 | 488b 0424 | eb94 4889 | 0424 c5f8 | 774c 8be4 
  0x0000014655b0ecc0: 4883 ec20 | 4883 e4f0 | 48b8 6074 | 8552 fb7f | 0000 ffd0 | 498b e44d | 33e4 488b | 0424 eb83 
[/MachCode]
--------------------------------------------------------------------------------


Compiled method (c1) 852 1706       3       java.lang.invoke.Invokers$Holder::invokeExact_MT (23 bytes)
 total in heap  [0x000001464e669288,0x000001464e669ca8] = 2592
 relocation     [0x000001464e669360,0x000001464e6693f8] = 152
 main code      [0x000001464e669400,0x000001464e669c08] = 2056
 stub code      [0x000001464e669c08,0x000001464e669c78] = 112
 metadata       [0x000001464e669c78,0x000001464e669ca8] = 48
 immutable data [0x0000014641d04960,0x0000014641d04b10] = 432
 dependencies   [0x0000014641d04960,0x0000014641d04970] = 16
 nul chk table  [0x0000014641d04970,0x0000014641d04990] = 32
 scopes pcs     [0x0000014641d04990,0x0000014641d04a70] = 224
 scopes data    [0x0000014641d04a70,0x0000014641d04b10] = 160

[Constant Pool (empty)]

[MachCode]
[Verified Entry Point]
  # {method} {0x00000146001f5000} 'invokeExact_MT' '(Ljava/lang/Object;Ljava/lang/Object;Ljava/lang/Object;)Ljava/lang/Object;' in 'java/lang/invoke/Invokers$Holder'
  # parm0:    rdx:rdx   = 'java/lang/Object'
  # parm1:    r8:r8     = 'java/lang/Object'
  # parm2:    r9:r9     = 'java/lang/Object'
  #           [sp+0x70]  (sp of caller)
  0x000001464e669400: 8984 2400 | 80ff ff55 | 4883 ec60 | 4181 7f20 | 0100 0000 

  0x000001464e669414: ;   {runtime_call StubRoutines (final stubs)}
  0x000001464e669414: 7405 e845 | e81c 074c | 8944 2440 

  0x000001464e669420: ;   {metadata(method data for {method} {0x00000146001f5000} 'invokeExact_MT' '(Ljava/lang/Object;Ljava/lang/Object;Ljava/lang/Object;)Ljava/lang/Object;' in 'java/lang/invoke/Invokers$Holder')}
  0x000001464e669420: 48be 707c | 3a63 4601 | 0000 488d | b688 0200 | 0048 85d2 | 750c f606 | 0175 4df0 | 4883 0e01 
  0x000001464e669440: eb46 8b7a | 0849 ba00 | 0000 0046 | 0100 0049 | 03fa 4c8b | d748 333e | 48f7 c7fc | ffff ff74 
  0x000001464e669460: 2740 f6c7 | 0275 2148 | f706 feff | ffff 7415 | 498b fa48 | 333e 48f7 | c7fc ffff | ff74 0948 
  0x000001464e669480: 830e 02eb | 0348 893e | 4d85 c075 | 0ef6 4610 | 0175 54f0 | 4883 4e10 | 01eb 4c41 | 8b78 0849 
  0x000001464e6694a0: ba00 0000 | 0046 0100 | 0049 03fa | 4c8b d748 | 337e 1048 | f7c7 fcff | ffff 742b | 40f6 c702 
  0x000001464e6694c0: 7525 48f7 | 4610 feff | ffff 7417 | 498b fa48 | 337e 1048 | f7c7 fcff | ffff 740b | 4883 4e10 
  0x000001464e6694e0: 02eb 0448 

  0x000001464e6694e4: ;   {metadata(method data for {method} {0x00000146001f5000} 'invokeExact_MT' '(Ljava/lang/Object;Ljava/lang/Object;Ljava/lang/Object;)Ljava/lang/Object;' in 'java/lang/invoke/Invokers$Holder')}
  0x000001464e6694e4: 897e 1048 | be70 7c3a | 6346 0100 | 008b becc | 0000 0083 | c702 89be | cc00 0000 | 81e7 fe07 
  0x000001464e669504: 0000 85ff | 0f84 1606 | 0000 4885 

  0x000001464e669510: ;   {metadata(method data for {method} {0x00000146001f5000} 'invokeExact_MT' '(Ljava/lang/Object;Ljava/lang/Object;Ljava/lang/Object;)Ljava/lang/Object;' in 'java/lang/invoke/Invokers$Holder')}
  0x000001464e669510: d248 bf70 | 7c3a 6346 | 0100 0075 | 0c80 8f09 | 0100 0001 | e9af 0000 | 008b 5a08 | 49ba 0000 
  0x000001464e669530: 0000 4601 | 0000 4903 | da48 3b9f | 1801 0000 | 750d 4883 | 8720 0100 | 0001 e960 | 0000 0048 
  0x000001464e669550: 3b9f 2801 | 0000 750d | 4883 8730 | 0100 0001 | e94a 0000 | 0048 83bf | 1801 0000 | 0075 1748 
  0x000001464e669570: 899f 1801 | 0000 48c7 | 8720 0100 | 0001 0000 | 00e9 2900 | 0000 4883 | bf28 0100 | 0000 7517 
  0x000001464e669590: 4889 9f28 | 0100 0048 | c787 3001 | 0000 0100 | 0000 e908 | 0000 0048 | 8387 1001 

  0x000001464e6695ac: ;   {metadata('java/lang/invoke/MethodHandle')}
  0x000001464e6695ac: 0000 0148 | bba8 871d | 0046 0100 | 008b 7a08 | 49ba 0000 | 0000 4601 | 0000 4903 | fa48 3b5f 
  0x000001464e6695cc: 380f 8572 | 0500 00e9 | 0000 0000 | 488b f248 | 8974 2448 

  0x000001464e6695e0: ;   {metadata(method data for {method} {0x00000146001f5000} 'invokeExact_MT' '(Ljava/lang/Object;Ljava/lang/Object;Ljava/lang/Object;)Ljava/lang/Object;' in 'java/lang/invoke/Invokers$Holder')}
  0x000001464e6695e0: 4d85 c948 | bb70 7c3a | 6346 0100 | 0075 0c80 | 8b39 0100 | 0001 e9b0 | 0000 0041 | 8b41 0849 
  0x000001464e669600: ba00 0000 | 0046 0100 | 0049 03c2 | 483b 8348 | 0100 0075 | 0d48 8383 | 5001 0000 | 01e9 6000 
  0x000001464e669620: 0000 483b | 8358 0100 | 0075 0d48 | 8383 6001 | 0000 01e9 | 4a00 0000 | 4883 bb48 | 0100 0000 
  0x000001464e669640: 7517 4889 | 8348 0100 | 0048 c783 | 5001 0000 | 0100 0000 | e929 0000 | 0048 83bb | 5801 0000 
  0x000001464e669660: 0075 1748 | 8983 5801 | 0000 48c7 | 8360 0100 | 0001 0000 | 00e9 0800 | 0000 4883 | 8340 0100 
  0x000001464e669680: ;   {metadata('java/lang/invoke/MethodType')}
  0x000001464e669680: 0001 48b8 | 889a 1d00 | 4601 0000 | 418b 5108 | 49ba 0000 | 0000 4601 | 0000 4903 | d248 3bc2 
  0x000001464e6696a0: 0f85 a804 | 0000 e900 | 0000 0049 

  0x000001464e6696ac: ;   {metadata(method data for {method} {0x00000146001f5000} 'invokeExact_MT' '(Ljava/lang/Object;Ljava/lang/Object;Ljava/lang/Object;)Ljava/lang/Object;' in 'java/lang/invoke/Invokers$Holder')}
  0x000001464e6696ac: 8bf9 48ba | 707c 3a63 | 4601 0000 | 488d 9280 | 0100 0048 | 85f6 750e | f642 0801 | 7552 f048 
  0x000001464e6696cc: 834a 0801 | eb4a 8b5e | 0849 ba00 | 0000 0046 | 0100 0049 | 03da 4c8b | d348 335a | 0848 f7c3 
  0x000001464e6696ec: fcff ffff | 742a f6c3 | 0275 2548 | f742 08fe | ffff ff74 | 1749 8bda | 4833 5a08 | 48f7 c3fc 
  0x000001464e66970c: ffff ff74 | 0b48 834a | 0802 eb04 | 4889 5a08 | 4885 ff75 | 0cf6 4218 | 0175 06f0 | 4883 4a18 
  0x000001464e66972c: ;   {metadata(method data for {method} {0x00000146001f5000} 'invokeExact_MT' '(Ljava/lang/Object;Ljava/lang/Object;Ljava/lang/Object;)Ljava/lang/Object;' in 'java/lang/invoke/Invokers$Holder')}
  0x000001464e66972c: 0148 ba70 | 7c3a 6346 | 0100 0048 | 8382 7001 

  0x000001464e66973c: ;   {metadata(method data for {method} {0x000001460044f2a8} 'checkExactType' '(Ljava/lang/invoke/MethodHandle;Ljava/lang/invoke/MethodType;)V' in 'java/lang/invoke/Invokers')}
  0x000001464e66973c: 0000 0148 | ba70 3e39 | 6346 0100 | 008b 9acc | 0000 0083 | c302 899a | cc00 0000 | 81e3 feff 
  0x000001464e66975c: 1f00 85db | 0f84 f103 | 0000 483b | 0648 8bd6 

  0x000001464e66976c: ;   {metadata(method data for {method} {0x000001460044f2a8} 'checkExactType' '(Ljava/lang/invoke/MethodHandle;Ljava/lang/invoke/MethodType;)V' in 'java/lang/invoke/Invokers')}
  0x000001464e66976c: 48bb 703e | 3963 4601 | 0000 8b52 | 0849 ba00 | 0000 0046 | 0100 0049 | 03d2 483b | 9318 0100 
  0x000001464e66978c: 0075 0d48 | 8383 2001 | 0000 01e9 | 6000 0000 | 483b 9328 | 0100 0075 | 0d48 8383 | 3001 0000 
  0x000001464e6697ac: 01e9 4a00 | 0000 4883 | bb18 0100 | 0000 7517 | 4889 9318 | 0100 0048 | c783 2001 | 0000 0100 
  0x000001464e6697cc: 0000 e929 | 0000 0048 | 83bb 2801 | 0000 0075 | 1748 8993 | 2801 0000 | 48c7 8330 | 0100 0001 
  0x000001464e6697ec: 0000 00e9 | 0800 0000 | 4883 8310 | 0100 0001 | 8b5e 1048 

  0x000001464e669800: ;   {metadata(method data for {method} {0x000001460044f2a8} 'checkExactType' '(Ljava/lang/invoke/MethodHandle;Ljava/lang/invoke/MethodType;)V' in 'java/lang/invoke/Invokers')}
  0x000001464e669800: 3bdf 48ba | 703e 3963 | 4601 0000 | b850 0100 | 0075 05b8 | 4001 0000 | 488b 0c02 | 488d 4901 
  0x000001464e669820: 4889 0c02 | 0f85 cb02 

  0x000001464e669828: ;   {metadata(method data for {method} {0x00000146001f5000} 'invokeExact_MT' '(Ljava/lang/Object;Ljava/lang/Object;Ljava/lang/Object;)Ljava/lang/Object;' in 'java/lang/invoke/Invokers$Holder')}
  0x000001464e669828: 0000 48ba | 707c 3a63 | 4601 0000 | 488d 92b8 | 0100 008b | 7e08 49ba | 0000 0000 | 4601 0000 
  0x000001464e669848: 4903 fa4c | 8bd7 4833 | 7a08 48f7 | c7fc ffff | ff74 2b40 | f6c7 0275 | 2548 f742 | 08fe ffff 
  0x000001464e669868: ff74 1749 | 8bfa 4833 | 7a08 48f7 | c7fc ffff | ff74 0b48 | 834a 0802 | eb04 4889 

  0x000001464e669884: ;   {metadata(method data for {method} {0x00000146001f5000} 'invokeExact_MT' '(Ljava/lang/Object;Ljava/lang/Object;Ljava/lang/Object;)Ljava/lang/Object;' in 'java/lang/invoke/Invokers$Holder')}
  0x000001464e669884: 7a08 48ba | 707c 3a63 | 4601 0000 | 4883 82a8 | 0100 0001 

  0x000001464e669898: ;   {metadata(method data for {method} {0x000001460044f1a0} 'checkCustomized' '(Ljava/lang/invoke/MethodHandle;)V' in 'java/lang/invoke/Invokers')}
  0x000001464e669898: 48ba 6833 | 3963 4601 | 0000 8bba | cc00 0000 | 83c7 0289 | bacc 0000 | 0081 e7fe | ff1f 0085 
  0x000001464e6698b8: ff0f 84be 

  0x000001464e6698bc: ;   {metadata(method data for {method} {0x000001460044f1a0} 'checkCustomized' '(Ljava/lang/invoke/MethodHandle;)V' in 'java/lang/invoke/Invokers')}
  0x000001464e6698bc: 0200 0048 | ba68 3339 | 6346 0100 | 0048 8382 | 1001 0000 

  0x000001464e6698d0: ;   {metadata(method data for {method} {0x00000146001ddb08} 'isCompileConstant' '(Ljava/lang/Object;)Z' in 'java/lang/invoke/MethodHandleImpl')}
  0x000001464e6698d0: 0148 ba98 | 3639 6346 | 0100 008b | bacc 0000 | 0083 c702 | 89ba cc00 | 0000 81e7 | feff 1f00 
  0x000001464e6698f0: 85ff 0f84 | a602 0000 

  0x000001464e6698f8: ;   {metadata(method data for {method} {0x000001460044f1a0} 'checkCustomized' '(Ljava/lang/invoke/MethodHandle;)V' in 'java/lang/invoke/Invokers')}
  0x000001464e6698f8: 48ba 6833 | 3963 4601 | 0000 ff82 | 2001 0000 | 8b56 148b | 521c 4885 

  0x000001464e669910: ;   {metadata(method data for {method} {0x000001460044f1a0} 'checkCustomized' '(Ljava/lang/invoke/MethodHandle;)V' in 'java/lang/invoke/Invokers')}
  0x000001464e669910: d248 ba68 | 3339 6346 | 0100 00bf | 4001 0000 | 7505 bf50 | 0100 0048 | 8b1c 3a48 | 8d5b 0148 
  0x000001464e669930: 891c 3a0f | 8523 0000 

  0x000001464e669938: ;   {metadata(method data for {method} {0x000001460044f1a0} 'checkCustomized' '(Ljava/lang/invoke/MethodHandle;)V' in 'java/lang/invoke/Invokers')}
  0x000001464e669938: 0048 ba68 | 3339 6346 | 0100 0048 | 8382 6001 | 0000 0148 

  0x000001464e66994c: ;   {static_call}
  0x000001464e66994c: 8bd6 90e8 

  0x000001464e669950: ; ImmutableOopMap {[64]=Oop [72]=Oop }
                      ;*invokestatic maybeCustomize {reexecute=0 rethrow=0 return_oop=0}
                      ; - java.lang.invoke.Invokers::checkCustomized@19 (line 626)
                      ; - java.lang.invoke.Invokers$Holder::invokeExact_MT@14
  0x000001464e669950: cc00 fdff 

  0x000001464e669954: ;   {post_call_nop}
  0x000001464e669954: 0f1f 8400 | cc06 0000 | 4c8b 4424 

  0x000001464e669960: ;   {metadata(method data for {method} {0x00000146001f5000} 'invokeExact_MT' '(Ljava/lang/Object;Ljava/lang/Object;Ljava/lang/Object;)Ljava/lang/Object;' in 'java/lang/invoke/Invokers$Holder')}
  0x000001464e669960: 4048 ba70 | 7c3a 6346 | 0100 0048 | 8d92 0002 | 0000 4d85 | c075 0ef6 | 4208 0175 | 54f0 4883 
  0x000001464e669980: 4a08 01eb | 4c41 8b70 | 0849 ba00 | 0000 0046 | 0100 0049 | 03f2 4c8b | d648 3372 | 0848 f7c6 
  0x000001464e6699a0: fcff ffff | 742b 40f6 | c602 7525 | 48f7 4208 | feff ffff | 7417 498b | f248 3372 | 0848 f7c6 
  0x000001464e6699c0: fcff ffff | 740b 4883 | 4a08 02eb | 0448 8972 | 0848 8b74 

  0x000001464e6699d4: ;   {metadata(method data for {method} {0x00000146001f5000} 'invokeExact_MT' '(Ljava/lang/Object;Ljava/lang/Object;Ljava/lang/Object;)Ljava/lang/Object;' in 'java/lang/invoke/Invokers$Holder')}
  0x000001464e6699d4: 2448 48ba | 707c 3a63 | 4601 0000 | 8b76 0849 | ba00 0000 | 0046 0100 | 0049 03f2 | 483b b2d8 
  0x000001464e6699f4: 0100 0075 | 0d48 8382 | e001 0000 | 01e9 6000 | 0000 483b | b2e8 0100 | 0075 0d48 | 8382 f001 
  0x000001464e669a14: 0000 01e9 | 4a00 0000 | 4883 bad8 | 0100 0000 | 7517 4889 | b2d8 0100 | 0048 c782 | e001 0000 
  0x000001464e669a34: 0100 0000 | e929 0000 | 0048 83ba | e801 0000 | 0075 1748 | 89b2 e801 | 0000 48c7 | 82f0 0100 
  0x000001464e669a54: 0001 0000 | 00e9 0800 | 0000 4883 | 82d0 0100 | 0001 488b | 5424 480f 

  0x000001464e669a6c: ;   {optimized virtual_call}
  0x000001464e669a6c: 1f40 00e8 

  0x000001464e669a70: ; ImmutableOopMap {}
                      ;*invokevirtual invokeBasic {reexecute=0 rethrow=0 return_oop=0}
                      ; - java.lang.invoke.Invokers$Holder::invokeExact_MT@19
  0x000001464e669a70: 0cee 8d07 

  0x000001464e669a74: ;   {post_call_nop}
  0x000001464e669a74: 0f1f 8400 | ec07 0001 

  0x000001464e669a7c: ;   {metadata(method data for {method} {0x00000146001f5000} 'invokeExact_MT' '(Ljava/lang/Object;Ljava/lang/Object;Ljava/lang/Object;)Ljava/lang/Object;' in 'java/lang/invoke/Invokers$Holder')}
  0x000001464e669a7c: 48ba 707c | 3a63 4601 | 0000 488d | 9210 0200 | 0048 85c0 | 750c f602 | 0175 4ef0 | 4883 0a01 
  0x000001464e669a9c: eb47 448b | 4008 49ba | 0000 0000 | 4601 0000 | 4d03 c24d | 8bd0 4c33 | 0249 f7c0 | fcff ffff 
  0x000001464e669abc: 7427 41f6 | c002 7521 | 48f7 02fe | ffff ff74 | 154d 8bc2 | 4c33 0249 | f7c0 fcff | ffff 7409 
  0x000001464e669adc: 4883 0a02 | eb03 4c89 | 0248 83c4 

  0x000001464e669ae8: ;   {poll_return}
  0x000001464e669ae8: 605d 493b | 6728 0f87 | d000 0000 

  0x000001464e669af4: ;   {metadata(method data for {method} {0x000001460044f2a8} 'checkExactType' '(Ljava/lang/invoke/MethodHandle;Ljava/lang/invoke/MethodType;)V' in 'java/lang/invoke/Invokers')}
  0x000001464e669af4: c348 ba70 | 3e39 6346 | 0100 0048 | 8382 6001 | 0000 0148 | 8bd3 4c8b 

  0x000001464e669b0c: ;   {static_call}
  0x000001464e669b0c: c766 90e8 

  0x000001464e669b10: ; ImmutableOopMap {[64]=Oop [72]=Oop }
                      ;*invokestatic newWrongMethodTypeException {reexecute=0 rethrow=0 return_oop=0}
                      ; - java.lang.invoke.Invokers::checkExactType@12 (line 531)
                      ; - java.lang.invoke.Invokers$Holder::invokeExact_MT@10
  0x000001464e669b10: 4c5d 1e07 

  0x000001464e669b14: ;   {post_call_nop}
  0x000001464e669b14: 0f1f 8400 | 8c08 0002 

  0x000001464e669b1c: ; implicit exception: dispatches to 0x000001464e669bda
  0x000001464e669b1c: 483b 00e9 | d800 0000 

  0x000001464e669b24: ;   {metadata({method} {0x00000146001f5000} 'invokeExact_MT' '(Ljava/lang/Object;Ljava/lang/Object;Ljava/lang/Object;)Ljava/lang/Object;' in 'java/lang/invoke/Invokers$Holder')}
  0x000001464e669b24: 49ba f84f | 1f00 4601 | 0000 4c89 | 5424 0848 | c704 24ff 

  0x000001464e669b38: ;   {runtime_call C1 Runtime counter_overflow_blob}
  0x000001464e669b38: ffff ffe8 

  0x000001464e669b3c: ; ImmutableOopMap {rdx=Oop r8=Oop r9=Oop [64]=Oop }
                      ;*synchronization entry
                      ; - java.lang.invoke.Invokers$Holder::invokeExact_MT@-1
  0x000001464e669b3c: a08e 2b07 | e9c9 f9ff | ff48 8914 

  0x000001464e669b48: ;   {runtime_call C1 Runtime throw_class_cast_exception_blob}
  0x000001464e669b48: 24e8 1258 

  0x000001464e669b4c: ; ImmutableOopMap {r8=Oop r9=Oop [64]=Oop }
                      ;*checkcast {reexecute=0 rethrow=0 return_oop=0}
                      ; - java.lang.invoke.Invokers$Holder::invokeExact_MT@1
  0x000001464e669b4c: 2b07 4c89 

  0x000001464e669b50: ;   {runtime_call C1 Runtime throw_class_cast_exception_blob}
  0x000001464e669b50: 0c24 e809 

  0x000001464e669b54: ; ImmutableOopMap {r8=Oop rsi=Oop [64]=Oop [72]=Oop }
                      ;*checkcast {reexecute=0 rethrow=0 return_oop=0}
                      ; - java.lang.invoke.Invokers$Holder::invokeExact_MT@7
                      ;   {metadata({method} {0x000001460044f2a8} 'checkExactType' '(Ljava/lang/invoke/MethodHandle;Ljava/lang/invoke/MethodType;)V' in 'java/lang/invoke/Invokers')}
  0x000001464e669b54: 582b 0749 | baa0 f244 | 0046 0100 | 004c 8954 | 2408 48c7 | 0424 ffff 

  0x000001464e669b6c: ;   {runtime_call C1 Runtime counter_overflow_blob}
  0x000001464e669b6c: ffff e86d 

  0x000001464e669b70: ; ImmutableOopMap {r8=Oop rsi=Oop rdi=Oop [64]=Oop [72]=Oop }
                      ;*synchronization entry
                      ; - java.lang.invoke.Invokers::checkExactType@-1 (line 529)
                      ; - java.lang.invoke.Invokers$Holder::invokeExact_MT@10
  0x000001464e669b70: 8e2b 07e9 | eefb ffff 

  0x000001464e669b78: ;   {runtime_call C1 Runtime throw_null_pointer_exception_blob}
  0x000001464e669b78: e8e3 242b 

  0x000001464e669b7c: ; ImmutableOopMap {r8=Oop rsi=Oop rdi=Oop [64]=Oop [72]=Oop }
                      ;*invokevirtual type {reexecute=0 rethrow=0 return_oop=0}
                      ; - java.lang.invoke.Invokers::checkExactType@1 (line 529)
                      ; - java.lang.invoke.Invokers$Holder::invokeExact_MT@10
                      ;   {metadata({method} {0x000001460044f1a0} 'checkCustomized' '(Ljava/lang/invoke/MethodHandle;)V' in 'java/lang/invoke/Invokers')}
  0x000001464e669b7c: 0749 ba98 | f144 0046 | 0100 004c | 8954 2408 | 48c7 0424 | ffff ffff 

  0x000001464e669b94: ;   {runtime_call C1 Runtime counter_overflow_blob}
  0x000001464e669b94: e847 8e2b 

  0x000001464e669b98: ; ImmutableOopMap {r8=Oop rsi=Oop [64]=Oop [72]=Oop }
                      ;*synchronization entry
                      ; - java.lang.invoke.Invokers::checkCustomized@-1 (line 622)
                      ; - java.lang.invoke.Invokers$Holder::invokeExact_MT@14
  0x000001464e669b98: 07e9 21fd 

  0x000001464e669b9c: ;   {metadata({method} {0x00000146001ddb08} 'isCompileConstant' '(Ljava/lang/Object;)Z' in 'java/lang/invoke/MethodHandleImpl')}
  0x000001464e669b9c: ffff 49ba | 00db 1d00 | 4601 0000 | 4c89 5424 | 0848 c704 | 24ff ffff 

  0x000001464e669bb4: ;   {runtime_call C1 Runtime counter_overflow_blob}
  0x000001464e669bb4: ffe8 268e 

  0x000001464e669bb8: ; ImmutableOopMap {r8=Oop rsi=Oop [64]=Oop [72]=Oop }
                      ;*synchronization entry
                      ; - java.lang.invoke.MethodHandleImpl::isCompileConstant@-1 (line 624)
                      ; - java.lang.invoke.Invokers::checkCustomized@1 (line 622)
                      ; - java.lang.invoke.Invokers$Holder::invokeExact_MT@14
  0x000001464e669bb8: 2b07 e939 

  0x000001464e669bbc: ;   {runtime_call C1 Runtime throw_null_pointer_exception_blob}
  0x000001464e669bbc: fdff ffe8 

  0x000001464e669bc0: ; ImmutableOopMap {r8=Oop rsi=Oop [64]=Oop [72]=Oop }
                      ;*getfield customized {reexecute=1 rethrow=0 return_oop=0}
                      ; - (reexecute) java.lang.invoke.Invokers::checkCustomized@12 (line 625)
                      ; - java.lang.invoke.Invokers$Holder::invokeExact_MT@14
  0x000001464e669bc0: 9c24 2b07 

  0x000001464e669bc4: ;   {internal_word}
  0x000001464e669bc4: 49ba ea9a | 664e 4601 | 0000 4d89 | 9760 0400 

  0x000001464e669bd4: ;   {runtime_call SafepointBlob}
  0x000001464e669bd4: 00e9 06d9 

  0x000001464e669bd8: ;   {runtime_call C1 Runtime throw_null_pointer_exception_blob}
  0x000001464e669bd8: 1e07 e881 

  0x000001464e669bdc: ; ImmutableOopMap {rax=Oop [64]=Oop [72]=Oop }
                      ;*athrow {reexecute=1 rethrow=0 return_oop=0}
                      ; - (reexecute) java.lang.invoke.Invokers::checkExactType@15 (line 531)
                      ; - java.lang.invoke.Invokers$Holder::invokeExact_MT@10
  0x000001464e669bdc: 242b 0749 | 8b87 0805 | 0000 49c7 | 8708 0500 | 0000 0000 | 0049 c787 | 1005 0000 | 0000 0000 
  0x000001464e669bfc: 4883 c460 

  0x000001464e669c00: ;   {runtime_call C1 Runtime unwind_exception_blob}
  0x000001464e669c00: 5de9 5a10 | 2b07 f4f4 
[Stub Code]
  0x000001464e669c08: ;   {no_reloc}
  0x000001464e669c08: 48bb 0000 | 0000 0000 

  0x000001464e669c10: ;   {runtime_call nmethod}
  0x000001464e669c10: 0000 e9fb 

  0x000001464e669c14: ;   {static_stub}
  0x000001464e669c14: ffff ff48 | bb00 0000 | 0000 0000 

  0x000001464e669c20: ;   {runtime_call nmethod}
  0x000001464e669c20: 00e9 fbff 

  0x000001464e669c24: ;   {static_stub}
  0x000001464e669c24: ffff 48bb | 0000 0000 | 0000 0000 

  0x000001464e669c30: ;   {runtime_call nmethod}
  0x000001464e669c30: e9fb ffff 

  0x000001464e669c34: ;   {runtime_call C1 Runtime handle_exception_from_callee_blob}
  0x000001464e669c34: ffe8 2651 

  0x000001464e669c38: ;   {external_word}
  0x000001464e669c38: 2b07 48b9 | e034 b552 | fb7f 0000 | 4883 e4f0 

  0x000001464e669c48: ;   {runtime_call}
  0x000001464e669c48: 48b8 1090 | 7252 fb7f | 0000 ffd0 

  0x000001464e669c54: ;   {section_word}
  0x000001464e669c54: f449 ba55 | 9c66 4e46 | 0100 0041 

  0x000001464e669c60: ;   {runtime_call DeoptimizationBlob}
  0x000001464e669c60: 52e9 1ac1 

  0x000001464e669c64: ;   {section_word}
  0x000001464e669c64: 1e07 49ba | 669c 664e | 4601 0000 

  0x000001464e669c70: ;   {runtime_call DeoptimizationBlob}
  0x000001464e669c70: 4152 e909 | c11e 07f4 
[/MachCode]


---------------  P R O C E S S  ---------------

Threads class SMR info:
_java_thread_list=0x0000014641f03170, length=23, elements={
0x0000014643d6eaf0, 0x0000014662766be0, 0x0000014662767320, 0x00000146627693a0,
0x000001466276c3a0, 0x000001466276a0f0, 0x0000014662770a20, 0x0000014662782500,
0x000001466278e020, 0x00000146411d86d0, 0x0000014641202790, 0x0000014641210d30,
0x0000014641211470, 0x00000146412da100, 0x00000146413d78b0, 0x0000014641cdc420,
0x0000014641d3dca0, 0x0000014641dbd740, 0x0000014641dbde80, 0x00000146420a1cb0,
0x00000146420961d0, 0x00000146420a0c40, 0x00000146420a13d0
}

Java Threads: ( => current thread )
=>0x0000014643d6eaf0 JavaThread "Test worker"                       [_thread_in_native, id=12644, stack(0x00000015ace00000,0x00000015acf00000) (1024K)]
  0x0000014662766be0 JavaThread "Reference Handler"          daemon [_thread_blocked, id=23472, stack(0x00000015ad600000,0x00000015ad700000) (1024K)]
  0x0000014662767320 JavaThread "Finalizer"                  daemon [_thread_blocked, id=25148, stack(0x00000015ad700000,0x00000015ad800000) (1024K)]
  0x00000146627693a0 JavaThread "Signal Dispatcher"          daemon [_thread_blocked, id=41516, stack(0x00000015ad800000,0x00000015ad900000) (1024K)]
  0x000001466276c3a0 JavaThread "Attach Listener"            daemon [_thread_blocked, id=41188, stack(0x00000015ad900000,0x00000015ada00000) (1024K)]
  0x000001466276a0f0 JavaThread "Service Thread"             daemon [_thread_blocked, id=22220, stack(0x00000015ada00000,0x00000015adb00000) (1024K)]
  0x0000014662770a20 JavaThread "Monitor Deflation Thread"   daemon [_thread_blocked, id=22532, stack(0x00000015adb00000,0x00000015adc00000) (1024K)]
  0x0000014662782500 JavaThread "C2 CompilerThread0"         daemon [_thread_blocked, id=18484, stack(0x00000015adc00000,0x00000015add00000) (1024K)]
  0x000001466278e020 JavaThread "C1 CompilerThread0"         daemon [_thread_blocked, id=33196, stack(0x00000015add00000,0x00000015ade00000) (1024K)]
  0x00000146411d86d0 JavaThread "C1 CompilerThread1"         daemon [_thread_blocked, id=34364, stack(0x00000015ade00000,0x00000015adf00000) (1024K)]
  0x0000014641202790 JavaThread "C1 CompilerThread2"         daemon [_thread_blocked, id=40424, stack(0x00000015adf00000,0x00000015ae000000) (1024K)]
  0x0000014641210d30 JavaThread "Notification Thread"        daemon [_thread_blocked, id=35344, stack(0x00000015ae000000,0x00000015ae100000) (1024K)]
  0x0000014641211470 JavaThread "Common-Cleaner"             daemon [_thread_blocked, id=32504, stack(0x00000015ae100000,0x00000015ae200000) (1024K)]
  0x00000146412da100 JavaThread "C2 CompilerThread1"         daemon [_thread_blocked, id=41620, stack(0x00000015ae200000,0x00000015ae300000) (1024K)]
  0x00000146413d78b0 JavaThread "C2 CompilerThread2"         daemon [_thread_blocked, id=37524, stack(0x00000015ae300000,0x00000015ae400000) (1024K)]
  0x0000014641cdc420 JavaThread "C1 CompilerThread3"         daemon [_thread_blocked, id=8296, stack(0x00000015ae400000,0x00000015ae500000) (1024K)]
  0x0000014641d3dca0 JavaThread "/127.0.0.1:54715 to /127.0.0.1:54714 workers"        [_thread_blocked, id=40920, stack(0x00000015ae600000,0x00000015ae700000) (1024K)]
  0x0000014641dbd740 JavaThread "/127.0.0.1:54715 to /127.0.0.1:54714 workers Thread 2"        [_thread_blocked, id=39004, stack(0x00000015ae700000,0x00000015ae800000) (1024K)]
  0x0000014641dbde80 JavaThread "/127.0.0.1:54715 to /127.0.0.1:54714 workers Thread 3"        [_thread_in_native, id=41360, stack(0x00000015ae800000,0x00000015ae900000) (1024K)]
  0x00000146420a1cb0 JavaThread "C2 CompilerThread3"         daemon [_thread_in_native, id=39516, stack(0x00000015ae900000,0x00000015aea00000) (1024K)]
  0x00000146420961d0 JavaThread "C2 CompilerThread4"         daemon [_thread_blocked, id=31804, stack(0x00000015aea00000,0x00000015aeb00000) (1024K)]
  0x00000146420a0c40 JavaThread "C2 CompilerThread5"         daemon [_thread_in_native, id=40176, stack(0x00000015aeb00000,0x00000015aec00000) (1024K)]
  0x00000146420a13d0 JavaThread "C2 CompilerThread6"         daemon [_thread_blocked, id=29884, stack(0x00000015aec00000,0x00000015aed00000) (1024K)]
Total: 23

Other Threads:
  0x0000014662753c20 VMThread "VM Thread"                           [id=37984, stack(0x00000015ad500000,0x00000015ad600000) (1024K)]
  0x00000146410dcc00 WatcherThread "VM Periodic Task Thread"        [id=41536, stack(0x00000015ad400000,0x00000015ad500000) (1024K)]
  0x00000146458661a0 WorkerThread "GC Thread#0"                     [id=38500, stack(0x00000015acf00000,0x00000015ad000000) (1024K)]
  0x000001464268bbf0 WorkerThread "GC Thread#1"                     [id=37856, stack(0x00000015aed00000,0x00000015aee00000) (1024K)]
  0x000001464268bfa0 WorkerThread "GC Thread#2"                     [id=26992, stack(0x00000015aee00000,0x00000015aef00000) (1024K)]
  0x000001464268c350 WorkerThread "GC Thread#3"                     [id=33652, stack(0x00000015aef00000,0x00000015af000000) (1024K)]
  0x00000146424f1d80 WorkerThread "GC Thread#4"                     [id=33096, stack(0x00000015af000000,0x00000015af100000) (1024K)]
  0x0000014642560850 WorkerThread "GC Thread#5"                     [id=11800, stack(0x00000015af100000,0x00000015af200000) (1024K)]
  0x00000146673cad30 WorkerThread "GC Thread#6"                     [id=35640, stack(0x00000015af200000,0x00000015af300000) (1024K)]
  0x00000146673cb0e0 WorkerThread "GC Thread#7"                     [id=33612, stack(0x00000015af300000,0x00000015af400000) (1024K)]
  0x00000146673cb490 WorkerThread "GC Thread#8"                     [id=24012, stack(0x00000015af400000,0x00000015af500000) (1024K)]
  0x00000146673ca220 WorkerThread "GC Thread#9"                     [id=19476, stack(0x00000015af500000,0x00000015af600000) (1024K)]
  0x00000146458711f0 ConcurrentGCThread "G1 Main Marker"            [id=33900, stack(0x00000015ad000000,0x00000015ad100000) (1024K)]
  0x0000014645872bf0 WorkerThread "G1 Conc#0"                       [id=28676, stack(0x00000015ad100000,0x00000015ad200000) (1024K)]
  0x00000146626f1330 ConcurrentGCThread "G1 Refine#0"               [id=21676, stack(0x00000015ad200000,0x00000015ad300000) (1024K)]
  0x00000146626f1eb0 ConcurrentGCThread "G1 Service"                [id=39632, stack(0x00000015ad300000,0x00000015ad400000) (1024K)]
Total: 16

Threads with active compile tasks:
C2 CompilerThread3  863 2425       4       java.lang.invoke.MethodType::makeImpl (155 bytes)
C2 CompilerThread5  863 2459       4       java.lang.invoke.MethodType::methodType (69 bytes)
Total: 2

VM state: not at safepoint (normal execution)

VM Mutex/Monitor currently owned by a thread: None

Heap address: 0x00000000c0000000, size: 1024 MB, Compressed Oops mode: 32-bit

CDS archive(s) mapped at: [0x0000014600000000-0x0000014600d40000-0x0000014600d40000), size 13893632, SharedBaseAddress: 0x0000014600000000, ArchiveRelocationMode: 1.
Compressed class space mapped at: 0x0000014601000000-0x0000014641000000, reserved size: 1073741824
UseCompressedClassPointers 1, UseCompactObjectHeaders 0
Narrow klass pointer bits 32, Max shift 3
Narrow klass base: 0x0000014600000000, Narrow klass shift: 0
Encoding Range: [0x0000014600000000 - 0x0000014700000000), (4294967296 bytes)
Klass Range:    [0x0000014600000000 - 0x0000014641000000), (1090519040 bytes)
Klass ID Range:  [8 - 1090519033) (1090519025)

GC Precious Log:
 CardTable entry size: 512
 Card Set container configuration: InlinePtr #cards 5 size 8 Array Of Cards #cards 10 size 36 Howl #buckets 4 coarsen threshold 1843 Howl Bitmap #cards 512 size 80 coarsen threshold 460 Card regions per heap region 1 cards per card region 2048
 CPUs: 16 total, 16 available
 Memory: 26421M
 Large Page Support: Disabled
 NUMA Support: Disabled
 Compressed Oops: Enabled (32-bit)
 Heap Region Size: 1M
 Heap Min Capacity: 8M
 Heap Initial Capacity: 414M
 Heap Max Capacity: 1G
 Pre-touch: Disabled
 Parallel Workers: 13
 Concurrent Workers: 3
 Concurrent Refinement Workers: 13
 Periodic GC: Disabled

Heap:
 garbage-first heap   total reserved 1048576K, committed 425984K, used 12083K [0x00000000c0000000, 0x0000000100000000)
  region size 1024K, 12 young (12288K), 5 survivors (5120K)
 Metaspace       used 12934K, committed 13312K, reserved 1114112K
  class space    used 1334K, committed 1472K, reserved 1048576K

Heap Regions: E=young(eden), S=young(survivor), O=old, HS=humongous(starts), HC=humongous(continues), CS=collection set, F=free, TAMS=top-at-mark-start, PB=parsable bottom
|   0|0x00000000c0000000, 0x00000000c0000000, 0x00000000c0100000|  0%| F|  |TAMS 0x00000000c0000000| PB 0x00000000c0000000| Untracked |  0
|   1|0x00000000c0100000, 0x00000000c0100000, 0x00000000c0200000|  0%| F|  |TAMS 0x00000000c0100000| PB 0x00000000c0100000| Untracked |  0
|   2|0x00000000c0200000, 0x00000000c0200000, 0x00000000c0300000|  0%| F|  |TAMS 0x00000000c0200000| PB 0x00000000c0200000| Untracked |  0
|   3|0x00000000c0300000, 0x00000000c0300000, 0x00000000c0400000|  0%| F|  |TAMS 0x00000000c0300000| PB 0x00000000c0300000| Untracked |  0
|   4|0x00000000c0400000, 0x00000000c0400000, 0x00000000c0500000|  0%| F|  |TAMS 0x00000000c0400000| PB 0x00000000c0400000| Untracked |  0
|   5|0x00000000c0500000, 0x00000000c0500000, 0x00000000c0600000|  0%| F|  |TAMS 0x00000000c0500000| PB 0x00000000c0500000| Untracked |  0
|   6|0x00000000c0600000, 0x00000000c0600000, 0x00000000c0700000|  0%| F|  |TAMS 0x00000000c0600000| PB 0x00000000c0600000| Untracked |  0
|   7|0x00000000c0700000, 0x00000000c0700000, 0x00000000c0800000|  0%| F|  |TAMS 0x00000000c0700000| PB 0x00000000c0700000| Untracked |  0
|   8|0x00000000c0800000, 0x00000000c0800000, 0x00000000c0900000|  0%| F|  |TAMS 0x00000000c0800000| PB 0x00000000c0800000| Untracked |  0
|   9|0x00000000c0900000, 0x00000000c0900000, 0x00000000c0a00000|  0%| F|  |TAMS 0x00000000c0900000| PB 0x00000000c0900000| Untracked |  0
|  10|0x00000000c0a00000, 0x00000000c0a00000, 0x00000000c0b00000|  0%| F|  |TAMS 0x00000000c0a00000| PB 0x00000000c0a00000| Untracked |  0
|  11|0x00000000c0b00000, 0x00000000c0b00000, 0x00000000c0c00000|  0%| F|  |TAMS 0x00000000c0b00000| PB 0x00000000c0b00000| Untracked |  0
|  12|0x00000000c0c00000, 0x00000000c0c00000, 0x00000000c0d00000|  0%| F|  |TAMS 0x00000000c0c00000| PB 0x00000000c0c00000| Untracked |  0
|  13|0x00000000c0d00000, 0x00000000c0d00000, 0x00000000c0e00000|  0%| F|  |TAMS 0x00000000c0d00000| PB 0x00000000c0d00000| Untracked |  0
|  14|0x00000000c0e00000, 0x00000000c0e00000, 0x00000000c0f00000|  0%| F|  |TAMS 0x00000000c0e00000| PB 0x00000000c0e00000| Untracked |  0
|  15|0x00000000c0f00000, 0x00000000c0f00000, 0x00000000c1000000|  0%| F|  |TAMS 0x00000000c0f00000| PB 0x00000000c0f00000| Untracked |  0
|  16|0x00000000c1000000, 0x00000000c1000000, 0x00000000c1100000|  0%| F|  |TAMS 0x00000000c1000000| PB 0x00000000c1000000| Untracked |  0
|  17|0x00000000c1100000, 0x00000000c1100000, 0x00000000c1200000|  0%| F|  |TAMS 0x00000000c1100000| PB 0x00000000c1100000| Untracked |  0
|  18|0x00000000c1200000, 0x00000000c1200000, 0x00000000c1300000|  0%| F|  |TAMS 0x00000000c1200000| PB 0x00000000c1200000| Untracked |  0
|  19|0x00000000c1300000, 0x00000000c1300000, 0x00000000c1400000|  0%| F|  |TAMS 0x00000000c1300000| PB 0x00000000c1300000| Untracked |  0
|  20|0x00000000c1400000, 0x00000000c1400000, 0x00000000c1500000|  0%| F|  |TAMS 0x00000000c1400000| PB 0x00000000c1400000| Untracked |  0
|  21|0x00000000c1500000, 0x00000000c1500000, 0x00000000c1600000|  0%| F|  |TAMS 0x00000000c1500000| PB 0x00000000c1500000| Untracked |  0
|  22|0x00000000c1600000, 0x00000000c1600000, 0x00000000c1700000|  0%| F|  |TAMS 0x00000000c1600000| PB 0x00000000c1600000| Untracked |  0
|  23|0x00000000c1700000, 0x00000000c1700000, 0x00000000c1800000|  0%| F|  |TAMS 0x00000000c1700000| PB 0x00000000c1700000| Untracked |  0
|  24|0x00000000c1800000, 0x00000000c1800000, 0x00000000c1900000|  0%| F|  |TAMS 0x00000000c1800000| PB 0x00000000c1800000| Untracked |  0
|  25|0x00000000c1900000, 0x00000000c1900000, 0x00000000c1a00000|  0%| F|  |TAMS 0x00000000c1900000| PB 0x00000000c1900000| Untracked |  0
|  26|0x00000000c1a00000, 0x00000000c1a00000, 0x00000000c1b00000|  0%| F|  |TAMS 0x00000000c1a00000| PB 0x00000000c1a00000| Untracked |  0
|  27|0x00000000c1b00000, 0x00000000c1b00000, 0x00000000c1c00000|  0%| F|  |TAMS 0x00000000c1b00000| PB 0x00000000c1b00000| Untracked |  0
|  28|0x00000000c1c00000, 0x00000000c1c00000, 0x00000000c1d00000|  0%| F|  |TAMS 0x00000000c1c00000| PB 0x00000000c1c00000| Untracked |  0
|  29|0x00000000c1d00000, 0x00000000c1d00000, 0x00000000c1e00000|  0%| F|  |TAMS 0x00000000c1d00000| PB 0x00000000c1d00000| Untracked |  0
|  30|0x00000000c1e00000, 0x00000000c1e00000, 0x00000000c1f00000|  0%| F|  |TAMS 0x00000000c1e00000| PB 0x00000000c1e00000| Untracked |  0
|  31|0x00000000c1f00000, 0x00000000c1f00000, 0x00000000c2000000|  0%| F|  |TAMS 0x00000000c1f00000| PB 0x00000000c1f00000| Untracked |  0
|  32|0x00000000c2000000, 0x00000000c2000000, 0x00000000c2100000|  0%| F|  |TAMS 0x00000000c2000000| PB 0x00000000c2000000| Untracked |  0
|  33|0x00000000c2100000, 0x00000000c2100000, 0x00000000c2200000|  0%| F|  |TAMS 0x00000000c2100000| PB 0x00000000c2100000| Untracked |  0
|  34|0x00000000c2200000, 0x00000000c2200000, 0x00000000c2300000|  0%| F|  |TAMS 0x00000000c2200000| PB 0x00000000c2200000| Untracked |  0
|  35|0x00000000c2300000, 0x00000000c2300000, 0x00000000c2400000|  0%| F|  |TAMS 0x00000000c2300000| PB 0x00000000c2300000| Untracked |  0
|  36|0x00000000c2400000, 0x00000000c2400000, 0x00000000c2500000|  0%| F|  |TAMS 0x00000000c2400000| PB 0x00000000c2400000| Untracked |  0
|  37|0x00000000c2500000, 0x00000000c2500000, 0x00000000c2600000|  0%| F|  |TAMS 0x00000000c2500000| PB 0x00000000c2500000| Untracked |  0
|  38|0x00000000c2600000, 0x00000000c2600000, 0x00000000c2700000|  0%| F|  |TAMS 0x00000000c2600000| PB 0x00000000c2600000| Untracked |  0
|  39|0x00000000c2700000, 0x00000000c2700000, 0x00000000c2800000|  0%| F|  |TAMS 0x00000000c2700000| PB 0x00000000c2700000| Untracked |  0
|  40|0x00000000c2800000, 0x00000000c2800000, 0x00000000c2900000|  0%| F|  |TAMS 0x00000000c2800000| PB 0x00000000c2800000| Untracked |  0
|  41|0x00000000c2900000, 0x00000000c2900000, 0x00000000c2a00000|  0%| F|  |TAMS 0x00000000c2900000| PB 0x00000000c2900000| Untracked |  0
|  42|0x00000000c2a00000, 0x00000000c2a00000, 0x00000000c2b00000|  0%| F|  |TAMS 0x00000000c2a00000| PB 0x00000000c2a00000| Untracked |  0
|  43|0x00000000c2b00000, 0x00000000c2b00000, 0x00000000c2c00000|  0%| F|  |TAMS 0x00000000c2b00000| PB 0x00000000c2b00000| Untracked |  0
|  44|0x00000000c2c00000, 0x00000000c2c00000, 0x00000000c2d00000|  0%| F|  |TAMS 0x00000000c2c00000| PB 0x00000000c2c00000| Untracked |  0
|  45|0x00000000c2d00000, 0x00000000c2d00000, 0x00000000c2e00000|  0%| F|  |TAMS 0x00000000c2d00000| PB 0x00000000c2d00000| Untracked |  0
|  46|0x00000000c2e00000, 0x00000000c2e00000, 0x00000000c2f00000|  0%| F|  |TAMS 0x00000000c2e00000| PB 0x00000000c2e00000| Untracked |  0
|  47|0x00000000c2f00000, 0x00000000c2f00000, 0x00000000c3000000|  0%| F|  |TAMS 0x00000000c2f00000| PB 0x00000000c2f00000| Untracked |  0
|  48|0x00000000c3000000, 0x00000000c3000000, 0x00000000c3100000|  0%| F|  |TAMS 0x00000000c3000000| PB 0x00000000c3000000| Untracked |  0
|  49|0x00000000c3100000, 0x00000000c3100000, 0x00000000c3200000|  0%| F|  |TAMS 0x00000000c3100000| PB 0x00000000c3100000| Untracked |  0
|  50|0x00000000c3200000, 0x00000000c3200000, 0x00000000c3300000|  0%| F|  |TAMS 0x00000000c3200000| PB 0x00000000c3200000| Untracked |  0
|  51|0x00000000c3300000, 0x00000000c3300000, 0x00000000c3400000|  0%| F|  |TAMS 0x00000000c3300000| PB 0x00000000c3300000| Untracked |  0
|  52|0x00000000c3400000, 0x00000000c3400000, 0x00000000c3500000|  0%| F|  |TAMS 0x00000000c3400000| PB 0x00000000c3400000| Untracked |  0
|  53|0x00000000c3500000, 0x00000000c3500000, 0x00000000c3600000|  0%| F|  |TAMS 0x00000000c3500000| PB 0x00000000c3500000| Untracked |  0
|  54|0x00000000c3600000, 0x00000000c3600000, 0x00000000c3700000|  0%| F|  |TAMS 0x00000000c3600000| PB 0x00000000c3600000| Untracked |  0
|  55|0x00000000c3700000, 0x00000000c3700000, 0x00000000c3800000|  0%| F|  |TAMS 0x00000000c3700000| PB 0x00000000c3700000| Untracked |  0
|  56|0x00000000c3800000, 0x00000000c3800000, 0x00000000c3900000|  0%| F|  |TAMS 0x00000000c3800000| PB 0x00000000c3800000| Untracked |  0
|  57|0x00000000c3900000, 0x00000000c3900000, 0x00000000c3a00000|  0%| F|  |TAMS 0x00000000c3900000| PB 0x00000000c3900000| Untracked |  0
|  58|0x00000000c3a00000, 0x00000000c3a00000, 0x00000000c3b00000|  0%| F|  |TAMS 0x00000000c3a00000| PB 0x00000000c3a00000| Untracked |  0
|  59|0x00000000c3b00000, 0x00000000c3b00000, 0x00000000c3c00000|  0%| F|  |TAMS 0x00000000c3b00000| PB 0x00000000c3b00000| Untracked |  0
|  60|0x00000000c3c00000, 0x00000000c3c00000, 0x00000000c3d00000|  0%| F|  |TAMS 0x00000000c3c00000| PB 0x00000000c3c00000| Untracked |  0
|  61|0x00000000c3d00000, 0x00000000c3d00000, 0x00000000c3e00000|  0%| F|  |TAMS 0x00000000c3d00000| PB 0x00000000c3d00000| Untracked |  0
|  62|0x00000000c3e00000, 0x00000000c3e00000, 0x00000000c3f00000|  0%| F|  |TAMS 0x00000000c3e00000| PB 0x00000000c3e00000| Untracked |  0
|  63|0x00000000c3f00000, 0x00000000c3f00000, 0x00000000c4000000|  0%| F|  |TAMS 0x00000000c3f00000| PB 0x00000000c3f00000| Untracked |  0
|  64|0x00000000c4000000, 0x00000000c4000000, 0x00000000c4100000|  0%| F|  |TAMS 0x00000000c4000000| PB 0x00000000c4000000| Untracked |  0
|  65|0x00000000c4100000, 0x00000000c4100000, 0x00000000c4200000|  0%| F|  |TAMS 0x00000000c4100000| PB 0x00000000c4100000| Untracked |  0
|  66|0x00000000c4200000, 0x00000000c4200000, 0x00000000c4300000|  0%| F|  |TAMS 0x00000000c4200000| PB 0x00000000c4200000| Untracked |  0
|  67|0x00000000c4300000, 0x00000000c4300000, 0x00000000c4400000|  0%| F|  |TAMS 0x00000000c4300000| PB 0x00000000c4300000| Untracked |  0
|  68|0x00000000c4400000, 0x00000000c4400000, 0x00000000c4500000|  0%| F|  |TAMS 0x00000000c4400000| PB 0x00000000c4400000| Untracked |  0
|  69|0x00000000c4500000, 0x00000000c4500000, 0x00000000c4600000|  0%| F|  |TAMS 0x00000000c4500000| PB 0x00000000c4500000| Untracked |  0
|  70|0x00000000c4600000, 0x00000000c4600000, 0x00000000c4700000|  0%| F|  |TAMS 0x00000000c4600000| PB 0x00000000c4600000| Untracked |  0
|  71|0x00000000c4700000, 0x00000000c4700000, 0x00000000c4800000|  0%| F|  |TAMS 0x00000000c4700000| PB 0x00000000c4700000| Untracked |  0
|  72|0x00000000c4800000, 0x00000000c4800000, 0x00000000c4900000|  0%| F|  |TAMS 0x00000000c4800000| PB 0x00000000c4800000| Untracked |  0
|  73|0x00000000c4900000, 0x00000000c4900000, 0x00000000c4a00000|  0%| F|  |TAMS 0x00000000c4900000| PB 0x00000000c4900000| Untracked |  0
|  74|0x00000000c4a00000, 0x00000000c4a00000, 0x00000000c4b00000|  0%| F|  |TAMS 0x00000000c4a00000| PB 0x00000000c4a00000| Untracked |  0
|  75|0x00000000c4b00000, 0x00000000c4b00000, 0x00000000c4c00000|  0%| F|  |TAMS 0x00000000c4b00000| PB 0x00000000c4b00000| Untracked |  0
|  76|0x00000000c4c00000, 0x00000000c4c00000, 0x00000000c4d00000|  0%| F|  |TAMS 0x00000000c4c00000| PB 0x00000000c4c00000| Untracked |  0
|  77|0x00000000c4d00000, 0x00000000c4d00000, 0x00000000c4e00000|  0%| F|  |TAMS 0x00000000c4d00000| PB 0x00000000c4d00000| Untracked |  0
|  78|0x00000000c4e00000, 0x00000000c4e00000, 0x00000000c4f00000|  0%| F|  |TAMS 0x00000000c4e00000| PB 0x00000000c4e00000| Untracked |  0
|  79|0x00000000c4f00000, 0x00000000c4f00000, 0x00000000c5000000|  0%| F|  |TAMS 0x00000000c4f00000| PB 0x00000000c4f00000| Untracked |  0
|  80|0x00000000c5000000, 0x00000000c5000000, 0x00000000c5100000|  0%| F|  |TAMS 0x00000000c5000000| PB 0x00000000c5000000| Untracked |  0
|  81|0x00000000c5100000, 0x00000000c5100000, 0x00000000c5200000|  0%| F|  |TAMS 0x00000000c5100000| PB 0x00000000c5100000| Untracked |  0
|  82|0x00000000c5200000, 0x00000000c5200000, 0x00000000c5300000|  0%| F|  |TAMS 0x00000000c5200000| PB 0x00000000c5200000| Untracked |  0
|  83|0x00000000c5300000, 0x00000000c5300000, 0x00000000c5400000|  0%| F|  |TAMS 0x00000000c5300000| PB 0x00000000c5300000| Untracked |  0
|  84|0x00000000c5400000, 0x00000000c5400000, 0x00000000c5500000|  0%| F|  |TAMS 0x00000000c5400000| PB 0x00000000c5400000| Untracked |  0
|  85|0x00000000c5500000, 0x00000000c5500000, 0x00000000c5600000|  0%| F|  |TAMS 0x00000000c5500000| PB 0x00000000c5500000| Untracked |  0
|  86|0x00000000c5600000, 0x00000000c5600000, 0x00000000c5700000|  0%| F|  |TAMS 0x00000000c5600000| PB 0x00000000c5600000| Untracked |  0
|  87|0x00000000c5700000, 0x00000000c5700000, 0x00000000c5800000|  0%| F|  |TAMS 0x00000000c5700000| PB 0x00000000c5700000| Untracked |  0
|  88|0x00000000c5800000, 0x00000000c5800000, 0x00000000c5900000|  0%| F|  |TAMS 0x00000000c5800000| PB 0x00000000c5800000| Untracked |  0
|  89|0x00000000c5900000, 0x00000000c5900000, 0x00000000c5a00000|  0%| F|  |TAMS 0x00000000c5900000| PB 0x00000000c5900000| Untracked |  0
|  90|0x00000000c5a00000, 0x00000000c5a00000, 0x00000000c5b00000|  0%| F|  |TAMS 0x00000000c5a00000| PB 0x00000000c5a00000| Untracked |  0
|  91|0x00000000c5b00000, 0x00000000c5b00000, 0x00000000c5c00000|  0%| F|  |TAMS 0x00000000c5b00000| PB 0x00000000c5b00000| Untracked |  0
|  92|0x00000000c5c00000, 0x00000000c5c00000, 0x00000000c5d00000|  0%| F|  |TAMS 0x00000000c5c00000| PB 0x00000000c5c00000| Untracked |  0
|  93|0x00000000c5d00000, 0x00000000c5d00000, 0x00000000c5e00000|  0%| F|  |TAMS 0x00000000c5d00000| PB 0x00000000c5d00000| Untracked |  0
|  94|0x00000000c5e00000, 0x00000000c5e00000, 0x00000000c5f00000|  0%| F|  |TAMS 0x00000000c5e00000| PB 0x00000000c5e00000| Untracked |  0
|  95|0x00000000c5f00000, 0x00000000c5f00000, 0x00000000c6000000|  0%| F|  |TAMS 0x00000000c5f00000| PB 0x00000000c5f00000| Untracked |  0
|  96|0x00000000c6000000, 0x00000000c6000000, 0x00000000c6100000|  0%| F|  |TAMS 0x00000000c6000000| PB 0x00000000c6000000| Untracked |  0
|  97|0x00000000c6100000, 0x00000000c6100000, 0x00000000c6200000|  0%| F|  |TAMS 0x00000000c6100000| PB 0x00000000c6100000| Untracked |  0
|  98|0x00000000c6200000, 0x00000000c6200000, 0x00000000c6300000|  0%| F|  |TAMS 0x00000000c6200000| PB 0x00000000c6200000| Untracked |  0
|  99|0x00000000c6300000, 0x00000000c6300000, 0x00000000c6400000|  0%| F|  |TAMS 0x00000000c6300000| PB 0x00000000c6300000| Untracked |  0
| 100|0x00000000c6400000, 0x00000000c6400000, 0x00000000c6500000|  0%| F|  |TAMS 0x00000000c6400000| PB 0x00000000c6400000| Untracked |  0
| 101|0x00000000c6500000, 0x00000000c6500000, 0x00000000c6600000|  0%| F|  |TAMS 0x00000000c6500000| PB 0x00000000c6500000| Untracked |  0
| 102|0x00000000c6600000, 0x00000000c6600000, 0x00000000c6700000|  0%| F|  |TAMS 0x00000000c6600000| PB 0x00000000c6600000| Untracked |  0
| 103|0x00000000c6700000, 0x00000000c6700000, 0x00000000c6800000|  0%| F|  |TAMS 0x00000000c6700000| PB 0x00000000c6700000| Untracked |  0
| 104|0x00000000c6800000, 0x00000000c6800000, 0x00000000c6900000|  0%| F|  |TAMS 0x00000000c6800000| PB 0x00000000c6800000| Untracked |  0
| 105|0x00000000c6900000, 0x00000000c6900000, 0x00000000c6a00000|  0%| F|  |TAMS 0x00000000c6900000| PB 0x00000000c6900000| Untracked |  0
| 106|0x00000000c6a00000, 0x00000000c6a00000, 0x00000000c6b00000|  0%| F|  |TAMS 0x00000000c6a00000| PB 0x00000000c6a00000| Untracked |  0
| 107|0x00000000c6b00000, 0x00000000c6b00000, 0x00000000c6c00000|  0%| F|  |TAMS 0x00000000c6b00000| PB 0x00000000c6b00000| Untracked |  0
| 108|0x00000000c6c00000, 0x00000000c6c00000, 0x00000000c6d00000|  0%| F|  |TAMS 0x00000000c6c00000| PB 0x00000000c6c00000| Untracked |  0
| 109|0x00000000c6d00000, 0x00000000c6d00000, 0x00000000c6e00000|  0%| F|  |TAMS 0x00000000c6d00000| PB 0x00000000c6d00000| Untracked |  0
| 110|0x00000000c6e00000, 0x00000000c6e00000, 0x00000000c6f00000|  0%| F|  |TAMS 0x00000000c6e00000| PB 0x00000000c6e00000| Untracked |  0
| 111|0x00000000c6f00000, 0x00000000c6f00000, 0x00000000c7000000|  0%| F|  |TAMS 0x00000000c6f00000| PB 0x00000000c6f00000| Untracked |  0
| 112|0x00000000c7000000, 0x00000000c7000000, 0x00000000c7100000|  0%| F|  |TAMS 0x00000000c7000000| PB 0x00000000c7000000| Untracked |  0
| 113|0x00000000c7100000, 0x00000000c7100000, 0x00000000c7200000|  0%| F|  |TAMS 0x00000000c7100000| PB 0x00000000c7100000| Untracked |  0
| 114|0x00000000c7200000, 0x00000000c7200000, 0x00000000c7300000|  0%| F|  |TAMS 0x00000000c7200000| PB 0x00000000c7200000| Untracked |  0
| 115|0x00000000c7300000, 0x00000000c7300000, 0x00000000c7400000|  0%| F|  |TAMS 0x00000000c7300000| PB 0x00000000c7300000| Untracked |  0
| 116|0x00000000c7400000, 0x00000000c7400000, 0x00000000c7500000|  0%| F|  |TAMS 0x00000000c7400000| PB 0x00000000c7400000| Untracked |  0
| 117|0x00000000c7500000, 0x00000000c7500000, 0x00000000c7600000|  0%| F|  |TAMS 0x00000000c7500000| PB 0x00000000c7500000| Untracked |  0
| 118|0x00000000c7600000, 0x00000000c7600000, 0x00000000c7700000|  0%| F|  |TAMS 0x00000000c7600000| PB 0x00000000c7600000| Untracked |  0
| 119|0x00000000c7700000, 0x00000000c7700000, 0x00000000c7800000|  0%| F|  |TAMS 0x00000000c7700000| PB 0x00000000c7700000| Untracked |  0
| 120|0x00000000c7800000, 0x00000000c7800000, 0x00000000c7900000|  0%| F|  |TAMS 0x00000000c7800000| PB 0x00000000c7800000| Untracked |  0
| 121|0x00000000c7900000, 0x00000000c7900000, 0x00000000c7a00000|  0%| F|  |TAMS 0x00000000c7900000| PB 0x00000000c7900000| Untracked |  0
| 122|0x00000000c7a00000, 0x00000000c7a00000, 0x00000000c7b00000|  0%| F|  |TAMS 0x00000000c7a00000| PB 0x00000000c7a00000| Untracked |  0
| 123|0x00000000c7b00000, 0x00000000c7b00000, 0x00000000c7c00000|  0%| F|  |TAMS 0x00000000c7b00000| PB 0x00000000c7b00000| Untracked |  0
| 124|0x00000000c7c00000, 0x00000000c7c00000, 0x00000000c7d00000|  0%| F|  |TAMS 0x00000000c7c00000| PB 0x00000000c7c00000| Untracked |  0
| 125|0x00000000c7d00000, 0x00000000c7d00000, 0x00000000c7e00000|  0%| F|  |TAMS 0x00000000c7d00000| PB 0x00000000c7d00000| Untracked |  0
| 126|0x00000000c7e00000, 0x00000000c7e00000, 0x00000000c7f00000|  0%| F|  |TAMS 0x00000000c7e00000| PB 0x00000000c7e00000| Untracked |  0
| 127|0x00000000c7f00000, 0x00000000c7f00000, 0x00000000c8000000|  0%| F|  |TAMS 0x00000000c7f00000| PB 0x00000000c7f00000| Untracked |  0
| 128|0x00000000c8000000, 0x00000000c8000000, 0x00000000c8100000|  0%| F|  |TAMS 0x00000000c8000000| PB 0x00000000c8000000| Untracked |  0
| 129|0x00000000c8100000, 0x00000000c8100000, 0x00000000c8200000|  0%| F|  |TAMS 0x00000000c8100000| PB 0x00000000c8100000| Untracked |  0
| 130|0x00000000c8200000, 0x00000000c8200000, 0x00000000c8300000|  0%| F|  |TAMS 0x00000000c8200000| PB 0x00000000c8200000| Untracked |  0
| 131|0x00000000c8300000, 0x00000000c8300000, 0x00000000c8400000|  0%| F|  |TAMS 0x00000000c8300000| PB 0x00000000c8300000| Untracked |  0
| 132|0x00000000c8400000, 0x00000000c8400000, 0x00000000c8500000|  0%| F|  |TAMS 0x00000000c8400000| PB 0x00000000c8400000| Untracked |  0
| 133|0x00000000c8500000, 0x00000000c8500000, 0x00000000c8600000|  0%| F|  |TAMS 0x00000000c8500000| PB 0x00000000c8500000| Untracked |  0
| 134|0x00000000c8600000, 0x00000000c8600000, 0x00000000c8700000|  0%| F|  |TAMS 0x00000000c8600000| PB 0x00000000c8600000| Untracked |  0
| 135|0x00000000c8700000, 0x00000000c8700000, 0x00000000c8800000|  0%| F|  |TAMS 0x00000000c8700000| PB 0x00000000c8700000| Untracked |  0
| 136|0x00000000c8800000, 0x00000000c8800000, 0x00000000c8900000|  0%| F|  |TAMS 0x00000000c8800000| PB 0x00000000c8800000| Untracked |  0
| 137|0x00000000c8900000, 0x00000000c8900000, 0x00000000c8a00000|  0%| F|  |TAMS 0x00000000c8900000| PB 0x00000000c8900000| Untracked |  0
| 138|0x00000000c8a00000, 0x00000000c8a00000, 0x00000000c8b00000|  0%| F|  |TAMS 0x00000000c8a00000| PB 0x00000000c8a00000| Untracked |  0
| 139|0x00000000c8b00000, 0x00000000c8b00000, 0x00000000c8c00000|  0%| F|  |TAMS 0x00000000c8b00000| PB 0x00000000c8b00000| Untracked |  0
| 140|0x00000000c8c00000, 0x00000000c8c00000, 0x00000000c8d00000|  0%| F|  |TAMS 0x00000000c8c00000| PB 0x00000000c8c00000| Untracked |  0
| 141|0x00000000c8d00000, 0x00000000c8d00000, 0x00000000c8e00000|  0%| F|  |TAMS 0x00000000c8d00000| PB 0x00000000c8d00000| Untracked |  0
| 142|0x00000000c8e00000, 0x00000000c8e00000, 0x00000000c8f00000|  0%| F|  |TAMS 0x00000000c8e00000| PB 0x00000000c8e00000| Untracked |  0
| 143|0x00000000c8f00000, 0x00000000c8f00000, 0x00000000c9000000|  0%| F|  |TAMS 0x00000000c8f00000| PB 0x00000000c8f00000| Untracked |  0
| 144|0x00000000c9000000, 0x00000000c9000000, 0x00000000c9100000|  0%| F|  |TAMS 0x00000000c9000000| PB 0x00000000c9000000| Untracked |  0
| 145|0x00000000c9100000, 0x00000000c9100000, 0x00000000c9200000|  0%| F|  |TAMS 0x00000000c9100000| PB 0x00000000c9100000| Untracked |  0
| 146|0x00000000c9200000, 0x00000000c9200000, 0x00000000c9300000|  0%| F|  |TAMS 0x00000000c9200000| PB 0x00000000c9200000| Untracked |  0
| 147|0x00000000c9300000, 0x00000000c9300000, 0x00000000c9400000|  0%| F|  |TAMS 0x00000000c9300000| PB 0x00000000c9300000| Untracked |  0
| 148|0x00000000c9400000, 0x00000000c9400000, 0x00000000c9500000|  0%| F|  |TAMS 0x00000000c9400000| PB 0x00000000c9400000| Untracked |  0
| 149|0x00000000c9500000, 0x00000000c9500000, 0x00000000c9600000|  0%| F|  |TAMS 0x00000000c9500000| PB 0x00000000c9500000| Untracked |  0
| 150|0x00000000c9600000, 0x00000000c9600000, 0x00000000c9700000|  0%| F|  |TAMS 0x00000000c9600000| PB 0x00000000c9600000| Untracked |  0
| 151|0x00000000c9700000, 0x00000000c9700000, 0x00000000c9800000|  0%| F|  |TAMS 0x00000000c9700000| PB 0x00000000c9700000| Untracked |  0
| 152|0x00000000c9800000, 0x00000000c9800000, 0x00000000c9900000|  0%| F|  |TAMS 0x00000000c9800000| PB 0x00000000c9800000| Untracked |  0
| 153|0x00000000c9900000, 0x00000000c9900000, 0x00000000c9a00000|  0%| F|  |TAMS 0x00000000c9900000| PB 0x00000000c9900000| Untracked |  0
| 154|0x00000000c9a00000, 0x00000000c9a00000, 0x00000000c9b00000|  0%| F|  |TAMS 0x00000000c9a00000| PB 0x00000000c9a00000| Untracked |  0
| 155|0x00000000c9b00000, 0x00000000c9b00000, 0x00000000c9c00000|  0%| F|  |TAMS 0x00000000c9b00000| PB 0x00000000c9b00000| Untracked |  0
| 156|0x00000000c9c00000, 0x00000000c9c00000, 0x00000000c9d00000|  0%| F|  |TAMS 0x00000000c9c00000| PB 0x00000000c9c00000| Untracked |  0
| 157|0x00000000c9d00000, 0x00000000c9d00000, 0x00000000c9e00000|  0%| F|  |TAMS 0x00000000c9d00000| PB 0x00000000c9d00000| Untracked |  0
| 158|0x00000000c9e00000, 0x00000000c9e00000, 0x00000000c9f00000|  0%| F|  |TAMS 0x00000000c9e00000| PB 0x00000000c9e00000| Untracked |  0
| 159|0x00000000c9f00000, 0x00000000c9f00000, 0x00000000ca000000|  0%| F|  |TAMS 0x00000000c9f00000| PB 0x00000000c9f00000| Untracked |  0
| 160|0x00000000ca000000, 0x00000000ca000000, 0x00000000ca100000|  0%| F|  |TAMS 0x00000000ca000000| PB 0x00000000ca000000| Untracked |  0
| 161|0x00000000ca100000, 0x00000000ca100000, 0x00000000ca200000|  0%| F|  |TAMS 0x00000000ca100000| PB 0x00000000ca100000| Untracked |  0
| 162|0x00000000ca200000, 0x00000000ca200000, 0x00000000ca300000|  0%| F|  |TAMS 0x00000000ca200000| PB 0x00000000ca200000| Untracked |  0
| 163|0x00000000ca300000, 0x00000000ca300000, 0x00000000ca400000|  0%| F|  |TAMS 0x00000000ca300000| PB 0x00000000ca300000| Untracked |  0
| 164|0x00000000ca400000, 0x00000000ca400000, 0x00000000ca500000|  0%| F|  |TAMS 0x00000000ca400000| PB 0x00000000ca400000| Untracked |  0
| 165|0x00000000ca500000, 0x00000000ca500000, 0x00000000ca600000|  0%| F|  |TAMS 0x00000000ca500000| PB 0x00000000ca500000| Untracked |  0
| 166|0x00000000ca600000, 0x00000000ca600000, 0x00000000ca700000|  0%| F|  |TAMS 0x00000000ca600000| PB 0x00000000ca600000| Untracked |  0
| 167|0x00000000ca700000, 0x00000000ca700000, 0x00000000ca800000|  0%| F|  |TAMS 0x00000000ca700000| PB 0x00000000ca700000| Untracked |  0
| 168|0x00000000ca800000, 0x00000000ca800000, 0x00000000ca900000|  0%| F|  |TAMS 0x00000000ca800000| PB 0x00000000ca800000| Untracked |  0
| 169|0x00000000ca900000, 0x00000000ca900000, 0x00000000caa00000|  0%| F|  |TAMS 0x00000000ca900000| PB 0x00000000ca900000| Untracked |  0
| 170|0x00000000caa00000, 0x00000000caa00000, 0x00000000cab00000|  0%| F|  |TAMS 0x00000000caa00000| PB 0x00000000caa00000| Untracked |  0
| 171|0x00000000cab00000, 0x00000000cab00000, 0x00000000cac00000|  0%| F|  |TAMS 0x00000000cab00000| PB 0x00000000cab00000| Untracked |  0
| 172|0x00000000cac00000, 0x00000000cac00000, 0x00000000cad00000|  0%| F|  |TAMS 0x00000000cac00000| PB 0x00000000cac00000| Untracked |  0
| 173|0x00000000cad00000, 0x00000000cad00000, 0x00000000cae00000|  0%| F|  |TAMS 0x00000000cad00000| PB 0x00000000cad00000| Untracked |  0
| 174|0x00000000cae00000, 0x00000000cae00000, 0x00000000caf00000|  0%| F|  |TAMS 0x00000000cae00000| PB 0x00000000cae00000| Untracked |  0
| 175|0x00000000caf00000, 0x00000000caf00000, 0x00000000cb000000|  0%| F|  |TAMS 0x00000000caf00000| PB 0x00000000caf00000| Untracked |  0
| 176|0x00000000cb000000, 0x00000000cb000000, 0x00000000cb100000|  0%| F|  |TAMS 0x00000000cb000000| PB 0x00000000cb000000| Untracked |  0
| 177|0x00000000cb100000, 0x00000000cb100000, 0x00000000cb200000|  0%| F|  |TAMS 0x00000000cb100000| PB 0x00000000cb100000| Untracked |  0
| 178|0x00000000cb200000, 0x00000000cb200000, 0x00000000cb300000|  0%| F|  |TAMS 0x00000000cb200000| PB 0x00000000cb200000| Untracked |  0
| 179|0x00000000cb300000, 0x00000000cb300000, 0x00000000cb400000|  0%| F|  |TAMS 0x00000000cb300000| PB 0x00000000cb300000| Untracked |  0
| 180|0x00000000cb400000, 0x00000000cb400000, 0x00000000cb500000|  0%| F|  |TAMS 0x00000000cb400000| PB 0x00000000cb400000| Untracked |  0
| 181|0x00000000cb500000, 0x00000000cb500000, 0x00000000cb600000|  0%| F|  |TAMS 0x00000000cb500000| PB 0x00000000cb500000| Untracked |  0
| 182|0x00000000cb600000, 0x00000000cb600000, 0x00000000cb700000|  0%| F|  |TAMS 0x00000000cb600000| PB 0x00000000cb600000| Untracked |  0
| 183|0x00000000cb700000, 0x00000000cb700000, 0x00000000cb800000|  0%| F|  |TAMS 0x00000000cb700000| PB 0x00000000cb700000| Untracked |  0
| 184|0x00000000cb800000, 0x00000000cb800000, 0x00000000cb900000|  0%| F|  |TAMS 0x00000000cb800000| PB 0x00000000cb800000| Untracked |  0
| 185|0x00000000cb900000, 0x00000000cb900000, 0x00000000cba00000|  0%| F|  |TAMS 0x00000000cb900000| PB 0x00000000cb900000| Untracked |  0
| 186|0x00000000cba00000, 0x00000000cba00000, 0x00000000cbb00000|  0%| F|  |TAMS 0x00000000cba00000| PB 0x00000000cba00000| Untracked |  0
| 187|0x00000000cbb00000, 0x00000000cbb00000, 0x00000000cbc00000|  0%| F|  |TAMS 0x00000000cbb00000| PB 0x00000000cbb00000| Untracked |  0
| 188|0x00000000cbc00000, 0x00000000cbc00000, 0x00000000cbd00000|  0%| F|  |TAMS 0x00000000cbc00000| PB 0x00000000cbc00000| Untracked |  0
| 189|0x00000000cbd00000, 0x00000000cbd00000, 0x00000000cbe00000|  0%| F|  |TAMS 0x00000000cbd00000| PB 0x00000000cbd00000| Untracked |  0
| 190|0x00000000cbe00000, 0x00000000cbe00000, 0x00000000cbf00000|  0%| F|  |TAMS 0x00000000cbe00000| PB 0x00000000cbe00000| Untracked |  0
| 191|0x00000000cbf00000, 0x00000000cbf00000, 0x00000000cc000000|  0%| F|  |TAMS 0x00000000cbf00000| PB 0x00000000cbf00000| Untracked |  0
| 192|0x00000000cc000000, 0x00000000cc000000, 0x00000000cc100000|  0%| F|  |TAMS 0x00000000cc000000| PB 0x00000000cc000000| Untracked |  0
| 193|0x00000000cc100000, 0x00000000cc100000, 0x00000000cc200000|  0%| F|  |TAMS 0x00000000cc100000| PB 0x00000000cc100000| Untracked |  0
| 194|0x00000000cc200000, 0x00000000cc200000, 0x00000000cc300000|  0%| F|  |TAMS 0x00000000cc200000| PB 0x00000000cc200000| Untracked |  0
| 195|0x00000000cc300000, 0x00000000cc300000, 0x00000000cc400000|  0%| F|  |TAMS 0x00000000cc300000| PB 0x00000000cc300000| Untracked |  0
| 196|0x00000000cc400000, 0x00000000cc400000, 0x00000000cc500000|  0%| F|  |TAMS 0x00000000cc400000| PB 0x00000000cc400000| Untracked |  0
| 197|0x00000000cc500000, 0x00000000cc500000, 0x00000000cc600000|  0%| F|  |TAMS 0x00000000cc500000| PB 0x00000000cc500000| Untracked |  0
| 198|0x00000000cc600000, 0x00000000cc600000, 0x00000000cc700000|  0%| F|  |TAMS 0x00000000cc600000| PB 0x00000000cc600000| Untracked |  0
| 199|0x00000000cc700000, 0x00000000cc700000, 0x00000000cc800000|  0%| F|  |TAMS 0x00000000cc700000| PB 0x00000000cc700000| Untracked |  0
| 200|0x00000000cc800000, 0x00000000cc800000, 0x00000000cc900000|  0%| F|  |TAMS 0x00000000cc800000| PB 0x00000000cc800000| Untracked |  0
| 201|0x00000000cc900000, 0x00000000cc900000, 0x00000000cca00000|  0%| F|  |TAMS 0x00000000cc900000| PB 0x00000000cc900000| Untracked |  0
| 202|0x00000000cca00000, 0x00000000cca00000, 0x00000000ccb00000|  0%| F|  |TAMS 0x00000000cca00000| PB 0x00000000cca00000| Untracked |  0
| 203|0x00000000ccb00000, 0x00000000ccb00000, 0x00000000ccc00000|  0%| F|  |TAMS 0x00000000ccb00000| PB 0x00000000ccb00000| Untracked |  0
| 204|0x00000000ccc00000, 0x00000000ccc00000, 0x00000000ccd00000|  0%| F|  |TAMS 0x00000000ccc00000| PB 0x00000000ccc00000| Untracked |  0
| 205|0x00000000ccd00000, 0x00000000ccd00000, 0x00000000cce00000|  0%| F|  |TAMS 0x00000000ccd00000| PB 0x00000000ccd00000| Untracked |  0
| 206|0x00000000cce00000, 0x00000000cce00000, 0x00000000ccf00000|  0%| F|  |TAMS 0x00000000cce00000| PB 0x00000000cce00000| Untracked |  0
| 207|0x00000000ccf00000, 0x00000000ccf00000, 0x00000000cd000000|  0%| F|  |TAMS 0x00000000ccf00000| PB 0x00000000ccf00000| Untracked |  0
| 208|0x00000000cd000000, 0x00000000cd000000, 0x00000000cd100000|  0%| F|  |TAMS 0x00000000cd000000| PB 0x00000000cd000000| Untracked |  0
| 209|0x00000000cd100000, 0x00000000cd100000, 0x00000000cd200000|  0%| F|  |TAMS 0x00000000cd100000| PB 0x00000000cd100000| Untracked |  0
| 210|0x00000000cd200000, 0x00000000cd200000, 0x00000000cd300000|  0%| F|  |TAMS 0x00000000cd200000| PB 0x00000000cd200000| Untracked |  0
| 211|0x00000000cd300000, 0x00000000cd300000, 0x00000000cd400000|  0%| F|  |TAMS 0x00000000cd300000| PB 0x00000000cd300000| Untracked |  0
| 212|0x00000000cd400000, 0x00000000cd400000, 0x00000000cd500000|  0%| F|  |TAMS 0x00000000cd400000| PB 0x00000000cd400000| Untracked |  0
| 213|0x00000000cd500000, 0x00000000cd500000, 0x00000000cd600000|  0%| F|  |TAMS 0x00000000cd500000| PB 0x00000000cd500000| Untracked |  0
| 214|0x00000000cd600000, 0x00000000cd600000, 0x00000000cd700000|  0%| F|  |TAMS 0x00000000cd600000| PB 0x00000000cd600000| Untracked |  0
| 215|0x00000000cd700000, 0x00000000cd700000, 0x00000000cd800000|  0%| F|  |TAMS 0x00000000cd700000| PB 0x00000000cd700000| Untracked |  0
| 216|0x00000000cd800000, 0x00000000cd800000, 0x00000000cd900000|  0%| F|  |TAMS 0x00000000cd800000| PB 0x00000000cd800000| Untracked |  0
| 217|0x00000000cd900000, 0x00000000cd900000, 0x00000000cda00000|  0%| F|  |TAMS 0x00000000cd900000| PB 0x00000000cd900000| Untracked |  0
| 218|0x00000000cda00000, 0x00000000cda00000, 0x00000000cdb00000|  0%| F|  |TAMS 0x00000000cda00000| PB 0x00000000cda00000| Untracked |  0
| 219|0x00000000cdb00000, 0x00000000cdb00000, 0x00000000cdc00000|  0%| F|  |TAMS 0x00000000cdb00000| PB 0x00000000cdb00000| Untracked |  0
| 220|0x00000000cdc00000, 0x00000000cdc00000, 0x00000000cdd00000|  0%| F|  |TAMS 0x00000000cdc00000| PB 0x00000000cdc00000| Untracked |  0
| 221|0x00000000cdd00000, 0x00000000cdd00000, 0x00000000cde00000|  0%| F|  |TAMS 0x00000000cdd00000| PB 0x00000000cdd00000| Untracked |  0
| 222|0x00000000cde00000, 0x00000000cde00000, 0x00000000cdf00000|  0%| F|  |TAMS 0x00000000cde00000| PB 0x00000000cde00000| Untracked |  0
| 223|0x00000000cdf00000, 0x00000000cdf00000, 0x00000000ce000000|  0%| F|  |TAMS 0x00000000cdf00000| PB 0x00000000cdf00000| Untracked |  0
| 224|0x00000000ce000000, 0x00000000ce000000, 0x00000000ce100000|  0%| F|  |TAMS 0x00000000ce000000| PB 0x00000000ce000000| Untracked |  0
| 225|0x00000000ce100000, 0x00000000ce100000, 0x00000000ce200000|  0%| F|  |TAMS 0x00000000ce100000| PB 0x00000000ce100000| Untracked |  0
| 226|0x00000000ce200000, 0x00000000ce200000, 0x00000000ce300000|  0%| F|  |TAMS 0x00000000ce200000| PB 0x00000000ce200000| Untracked |  0
| 227|0x00000000ce300000, 0x00000000ce300000, 0x00000000ce400000|  0%| F|  |TAMS 0x00000000ce300000| PB 0x00000000ce300000| Untracked |  0
| 228|0x00000000ce400000, 0x00000000ce400000, 0x00000000ce500000|  0%| F|  |TAMS 0x00000000ce400000| PB 0x00000000ce400000| Untracked |  0
| 229|0x00000000ce500000, 0x00000000ce500000, 0x00000000ce600000|  0%| F|  |TAMS 0x00000000ce500000| PB 0x00000000ce500000| Untracked |  0
| 230|0x00000000ce600000, 0x00000000ce600000, 0x00000000ce700000|  0%| F|  |TAMS 0x00000000ce600000| PB 0x00000000ce600000| Untracked |  0
| 231|0x00000000ce700000, 0x00000000ce700000, 0x00000000ce800000|  0%| F|  |TAMS 0x00000000ce700000| PB 0x00000000ce700000| Untracked |  0
| 232|0x00000000ce800000, 0x00000000ce800000, 0x00000000ce900000|  0%| F|  |TAMS 0x00000000ce800000| PB 0x00000000ce800000| Untracked |  0
| 233|0x00000000ce900000, 0x00000000ce900000, 0x00000000cea00000|  0%| F|  |TAMS 0x00000000ce900000| PB 0x00000000ce900000| Untracked |  0
| 234|0x00000000cea00000, 0x00000000cea00000, 0x00000000ceb00000|  0%| F|  |TAMS 0x00000000cea00000| PB 0x00000000cea00000| Untracked |  0
| 235|0x00000000ceb00000, 0x00000000ceb00000, 0x00000000cec00000|  0%| F|  |TAMS 0x00000000ceb00000| PB 0x00000000ceb00000| Untracked |  0
| 236|0x00000000cec00000, 0x00000000cec00000, 0x00000000ced00000|  0%| F|  |TAMS 0x00000000cec00000| PB 0x00000000cec00000| Untracked |  0
| 237|0x00000000ced00000, 0x00000000ced00000, 0x00000000cee00000|  0%| F|  |TAMS 0x00000000ced00000| PB 0x00000000ced00000| Untracked |  0
| 238|0x00000000cee00000, 0x00000000cee00000, 0x00000000cef00000|  0%| F|  |TAMS 0x00000000cee00000| PB 0x00000000cee00000| Untracked |  0
| 239|0x00000000cef00000, 0x00000000cef00000, 0x00000000cf000000|  0%| F|  |TAMS 0x00000000cef00000| PB 0x00000000cef00000| Untracked |  0
| 240|0x00000000cf000000, 0x00000000cf000000, 0x00000000cf100000|  0%| F|  |TAMS 0x00000000cf000000| PB 0x00000000cf000000| Untracked |  0
| 241|0x00000000cf100000, 0x00000000cf100000, 0x00000000cf200000|  0%| F|  |TAMS 0x00000000cf100000| PB 0x00000000cf100000| Untracked |  0
| 242|0x00000000cf200000, 0x00000000cf200000, 0x00000000cf300000|  0%| F|  |TAMS 0x00000000cf200000| PB 0x00000000cf200000| Untracked |  0
| 243|0x00000000cf300000, 0x00000000cf300000, 0x00000000cf400000|  0%| F|  |TAMS 0x00000000cf300000| PB 0x00000000cf300000| Untracked |  0
| 244|0x00000000cf400000, 0x00000000cf400000, 0x00000000cf500000|  0%| F|  |TAMS 0x00000000cf400000| PB 0x00000000cf400000| Untracked |  0
| 245|0x00000000cf500000, 0x00000000cf500000, 0x00000000cf600000|  0%| F|  |TAMS 0x00000000cf500000| PB 0x00000000cf500000| Untracked |  0
| 246|0x00000000cf600000, 0x00000000cf600000, 0x00000000cf700000|  0%| F|  |TAMS 0x00000000cf600000| PB 0x00000000cf600000| Untracked |  0
| 247|0x00000000cf700000, 0x00000000cf700000, 0x00000000cf800000|  0%| F|  |TAMS 0x00000000cf700000| PB 0x00000000cf700000| Untracked |  0
| 248|0x00000000cf800000, 0x00000000cf800000, 0x00000000cf900000|  0%| F|  |TAMS 0x00000000cf800000| PB 0x00000000cf800000| Untracked |  0
| 249|0x00000000cf900000, 0x00000000cf900000, 0x00000000cfa00000|  0%| F|  |TAMS 0x00000000cf900000| PB 0x00000000cf900000| Untracked |  0
| 250|0x00000000cfa00000, 0x00000000cfa00000, 0x00000000cfb00000|  0%| F|  |TAMS 0x00000000cfa00000| PB 0x00000000cfa00000| Untracked |  0
| 251|0x00000000cfb00000, 0x00000000cfb00000, 0x00000000cfc00000|  0%| F|  |TAMS 0x00000000cfb00000| PB 0x00000000cfb00000| Untracked |  0
| 252|0x00000000cfc00000, 0x00000000cfc00000, 0x00000000cfd00000|  0%| F|  |TAMS 0x00000000cfc00000| PB 0x00000000cfc00000| Untracked |  0
| 253|0x00000000cfd00000, 0x00000000cfd00000, 0x00000000cfe00000|  0%| F|  |TAMS 0x00000000cfd00000| PB 0x00000000cfd00000| Untracked |  0
| 254|0x00000000cfe00000, 0x00000000cfe00000, 0x00000000cff00000|  0%| F|  |TAMS 0x00000000cfe00000| PB 0x00000000cfe00000| Untracked |  0
| 255|0x00000000cff00000, 0x00000000cff00000, 0x00000000d0000000|  0%| F|  |TAMS 0x00000000cff00000| PB 0x00000000cff00000| Untracked |  0
| 256|0x00000000d0000000, 0x00000000d0000000, 0x00000000d0100000|  0%| F|  |TAMS 0x00000000d0000000| PB 0x00000000d0000000| Untracked |  0
| 257|0x00000000d0100000, 0x00000000d0100000, 0x00000000d0200000|  0%| F|  |TAMS 0x00000000d0100000| PB 0x00000000d0100000| Untracked |  0
| 258|0x00000000d0200000, 0x00000000d0200000, 0x00000000d0300000|  0%| F|  |TAMS 0x00000000d0200000| PB 0x00000000d0200000| Untracked |  0
| 259|0x00000000d0300000, 0x00000000d0300000, 0x00000000d0400000|  0%| F|  |TAMS 0x00000000d0300000| PB 0x00000000d0300000| Untracked |  0
| 260|0x00000000d0400000, 0x00000000d0400000, 0x00000000d0500000|  0%| F|  |TAMS 0x00000000d0400000| PB 0x00000000d0400000| Untracked |  0
| 261|0x00000000d0500000, 0x00000000d0500000, 0x00000000d0600000|  0%| F|  |TAMS 0x00000000d0500000| PB 0x00000000d0500000| Untracked |  0
| 262|0x00000000d0600000, 0x00000000d0600000, 0x00000000d0700000|  0%| F|  |TAMS 0x00000000d0600000| PB 0x00000000d0600000| Untracked |  0
| 263|0x00000000d0700000, 0x00000000d0700000, 0x00000000d0800000|  0%| F|  |TAMS 0x00000000d0700000| PB 0x00000000d0700000| Untracked |  0
| 264|0x00000000d0800000, 0x00000000d0800000, 0x00000000d0900000|  0%| F|  |TAMS 0x00000000d0800000| PB 0x00000000d0800000| Untracked |  0
| 265|0x00000000d0900000, 0x00000000d0900000, 0x00000000d0a00000|  0%| F|  |TAMS 0x00000000d0900000| PB 0x00000000d0900000| Untracked |  0
| 266|0x00000000d0a00000, 0x00000000d0a00000, 0x00000000d0b00000|  0%| F|  |TAMS 0x00000000d0a00000| PB 0x00000000d0a00000| Untracked |  0
| 267|0x00000000d0b00000, 0x00000000d0b00000, 0x00000000d0c00000|  0%| F|  |TAMS 0x00000000d0b00000| PB 0x00000000d0b00000| Untracked |  0
| 268|0x00000000d0c00000, 0x00000000d0c00000, 0x00000000d0d00000|  0%| F|  |TAMS 0x00000000d0c00000| PB 0x00000000d0c00000| Untracked |  0
| 269|0x00000000d0d00000, 0x00000000d0d00000, 0x00000000d0e00000|  0%| F|  |TAMS 0x00000000d0d00000| PB 0x00000000d0d00000| Untracked |  0
| 270|0x00000000d0e00000, 0x00000000d0e00000, 0x00000000d0f00000|  0%| F|  |TAMS 0x00000000d0e00000| PB 0x00000000d0e00000| Untracked |  0
| 271|0x00000000d0f00000, 0x00000000d0f00000, 0x00000000d1000000|  0%| F|  |TAMS 0x00000000d0f00000| PB 0x00000000d0f00000| Untracked |  0
| 272|0x00000000d1000000, 0x00000000d1000000, 0x00000000d1100000|  0%| F|  |TAMS 0x00000000d1000000| PB 0x00000000d1000000| Untracked |  0
| 273|0x00000000d1100000, 0x00000000d1100000, 0x00000000d1200000|  0%| F|  |TAMS 0x00000000d1100000| PB 0x00000000d1100000| Untracked |  0
| 274|0x00000000d1200000, 0x00000000d1200000, 0x00000000d1300000|  0%| F|  |TAMS 0x00000000d1200000| PB 0x00000000d1200000| Untracked |  0
| 275|0x00000000d1300000, 0x00000000d1300000, 0x00000000d1400000|  0%| F|  |TAMS 0x00000000d1300000| PB 0x00000000d1300000| Untracked |  0
| 276|0x00000000d1400000, 0x00000000d1400000, 0x00000000d1500000|  0%| F|  |TAMS 0x00000000d1400000| PB 0x00000000d1400000| Untracked |  0
| 277|0x00000000d1500000, 0x00000000d1500000, 0x00000000d1600000|  0%| F|  |TAMS 0x00000000d1500000| PB 0x00000000d1500000| Untracked |  0
| 278|0x00000000d1600000, 0x00000000d1600000, 0x00000000d1700000|  0%| F|  |TAMS 0x00000000d1600000| PB 0x00000000d1600000| Untracked |  0
| 279|0x00000000d1700000, 0x00000000d1700000, 0x00000000d1800000|  0%| F|  |TAMS 0x00000000d1700000| PB 0x00000000d1700000| Untracked |  0
| 280|0x00000000d1800000, 0x00000000d1800000, 0x00000000d1900000|  0%| F|  |TAMS 0x00000000d1800000| PB 0x00000000d1800000| Untracked |  0
| 281|0x00000000d1900000, 0x00000000d1900000, 0x00000000d1a00000|  0%| F|  |TAMS 0x00000000d1900000| PB 0x00000000d1900000| Untracked |  0
| 282|0x00000000d1a00000, 0x00000000d1a00000, 0x00000000d1b00000|  0%| F|  |TAMS 0x00000000d1a00000| PB 0x00000000d1a00000| Untracked |  0
| 283|0x00000000d1b00000, 0x00000000d1b00000, 0x00000000d1c00000|  0%| F|  |TAMS 0x00000000d1b00000| PB 0x00000000d1b00000| Untracked |  0
| 284|0x00000000d1c00000, 0x00000000d1c00000, 0x00000000d1d00000|  0%| F|  |TAMS 0x00000000d1c00000| PB 0x00000000d1c00000| Untracked |  0
| 285|0x00000000d1d00000, 0x00000000d1d00000, 0x00000000d1e00000|  0%| F|  |TAMS 0x00000000d1d00000| PB 0x00000000d1d00000| Untracked |  0
| 286|0x00000000d1e00000, 0x00000000d1e00000, 0x00000000d1f00000|  0%| F|  |TAMS 0x00000000d1e00000| PB 0x00000000d1e00000| Untracked |  0
| 287|0x00000000d1f00000, 0x00000000d1f00000, 0x00000000d2000000|  0%| F|  |TAMS 0x00000000d1f00000| PB 0x00000000d1f00000| Untracked |  0
| 288|0x00000000d2000000, 0x00000000d2000000, 0x00000000d2100000|  0%| F|  |TAMS 0x00000000d2000000| PB 0x00000000d2000000| Untracked |  0
| 289|0x00000000d2100000, 0x00000000d2100000, 0x00000000d2200000|  0%| F|  |TAMS 0x00000000d2100000| PB 0x00000000d2100000| Untracked |  0
| 290|0x00000000d2200000, 0x00000000d2200000, 0x00000000d2300000|  0%| F|  |TAMS 0x00000000d2200000| PB 0x00000000d2200000| Untracked |  0
| 291|0x00000000d2300000, 0x00000000d2300000, 0x00000000d2400000|  0%| F|  |TAMS 0x00000000d2300000| PB 0x00000000d2300000| Untracked |  0
| 292|0x00000000d2400000, 0x00000000d2400000, 0x00000000d2500000|  0%| F|  |TAMS 0x00000000d2400000| PB 0x00000000d2400000| Untracked |  0
| 293|0x00000000d2500000, 0x00000000d2500000, 0x00000000d2600000|  0%| F|  |TAMS 0x00000000d2500000| PB 0x00000000d2500000| Untracked |  0
| 294|0x00000000d2600000, 0x00000000d2600000, 0x00000000d2700000|  0%| F|  |TAMS 0x00000000d2600000| PB 0x00000000d2600000| Untracked |  0
| 295|0x00000000d2700000, 0x00000000d2700000, 0x00000000d2800000|  0%| F|  |TAMS 0x00000000d2700000| PB 0x00000000d2700000| Untracked |  0
| 296|0x00000000d2800000, 0x00000000d2800000, 0x00000000d2900000|  0%| F|  |TAMS 0x00000000d2800000| PB 0x00000000d2800000| Untracked |  0
| 297|0x00000000d2900000, 0x00000000d2900000, 0x00000000d2a00000|  0%| F|  |TAMS 0x00000000d2900000| PB 0x00000000d2900000| Untracked |  0
| 298|0x00000000d2a00000, 0x00000000d2a00000, 0x00000000d2b00000|  0%| F|  |TAMS 0x00000000d2a00000| PB 0x00000000d2a00000| Untracked |  0
| 299|0x00000000d2b00000, 0x00000000d2b00000, 0x00000000d2c00000|  0%| F|  |TAMS 0x00000000d2b00000| PB 0x00000000d2b00000| Untracked |  0
| 300|0x00000000d2c00000, 0x00000000d2c00000, 0x00000000d2d00000|  0%| F|  |TAMS 0x00000000d2c00000| PB 0x00000000d2c00000| Untracked |  0
| 301|0x00000000d2d00000, 0x00000000d2d00000, 0x00000000d2e00000|  0%| F|  |TAMS 0x00000000d2d00000| PB 0x00000000d2d00000| Untracked |  0
| 302|0x00000000d2e00000, 0x00000000d2e00000, 0x00000000d2f00000|  0%| F|  |TAMS 0x00000000d2e00000| PB 0x00000000d2e00000| Untracked |  0
| 303|0x00000000d2f00000, 0x00000000d2f00000, 0x00000000d3000000|  0%| F|  |TAMS 0x00000000d2f00000| PB 0x00000000d2f00000| Untracked |  0
| 304|0x00000000d3000000, 0x00000000d3000000, 0x00000000d3100000|  0%| F|  |TAMS 0x00000000d3000000| PB 0x00000000d3000000| Untracked |  0
| 305|0x00000000d3100000, 0x00000000d3100000, 0x00000000d3200000|  0%| F|  |TAMS 0x00000000d3100000| PB 0x00000000d3100000| Untracked |  0
| 306|0x00000000d3200000, 0x00000000d3200000, 0x00000000d3300000|  0%| F|  |TAMS 0x00000000d3200000| PB 0x00000000d3200000| Untracked |  0
| 307|0x00000000d3300000, 0x00000000d3300000, 0x00000000d3400000|  0%| F|  |TAMS 0x00000000d3300000| PB 0x00000000d3300000| Untracked |  0
| 308|0x00000000d3400000, 0x00000000d3400000, 0x00000000d3500000|  0%| F|  |TAMS 0x00000000d3400000| PB 0x00000000d3400000| Untracked |  0
| 309|0x00000000d3500000, 0x00000000d3500000, 0x00000000d3600000|  0%| F|  |TAMS 0x00000000d3500000| PB 0x00000000d3500000| Untracked |  0
| 310|0x00000000d3600000, 0x00000000d3600000, 0x00000000d3700000|  0%| F|  |TAMS 0x00000000d3600000| PB 0x00000000d3600000| Untracked |  0
| 311|0x00000000d3700000, 0x00000000d3700000, 0x00000000d3800000|  0%| F|  |TAMS 0x00000000d3700000| PB 0x00000000d3700000| Untracked |  0
| 312|0x00000000d3800000, 0x00000000d3800000, 0x00000000d3900000|  0%| F|  |TAMS 0x00000000d3800000| PB 0x00000000d3800000| Untracked |  0
| 313|0x00000000d3900000, 0x00000000d3900000, 0x00000000d3a00000|  0%| F|  |TAMS 0x00000000d3900000| PB 0x00000000d3900000| Untracked |  0
| 314|0x00000000d3a00000, 0x00000000d3a00000, 0x00000000d3b00000|  0%| F|  |TAMS 0x00000000d3a00000| PB 0x00000000d3a00000| Untracked |  0
| 315|0x00000000d3b00000, 0x00000000d3b00000, 0x00000000d3c00000|  0%| F|  |TAMS 0x00000000d3b00000| PB 0x00000000d3b00000| Untracked |  0
| 316|0x00000000d3c00000, 0x00000000d3c00000, 0x00000000d3d00000|  0%| F|  |TAMS 0x00000000d3c00000| PB 0x00000000d3c00000| Untracked |  0
| 317|0x00000000d3d00000, 0x00000000d3d00000, 0x00000000d3e00000|  0%| F|  |TAMS 0x00000000d3d00000| PB 0x00000000d3d00000| Untracked |  0
| 318|0x00000000d3e00000, 0x00000000d3e00000, 0x00000000d3f00000|  0%| F|  |TAMS 0x00000000d3e00000| PB 0x00000000d3e00000| Untracked |  0
| 319|0x00000000d3f00000, 0x00000000d3f00000, 0x00000000d4000000|  0%| F|  |TAMS 0x00000000d3f00000| PB 0x00000000d3f00000| Untracked |  0
| 320|0x00000000d4000000, 0x00000000d4000000, 0x00000000d4100000|  0%| F|  |TAMS 0x00000000d4000000| PB 0x00000000d4000000| Untracked |  0
| 321|0x00000000d4100000, 0x00000000d4100000, 0x00000000d4200000|  0%| F|  |TAMS 0x00000000d4100000| PB 0x00000000d4100000| Untracked |  0
| 322|0x00000000d4200000, 0x00000000d4200000, 0x00000000d4300000|  0%| F|  |TAMS 0x00000000d4200000| PB 0x00000000d4200000| Untracked |  0
| 323|0x00000000d4300000, 0x00000000d4300000, 0x00000000d4400000|  0%| F|  |TAMS 0x00000000d4300000| PB 0x00000000d4300000| Untracked |  0
| 324|0x00000000d4400000, 0x00000000d4400000, 0x00000000d4500000|  0%| F|  |TAMS 0x00000000d4400000| PB 0x00000000d4400000| Untracked |  0
| 325|0x00000000d4500000, 0x00000000d4500000, 0x00000000d4600000|  0%| F|  |TAMS 0x00000000d4500000| PB 0x00000000d4500000| Untracked |  0
| 326|0x00000000d4600000, 0x00000000d4600000, 0x00000000d4700000|  0%| F|  |TAMS 0x00000000d4600000| PB 0x00000000d4600000| Untracked |  0
| 327|0x00000000d4700000, 0x00000000d4700000, 0x00000000d4800000|  0%| F|  |TAMS 0x00000000d4700000| PB 0x00000000d4700000| Untracked |  0
| 328|0x00000000d4800000, 0x00000000d4800000, 0x00000000d4900000|  0%| F|  |TAMS 0x00000000d4800000| PB 0x00000000d4800000| Untracked |  0
| 329|0x00000000d4900000, 0x00000000d4900000, 0x00000000d4a00000|  0%| F|  |TAMS 0x00000000d4900000| PB 0x00000000d4900000| Untracked |  0
| 330|0x00000000d4a00000, 0x00000000d4a00000, 0x00000000d4b00000|  0%| F|  |TAMS 0x00000000d4a00000| PB 0x00000000d4a00000| Untracked |  0
| 331|0x00000000d4b00000, 0x00000000d4b00000, 0x00000000d4c00000|  0%| F|  |TAMS 0x00000000d4b00000| PB 0x00000000d4b00000| Untracked |  0
| 332|0x00000000d4c00000, 0x00000000d4c00000, 0x00000000d4d00000|  0%| F|  |TAMS 0x00000000d4c00000| PB 0x00000000d4c00000| Untracked |  0
| 333|0x00000000d4d00000, 0x00000000d4d00000, 0x00000000d4e00000|  0%| F|  |TAMS 0x00000000d4d00000| PB 0x00000000d4d00000| Untracked |  0
| 334|0x00000000d4e00000, 0x00000000d4e00000, 0x00000000d4f00000|  0%| F|  |TAMS 0x00000000d4e00000| PB 0x00000000d4e00000| Untracked |  0
| 335|0x00000000d4f00000, 0x00000000d4f00000, 0x00000000d5000000|  0%| F|  |TAMS 0x00000000d4f00000| PB 0x00000000d4f00000| Untracked |  0
| 336|0x00000000d5000000, 0x00000000d5000000, 0x00000000d5100000|  0%| F|  |TAMS 0x00000000d5000000| PB 0x00000000d5000000| Untracked |  0
| 337|0x00000000d5100000, 0x00000000d5100000, 0x00000000d5200000|  0%| F|  |TAMS 0x00000000d5100000| PB 0x00000000d5100000| Untracked |  0
| 338|0x00000000d5200000, 0x00000000d5200000, 0x00000000d5300000|  0%| F|  |TAMS 0x00000000d5200000| PB 0x00000000d5200000| Untracked |  0
| 339|0x00000000d5300000, 0x00000000d5300000, 0x00000000d5400000|  0%| F|  |TAMS 0x00000000d5300000| PB 0x00000000d5300000| Untracked |  0
| 340|0x00000000d5400000, 0x00000000d5400000, 0x00000000d5500000|  0%| F|  |TAMS 0x00000000d5400000| PB 0x00000000d5400000| Untracked |  0
| 341|0x00000000d5500000, 0x00000000d5500000, 0x00000000d5600000|  0%| F|  |TAMS 0x00000000d5500000| PB 0x00000000d5500000| Untracked |  0
| 342|0x00000000d5600000, 0x00000000d5600000, 0x00000000d5700000|  0%| F|  |TAMS 0x00000000d5600000| PB 0x00000000d5600000| Untracked |  0
| 343|0x00000000d5700000, 0x00000000d5700000, 0x00000000d5800000|  0%| F|  |TAMS 0x00000000d5700000| PB 0x00000000d5700000| Untracked |  0
| 344|0x00000000d5800000, 0x00000000d5800000, 0x00000000d5900000|  0%| F|  |TAMS 0x00000000d5800000| PB 0x00000000d5800000| Untracked |  0
| 345|0x00000000d5900000, 0x00000000d5900000, 0x00000000d5a00000|  0%| F|  |TAMS 0x00000000d5900000| PB 0x00000000d5900000| Untracked |  0
| 346|0x00000000d5a00000, 0x00000000d5a00000, 0x00000000d5b00000|  0%| F|  |TAMS 0x00000000d5a00000| PB 0x00000000d5a00000| Untracked |  0
| 347|0x00000000d5b00000, 0x00000000d5b00000, 0x00000000d5c00000|  0%| F|  |TAMS 0x00000000d5b00000| PB 0x00000000d5b00000| Untracked |  0
| 348|0x00000000d5c00000, 0x00000000d5c00000, 0x00000000d5d00000|  0%| F|  |TAMS 0x00000000d5c00000| PB 0x00000000d5c00000| Untracked |  0
| 349|0x00000000d5d00000, 0x00000000d5d00000, 0x00000000d5e00000|  0%| F|  |TAMS 0x00000000d5d00000| PB 0x00000000d5d00000| Untracked |  0
| 350|0x00000000d5e00000, 0x00000000d5e00000, 0x00000000d5f00000|  0%| F|  |TAMS 0x00000000d5e00000| PB 0x00000000d5e00000| Untracked |  0
| 351|0x00000000d5f00000, 0x00000000d5f00000, 0x00000000d6000000|  0%| F|  |TAMS 0x00000000d5f00000| PB 0x00000000d5f00000| Untracked |  0
| 352|0x00000000d6000000, 0x00000000d6000000, 0x00000000d6100000|  0%| F|  |TAMS 0x00000000d6000000| PB 0x00000000d6000000| Untracked |  0
| 353|0x00000000d6100000, 0x00000000d6100000, 0x00000000d6200000|  0%| F|  |TAMS 0x00000000d6100000| PB 0x00000000d6100000| Untracked |  0
| 354|0x00000000d6200000, 0x00000000d6200000, 0x00000000d6300000|  0%| F|  |TAMS 0x00000000d6200000| PB 0x00000000d6200000| Untracked |  0
| 355|0x00000000d6300000, 0x00000000d6300000, 0x00000000d6400000|  0%| F|  |TAMS 0x00000000d6300000| PB 0x00000000d6300000| Untracked |  0
| 356|0x00000000d6400000, 0x00000000d6400000, 0x00000000d6500000|  0%| F|  |TAMS 0x00000000d6400000| PB 0x00000000d6400000| Untracked |  0
| 357|0x00000000d6500000, 0x00000000d6500000, 0x00000000d6600000|  0%| F|  |TAMS 0x00000000d6500000| PB 0x00000000d6500000| Untracked |  0
| 358|0x00000000d6600000, 0x00000000d6600000, 0x00000000d6700000|  0%| F|  |TAMS 0x00000000d6600000| PB 0x00000000d6600000| Untracked |  0
| 359|0x00000000d6700000, 0x00000000d6700000, 0x00000000d6800000|  0%| F|  |TAMS 0x00000000d6700000| PB 0x00000000d6700000| Untracked |  0
| 360|0x00000000d6800000, 0x00000000d6800000, 0x00000000d6900000|  0%| F|  |TAMS 0x00000000d6800000| PB 0x00000000d6800000| Untracked |  0
| 361|0x00000000d6900000, 0x00000000d6900000, 0x00000000d6a00000|  0%| F|  |TAMS 0x00000000d6900000| PB 0x00000000d6900000| Untracked |  0
| 362|0x00000000d6a00000, 0x00000000d6ab0c60, 0x00000000d6b00000| 69%| S|CS|TAMS 0x00000000d6a00000| PB 0x00000000d6a00000| Complete |  0
| 363|0x00000000d6b00000, 0x00000000d6c00000, 0x00000000d6c00000|100%| S|CS|TAMS 0x00000000d6b00000| PB 0x00000000d6b00000| Complete |  0
| 364|0x00000000d6c00000, 0x00000000d6d00000, 0x00000000d6d00000|100%| S|CS|TAMS 0x00000000d6c00000| PB 0x00000000d6c00000| Complete |  0
| 365|0x00000000d6d00000, 0x00000000d6e00000, 0x00000000d6e00000|100%| S|CS|TAMS 0x00000000d6d00000| PB 0x00000000d6d00000| Complete |  0
| 366|0x00000000d6e00000, 0x00000000d6f00000, 0x00000000d6f00000|100%| S|CS|TAMS 0x00000000d6e00000| PB 0x00000000d6e00000| Complete |  0
| 367|0x00000000d6f00000, 0x00000000d6f00000, 0x00000000d7000000|  0%| F|  |TAMS 0x00000000d6f00000| PB 0x00000000d6f00000| Untracked |  0
| 368|0x00000000d7000000, 0x00000000d7000000, 0x00000000d7100000|  0%| F|  |TAMS 0x00000000d7000000| PB 0x00000000d7000000| Untracked |  0
| 369|0x00000000d7100000, 0x00000000d7100000, 0x00000000d7200000|  0%| F|  |TAMS 0x00000000d7100000| PB 0x00000000d7100000| Untracked |  0
| 370|0x00000000d7200000, 0x00000000d7200000, 0x00000000d7300000|  0%| F|  |TAMS 0x00000000d7200000| PB 0x00000000d7200000| Untracked |  0
| 371|0x00000000d7300000, 0x00000000d7300000, 0x00000000d7400000|  0%| F|  |TAMS 0x00000000d7300000| PB 0x00000000d7300000| Untracked |  0
| 372|0x00000000d7400000, 0x00000000d7400000, 0x00000000d7500000|  0%| F|  |TAMS 0x00000000d7400000| PB 0x00000000d7400000| Untracked |  0
| 373|0x00000000d7500000, 0x00000000d7500000, 0x00000000d7600000|  0%| F|  |TAMS 0x00000000d7500000| PB 0x00000000d7500000| Untracked |  0
| 374|0x00000000d7600000, 0x00000000d7600000, 0x00000000d7700000|  0%| F|  |TAMS 0x00000000d7600000| PB 0x00000000d7600000| Untracked |  0
| 375|0x00000000d7700000, 0x00000000d7700000, 0x00000000d7800000|  0%| F|  |TAMS 0x00000000d7700000| PB 0x00000000d7700000| Untracked |  0
| 376|0x00000000d7800000, 0x00000000d7800000, 0x00000000d7900000|  0%| F|  |TAMS 0x00000000d7800000| PB 0x00000000d7800000| Untracked |  0
| 377|0x00000000d7900000, 0x00000000d7900000, 0x00000000d7a00000|  0%| F|  |TAMS 0x00000000d7900000| PB 0x00000000d7900000| Untracked |  0
| 378|0x00000000d7a00000, 0x00000000d7a00000, 0x00000000d7b00000|  0%| F|  |TAMS 0x00000000d7a00000| PB 0x00000000d7a00000| Untracked |  0
| 379|0x00000000d7b00000, 0x00000000d7b00000, 0x00000000d7c00000|  0%| F|  |TAMS 0x00000000d7b00000| PB 0x00000000d7b00000| Untracked |  0
| 380|0x00000000d7c00000, 0x00000000d7c00000, 0x00000000d7d00000|  0%| F|  |TAMS 0x00000000d7c00000| PB 0x00000000d7c00000| Untracked |  0
| 381|0x00000000d7d00000, 0x00000000d7d00000, 0x00000000d7e00000|  0%| F|  |TAMS 0x00000000d7d00000| PB 0x00000000d7d00000| Untracked |  0
| 382|0x00000000d7e00000, 0x00000000d7e00000, 0x00000000d7f00000|  0%| F|  |TAMS 0x00000000d7e00000| PB 0x00000000d7e00000| Untracked |  0
| 383|0x00000000d7f00000, 0x00000000d7f00000, 0x00000000d8000000|  0%| F|  |TAMS 0x00000000d7f00000| PB 0x00000000d7f00000| Untracked |  0
| 384|0x00000000d8000000, 0x00000000d8000000, 0x00000000d8100000|  0%| F|  |TAMS 0x00000000d8000000| PB 0x00000000d8000000| Untracked |  0
| 385|0x00000000d8100000, 0x00000000d8100000, 0x00000000d8200000|  0%| F|  |TAMS 0x00000000d8100000| PB 0x00000000d8100000| Untracked |  0
| 386|0x00000000d8200000, 0x00000000d8200000, 0x00000000d8300000|  0%| F|  |TAMS 0x00000000d8200000| PB 0x00000000d8200000| Untracked |  0
| 387|0x00000000d8300000, 0x00000000d8300000, 0x00000000d8400000|  0%| F|  |TAMS 0x00000000d8300000| PB 0x00000000d8300000| Untracked |  0
| 388|0x00000000d8400000, 0x00000000d8400000, 0x00000000d8500000|  0%| F|  |TAMS 0x00000000d8400000| PB 0x00000000d8400000| Untracked |  0
| 389|0x00000000d8500000, 0x00000000d8500000, 0x00000000d8600000|  0%| F|  |TAMS 0x00000000d8500000| PB 0x00000000d8500000| Untracked |  0
| 390|0x00000000d8600000, 0x00000000d8600000, 0x00000000d8700000|  0%| F|  |TAMS 0x00000000d8600000| PB 0x00000000d8600000| Untracked |  0
| 391|0x00000000d8700000, 0x00000000d8700000, 0x00000000d8800000|  0%| F|  |TAMS 0x00000000d8700000| PB 0x00000000d8700000| Untracked |  0
| 392|0x00000000d8800000, 0x00000000d8800000, 0x00000000d8900000|  0%| F|  |TAMS 0x00000000d8800000| PB 0x00000000d8800000| Untracked |  0
| 393|0x00000000d8900000, 0x00000000d8900000, 0x00000000d8a00000|  0%| F|  |TAMS 0x00000000d8900000| PB 0x00000000d8900000| Untracked |  0
| 394|0x00000000d8a00000, 0x00000000d8a00000, 0x00000000d8b00000|  0%| F|  |TAMS 0x00000000d8a00000| PB 0x00000000d8a00000| Untracked |  0
| 395|0x00000000d8b00000, 0x00000000d8b00000, 0x00000000d8c00000|  0%| F|  |TAMS 0x00000000d8b00000| PB 0x00000000d8b00000| Untracked |  0
| 396|0x00000000d8c00000, 0x00000000d8c00000, 0x00000000d8d00000|  0%| F|  |TAMS 0x00000000d8c00000| PB 0x00000000d8c00000| Untracked |  0
| 397|0x00000000d8d00000, 0x00000000d8d00000, 0x00000000d8e00000|  0%| F|  |TAMS 0x00000000d8d00000| PB 0x00000000d8d00000| Untracked |  0
| 398|0x00000000d8e00000, 0x00000000d8e00000, 0x00000000d8f00000|  0%| F|  |TAMS 0x00000000d8e00000| PB 0x00000000d8e00000| Untracked |  0
| 399|0x00000000d8f00000, 0x00000000d8f00000, 0x00000000d9000000|  0%| F|  |TAMS 0x00000000d8f00000| PB 0x00000000d8f00000| Untracked |  0
| 400|0x00000000d9000000, 0x00000000d9000000, 0x00000000d9100000|  0%| F|  |TAMS 0x00000000d9000000| PB 0x00000000d9000000| Untracked |  0
| 401|0x00000000d9100000, 0x00000000d9100000, 0x00000000d9200000|  0%| F|  |TAMS 0x00000000d9100000| PB 0x00000000d9100000| Untracked |  0
| 402|0x00000000d9200000, 0x00000000d9200000, 0x00000000d9300000|  0%| F|  |TAMS 0x00000000d9200000| PB 0x00000000d9200000| Untracked |  0
| 403|0x00000000d9300000, 0x00000000d9300000, 0x00000000d9400000|  0%| F|  |TAMS 0x00000000d9300000| PB 0x00000000d9300000| Untracked |  0
| 404|0x00000000d9400000, 0x00000000d9400000, 0x00000000d9500000|  0%| F|  |TAMS 0x00000000d9400000| PB 0x00000000d9400000| Untracked |  0
| 405|0x00000000d9500000, 0x00000000d9500000, 0x00000000d9600000|  0%| F|  |TAMS 0x00000000d9500000| PB 0x00000000d9500000| Untracked |  0
| 406|0x00000000d9600000, 0x00000000d9600000, 0x00000000d9700000|  0%| F|  |TAMS 0x00000000d9600000| PB 0x00000000d9600000| Untracked |  0
| 407|0x00000000d9700000, 0x00000000d9780000, 0x00000000d9800000| 50%| E|  |TAMS 0x00000000d9700000| PB 0x00000000d9700000| Complete |  0
| 408|0x00000000d9800000, 0x00000000d9900000, 0x00000000d9900000|100%| E|CS|TAMS 0x00000000d9800000| PB 0x00000000d9800000| Complete |  0
| 409|0x00000000d9900000, 0x00000000d9a00000, 0x00000000d9a00000|100%| E|CS|TAMS 0x00000000d9900000| PB 0x00000000d9900000| Complete |  0
| 410|0x00000000d9a00000, 0x00000000d9b00000, 0x00000000d9b00000|100%| E|CS|TAMS 0x00000000d9a00000| PB 0x00000000d9a00000| Complete |  0
| 411|0x00000000d9b00000, 0x00000000d9c00000, 0x00000000d9c00000|100%| E|CS|TAMS 0x00000000d9b00000| PB 0x00000000d9b00000| Complete |  0
| 412|0x00000000d9c00000, 0x00000000d9d00000, 0x00000000d9d00000|100%| E|CS|TAMS 0x00000000d9c00000| PB 0x00000000d9c00000| Complete |  0
| 413|0x00000000d9d00000, 0x00000000d9e00000, 0x00000000d9e00000|100%| E|CS|TAMS 0x00000000d9d00000| PB 0x00000000d9d00000| Complete |  0
|1022|0x00000000ffe00000, 0x00000000fff00000, 0x00000000fff00000|100%| O|  |TAMS 0x00000000ffe00000| PB 0x00000000ffe00000| Untracked |  0
|1023|0x00000000fff00000, 0x00000000fff1c318, 0x0000000100000000| 11%| O|  |TAMS 0x00000000fff00000| PB 0x00000000fff00000| Untracked |  0

Card table byte_map: [0x000001465e560000,0x000001465e760000] _byte_map_base: 0x000001465df60000

Marking Bits: (CMBitMap*) 0x00000146458668b0
 Bits: [0x000001465e760000, 0x000001465f760000)

Polling page: 0x0000014644030000

Metaspace:

Usage:
  Non-class:     11.33 MB used.
      Class:      1.30 MB used.
       Both:     12.63 MB used.

Virtual space:
  Non-class space:       64.00 MB reserved,      11.56 MB ( 18%) committed,  1 nodes.
      Class space:        1.00 GB reserved,       1.44 MB ( <1%) committed,  1 nodes.
             Both:        1.06 GB reserved,      13.00 MB (  1%) committed. 

Chunk freelists:
   Non-Class:  4.16 MB
       Class:  14.56 MB
        Both:  18.73 MB

MaxMetaspaceSize: unlimited
CompressedClassSpaceSize: 1.00 GB
Initial GC threshold: 21.00 MB
Current GC threshold: 21.00 MB
CDS: on
 - commit_granule_bytes: 65536.
 - commit_granule_words: 8192.
 - virtual_space_node_default_size: 8388608.
 - enlarge_chunks_in_place: 1.
UseCompressedClassPointers 1, UseCompactObjectHeaders 0
Narrow klass pointer bits 32, Max shift 3
Narrow klass base: 0x0000014600000000, Narrow klass shift: 0
Encoding Range: [0x0000014600000000 - 0x0000014700000000), (4294967296 bytes)
Klass Range:    [0x0000014600000000 - 0x0000014641000000), (1090519040 bytes)
Klass ID Range:  [8 - 1090519033) (1090519025)


Internal statistics:

num_allocs_failed_limit: 0.
num_arena_births: 376.
num_arena_deaths: 0.
num_vsnodes_births: 2.
num_vsnodes_deaths: 0.
num_space_committed: 208.
num_space_uncommitted: 0.
num_chunks_returned_to_freelist: 0.
num_chunks_taken_from_freelist: 805.
num_chunk_merges: 0.
num_chunk_splits: 483.
num_chunks_enlarged: 291.
num_inconsistent_stats: 0.

CodeHeap 'non-profiled nmethods': size=119232Kb used=803Kb max_used=803Kb free=118428Kb
 bounds [0x0000014655f40000, 0x00000146561b0000, 0x000001465d3b0000]
CodeHeap 'profiled nmethods': size=119104Kb used=4187Kb max_used=4187Kb free=114916Kb
 bounds [0x000001464e3b0000, 0x000001464e7d0000, 0x0000014655800000]
CodeHeap 'non-nmethods': size=7424Kb used=3240Kb max_used=3263Kb free=4183Kb
 bounds [0x0000014655800000, 0x0000014655b40000, 0x0000014655f40000]
CodeCache: size=245760Kb, used=8230Kb, max_used=8253Kb, free=237527Kb
 total_blobs=3043, nmethods=2461, adapters=480, full_count=0
Compilation: enabled, stopped_count=0, restarted_count=0

Compilation events (20 events):
Event: 0.797 Thread 0x00000146420a13d0 nmethod 2440 0x0000014656004b08 code [0x0000014656004c00, 0x0000014656004cb8]
Event: 0.797 Thread 0x00000146411d86d0 2444       3       java.lang.classfile.CodeBuilder::checkcast (19 bytes)
Event: 0.797 Thread 0x00000146411d86d0 nmethod 2444 0x000001464e7c3488 code [0x000001464e7c35c0, 0x000001464e7c3928]
Event: 0.797 Thread 0x00000146420a0c40 nmethod 2405 0x0000014656005108 code [0x0000014656005280, 0x0000014656005c38]
Event: 0.798 Thread 0x00000146413d78b0 2446       4       java.lang.String::hashCode (60 bytes)
Event: 0.798 Thread 0x0000014641cdc420 2450       3       java.util.Arrays::copyOfRange (90 bytes)
Event: 0.798 Thread 0x000001466278e020 2451       3       java.lang.invoke.InvokerBytecodeGenerator::emitStoreResult (31 bytes)
Event: 0.798 Thread 0x000001466278e020 nmethod 2451 0x000001464e7c3988 code [0x000001464e7c3ac0, 0x000001464e7c3ec8]
Event: 0.798 Thread 0x0000014641cdc420 nmethod 2450 0x000001464e7c3f08 code [0x000001464e7c4120, 0x000001464e7c5168]
Event: 0.798 Thread 0x00000146413d78b0 nmethod 2446 0x0000014656006908 code [0x0000014656006a20, 0x0000014656006d40]
Event: 0.801 Thread 0x0000014662782500 2454       4       jdk.internal.classfile.impl.RawBytecodeHelper::next (81 bytes)
Event: 0.801 Thread 0x00000146412da100 2455       4       jdk.internal.classfile.impl.BufWriterImpl::writeU1U2U2 (75 bytes)
Event: 0.802 Thread 0x0000014641202790 2458       3       java.lang.invoke.InvokerBytecodeGenerator::emitStaticInvoke (260 bytes)
Event: 0.802 Thread 0x0000014641202790 nmethod 2458 0x000001464e7c5208 code [0x000001464e7c5460, 0x000001464e7c6628]
Event: 0.802 Thread 0x0000014662782500 nmethod 2454 0x0000014656007988 code [0x0000014656007aa0, 0x0000014656007c30]
Event: 0.803 Thread 0x00000146412da100 nmethod 2455 0x0000014656007c88 code [0x0000014656007da0, 0x00000146560080c8]
Event: 0.803 Thread 0x00000146420a0c40 2459       4       java.lang.invoke.MethodType::methodType (69 bytes)
Event: 0.803 Thread 0x000001466278e020 2460       3       java.lang.invoke.LambdaFormBuffer::changeName (149 bytes)
Event: 0.803 Thread 0x00000146413d78b0 2461       4       jdk.internal.classfile.impl.AbstractPoolEntry$AbstractRefsEntry::<init> (37 bytes)
Event: 0.803 Thread 0x000001466278e020 nmethod 2460 0x000001464e7c6688 code [0x000001464e7c67e0, 0x000001464e7c6dc0]

GC Heap History (2 events):
Event: 0.737 GC heap before
{Heap before GC invocations=0 (full 0):
 garbage-first heap   total reserved 1048576K, committed 425984K, used 49264K [0x00000000c0000000, 0x0000000100000000)
  region size 1024K, 47 young (48128K), 0 survivors (0K)
 Metaspace       used 11505K, committed 11840K, reserved 1114112K
  class space    used 1124K, committed 1280K, reserved 1048576K
}
Event: 0.739 GC heap after
{Heap after GC invocations=1 (full 0):
 garbage-first heap   total reserved 1048576K, committed 425984K, used 5939K [0x00000000c0000000, 0x0000000100000000)
  region size 1024K, 5 young (5120K), 5 survivors (5120K)
 Metaspace       used 11505K, committed 11840K, reserved 1114112K
  class space    used 1124K, committed 1280K, reserved 1048576K
}

Dll operation events (12 events):
Event: 0.005 Loaded shared library C:\Users\ziad\.jdks\azul-24.0.2\bin\java.dll
Event: 0.025 Loaded shared library C:\Users\ziad\.jdks\azul-24.0.2\bin\jsvml.dll
Event: 0.037 Loaded shared library C:\Users\ziad\.jdks\azul-24.0.2\bin\net.dll
Event: 0.038 Loaded shared library C:\Users\ziad\.jdks\azul-24.0.2\bin\nio.dll
Event: 0.040 Loaded shared library C:\Users\ziad\.jdks\azul-24.0.2\bin\zip.dll
Event: 0.077 Loaded shared library C:\Users\ziad\.jdks\azul-24.0.2\bin\verify.dll
Event: 0.080 Loaded shared library C:\Users\ziad\.jdks\azul-24.0.2\bin\jimage.dll
Event: 0.241 Loaded shared library C:\Users\ziad\.jdks\azul-24.0.2\bin\extnet.dll
Event: 0.297 Loaded shared library C:\Users\ziad\.jdks\azul-24.0.2\bin\sunmscapi.dll
Event: 0.761 Loaded shared library C:\Windows\System32\ucrtbase.dll
Event: 0.762 Loaded shared library C:\Users\ziad\.jdks\azul-24.0.2\bin\syslookup.dll
Event: 0.764 Loaded shared library kernel32

Deoptimization events (20 events):
Event: 0.765 Thread 0x0000014643d6eaf0 Uncommon trap: trap_request=0xffffffc6 fr.pc=0x0000014655f90160 relative=0x00000000000002a0
Event: 0.765 Thread 0x0000014643d6eaf0 Uncommon trap: reason=bimorphic_or_optimized_type_check action=maybe_recompile pc=0x0000014655f90160 method=java.util.HashMap.getNode(Ljava/lang/Object;)Ljava/util/HashMap$Node; @ 128 c2
Event: 0.765 Thread 0x0000014643d6eaf0 DEOPT PACKING pc=0x0000014655f90160 sp=0x00000015acefbda0
Event: 0.765 Thread 0x0000014643d6eaf0 DEOPT UNPACKING pc=0x0000014655926302 sp=0x00000015acefbd08 mode 2
Event: 0.765 Thread 0x0000014643d6eaf0 Uncommon trap: trap_request=0xffffffc6 fr.pc=0x0000014655f90160 relative=0x00000000000002a0
Event: 0.765 Thread 0x0000014643d6eaf0 Uncommon trap: reason=bimorphic_or_optimized_type_check action=maybe_recompile pc=0x0000014655f90160 method=java.util.HashMap.getNode(Ljava/lang/Object;)Ljava/util/HashMap$Node; @ 128 c2
Event: 0.765 Thread 0x0000014643d6eaf0 DEOPT PACKING pc=0x0000014655f90160 sp=0x00000015acefbd80
Event: 0.765 Thread 0x0000014643d6eaf0 DEOPT UNPACKING pc=0x0000014655926302 sp=0x00000015acefbce8 mode 2
Event: 0.766 Thread 0x0000014643d6eaf0 Uncommon trap: trap_request=0xffffff4d fr.pc=0x0000014655f9abec relative=0x00000000000000cc
Event: 0.766 Thread 0x0000014643d6eaf0 Uncommon trap: reason=unstable_if action=reinterpret pc=0x0000014655f9abec method=jdk.internal.classfile.impl.RawBytecodeHelper.next()Z @ 46 c2
Event: 0.766 Thread 0x0000014643d6eaf0 DEOPT PACKING pc=0x0000014655f9abec sp=0x00000015acefa400
Event: 0.766 Thread 0x0000014643d6eaf0 DEOPT UNPACKING pc=0x0000014655926302 sp=0x00000015acefa388 mode 2
Event: 0.767 Thread 0x0000014643d6eaf0 DEOPT PACKING pc=0x000001464e61f33c sp=0x00000015acefa980
Event: 0.767 Thread 0x0000014643d6eaf0 DEOPT UNPACKING pc=0x0000014655856642 sp=0x00000015acef9e78 mode 0
Event: 0.779 Thread 0x0000014643d6eaf0 DEOPT PACKING pc=0x000001464e773f8a sp=0x00000015acefa7f0
Event: 0.779 Thread 0x0000014643d6eaf0 DEOPT UNPACKING pc=0x0000014655856642 sp=0x00000015acef9d00 mode 0
Event: 0.792 Thread 0x0000014643d6eaf0 Uncommon trap: trap_request=0xffffffc6 fr.pc=0x0000014655f90160 relative=0x00000000000002a0
Event: 0.792 Thread 0x0000014643d6eaf0 Uncommon trap: reason=bimorphic_or_optimized_type_check action=maybe_recompile pc=0x0000014655f90160 method=java.util.HashMap.getNode(Ljava/lang/Object;)Ljava/util/HashMap$Node; @ 128 c2
Event: 0.792 Thread 0x0000014643d6eaf0 DEOPT PACKING pc=0x0000014655f90160 sp=0x00000015acefbd80
Event: 0.792 Thread 0x0000014643d6eaf0 DEOPT UNPACKING pc=0x0000014655926302 sp=0x00000015acefbce8 mode 2

Classes loaded (20 events):
Event: 0.789 Loading class jdk/internal/classfile/impl/AbstractInstruction$UnboundLoadInstruction
Event: 0.789 Loading class jdk/internal/classfile/impl/AbstractInstruction$UnboundInstruction
Event: 0.789 Loading class jdk/internal/classfile/impl/AbstractInstruction
Event: 0.789 Loading class jdk/internal/classfile/impl/AbstractInstruction done
Event: 0.789 Loading class jdk/internal/classfile/impl/AbstractInstruction$UnboundInstruction done
Event: 0.789 Loading class jdk/internal/classfile/impl/AbstractInstruction$UnboundLoadInstruction done
Event: 0.789 Loading class java/lang/classfile/instruction/InvokeInstruction
Event: 0.789 Loading class java/lang/classfile/instruction/InvokeInstruction done
Event: 0.789 Loading class jdk/internal/classfile/impl/AbstractInstruction$UnboundInvokeInstruction
Event: 0.789 Loading class jdk/internal/classfile/impl/AbstractInstruction$UnboundInvokeInstruction done
Event: 0.789 Loading class jdk/internal/classfile/impl/StackMapGenerator$RawExceptionCatch
Event: 0.789 Loading class jdk/internal/classfile/impl/StackMapGenerator$RawExceptionCatch done
Event: 0.790 Loading class jdk/internal/classfile/impl/SplitConstantPool$1
Event: 0.790 Loading class jdk/internal/classfile/impl/SplitConstantPool$1 done
Event: 0.790 Loading class jdk/internal/classfile/impl/AbstractAttributeMapper$BootstrapMethodsMapper
Event: 0.790 Loading class jdk/internal/classfile/impl/AbstractAttributeMapper$BootstrapMethodsMapper done
Event: 0.798 Loading class jdk/internal/foreign/MemorySessionImpl$ResourceList$ResourceCleanup$2
Event: 0.798 Loading class jdk/internal/foreign/MemorySessionImpl$ResourceList$ResourceCleanup$2 done
Event: 0.798 Loading class jdk/internal/foreign/Utils$BaseAndScale
Event: 0.798 Loading class jdk/internal/foreign/Utils$BaseAndScale done

Classes unloaded (0 events):
No events

Classes redefined (0 events):
No events

Internal exceptions (20 events):
Event: 0.773 Thread 0x0000014643d6eaf0 Exception <a 'java/lang/NoSuchMethodError'{0x00000000d9bdaf88}: 'int java.lang.invoke.Invokers$Holder.linkToTargetMethod(java.lang.Object, java.lang.Object)'> (0x00000000d9bdaf88) 
thrown [s\src\hotspot\share\interpreter\linkResolver.cpp, line 805]
Event: 0.776 Thread 0x0000014643d6eaf0 Exception <a 'java/lang/NoSuchMethodError'{0x00000000d9bff9f8}: 'long java.lang.invoke.DirectMethodHandle$Holder.invokeInterface(java.lang.Object, java.lang.Object)'> (0x00000000d9bff9f8) 
thrown [s\src\hotspot\share\interpreter\linkResolver.cpp, line 805]
Event: 0.779 Thread 0x0000014643d6eaf0 Exception <a 'java/lang/IncompatibleClassChangeError'{0x00000000d9a38fb0}: Found class java.lang.Object, but interface was expected> (0x00000000d9a38fb0) 
thrown [s\src\hotspot\share\interpreter\linkResolver.cpp, line 872]
Event: 0.780 Thread 0x0000014643d6eaf0 Exception <a 'java/lang/NoSuchMethodError'{0x00000000d9a752c8}: 'java.lang.Object java.lang.invoke.DirectMethodHandle$Holder.invokeVirtual(java.lang.Object, java.lang.Object, java.lang.Object, java.lang.Object, java.lang.Object)'> (0x00000000d9a752c8) 
thrown [s\src\hotspot\share\interpreter\linkResolver.cpp, line 805]
Event: 0.783 Thread 0x0000014643d6eaf0 Exception <a 'java/lang/NoSuchMethodError'{0x00000000d9afc750}: 'int java.lang.invoke.DirectMethodHandle$Holder.invokeSpecial(java.lang.Object, java.lang.Object, int)'> (0x00000000d9afc750) 
thrown [s\src\hotspot\share\interpreter\linkResolver.cpp, line 805]
Event: 0.783 Thread 0x0000014643d6eaf0 Exception <a 'java/lang/NoSuchMethodError'{0x00000000d9912f90}: 'void java.lang.invoke.DirectMethodHandle$Holder.invokeStatic(java.lang.Object, long)'> (0x00000000d9912f90) 
thrown [s\src\hotspot\share\interpreter\linkResolver.cpp, line 805]
Event: 0.784 Thread 0x0000014643d6eaf0 Exception <a 'java/lang/NoSuchMethodError'{0x00000000d9922458}: 'java.lang.Object java.lang.invoke.DirectMethodHandle$Holder.newInvokeSpecial(java.lang.Object, long)'> (0x00000000d9922458) 
thrown [s\src\hotspot\share\interpreter\linkResolver.cpp, line 805]
Event: 0.785 Thread 0x0000014643d6eaf0 Exception <a 'java/lang/NoSuchMethodError'{0x00000000d9936080}: 'void java.lang.invoke.DirectMethodHandle$Holder.invokeStatic(java.lang.Object, java.lang.Object, java.lang.Object, java.lang.Object, java.lang.Object, java.lang.Object)'> (0x00000000d9936080) 
thrown [s\src\hotspot\share\interpreter\linkResolver.cpp, line 805]
Event: 0.787 Thread 0x0000014643d6eaf0 Exception <a 'java/lang/NoSuchMethodError'{0x00000000d9980148}: 'void java.lang.invoke.DirectMethodHandle$Holder.invokeStatic(java.lang.Object, int, java.lang.Object)'> (0x00000000d9980148) 
thrown [s\src\hotspot\share\interpreter\linkResolver.cpp, line 805]
Event: 0.791 Thread 0x0000014643d6eaf0 Exception <a 'java/lang/NoSuchMethodError'{0x00000000d99bb218}: 'java.lang.Object java.lang.invoke.DirectMethodHandle$Holder.invokeStaticInit(java.lang.Object, java.lang.Object, java.lang.Object, java.lang.Object, long, int, int)'> (0x00000000d99bb218) 
thrown [s\src\hotspot\share\interpreter\linkResolver.cpp, line 805]
Event: 0.791 Thread 0x0000014643d6eaf0 Exception <a 'java/lang/NoSuchMethodError'{0x00000000d99cbf48}: 'java.lang.Object java.lang.invoke.DelegatingMethodHandle$Holder.reinvoke_L(java.lang.Object, java.lang.Object, java.lang.Object, java.lang.Object, long, int, int)'> (0x00000000d99cbf48) 
thrown [s\src\hotspot\share\interpreter\linkResolver.cpp, line 805]
Event: 0.793 Thread 0x0000014643d6eaf0 Exception <a 'java/lang/NoSuchMethodError'{0x00000000d9814280}: 'int java.lang.invoke.DirectMethodHandle$Holder.invokeStaticInit(java.lang.Object, java.lang.Object, java.lang.Object, java.lang.Object, long, int)'> (0x00000000d9814280) 
thrown [s\src\hotspot\share\interpreter\linkResolver.cpp, line 805]
Event: 0.794 Thread 0x0000014643d6eaf0 Exception <a 'java/lang/NoSuchMethodError'{0x00000000d9824e00}: 'int java.lang.invoke.DelegatingMethodHandle$Holder.reinvoke_L(java.lang.Object, java.lang.Object, java.lang.Object, java.lang.Object, long, int)'> (0x00000000d9824e00) 
thrown [s\src\hotspot\share\interpreter\linkResolver.cpp, line 805]
Event: 0.796 Thread 0x0000014643d6eaf0 Exception <a 'java/lang/NoSuchMethodError'{0x00000000d984f458}: 'java.lang.Object java.lang.invoke.DirectMethodHandle$Holder.invokeSpecial(java.lang.Object, java.lang.Object, java.lang.Object, long, int, int)'> (0x00000000d984f458) 
thrown [s\src\hotspot\share\interpreter\linkResolver.cpp, line 805]
Event: 0.796 Thread 0x0000014643d6eaf0 Exception <a 'java/lang/NoSuchMethodError'{0x00000000d985ff88}: 'java.lang.Object java.lang.invoke.Invokers$Holder.invoke_MT(java.lang.Object, java.lang.Object, java.lang.Object, java.lang.Object, java.lang.Object)'> (0x00000000d985ff88) 
thrown [s\src\hotspot\share\interpreter\linkResolver.cpp, line 805]
Event: 0.797 Thread 0x0000014643d6eaf0 Exception <a 'java/lang/NoSuchMethodError'{0x00000000d98891b8}: 'java.lang.Object java.lang.invoke.DirectMethodHandle$Holder.newInvokeSpecial(java.lang.Object, java.lang.Object, long, long)'> (0x00000000d98891b8) 
thrown [s\src\hotspot\share\interpreter\linkResolver.cpp, line 805]
Event: 0.798 Thread 0x0000014643d6eaf0 Exception <a 'java/lang/NoSuchMethodError'{0x00000000d9892288}: 'java.lang.Object java.lang.invoke.Invokers$Holder.linkToTargetMethod(java.lang.Object, long, long, java.lang.Object)'> (0x00000000d9892288) 
thrown [s\src\hotspot\share\interpreter\linkResolver.cpp, line 805]
Event: 0.801 Thread 0x0000014643d6eaf0 Exception <a 'java/lang/NoSuchMethodError'{0x00000000d98d61f8}: 'long java.lang.invoke.DirectMethodHandle$Holder.invokeStaticInit(java.lang.Object, java.lang.Object, java.lang.Object, long)'> (0x00000000d98d61f8) 
thrown [s\src\hotspot\share\interpreter\linkResolver.cpp, line 805]
Event: 0.802 Thread 0x0000014643d6eaf0 Exception <a 'java/lang/NoSuchMethodError'{0x00000000d98e6b58}: 'long java.lang.invoke.DelegatingMethodHandle$Holder.reinvoke_L(java.lang.Object, java.lang.Object, java.lang.Object, long)'> (0x00000000d98e6b58) 
thrown [s\src\hotspot\share\interpreter\linkResolver.cpp, line 805]
Event: 0.803 Thread 0x0000014643d6eaf0 Exception <a 'java/lang/NoSuchMethodError'{0x00000000d9710578}: 'java.lang.Object java.lang.invoke.Invokers$Holder.invoke_MT(java.lang.Object, long, java.lang.Object)'> (0x00000000d9710578) 
thrown [s\src\hotspot\share\interpreter\linkResolver.cpp, line 805]

VM Operations (20 events):
Event: 0.367 Executing VM operation: HandshakeAllThreads (Deoptimize)
Event: 0.367 Executing VM operation: HandshakeAllThreads (Deoptimize) done
Event: 0.531 Executing VM operation: HandshakeAllThreads (Deoptimize)
Event: 0.531 Executing VM operation: HandshakeAllThreads (Deoptimize) done
Event: 0.546 Executing VM operation: HandshakeAllThreads (Deoptimize)
Event: 0.546 Executing VM operation: HandshakeAllThreads (Deoptimize) done
Event: 0.597 Executing VM operation: HandshakeAllThreads (Deoptimize)
Event: 0.597 Executing VM operation: HandshakeAllThreads (Deoptimize) done
Event: 0.648 Executing VM operation: HandshakeAllThreads (Deoptimize)
Event: 0.648 Executing VM operation: HandshakeAllThreads (Deoptimize) done
Event: 0.700 Executing VM operation: HandshakeAllThreads (Deoptimize)
Event: 0.700 Executing VM operation: HandshakeAllThreads (Deoptimize) done
Event: 0.737 Executing VM operation: G1CollectForAllocation (G1 Evacuation Pause)
Event: 0.739 Executing VM operation: G1CollectForAllocation (G1 Evacuation Pause) done
Event: 0.767 Executing VM operation: HandshakeAllThreads (Deoptimize)
Event: 0.767 Executing VM operation: HandshakeAllThreads (Deoptimize) done
Event: 0.767 Executing VM operation: HandshakeAllThreads (Deoptimize)
Event: 0.767 Executing VM operation: HandshakeAllThreads (Deoptimize) done
Event: 0.788 Executing VM operation: HandshakeAllThreads (Deoptimize)
Event: 0.788 Executing VM operation: HandshakeAllThreads (Deoptimize) done

Memory protections (0 events):
No events

Nmethod flushes (0 events):
No events

Events (20 events):
Event: 0.024 Thread 0x0000014643d6eaf0 Thread added: 0x00000146627693a0
Event: 0.024 Thread 0x0000014643d6eaf0 Thread added: 0x000001466276c3a0
Event: 0.024 Thread 0x0000014643d6eaf0 Thread added: 0x000001466276a0f0
Event: 0.024 Thread 0x0000014643d6eaf0 Thread added: 0x0000014662770a20
Event: 0.024 Thread 0x0000014643d6eaf0 Thread added: 0x0000014662782500
Event: 0.024 Thread 0x0000014643d6eaf0 Thread added: 0x000001466278e020
Event: 0.033 Thread 0x0000014662782500 Thread added: 0x00000146411d86d0
Event: 0.034 Thread 0x000001466278e020 Thread added: 0x0000014641202790
Event: 0.035 Thread 0x0000014643d6eaf0 Thread added: 0x0000014641210d30
Event: 0.036 Thread 0x0000014643d6eaf0 Thread added: 0x0000014641211470
Event: 0.066 Thread 0x000001466278e020 Thread added: 0x00000146412da100
Event: 0.068 Thread 0x00000146412da100 Thread added: 0x00000146413d78b0
Event: 0.221 Thread 0x00000146411d86d0 Thread added: 0x0000014641cdc420
Event: 0.278 Thread 0x0000014643d6eaf0 Thread added: 0x0000014641d3dca0
Event: 0.327 Thread 0x0000014643d6eaf0 Thread added: 0x0000014641dbd740
Event: 0.327 Thread 0x0000014643d6eaf0 Thread added: 0x0000014641dbde80
Event: 0.488 Thread 0x0000014641202790 Thread added: 0x00000146420a1cb0
Event: 0.492 Thread 0x0000014641202790 Thread added: 0x00000146420961d0
Event: 0.495 Thread 0x0000014641202790 Thread added: 0x00000146420a0c40
Event: 0.496 Thread 0x0000014641cdc420 Thread added: 0x00000146420a13d0


Dynamic libraries:
0x00007ff6eef40000 - 0x00007ff6eef4e000 	C:\Users\ziad\.jdks\azul-24.0.2\bin\java.exe
0x00007ffc42620000 - 0x00007ffc42883000 	C:\windows\SYSTEM32\ntdll.dll
0x00007ffc420b0000 - 0x00007ffc42177000 	C:\windows\System32\KERNEL32.DLL
0x00007ffc3fbf0000 - 0x00007ffc3ffb9000 	C:\windows\System32\KERNELBASE.dll
0x00007ffc3f960000 - 0x00007ffc3faac000 	C:\windows\System32\ucrtbase.dll
0x00007ffc20340000 - 0x00007ffc2035e000 	C:\Users\ziad\.jdks\azul-24.0.2\bin\VCRUNTIME140.dll
0x00007ffc23480000 - 0x00007ffc23496000 	C:\Users\ziad\.jdks\azul-24.0.2\bin\jli.dll
0x00007ffc40bc0000 - 0x00007ffc40d8a000 	C:\windows\System32\USER32.dll
0x00007ffc1e680000 - 0x00007ffc1e910000 	C:\windows\WinSxS\amd64_microsoft.windows.common-controls_6595b64144ccf1df_6.0.26100.3323_none_3e088096e3344490\COMCTL32.dll
0x00007ffc402b0000 - 0x00007ffc402d7000 	C:\windows\System32\win32u.dll
0x00007ffc42080000 - 0x00007ffc420aa000 	C:\windows\System32\GDI32.dll
0x00007ffc3fab0000 - 0x00007ffc3fbe1000 	C:\windows\System32\gdi32full.dll
0x00007ffc42230000 - 0x00007ffc422d9000 	C:\windows\System32\msvcrt.dll
0x00007ffc3f8b0000 - 0x00007ffc3f953000 	C:\windows\System32\msvcp_win.dll
0x00007ffc41840000 - 0x00007ffc4186f000 	C:\windows\System32\IMM32.DLL
0x00007ffc34290000 - 0x00007ffc3429c000 	C:\Users\ziad\.jdks\azul-24.0.2\bin\vcruntime140_1.dll
0x00007ffbd50d0000 - 0x00007ffbd515d000 	C:\Users\ziad\.jdks\azul-24.0.2\bin\msvcp140.dll
0x00007ffb520a0000 - 0x00007ffb52f1c000 	C:\Users\ziad\.jdks\azul-24.0.2\bin\server\jvm.dll
0x00007ffc42520000 - 0x00007ffc425d2000 	C:\windows\System32\ADVAPI32.dll
0x00007ffc41fd0000 - 0x00007ffc42076000 	C:\windows\System32\sechost.dll
0x00007ffc42400000 - 0x00007ffc42516000 	C:\windows\System32\RPCRT4.dll
0x00007ffc41b60000 - 0x00007ffc41bd4000 	C:\windows\System32\WS2_32.dll
0x00007ffc2e2b0000 - 0x00007ffc2e2bb000 	C:\windows\SYSTEM32\VERSION.dll
0x00007ffc3e470000 - 0x00007ffc3e4be000 	C:\windows\SYSTEM32\POWRPROF.dll
0x00007ffc34450000 - 0x00007ffc34486000 	C:\windows\SYSTEM32\WINMM.dll
0x00007ffc3e450000 - 0x00007ffc3e464000 	C:\windows\SYSTEM32\UMPDC.dll
0x00007ffc3e710000 - 0x00007ffc3e72a000 	C:\windows\SYSTEM32\kernel.appcore.dll
0x00007ffc20330000 - 0x00007ffc2033a000 	C:\Users\ziad\.jdks\azul-24.0.2\bin\jimage.dll
0x00007ffc31e80000 - 0x00007ffc320c1000 	C:\windows\SYSTEM32\DBGHELP.DLL
0x00007ffc40ea0000 - 0x00007ffc41222000 	C:\windows\System32\combase.dll
0x00007ffc41a80000 - 0x00007ffc41b56000 	C:\windows\System32\OLEAUT32.dll
0x00007ffc1df00000 - 0x00007ffc1df39000 	C:\windows\SYSTEM32\dbgcore.DLL
0x00007ffc402e0000 - 0x00007ffc40379000 	C:\windows\System32\bcryptPrimitives.dll
0x00007ffc20310000 - 0x00007ffc2032e000 	C:\Users\ziad\.jdks\azul-24.0.2\bin\java.dll
0x00007ffc41e10000 - 0x00007ffc41fa5000 	C:\windows\System32\ole32.dll
0x00007ffc40440000 - 0x00007ffc40b55000 	C:\windows\System32\SHELL32.dll
0x00007ffc3ffc0000 - 0x00007ffc40128000 	C:\windows\System32\wintypes.dll
0x00007ffc3d4c0000 - 0x00007ffc3dd05000 	C:\windows\SYSTEM32\windows.storage.dll
0x00007ffc42310000 - 0x00007ffc423fb000 	C:\windows\System32\SHCORE.dll
0x00007ffc41920000 - 0x00007ffc4197d000 	C:\windows\System32\shlwapi.dll
0x00007ffc3f730000 - 0x00007ffc3f75f000 	C:\windows\SYSTEM32\profapi.dll
0x00007ffbcee00000 - 0x00007ffbceed7000 	C:\Users\ziad\.jdks\azul-24.0.2\bin\jsvml.dll
0x00007ffc20300000 - 0x00007ffc20310000 	C:\Users\ziad\.jdks\azul-24.0.2\bin\net.dll
0x00007ffc3ec10000 - 0x00007ffc3ec7a000 	C:\windows\system32\mswsock.dll
0x00007ffbddfe0000 - 0x00007ffbddff6000 	C:\Users\ziad\.jdks\azul-24.0.2\bin\nio.dll
0x00007ffbddfc0000 - 0x00007ffbddfd7000 	C:\Users\ziad\.jdks\azul-24.0.2\bin\zip.dll
0x00007ffc20040000 - 0x00007ffc20050000 	C:\Users\ziad\.jdks\azul-24.0.2\bin\verify.dll
0x00007ffbf7c80000 - 0x00007ffbf7c89000 	C:\Users\ziad\.jdks\azul-24.0.2\bin\extnet.dll
0x00007ffbf63a0000 - 0x00007ffbf63ae000 	C:\Users\ziad\.jdks\azul-24.0.2\bin\sunmscapi.dll
0x00007ffc40130000 - 0x00007ffc402a7000 	C:\windows\System32\CRYPT32.dll
0x00007ffc3f110000 - 0x00007ffc3f140000 	C:\windows\SYSTEM32\ncrypt.dll
0x00007ffc3f0c0000 - 0x00007ffc3f0ff000 	C:\windows\SYSTEM32\NTASN1.dll
0x00007ffc300c0000 - 0x00007ffc300c8000 	C:\windows\system32\wshunix.dll
0x00007ffc3efc0000 - 0x00007ffc3efdc000 	C:\windows\SYSTEM32\CRYPTSP.dll
0x00007ffc3e670000 - 0x00007ffc3e6aa000 	C:\windows\system32\rsaenh.dll
0x00007ffc3ecb0000 - 0x00007ffc3ecdb000 	C:\windows\SYSTEM32\USERENV.dll
0x00007ffc3f150000 - 0x00007ffc3f176000 	C:\windows\SYSTEM32\bcrypt.dll
0x00007ffc3ee40000 - 0x00007ffc3ee4c000 	C:\windows\SYSTEM32\CRYPTBASE.dll
0x00007ffc3e0e0000 - 0x00007ffc3e113000 	C:\windows\SYSTEM32\IPHLPAPI.DLL
0x00007ffc40e90000 - 0x00007ffc40e9a000 	C:\windows\System32\NSI.dll
0x00007ffbf4e60000 - 0x00007ffbf4e69000 	C:\Users\ziad\.jdks\azul-24.0.2\bin\syslookup.dll

JVMTI agents: none

dbghelp: loaded successfully - version: 4.0.5 - missing functions: none
symbol engine: initialized successfully - sym options: 0x614 - pdb path: .;C:\Users\ziad\.jdks\azul-24.0.2\bin;C:\windows\SYSTEM32;C:\windows\WinSxS\amd64_microsoft.windows.common-controls_6595b64144ccf1df_6.0.26100.3323_none_3e088096e3344490;C:\Users\ziad\.jdks\azul-24.0.2\bin\server

VM Arguments:
jvm_args: -Dorg.gradle.internal.worker.tmpdir=C:\src\kgen\examples\lang\build\tmp\test\work --enable-native-access=ALL-UNNAMED -Xmx1g -Dfile.encoding=UTF-8 -Duser.country=US -Duser.language=en -Duser.variant -ea 
java_command: worker.org.gradle.process.internal.worker.GradleWorkerMain 'Gradle Test Executor 49'
java_class_path (initial): C:\\Users\\ziad\\.gradle\\caches\\8.14.1\\workerMain\\gradle-worker.jar;C:\\src\\kgen\\examples\\lang\\build\\classes\\kotlin\\test;C:\\src\\kgen\\examples\\lang\\build\\classes\\kotlin\\main;C:\\src\\kgen\\kgen\\build\\libs\\kgen-0.1.0-SNAPSHOT.jar;C:\\Users\\ziad\\.gradle\\caches\\modules-2\\files-2.1\\org.jetbrains.kotlin\\kotlin-test-junit5\\2.1.10\\fc0a18dd6972c35268f29fa357fc2a30c11728b6\\kotlin-test-junit5-2.1.10.jar;C:\\Users\\ziad\\.gradle\\caches\\modules-2\\files-2.1\\org.jetbrains.kotlin\\kotlin-test\\2.1.10\\9a70f7e2e364080626a4f9ec7256290dee15fd5\\kotlin-test-2.1.10.jar;C:\\Users\\ziad\\.gradle\\caches\\modules-2\\files-2.1\\org.jetbrains.kotlin\\kotlin-stdlib\\2.1.10\\d3028429e7151d7a7c1a0d63a4f60eac86a87b91\\kotlin-stdlib-2.1.10.jar;C:\\Users\\ziad\\.gradle\\caches\\modules-2\\files-2.1\\org.jetbrains\\annotations\\13.0\\919f0dfe192fb4e063e7dacadee7f8bb9a2672a9\\annotations-13.0.jar;C:\\Users\\ziad\\.gradle\\caches\\modules-2\\files-2.1\\org.junit.platform\\junit-platform-launcher\\1.10.1\\ce85bf5e38bee0989ded9bd468dd4ff78dc0cfa8\\junit-platform-launcher-1.10.1.jar;C:\\Users\\ziad\\.gradle\\caches\\modules-2\\files-2.1\\org.junit.platform\\junit-platform-engine\\1.10.1\\f32ae4af74fde68414b8a3d2b7cf1fb43824a83a\\junit-platform-engine-1.10.1.jar;C:\\Users\\ziad\\.gradle\\caches\\modules-2\\files-2.1\\org.junit.jupiter\\junit-jupiter-api\\5.10.1\\eb90c7d8bfaae8fdc97b225733fcb595ddd72843\\junit-jupiter-api-5.10.1.jar;C:\\Users\\ziad\\.gradle\\caches\\modules-2\\files-2.1\\org.junit.platform\\junit-platform-commons\\1.10.1\\2bfcd4a4e38b10c671b6916d7e543c20afe25579\\junit-platform-commons-1.10.1.jar;C:\\Users\\ziad\\.gradle\\caches\\modules-2\\files-2.1\\org.junit.jupiter\\junit-jupiter-engine\\5.10.1\\6c9ff773f9aa842b91d1f2fe4658973252ce2428\\junit-jupiter-engine-5.10.1.jar;C:\\Users\\ziad\\.gradle\\caches\\modules-2\\files-2.1\\org.opentest4j\\opentest4j\\1.3.0\\152ea56b3a72f655d4fd677fc0ef2596c3dd5e6e\\opentest4j-1.3.0.jar
Launcher Type: SUN_STANDARD

[Global flags]
     intx CICompilerCount                          = 12                                        {product} {ergonomic}
     uint ConcGCThreads                            = 3                                         {product} {ergonomic}
     uint G1ConcRefinementThreads                  = 13                                        {product} {ergonomic}
   size_t G1HeapRegionSize                         = 1048576                                   {product} {ergonomic}
   size_t InitialHeapSize                          = 434110464                                 {product} {ergonomic}
   size_t MarkStackSize                            = 4194304                                   {product} {ergonomic}
   size_t MarkStackSizeMax                         = 536870912                                 {product} {ergonomic}
   size_t MaxHeapSize                              = 1073741824                                {product} {command line}
   size_t MaxNewSize                               = 643825664                                 {product} {ergonomic}
   size_t MinHeapDeltaBytes                        = 1048576                                   {product} {ergonomic}
   size_t MinHeapSize                              = 8388608                                   {product} {ergonomic}
    uintx NonNMethodCodeHeapSize                   = 7602176                                {pd product} {ergonomic}
    uintx NonProfiledCodeHeapSize                  = 122093568                              {pd product} {ergonomic}
    uintx ProfiledCodeHeapSize                     = 121962496                              {pd product} {ergonomic}
    uintx ReservedCodeCacheSize                    = 251658240                              {pd product} {ergonomic}
     bool SegmentedCodeCache                       = true                                      {product} {ergonomic}
   size_t SoftMaxHeapSize                          = 1073741824                             {manageable} {ergonomic}
     bool UseCompressedOops                        = true                           {product lp64_product} {ergonomic}
     bool UseG1GC                                  = true                                      {product} {ergonomic}
     bool UseLargePagesIndividualAllocation        = false                                  {pd product} {ergonomic}

Logging:
Log output configuration:
 #0: stdout all=warning uptime,level,tags foldmultilines=false
 #1: stderr all=off uptime,level,tags foldmultilines=false

Environment Variables:
JAVA_HOME=C:\Users\ziad\.jdks\azul-24.0.2
PATH=C:\windows\system32;C:\windows;C:\windows\System32\Wbem;C:\windows\System32\WindowsPowerShell\v1.0\;C:\windows\System32\OpenSSH\;C:\Program Files\Microsoft SQL Server\150\Tools\Binn\;C:\Program Files\Microsoft SQL Server\Client SDK\ODBC\170\Tools\Binn\;C:\Program Files\dotnet\;C:\Program Files\Microsoft SQL Server\170\Tools\Binn\;C:\Users\ziad\AppData\Local\Microsoft\WindowsApps;C:\Users\ziad\AppData\Local\Programs\Microsoft VS Code\bin;C:\Users\ziad\.dotnet\tools
USERNAME=ziad
OS=Windows_NT
PROCESSOR_IDENTIFIER=AMD64 Family 25 Model 116 Stepping 1, AuthenticAMD
TMP=C:\Users\ziad\AppData\Local\Temp
TEMP=C:\Users\ziad\AppData\Local\Temp




Periodic native trim disabled

---------------  S Y S T E M  ---------------

OS:
 Windows 11 , 64 bit Build 26100 (10.0.26100.3323)
OS uptime: 10 days 15:22 hours
Hyper-V role detected

CPU: total 16 (initial active 16) (16 cores per cpu, 2 threads per core) family 25 model 116 stepping 1 microcode 0xa704107, cx8, cmov, fxsr, ht, mmx, 3dnowpref, sse, sse2, sse3, ssse3, sse4a, sse4.1, sse4.2, popcnt, lzcnt, tsc, tscinvbit, avx, avx2, aes, erms, clmul, bmi1, bmi2, adx, avx512f, avx512dq, avx512cd, avx512bw, avx512vl, sha, fma, vzeroupper, avx512_vpopcntdq, avx512_vpclmulqdq, avx512_vaes, avx512_vnni, clflush, clflushopt, avx512_vbmi2, avx512_vbmi, hv, rdtscp, rdpid, fsrm, gfni, avx512_bitalg, f16c, cet_ss, avx512_ifma
Processor Information for the first 16 processors :
  Max Mhz: 3801, Current Mhz: 3801, Mhz Limit: 3801

Memory: 4k page, system-wide physical 26421M (6494M free)
TotalPageFile size 38264M (AvailPageFile size 3349M)
current process WorkingSet (physical memory assigned to process): 150M, peak: 151M
current process commit charge ("private bytes"): 567M, peak: 568M

vm_info: OpenJDK 64-Bit Server VM (24.0.2+12) for windows-amd64 JRE (24.0.2+12) (Zulu24.32+13-CA), built on 2025-07-11T12:45:44Z with MS VC++ 17.1 (VS2022)

END.
