#
# A fatal error has been detected by the Java Runtime Environment:
#
#  EXCEPTION_INT_DIVIDE_BY_ZERO (0xc0000094) at pc=0x000001f41ee60009, pid=41372, tid=41420
#
# JRE version: OpenJDK Runtime Environment Zulu24.32+13-CA (24.0.2+12) (build 24.0.2+12)
# Java VM: OpenJDK 64-Bit Server VM Zulu24.32+13-CA (24.0.2+12, mixed mode, sharing, tiered, compressed oops, compressed class ptrs, g1 gc, windows-amd64)
# Problematic frame:
# C  0x000001f41ee60009
#
# No core dump will be written. Minidumps are not enabled by default on client versions of Windows
#
# If you would like to submit a bug report, please visit:
#   http://www.azul.com/support/
# The crash happened outside the Java Virtual Machine in native code.
# See problematic frame for where to report the bug.
#

---------------  S U M M A R Y ------------

Command Line: -Dorg.gradle.internal.worker.tmpdir=C:\src\kgen\examples\lang\build\tmp\test\work --enable-native-access=ALL-UNNAMED -Xmx1g -Dfile.encoding=UTF-8 -Duser.country=US -Duser.language=en -Duser.variant -ea worker.org.gradle.process.internal.worker.GradleWorkerMain 'Gradle Test Executor 1'

Host: AMD Ryzen 7 7840HS w/ Radeon 780M Graphics     , 16 cores, 25G,  Windows 11 , 64 bit Build 26100 (10.0.26100.3323)
Time: Sat Mar  7 12:59:08 2026 Pacific Standard Time elapsed time: 1.022550 seconds (0d 0h 0m 1s)

---------------  T H R E A D  ---------------

Current thread (0x000001f47fc3eba0):  JavaThread "Test worker"        [_thread_in_native, id=41420, stack(0x0000001e73700000,0x0000001e73800000) (1024K)]

Stack: [0x0000001e73700000,0x0000001e73800000],  sp=0x0000001e737fbdc0,  free space=1007k
Native frames: (J=compiled Java code, j=interpreted, Vv=VM code, C=native code)
C  0x000001f41ee60009  (no source info available)

Java frames: (J=compiled Java code, j=interpreted, Vv=VM code)
v  ~RuntimeStub::nep_invoker_blob 0x000001f411b2bf68
j  java.lang.invoke.LambdaForm$MH+0x000001f420194c00.invoke(Ljava/lang/Object;JJJ)J+12 java.base@24.0.2
j  java.lang.invoke.LambdaForm$MH+0x000001f42018f800.invokeExact_MT(Ljava/lang/Object;JJJLjava/lang/Object;)J+23 java.base@24.0.2
j  jdk.internal.foreign.abi.DowncallStub+0x000001f420195000.invoke(Ljava/lang/foreign/SegmentAllocator;Ljava/lang/foreign/MemorySegment;JJ)J+52 java.base@24.0.2
j  java.lang.invoke.LambdaForm$DMH+0x000001f420195400.invokeStatic(Ljava/lang/Object;Ljava/lang/Object;Ljava/lang/Object;JJ)J+16 java.base@24.0.2
j  java.lang.invoke.LambdaForm$MH+0x000001f420197800.invoke(Ljava/lang/Object;JJ)Ljava/lang/Object;+50 java.base@24.0.2
j  java.lang.invoke.LambdaForm$MH+0x000001f420197400.invoke_MT(Ljava/lang/Object;JJLjava/lang/Object;)Ljava/lang/Object;+23 java.base@24.0.2
j  org.kgen.jit.JitEngine$Companion.invokeHandle(Ljava/lang/invoke/MethodHandle;[J)Ljava/lang/Object;+68
j  org.kgen.jit.JitEngine$Companion.access$invokeHandle(Lorg/kgen/jit/JitEngine$Companion;Ljava/lang/invoke/MethodHandle;[J)Ljava/lang/Object;+3
j  org.kgen.jit.JitEngine.call(Ljava/lang/String;[J)J+88
j  org.kgen.examples.lang.JitRunner.run(Ljava/lang/String;Ljava/lang/String;[J)J+35
j  org.kgen.examples.lang.JitRunnerTest.divisionTruncates()V+53
j  java.lang.invoke.DirectMethodHandle$Holder.invokeSpecial(Ljava/lang/Object;Ljava/lang/Object;)V+10 java.base@24.0.2
j  java.lang.invoke.LambdaForm$MH+0x000001f420089000.invoke(Ljava/lang/Object;Ljava/lang/Object;)Ljava/lang/Object;+31 java.base@24.0.2
j  java.lang.invoke.Invokers$Holder.invokeExact_MT(Ljava/lang/Object;Ljava/lang/Object;Ljava/lang/Object;)Ljava/lang/Object;+19 java.base@24.0.2
j  jdk.internal.reflect.DirectMethodHandleAccessor.invokeImpl(Ljava/lang/Object;[Ljava/lang/Object;)Ljava/lang/Object;+41 java.base@24.0.2
j  jdk.internal.reflect.DirectMethodHandleAccessor.invoke(Ljava/lang/Object;[Ljava/lang/Object;)Ljava/lang/Object;+23 java.base@24.0.2
j  java.lang.reflect.Method.invoke(Ljava/lang/Object;[Ljava/lang/Object;)Ljava/lang/Object;+102 java.base@24.0.2
j  org.junit.platform.commons.util.ReflectionUtils.invokeMethod(Ljava/lang/reflect/Method;Ljava/lang/Object;[Ljava/lang/Object;)Ljava/lang/Object;+42
j  org.junit.jupiter.engine.execution.MethodInvocation.proceed()Ljava/lang/Object;+16
j  org.junit.jupiter.engine.execution.InvocationInterceptorChain$ValidatingInvocation.proceed()Ljava/lang/Object;+8
j  org.junit.jupiter.engine.extension.TimeoutExtension.intercept(Lorg/junit/jupiter/api/extension/InvocationInterceptor$Invocation;Lorg/junit/jupiter/api/extension/ReflectiveInvocationContext;Lorg/junit/jupiter/api/extension/ExtensionContext;Lorg/junit/jupiter/engine/extension/TimeoutDuration;Lorg/junit/jupiter/engine/extension/TimeoutExtension$TimeoutProvider;)Ljava/lang/Object;+28
j  org.junit.jupiter.engine.extension.TimeoutExtension.interceptTestableMethod(Lorg/junit/jupiter/api/extension/InvocationInterceptor$Invocation;Lorg/junit/jupiter/api/extension/ReflectiveInvocationContext;Lorg/junit/jupiter/api/extension/ExtensionContext;Lorg/junit/jupiter/engine/extension/TimeoutExtension$TimeoutProvider;)Ljava/lang/Object;+31
j  org.junit.jupiter.engine.extension.TimeoutExtension.interceptTestMethod(Lorg/junit/jupiter/api/extension/InvocationInterceptor$Invocation;Lorg/junit/jupiter/api/extension/ReflectiveInvocationContext;Lorg/junit/jupiter/api/extension/ExtensionContext;)V+9
j  org.junit.jupiter.engine.descriptor.TestMethodTestDescriptor$$Lambda+0x000001f4200be488.apply(Lorg/junit/jupiter/api/extension/InvocationInterceptor;Lorg/junit/jupiter/api/extension/InvocationInterceptor$Invocation;Lorg/junit/jupiter/api/extension/ReflectiveInvocationContext;Lorg/junit/jupiter/api/extension/ExtensionContext;)V+5
j  org.junit.jupiter.engine.execution.InterceptingExecutableInvoker$ReflectiveInterceptorCall.lambda$ofVoidMethod$0(Lorg/junit/jupiter/engine/execution/InterceptingExecutableInvoker$ReflectiveInterceptorCall$VoidMethodInterceptorCall;Lorg/junit/jupiter/api/extension/InvocationInterceptor;Lorg/junit/jupiter/api/extension/InvocationInterceptor$Invocation;Lorg/junit/jupiter/api/extension/ReflectiveInvocationContext;Lorg/junit/jupiter/api/extension/ExtensionContext;)Ljava/lang/Void;+6
j  org.junit.jupiter.engine.execution.InterceptingExecutableInvoker$ReflectiveInterceptorCall$$Lambda+0x000001f4200be6b8.apply(Lorg/junit/jupiter/api/extension/InvocationInterceptor;Lorg/junit/jupiter/api/extension/InvocationInterceptor$Invocation;Lorg/junit/jupiter/api/extension/ReflectiveInvocationContext;Lorg/junit/jupiter/api/extension/ExtensionContext;)Ljava/lang/Object;+9
j  org.junit.jupiter.engine.execution.InterceptingExecutableInvoker.lambda$invoke$0(Lorg/junit/jupiter/engine/execution/InterceptingExecutableInvoker$ReflectiveInterceptorCall;Lorg/junit/jupiter/api/extension/ReflectiveInvocationContext;Lorg/junit/jupiter/api/extension/ExtensionContext;Lorg/junit/jupiter/api/extension/InvocationInterceptor;Lorg/junit/jupiter/api/extension/InvocationInterceptor$Invocation;)Ljava/lang/Object;+6
j  org.junit.jupiter.engine.execution.InterceptingExecutableInvoker$$Lambda+0x000001f420122dd8.apply(Lorg/junit/jupiter/api/extension/InvocationInterceptor;Lorg/junit/jupiter/api/extension/InvocationInterceptor$Invocation;)Ljava/lang/Object;+14
j  org.junit.jupiter.engine.execution.InvocationInterceptorChain$InterceptedInvocation.proceed()Ljava/lang/Object;+12
j  org.junit.jupiter.engine.execution.InvocationInterceptorChain.proceed(Lorg/junit/jupiter/api/extension/InvocationInterceptor$Invocation;)Ljava/lang/Object;+1
j  org.junit.jupiter.engine.execution.InvocationInterceptorChain.chainAndInvoke(Lorg/junit/jupiter/api/extension/InvocationInterceptor$Invocation;Lorg/junit/jupiter/engine/execution/InvocationInterceptorChain$InterceptorCall;Ljava/util/List;)Ljava/lang/Object;+24
j  org.junit.jupiter.engine.execution.InvocationInterceptorChain.invoke(Lorg/junit/jupiter/api/extension/InvocationInterceptor$Invocation;Lorg/junit/jupiter/engine/extension/ExtensionRegistry;Lorg/junit/jupiter/engine/execution/InvocationInterceptorChain$InterceptorCall;)Ljava/lang/Object;+31
j  org.junit.jupiter.engine.execution.InterceptingExecutableInvoker.invoke(Lorg/junit/jupiter/api/extension/InvocationInterceptor$Invocation;Lorg/junit/jupiter/api/extension/ReflectiveInvocationContext;Lorg/junit/jupiter/api/extension/ExtensionContext;Lorg/junit/jupiter/engine/extension/ExtensionRegistry;Lorg/junit/jupiter/engine/execution/InterceptingExecutableInvoker$ReflectiveInterceptorCall;)Ljava/lang/Object;+15
j  org.junit.jupiter.engine.execution.InterceptingExecutableInvoker.invoke(Ljava/lang/reflect/Method;Ljava/lang/Object;Lorg/junit/jupiter/api/extension/ExtensionContext;Lorg/junit/jupiter/engine/extension/ExtensionRegistry;Lorg/junit/jupiter/engine/execution/InterceptingExecutableInvoker$ReflectiveInterceptorCall;)Ljava/lang/Object;+55
j  org.junit.jupiter.engine.descriptor.TestMethodTestDescriptor.lambda$invokeTestMethod$7(Lorg/junit/jupiter/api/extension/ExtensionContext;Lorg/junit/jupiter/engine/execution/JupiterEngineExecutionContext;)V+28
j  org.junit.jupiter.engine.descriptor.TestMethodTestDescriptor$$Lambda+0x000001f4201286c8.execute()V+12
j  org.junit.platform.engine.support.hierarchical.ThrowableCollector.execute(Lorg/junit/platform/engine/support/hierarchical/ThrowableCollector$Executable;)V+1
j  org.junit.jupiter.engine.descriptor.TestMethodTestDescriptor.invokeTestMethod(Lorg/junit/jupiter/engine/execution/JupiterEngineExecutionContext;Lorg/junit/platform/engine/support/hierarchical/Node$DynamicTestExecutor;)V+21
j  org.junit.jupiter.engine.descriptor.TestMethodTestDescriptor.execute(Lorg/junit/jupiter/engine/execution/JupiterEngineExecutionContext;Lorg/junit/platform/engine/support/hierarchical/Node$DynamicTestExecutor;)Lorg/junit/jupiter/engine/execution/JupiterEngineExecutionContext;+44
j  org.junit.jupiter.engine.descriptor.TestMethodTestDescriptor.execute(Lorg/junit/platform/engine/support/hierarchical/EngineExecutionContext;Lorg/junit/platform/engine/support/hierarchical/Node$DynamicTestExecutor;)Lorg/junit/platform/engine/support/hierarchical/EngineExecutionContext;+6
j  org.junit.platform.engine.support.hierarchical.NodeTestTask.lambda$executeRecursively$6()V+79
j  org.junit.platform.engine.support.hierarchical.NodeTestTask$$Lambda+0x000001f4201158f8.execute()V+4
j  org.junit.platform.engine.support.hierarchical.ThrowableCollector.execute(Lorg/junit/platform/engine/support/hierarchical/ThrowableCollector$Executable;)V+1
j  org.junit.platform.engine.support.hierarchical.NodeTestTask.lambda$executeRecursively$8(Lorg/junit/platform/engine/support/hierarchical/EngineExecutionContext;)V+15
j  org.junit.platform.engine.support.hierarchical.NodeTestTask$$Lambda+0x000001f4201156c0.invoke(Lorg/junit/platform/engine/support/hierarchical/EngineExecutionContext;)V+5
j  org.junit.platform.engine.support.hierarchical.Node.around(Lorg/junit/platform/engine/support/hierarchical/EngineExecutionContext;Lorg/junit/platform/engine/support/hierarchical/Node$Invocation;)V+2
j  org.junit.platform.engine.support.hierarchical.NodeTestTask.lambda$executeRecursively$9()V+14
j  org.junit.platform.engine.support.hierarchical.NodeTestTask$$Lambda+0x000001f420115488.execute()V+4
j  org.junit.platform.engine.support.hierarchical.ThrowableCollector.execute(Lorg/junit/platform/engine/support/hierarchical/ThrowableCollector$Executable;)V+1
j  org.junit.platform.engine.support.hierarchical.NodeTestTask.executeRecursively()V+31
j  org.junit.platform.engine.support.hierarchical.NodeTestTask.execute()V+55
j  org.junit.platform.engine.support.hierarchical.SameThreadHierarchicalTestExecutorService$$Lambda+0x000001f420114ca8.accept(Ljava/lang/Object;)V+4
j  java.util.ArrayList.forEach(Ljava/util/function/Consumer;)V+46 java.base@24.0.2
j  org.junit.platform.engine.support.hierarchical.SameThreadHierarchicalTestExecutorService.invokeAll(Ljava/util/List;)V+6
j  org.junit.platform.engine.support.hierarchical.NodeTestTask.lambda$executeRecursively$6()V+116
j  org.junit.platform.engine.support.hierarchical.NodeTestTask$$Lambda+0x000001f4201158f8.execute()V+4
j  org.junit.platform.engine.support.hierarchical.ThrowableCollector.execute(Lorg/junit/platform/engine/support/hierarchical/ThrowableCollector$Executable;)V+1
j  org.junit.platform.engine.support.hierarchical.NodeTestTask.lambda$executeRecursively$8(Lorg/junit/platform/engine/support/hierarchical/EngineExecutionContext;)V+15
j  org.junit.platform.engine.support.hierarchical.NodeTestTask$$Lambda+0x000001f4201156c0.invoke(Lorg/junit/platform/engine/support/hierarchical/EngineExecutionContext;)V+5
j  org.junit.platform.engine.support.hierarchical.Node.around(Lorg/junit/platform/engine/support/hierarchical/EngineExecutionContext;Lorg/junit/platform/engine/support/hierarchical/Node$Invocation;)V+2
j  org.junit.platform.engine.support.hierarchical.NodeTestTask.lambda$executeRecursively$9()V+14
j  org.junit.platform.engine.support.hierarchical.NodeTestTask$$Lambda+0x000001f420115488.execute()V+4
j  org.junit.platform.engine.support.hierarchical.ThrowableCollector.execute(Lorg/junit/platform/engine/support/hierarchical/ThrowableCollector$Executable;)V+1
j  org.junit.platform.engine.support.hierarchical.NodeTestTask.executeRecursively()V+31
j  org.junit.platform.engine.support.hierarchical.NodeTestTask.execute()V+55
j  org.junit.platform.engine.support.hierarchical.SameThreadHierarchicalTestExecutorService$$Lambda+0x000001f420114ca8.accept(Ljava/lang/Object;)V+4
j  java.util.ArrayList.forEach(Ljava/util/function/Consumer;)V+46 java.base@24.0.2
j  org.junit.platform.engine.support.hierarchical.SameThreadHierarchicalTestExecutorService.invokeAll(Ljava/util/List;)V+6
j  org.junit.platform.engine.support.hierarchical.NodeTestTask.lambda$executeRecursively$6()V+116
j  org.junit.platform.engine.support.hierarchical.NodeTestTask$$Lambda+0x000001f4201158f8.execute()V+4
j  org.junit.platform.engine.support.hierarchical.ThrowableCollector.execute(Lorg/junit/platform/engine/support/hierarchical/ThrowableCollector$Executable;)V+1
j  org.junit.platform.engine.support.hierarchical.NodeTestTask.lambda$executeRecursively$8(Lorg/junit/platform/engine/support/hierarchical/EngineExecutionContext;)V+15
j  org.junit.platform.engine.support.hierarchical.NodeTestTask$$Lambda+0x000001f4201156c0.invoke(Lorg/junit/platform/engine/support/hierarchical/EngineExecutionContext;)V+5
j  org.junit.platform.engine.support.hierarchical.Node.around(Lorg/junit/platform/engine/support/hierarchical/EngineExecutionContext;Lorg/junit/platform/engine/support/hierarchical/Node$Invocation;)V+2
j  org.junit.platform.engine.support.hierarchical.NodeTestTask.lambda$executeRecursively$9()V+14
j  org.junit.platform.engine.support.hierarchical.NodeTestTask$$Lambda+0x000001f420115488.execute()V+4
j  org.junit.platform.engine.support.hierarchical.ThrowableCollector.execute(Lorg/junit/platform/engine/support/hierarchical/ThrowableCollector$Executable;)V+1
j  org.junit.platform.engine.support.hierarchical.NodeTestTask.executeRecursively()V+31
j  org.junit.platform.engine.support.hierarchical.NodeTestTask.execute()V+55
j  org.junit.platform.engine.support.hierarchical.SameThreadHierarchicalTestExecutorService.submit(Lorg/junit/platform/engine/support/hierarchical/HierarchicalTestExecutorService$TestTask;)Ljava/util/concurrent/Future;+1
j  org.junit.platform.engine.support.hierarchical.HierarchicalTestExecutor.execute()Ljava/util/concurrent/Future;+74
j  org.junit.platform.engine.support.hierarchical.HierarchicalTestEngine.execute(Lorg/junit/platform/engine/ExecutionRequest;)V+31
j  org.junit.platform.launcher.core.EngineExecutionOrchestrator.execute(Lorg/junit/platform/engine/TestDescriptor;Lorg/junit/platform/engine/EngineExecutionListener;Lorg/junit/platform/engine/ConfigurationParameters;Lorg/junit/platform/engine/TestEngine;)V+24
j  org.junit.platform.launcher.core.EngineExecutionOrchestrator.execute(Lorg/junit/platform/launcher/core/LauncherDiscoveryResult;Lorg/junit/platform/engine/EngineExecutionListener;)V+115
j  org.junit.platform.launcher.core.EngineExecutionOrchestrator.execute(Lorg/junit/platform/launcher/core/InternalTestPlan;Lorg/junit/platform/engine/EngineExecutionListener;Lorg/junit/platform/launcher/TestExecutionListener;)V+55
j  org.junit.platform.launcher.core.EngineExecutionOrchestrator.lambda$execute$0(Lorg/junit/platform/launcher/core/InternalTestPlan;Lorg/junit/platform/launcher/TestExecutionListener;)V+6
j  org.junit.platform.launcher.core.EngineExecutionOrchestrator$$Lambda+0x000001f420105000.accept(Ljava/lang/Object;)V+12
j  org.junit.platform.launcher.core.EngineExecutionOrchestrator.withInterceptedStreams(Lorg/junit/platform/engine/ConfigurationParameters;Lorg/junit/platform/launcher/core/ListenerRegistry;Ljava/util/function/Consumer;)V+51
j  org.junit.platform.launcher.core.EngineExecutionOrchestrator.execute(Lorg/junit/platform/launcher/core/InternalTestPlan;[Lorg/junit/platform/launcher/TestExecutionListener;)V+23
j  org.junit.platform.launcher.core.DefaultLauncher.execute(Lorg/junit/platform/launcher/core/InternalTestPlan;[Lorg/junit/platform/launcher/TestExecutionListener;)V+6
j  org.junit.platform.launcher.core.DefaultLauncher.execute(Lorg/junit/platform/launcher/LauncherDiscoveryRequest;[Lorg/junit/platform/launcher/TestExecutionListener;)V+34
j  org.junit.platform.launcher.core.DelegatingLauncher.execute(Lorg/junit/platform/launcher/LauncherDiscoveryRequest;[Lorg/junit/platform/launcher/TestExecutionListener;)V+6
j  org.gradle.api.internal.tasks.testing.junitplatform.JUnitPlatformTestClassProcessor$CollectAllTestClassesExecutor.processAllTestClasses()V+94
j  org.gradle.api.internal.tasks.testing.junitplatform.JUnitPlatformTestClassProcessor$CollectAllTestClassesExecutor.access$000(Lorg/gradle/api/internal/tasks/testing/junitplatform/JUnitPlatformTestClassProcessor$CollectAllTestClassesExecutor;)V+1
j  org.gradle.api.internal.tasks.testing.junitplatform.JUnitPlatformTestClassProcessor.stop()V+4
j  org.gradle.api.internal.tasks.testing.SuiteTestClassProcessor.stop()V+4
j  java.lang.invoke.LambdaForm$DMH+0x000001f420088800.invokeInterface(Ljava/lang/Object;Ljava/lang/Object;)V+21 java.base@24.0.2
j  java.lang.invoke.LambdaForm$MH+0x000001f420089000.invoke(Ljava/lang/Object;Ljava/lang/Object;)Ljava/lang/Object;+31 java.base@24.0.2
j  java.lang.invoke.Invokers$Holder.invokeExact_MT(Ljava/lang/Object;Ljava/lang/Object;Ljava/lang/Object;)Ljava/lang/Object;+19 java.base@24.0.2
j  jdk.internal.reflect.DirectMethodHandleAccessor.invokeImpl(Ljava/lang/Object;[Ljava/lang/Object;)Ljava/lang/Object;+41 java.base@24.0.2
j  jdk.internal.reflect.DirectMethodHandleAccessor.invoke(Ljava/lang/Object;[Ljava/lang/Object;)Ljava/lang/Object;+23 java.base@24.0.2
j  java.lang.reflect.Method.invoke(Ljava/lang/Object;[Ljava/lang/Object;)Ljava/lang/Object;+102 java.base@24.0.2
j  org.gradle.internal.dispatch.ReflectionDispatch.dispatch(Lorg/gradle/internal/dispatch/MethodInvocation;)V+19
j  org.gradle.internal.dispatch.ReflectionDispatch.dispatch(Ljava/lang/Object;)V+5
j  org.gradle.internal.dispatch.ContextClassLoaderDispatch.dispatch(Ljava/lang/Object;)V+22
j  org.gradle.internal.dispatch.ProxyDispatchAdapter$DispatchingInvocationHandler.invoke(Ljava/lang/Object;Ljava/lang/reflect/Method;[Ljava/lang/Object;)Ljava/lang/Object;+177
j  jdk.proxy1.$Proxy4.stop()V+9 jdk.proxy1
j  org.gradle.api.internal.tasks.testing.worker.TestWorker$3.run()V+7
j  org.gradle.api.internal.tasks.testing.worker.TestWorker.executeAndMaintainThreadName(Ljava/lang/Runnable;)V+1
j  org.gradle.api.internal.tasks.testing.worker.TestWorker.execute(Lorg/gradle/process/internal/worker/WorkerProcessContext;)V+76
j  org.gradle.api.internal.tasks.testing.worker.TestWorker.execute(Ljava/lang/Object;)V+5
j  org.gradle.process.internal.worker.child.ActionExecutionWorker.execute(Lorg/gradle/process/internal/worker/WorkerProcessContext;)V+65
j  org.gradle.process.internal.worker.child.SystemApplicationClassLoaderWorker.call()Ljava/lang/Void;+270
j  org.gradle.process.internal.worker.child.SystemApplicationClassLoaderWorker.call()Ljava/lang/Object;+1
j  worker.org.gradle.process.internal.worker.GradleWorkerMain.run()V+250
j  worker.org.gradle.process.internal.worker.GradleWorkerMain.main([Ljava/lang/String;)V+7
v  ~StubRoutines::call_stub 0x000001f411950fcd

siginfo: EXCEPTION_INT_DIVIDE_BY_ZERO (0xc0000094)


Registers:
RAX=0x000000000000000a, RBX=0x000001f460be1f40, RCX=0x000000000000000a, RDX=0x0000000000000000
RSP=0x0000001e737fbdc0, RBP=0x0000001e737fbdc0, RSI=0x0000000000000004, RDI=0x00000000d9288a10
R8 =0x000000000000000a, R9 =0x0000000000000003, R10=0x000001f41ee60000, R11=0x000001f412178260
R12=0x0000000000000000, R13=0x0000001e737fbe00, R14=0x0000001e737fbec8, R15=0x000001f47fc3eba0
RIP=0x000001f41ee60009, EFLAGS=0x0000000000010202

XMM[0]=0x0000000000000000 0x0000000000000000
XMM[1]=0x0000000000000000 0x0000000000000000
XMM[2]=0x0000000000000000 0x3ff5555555555555
XMM[3]=0x0000000000000000 0x3ff0000000000000
XMM[4]=0x0000000000000000 0x0000000000000000
XMM[5]=0x0000000000000000 0x0000000000000000
XMM[6]=0x0000000000000000 0x459176a54847ac12
XMM[7]=0x0000000000000000 0x256d17ae5486ab2d
XMM[8]=0x0000000000000000 0xf852d9749b5b6777
XMM[9]=0x0000000000000000 0x1a7dad2524e20570
XMM[10]=0x0000000000000000 0x000000000a64584b
XMM[11]=0x0000000000000000 0x26400c3b4b2211ab
XMM[12]=0x0000000000000000 0x0000000024e20570
XMM[13]=0x0000000000000000 0x0000000000000000
XMM[14]=0x0000000000000000 0x0000000000000000
XMM[15]=0x0000000000000000 0x0000000000000000
  MXCSR=0x00001fa0


Register to memory mapping:

RAX=0x000000000000000a is an unknown value
RBX={method} {0x000001f460be1f48} 'linkToNative' '(JJJLjava/lang/Object;)J' in 'java/lang/invoke/MethodHandle'
RCX=0x000000000000000a is an unknown value
RDX=0x0 is null
RSP=0x0000001e737fbdc0 is pointing into the stack for thread: 0x000001f47fc3eba0
RBP=0x0000001e737fbdc0 is pointing into the stack for thread: 0x000001f47fc3eba0
RSI=0x0000000000000004 is an unknown value
RDI=0x00000000d9288a10 is an oop: jdk.internal.foreign.abi.NativeEntryPoint 
{0x00000000d9288a10} - klass: 'jdk/internal/foreign/abi/NativeEntryPoint' - flags: 

 - ---- fields (total size 3 words):
 - private final 'methodType' 'Ljava/lang/invoke/MethodType;' @12  a 'java/lang/invoke/MethodType'{0x00000000d951c338} = (JJJ)J (0xd951c338)
 - private final 'downcallStubAddress' 'J' @16  2147780575072 (0x000001f411b2bf60)
R8 =0x000000000000000a is an unknown value
R9 =0x0000000000000003 is an unknown value
R10=0x000001f41ee60000 points into unknown readable memory: 0x48c18b48ec8b4855 | 55 48 8b ec 48 8b c1 48
R11=0x000001f412178260 is at entry_point+0 in (nmethod*)0x000001f412178188
Compiled method (n/a) 1062 2657     n 0       java.lang.invoke.MethodHandle::linkToNative(JJJL)J (native)
 total in heap  [0x000001f412178188,0x000001f412178268] = 224
 main code      [0x000001f412178260,0x000001f412178267] = 7
 stub code      [0x000001f412178267,0x000001f412178268] = 1
R12=0x0 is null
R13=0x0000001e737fbe00 is pointing into the stack for thread: 0x000001f47fc3eba0
R14=0x0000001e737fbec8 is pointing into the stack for thread: 0x000001f47fc3eba0
R15=0x000001f47fc3eba0 is a thread

Top of Stack: (sp=0x0000001e737fbdc0)
0x0000001e737fbdc0:   0000001e737fbdf0 000001f411b2bfa1   ...s............
0x0000001e737fbdd0:   0000000000000000 fffffffffffffff7   ................
0x0000001e737fbde0:   000001f460b74d18 0000000000000002   .M.`............
0x0000001e737fbdf0:   0000001e737fbe80 000001f4119588f6   ...s............
0x0000001e737fbe00:   00000000d9288a10 0000000000000003   ..(.............
0x0000001e737fbe10:   0000000000000000 000000000000000a   ................
0x0000001e737fbe20:   0000000000000000 000001f41ee60000   ................
0x0000001e737fbe30:   0000000000000000 fffffffffffffff7   ................
0x0000001e737fbe40:   000001f460c45654 0000000000000009   TV.`............
0x0000001e737fbe50:   000001f460c45800 0000000000000000   .X.`............
0x0000001e737fbe60:   00000000d92902f8 000001f460c45660   ..).....`V.`....
0x0000001e737fbe70:   fffffffffffffff0 0000001e737fbe98   ...........s....
0x0000001e737fbe80:   0000001e737fbf18 000001f4119588f6   ...s............
0x0000001e737fbe90:   00000000d9288a10 0000000000000003   ..(.............
0x0000001e737fbea0:   0000000000000000 000000000000000a   ................
0x0000001e737fbeb0:   0000000000000000 000001f41ee60000   ................
0x0000001e737fbec0:   0000000000000000 00000000d9290420   ........ .).....
0x0000001e737fbed0:   fffffffffffffff7 000001f460c36e9f   .........n.`....
0x0000001e737fbee0:   0000000000000009 000001f460c37068   ........hp.`....
0x0000001e737fbef0:   0000000000000000 00000000d937f180   ..........7.....
0x0000001e737fbf00:   000001f460c36eb0 fffffffffffffff0   .n.`............
0x0000001e737fbf10:   0000001e737fbf28 0000001e737fbfb0   (..s.......s....
0x0000001e737fbf20:   000001f4119588f6 00000000d951c338   ........8.Q.....
0x0000001e737fbf30:   0000000000000003 0000000000000000   ................
0x0000001e737fbf40:   000000000000000a 0000000000000000   ................
0x0000001e737fbf50:   000001f41ee60000 0000000000000000   ................
0x0000001e737fbf60:   00000000d9290420 fffffffffffffff7    .).............
0x0000001e737fbf70:   000001f460c45fa4 0000000000000011   ._.`............
0x0000001e737fbf80:   000001f460c461a8 0000000000000000   .a.`............
0x0000001e737fbf90:   00000000d929a238 000001f460c46000   8.)......`.`....
0x0000001e737fbfa0:   ffffffffffffffef 0000001e737fc008   ...........s....
0x0000001e737fbfb0:   0000001e737fc088 000001f4119588f6   ...s............

Instructions: (pc=0x000001f41ee60009)
  0x000001f41ee5ff09:   ?? ?? ?? ?? ?? ?? ?? ?? ?? ?? ?? ?? ?? ?? ?? ??
  0x000001f41ee5ff19:   ?? ?? ?? ?? ?? ?? ?? ?? ?? ?? ?? ?? ?? ?? ?? ??
  0x000001f41ee5ff29:   ?? ?? ?? ?? ?? ?? ?? ?? ?? ?? ?? ?? ?? ?? ?? ??
  0x000001f41ee5ff39:   ?? ?? ?? ?? ?? ?? ?? ?? ?? ?? ?? ?? ?? ?? ?? ??
  0x000001f41ee5ff49:   ?? ?? ?? ?? ?? ?? ?? ?? ?? ?? ?? ?? ?? ?? ?? ??
  0x000001f41ee5ff59:   ?? ?? ?? ?? ?? ?? ?? ?? ?? ?? ?? ?? ?? ?? ?? ??
  0x000001f41ee5ff69:   ?? ?? ?? ?? ?? ?? ?? ?? ?? ?? ?? ?? ?? ?? ?? ??
  0x000001f41ee5ff79:   ?? ?? ?? ?? ?? ?? ?? ?? ?? ?? ?? ?? ?? ?? ?? ??
  0x000001f41ee5ff89:   ?? ?? ?? ?? ?? ?? ?? ?? ?? ?? ?? ?? ?? ?? ?? ??
  0x000001f41ee5ff99:   ?? ?? ?? ?? ?? ?? ?? ?? ?? ?? ?? ?? ?? ?? ?? ??
  0x000001f41ee5ffa9:   ?? ?? ?? ?? ?? ?? ?? ?? ?? ?? ?? ?? ?? ?? ?? ??
  0x000001f41ee5ffb9:   ?? ?? ?? ?? ?? ?? ?? ?? ?? ?? ?? ?? ?? ?? ?? ??
  0x000001f41ee5ffc9:   ?? ?? ?? ?? ?? ?? ?? ?? ?? ?? ?? ?? ?? ?? ?? ??
  0x000001f41ee5ffd9:   ?? ?? ?? ?? ?? ?? ?? ?? ?? ?? ?? ?? ?? ?? ?? ??
  0x000001f41ee5ffe9:   ?? ?? ?? ?? ?? ?? ?? ?? ?? ?? ?? ?? ?? ?? ?? ??
  0x000001f41ee5fff9:   ?? ?? ?? ?? ?? ?? ?? 55 48 8b ec 48 8b c1 48 99
=>0x000001f41ee60009:   48 f7 fa 48 8b f0 48 8b c6 5d c3 00 00 00 00 00
  0x000001f41ee60019:   00 00 00 00 00 00 00 00 00 00 00 00 00 00 00 00
  0x000001f41ee60029:   00 00 00 00 00 00 00 00 00 00 00 00 00 00 00 00
  0x000001f41ee60039:   00 00 00 00 00 00 00 00 00 00 00 00 00 00 00 00
  0x000001f41ee60049:   00 00 00 00 00 00 00 00 00 00 00 00 00 00 00 00
  0x000001f41ee60059:   00 00 00 00 00 00 00 00 00 00 00 00 00 00 00 00
  0x000001f41ee60069:   00 00 00 00 00 00 00 00 00 00 00 00 00 00 00 00
  0x000001f41ee60079:   00 00 00 00 00 00 00 00 00 00 00 00 00 00 00 00
  0x000001f41ee60089:   00 00 00 00 00 00 00 00 00 00 00 00 00 00 00 00
  0x000001f41ee60099:   00 00 00 00 00 00 00 00 00 00 00 00 00 00 00 00
  0x000001f41ee600a9:   00 00 00 00 00 00 00 00 00 00 00 00 00 00 00 00
  0x000001f41ee600b9:   00 00 00 00 00 00 00 00 00 00 00 00 00 00 00 00
  0x000001f41ee600c9:   00 00 00 00 00 00 00 00 00 00 00 00 00 00 00 00
  0x000001f41ee600d9:   00 00 00 00 00 00 00 00 00 00 00 00 00 00 00 00
  0x000001f41ee600e9:   00 00 00 00 00 00 00 00 00 00 00 00 00 00 00 00
  0x000001f41ee600f9:   00 00 00 00 00 00 00 00 00 00 00 00 00 00 00 00


Stack slot to memory mapping:

stack at sp + 0 slots: 0x0000001e737fbdf0 is pointing into the stack for thread: 0x000001f47fc3eba0
stack at sp + 1 slots: 0x000001f411b2bfa1 is at code_begin+65 in 
[CodeBlob (0x000001f411b2bf08)]
Framesize: 6
Runtime Stub (0x000001f411b2bf08): nep_invoker_blob
--------------------------------------------------------------------------------
Decoding CodeBlob, name: nep_invoker_blob, at  [0x000001f411b2bf60, 0x000001f411b2c068]  264 bytes
[MachCode]
  0x000001f411b2bf60: 5548 8bec | 4883 ec20 | c5f8 7749 | 89af b803 | 0000 49ba | 68bf b211 | f401 0000 | 4d89 97b0 
  0x000001f411b2bf80: 0300 0049 | 89a7 a803 | 0000 41c7 | 8754 0400 | 0004 0000 | 004c 8bd2 | 498b d149 | 8bc8 41ff 
  0x000001f411b2bfa0: d2c5 f877 | 41c7 8754 | 0400 0005 | 0000 00f0 | 8344 24c0 | 0049 3b6f | 280f 874d | 0000 0041 
  0x000001f411b2bfc0: 83bf 5004 | 0000 000f | 853f 0000 | 0041 c787 | 5404 0000 | 0800 0000 | 4183 bfd0 | 0400 0002 
  0x000001f411b2bfe0: 0f84 5300 | 0000 49c7 | 87a8 0300 | 0000 0000 | 0049 c787 | b803 0000 | 0000 0000 | 49c7 87b0 
  0x000001f411b2c000: 0300 0000 | 0000 00c5 | f877 c9c3 | 4889 0424 | 498b cfc5 | f877 4c8b | e448 83ec | 2048 83e4 
  0x000001f411b2c020: f048 b8f0 | a54d 52fb | 7f00 00ff | d049 8be4 | 4d33 e448 | 8b04 24eb | 9448 8904 | 24c5 f877 
  0x000001f411b2c040: 4c8b e448 | 83ec 2048 | 83e4 f048 | b860 7485 | 52fb 7f00 | 00ff d049 | 8be4 4d33 | e448 8b04 
  0x000001f411b2c060: 24eb 83f4 | f4f4 f4f4 
[/MachCode]
--------------------------------------------------------------------------------
stack at sp + 2 slots: 0x0 is null
stack at sp + 3 slots: 0xfffffffffffffff7 is an unknown value
stack at sp + 4 slots: 0x000001f460b74d18 is pointing into metadata
stack at sp + 5 slots: 0x0000000000000002 is an unknown value
stack at sp + 6 slots: 0x0000001e737fbe80 is pointing into the stack for thread: 0x000001f47fc3eba0
stack at sp + 7 slots: 0x000001f4119588f6 is at code_begin+1526 in an Interpreter codelet
return entry points  [0x000001f411958300, 0x000001f411958f90]  3216 bytes

Lock stack of current Java thread (top to bottom):

--------------------------------------------------------------------------------
Decoding CodeBlob, name: nep_invoker_blob, at  [0x000001f411b2bf60, 0x000001f411b2c068]  264 bytes
[MachCode]
  0x000001f411b2bf60: 5548 8bec | 4883 ec20 | c5f8 7749 | 89af b803 | 0000 49ba | 68bf b211 | f401 0000 | 4d89 97b0 
  0x000001f411b2bf80: 0300 0049 | 89a7 a803 | 0000 41c7 | 8754 0400 | 0004 0000 | 004c 8bd2 | 498b d149 | 8bc8 41ff 
  0x000001f411b2bfa0: d2c5 f877 | 41c7 8754 | 0400 0005 | 0000 00f0 | 8344 24c0 | 0049 3b6f | 280f 874d | 0000 0041 
  0x000001f411b2bfc0: 83bf 5004 | 0000 000f | 853f 0000 | 0041 c787 | 5404 0000 | 0800 0000 | 4183 bfd0 | 0400 0002 
  0x000001f411b2bfe0: 0f84 5300 | 0000 49c7 | 87a8 0300 | 0000 0000 | 0049 c787 | b803 0000 | 0000 0000 | 49c7 87b0 
  0x000001f411b2c000: 0300 0000 | 0000 00c5 | f877 c9c3 | 4889 0424 | 498b cfc5 | f877 4c8b | e448 83ec | 2048 83e4 
  0x000001f411b2c020: f048 b8f0 | a54d 52fb | 7f00 00ff | d049 8be4 | 4d33 e448 | 8b04 24eb | 9448 8904 | 24c5 f877 
  0x000001f411b2c040: 4c8b e448 | 83ec 2048 | 83e4 f048 | b860 7485 | 52fb 7f00 | 00ff d049 | 8be4 4d33 | e448 8b04 
  0x000001f411b2c060: 24eb 83f4 | f4f4 f4f4 
[/MachCode]
--------------------------------------------------------------------------------


---------------  P R O C E S S  ---------------

Threads class SMR info:
_java_thread_list=0x000001f464947b00, length=19, elements={
0x000001f47fc3eba0, 0x000001f41e8cb020, 0x000001f41e8cb960, 0x000001f41e8ce0b0,
0x000001f41e8cecd0, 0x000001f41e8cfa20, 0x000001f41e8d2780, 0x000001f41e8d43b0,
0x000001f41e8d8870, 0x000001f41e8ad8a0, 0x000001f41eb101d0, 0x000001f41eb16140,
0x000001f41ebd8ab0, 0x000001f46489d7a0, 0x000001f46489e340, 0x000001f4647dcf50,
0x000001f46492ee00, 0x000001f46492f540, 0x000001f464a2d6a0
}

Java Threads: ( => current thread )
=>0x000001f47fc3eba0 JavaThread "Test worker"                       [_thread_in_native, id=41420, stack(0x0000001e73700000,0x0000001e73800000) (1024K)]
  0x000001f41e8cb020 JavaThread "Reference Handler"          daemon [_thread_blocked, id=38736, stack(0x0000001e73f00000,0x0000001e74000000) (1024K)]
  0x000001f41e8cb960 JavaThread "Finalizer"                  daemon [_thread_blocked, id=19304, stack(0x0000001e74000000,0x0000001e74100000) (1024K)]
  0x000001f41e8ce0b0 JavaThread "Signal Dispatcher"          daemon [_thread_blocked, id=23120, stack(0x0000001e74100000,0x0000001e74200000) (1024K)]
  0x000001f41e8cecd0 JavaThread "Attach Listener"            daemon [_thread_blocked, id=16712, stack(0x0000001e74200000,0x0000001e74300000) (1024K)]
  0x000001f41e8cfa20 JavaThread "Service Thread"             daemon [_thread_blocked, id=31088, stack(0x0000001e74300000,0x0000001e74400000) (1024K)]
  0x000001f41e8d2780 JavaThread "Monitor Deflation Thread"   daemon [_thread_blocked, id=38908, stack(0x0000001e74400000,0x0000001e74500000) (1024K)]
  0x000001f41e8d43b0 JavaThread "C2 CompilerThread0"         daemon [_thread_in_native, id=15712, stack(0x0000001e74500000,0x0000001e74600000) (1024K)]
  0x000001f41e8d8870 JavaThread "C1 CompilerThread0"         daemon [_thread_blocked, id=37524, stack(0x0000001e74600000,0x0000001e74700000) (1024K)]
  0x000001f41e8ad8a0 JavaThread "C1 CompilerThread1"         daemon [_thread_blocked, id=41448, stack(0x0000001e74700000,0x0000001e74800000) (1024K)]
  0x000001f41eb101d0 JavaThread "Notification Thread"        daemon [_thread_blocked, id=28684, stack(0x0000001e74800000,0x0000001e74900000) (1024K)]
  0x000001f41eb16140 JavaThread "Common-Cleaner"             daemon [_thread_blocked, id=39988, stack(0x0000001e74900000,0x0000001e74a00000) (1024K)]
  0x000001f41ebd8ab0 JavaThread "C2 CompilerThread1"         daemon [_thread_in_native, id=37872, stack(0x0000001e74a00000,0x0000001e74b00000) (1024K)]
  0x000001f46489d7a0 JavaThread "C1 CompilerThread2"         daemon [_thread_blocked, id=23164, stack(0x0000001e74b00000,0x0000001e74c00000) (1024K)]
  0x000001f46489e340 JavaThread "C1 CompilerThread3"         daemon [_thread_blocked, id=14376, stack(0x0000001e74c00000,0x0000001e74d00000) (1024K)]
  0x000001f4647dcf50 JavaThread "/127.0.0.1:57883 to /127.0.0.1:57882 workers"        [_thread_blocked, id=39680, stack(0x0000001e74e00000,0x0000001e74f00000) (1024K)]
  0x000001f46492ee00 JavaThread "/127.0.0.1:57883 to /127.0.0.1:57882 workers Thread 2"        [_thread_blocked, id=41740, stack(0x0000001e74f00000,0x0000001e75000000) (1024K)]
  0x000001f46492f540 JavaThread "/127.0.0.1:57883 to /127.0.0.1:57882 workers Thread 3"        [_thread_in_native, id=27464, stack(0x0000001e75000000,0x0000001e75100000) (1024K)]
  0x000001f464a2d6a0 JavaThread "C2 CompilerThread2"         daemon [_thread_in_native, id=33300, stack(0x0000001e75100000,0x0000001e75200000) (1024K)]
Total: 19

Other Threads:
  0x000001f41e8b89c0 VMThread "VM Thread"                           [id=35156, stack(0x0000001e73e00000,0x0000001e73f00000) (1024K)]
  0x000001f41e8ad190 WatcherThread "VM Periodic Task Thread"        [id=27012, stack(0x0000001e73d00000,0x0000001e73e00000) (1024K)]
  0x000001f4019d6fe0 WorkerThread "GC Thread#0"                     [id=35884, stack(0x0000001e73800000,0x0000001e73900000) (1024K)]
  0x000001f4668d0b30 WorkerThread "GC Thread#1"                     [id=40004, stack(0x0000001e75200000,0x0000001e75300000) (1024K)]
  0x000001f4662f90b0 WorkerThread "GC Thread#2"                     [id=3592, stack(0x0000001e75300000,0x0000001e75400000) (1024K)]
  0x000001f4666249d0 WorkerThread "GC Thread#3"                     [id=41112, stack(0x0000001e75400000,0x0000001e75500000) (1024K)]
  0x000001f4660e2440 WorkerThread "GC Thread#4"                     [id=34168, stack(0x0000001e75500000,0x0000001e75600000) (1024K)]
  0x000001f4660e2c00 WorkerThread "GC Thread#5"                     [id=35528, stack(0x0000001e75600000,0x0000001e75700000) (1024K)]
  0x000001f46720d970 WorkerThread "GC Thread#6"                     [id=16200, stack(0x0000001e75700000,0x0000001e75800000) (1024K)]
  0x000001f46529cd90 WorkerThread "GC Thread#7"                     [id=40136, stack(0x0000001e75800000,0x0000001e75900000) (1024K)]
  0x000001f46529d4f0 WorkerThread "GC Thread#8"                     [id=32380, stack(0x0000001e75900000,0x0000001e75a00000) (1024K)]
  0x000001f46529d8a0 WorkerThread "GC Thread#9"                     [id=19572, stack(0x0000001e75a00000,0x0000001e75b00000) (1024K)]
  0x000001f4019e2030 ConcurrentGCThread "G1 Main Marker"            [id=39460, stack(0x0000001e73900000,0x0000001e73a00000) (1024K)]
  0x000001f4019e3990 WorkerThread "G1 Conc#0"                       [id=37820, stack(0x0000001e73a00000,0x0000001e73b00000) (1024K)]
  0x000001f41e84eb20 ConcurrentGCThread "G1 Refine#0"               [id=37412, stack(0x0000001e73b00000,0x0000001e73c00000) (1024K)]
  0x000001f41e850550 ConcurrentGCThread "G1 Service"                [id=27128, stack(0x0000001e73c00000,0x0000001e73d00000) (1024K)]
Total: 16

Threads with active compile tasks:
C2 CompilerThread0  1077 2659       4       jdk.internal.classfile.impl.StackMapGenerator::processBlock (2767 bytes)
C2 CompilerThread1  1077 2429       4       java.lang.invoke.MethodType::makeImpl (155 bytes)
C2 CompilerThread2  1077 2430       4       java.lang.invoke.MethodType::methodType (69 bytes)
Total: 3

VM state: not at safepoint (normal execution)

VM Mutex/Monitor currently owned by a thread: None

Heap address: 0x00000000c0000000, size: 1024 MB, Compressed Oops mode: 32-bit

CDS archive(s) mapped at: [0x000001f41f000000-0x000001f41fd40000-0x000001f41fd40000), size 13893632, SharedBaseAddress: 0x000001f41f000000, ArchiveRelocationMode: 1.
Compressed class space mapped at: 0x000001f420000000-0x000001f460000000, reserved size: 1073741824
UseCompressedClassPointers 1, UseCompactObjectHeaders 0
Narrow klass pointer bits 32, Max shift 3
Narrow klass base: 0x000001f41f000000, Narrow klass shift: 0
Encoding Range: [0x000001f41f000000 - 0x000001f51f000000), (4294967296 bytes)
Klass Range:    [0x000001f41f000000 - 0x000001f460000000), (1090519040 bytes)
Klass ID Range:  [8 - 1090519033) (1090519025)

GC Precious Log:
 CardTable entry size: 512
 Card Set container configuration: InlinePtr #cards 5 size 8 Array Of Cards #cards 10 size 36 Howl #buckets 4 coarsen threshold 1843 Howl Bitmap #cards 512 size 80 coarsen threshold 460 Card regions per heap region 1 cards per card region 2048
 CPUs: 16 total, 16 available
 Memory: 26421M
 Large Page Support: Disabled
 NUMA Support: Disabled
 Compressed Oops: Enabled (32-bit)
 Heap Region Size: 1M
 Heap Min Capacity: 8M
 Heap Initial Capacity: 414M
 Heap Max Capacity: 1G
 Pre-touch: Disabled
 Parallel Workers: 13
 Concurrent Workers: 3
 Concurrent Refinement Workers: 13
 Periodic GC: Disabled

Heap:
 garbage-first heap   total reserved 1048576K, committed 425984K, used 18227K [0x00000000c0000000, 0x0000000100000000)
  region size 1024K, 18 young (18432K), 5 survivors (5120K)
 Metaspace       used 13756K, committed 14208K, reserved 1114112K
  class space    used 1463K, committed 1664K, reserved 1048576K

Heap Regions: E=young(eden), S=young(survivor), O=old, HS=humongous(starts), HC=humongous(continues), CS=collection set, F=free, TAMS=top-at-mark-start, PB=parsable bottom
|   0|0x00000000c0000000, 0x00000000c0000000, 0x00000000c0100000|  0%| F|  |TAMS 0x00000000c0000000| PB 0x00000000c0000000| Untracked |  0
|   1|0x00000000c0100000, 0x00000000c0100000, 0x00000000c0200000|  0%| F|  |TAMS 0x00000000c0100000| PB 0x00000000c0100000| Untracked |  0
|   2|0x00000000c0200000, 0x00000000c0200000, 0x00000000c0300000|  0%| F|  |TAMS 0x00000000c0200000| PB 0x00000000c0200000| Untracked |  0
|   3|0x00000000c0300000, 0x00000000c0300000, 0x00000000c0400000|  0%| F|  |TAMS 0x00000000c0300000| PB 0x00000000c0300000| Untracked |  0
|   4|0x00000000c0400000, 0x00000000c0400000, 0x00000000c0500000|  0%| F|  |TAMS 0x00000000c0400000| PB 0x00000000c0400000| Untracked |  0
|   5|0x00000000c0500000, 0x00000000c0500000, 0x00000000c0600000|  0%| F|  |TAMS 0x00000000c0500000| PB 0x00000000c0500000| Untracked |  0
|   6|0x00000000c0600000, 0x00000000c0600000, 0x00000000c0700000|  0%| F|  |TAMS 0x00000000c0600000| PB 0x00000000c0600000| Untracked |  0
|   7|0x00000000c0700000, 0x00000000c0700000, 0x00000000c0800000|  0%| F|  |TAMS 0x00000000c0700000| PB 0x00000000c0700000| Untracked |  0
|   8|0x00000000c0800000, 0x00000000c0800000, 0x00000000c0900000|  0%| F|  |TAMS 0x00000000c0800000| PB 0x00000000c0800000| Untracked |  0
|   9|0x00000000c0900000, 0x00000000c0900000, 0x00000000c0a00000|  0%| F|  |TAMS 0x00000000c0900000| PB 0x00000000c0900000| Untracked |  0
|  10|0x00000000c0a00000, 0x00000000c0a00000, 0x00000000c0b00000|  0%| F|  |TAMS 0x00000000c0a00000| PB 0x00000000c0a00000| Untracked |  0
|  11|0x00000000c0b00000, 0x00000000c0b00000, 0x00000000c0c00000|  0%| F|  |TAMS 0x00000000c0b00000| PB 0x00000000c0b00000| Untracked |  0
|  12|0x00000000c0c00000, 0x00000000c0c00000, 0x00000000c0d00000|  0%| F|  |TAMS 0x00000000c0c00000| PB 0x00000000c0c00000| Untracked |  0
|  13|0x00000000c0d00000, 0x00000000c0d00000, 0x00000000c0e00000|  0%| F|  |TAMS 0x00000000c0d00000| PB 0x00000000c0d00000| Untracked |  0
|  14|0x00000000c0e00000, 0x00000000c0e00000, 0x00000000c0f00000|  0%| F|  |TAMS 0x00000000c0e00000| PB 0x00000000c0e00000| Untracked |  0
|  15|0x00000000c0f00000, 0x00000000c0f00000, 0x00000000c1000000|  0%| F|  |TAMS 0x00000000c0f00000| PB 0x00000000c0f00000| Untracked |  0
|  16|0x00000000c1000000, 0x00000000c1000000, 0x00000000c1100000|  0%| F|  |TAMS 0x00000000c1000000| PB 0x00000000c1000000| Untracked |  0
|  17|0x00000000c1100000, 0x00000000c1100000, 0x00000000c1200000|  0%| F|  |TAMS 0x00000000c1100000| PB 0x00000000c1100000| Untracked |  0
|  18|0x00000000c1200000, 0x00000000c1200000, 0x00000000c1300000|  0%| F|  |TAMS 0x00000000c1200000| PB 0x00000000c1200000| Untracked |  0
|  19|0x00000000c1300000, 0x00000000c1300000, 0x00000000c1400000|  0%| F|  |TAMS 0x00000000c1300000| PB 0x00000000c1300000| Untracked |  0
|  20|0x00000000c1400000, 0x00000000c1400000, 0x00000000c1500000|  0%| F|  |TAMS 0x00000000c1400000| PB 0x00000000c1400000| Untracked |  0
|  21|0x00000000c1500000, 0x00000000c1500000, 0x00000000c1600000|  0%| F|  |TAMS 0x00000000c1500000| PB 0x00000000c1500000| Untracked |  0
|  22|0x00000000c1600000, 0x00000000c1600000, 0x00000000c1700000|  0%| F|  |TAMS 0x00000000c1600000| PB 0x00000000c1600000| Untracked |  0
|  23|0x00000000c1700000, 0x00000000c1700000, 0x00000000c1800000|  0%| F|  |TAMS 0x00000000c1700000| PB 0x00000000c1700000| Untracked |  0
|  24|0x00000000c1800000, 0x00000000c1800000, 0x00000000c1900000|  0%| F|  |TAMS 0x00000000c1800000| PB 0x00000000c1800000| Untracked |  0
|  25|0x00000000c1900000, 0x00000000c1900000, 0x00000000c1a00000|  0%| F|  |TAMS 0x00000000c1900000| PB 0x00000000c1900000| Untracked |  0
|  26|0x00000000c1a00000, 0x00000000c1a00000, 0x00000000c1b00000|  0%| F|  |TAMS 0x00000000c1a00000| PB 0x00000000c1a00000| Untracked |  0
|  27|0x00000000c1b00000, 0x00000000c1b00000, 0x00000000c1c00000|  0%| F|  |TAMS 0x00000000c1b00000| PB 0x00000000c1b00000| Untracked |  0
|  28|0x00000000c1c00000, 0x00000000c1c00000, 0x00000000c1d00000|  0%| F|  |TAMS 0x00000000c1c00000| PB 0x00000000c1c00000| Untracked |  0
|  29|0x00000000c1d00000, 0x00000000c1d00000, 0x00000000c1e00000|  0%| F|  |TAMS 0x00000000c1d00000| PB 0x00000000c1d00000| Untracked |  0
|  30|0x00000000c1e00000, 0x00000000c1e00000, 0x00000000c1f00000|  0%| F|  |TAMS 0x00000000c1e00000| PB 0x00000000c1e00000| Untracked |  0
|  31|0x00000000c1f00000, 0x00000000c1f00000, 0x00000000c2000000|  0%| F|  |TAMS 0x00000000c1f00000| PB 0x00000000c1f00000| Untracked |  0
|  32|0x00000000c2000000, 0x00000000c2000000, 0x00000000c2100000|  0%| F|  |TAMS 0x00000000c2000000| PB 0x00000000c2000000| Untracked |  0
|  33|0x00000000c2100000, 0x00000000c2100000, 0x00000000c2200000|  0%| F|  |TAMS 0x00000000c2100000| PB 0x00000000c2100000| Untracked |  0
|  34|0x00000000c2200000, 0x00000000c2200000, 0x00000000c2300000|  0%| F|  |TAMS 0x00000000c2200000| PB 0x00000000c2200000| Untracked |  0
|  35|0x00000000c2300000, 0x00000000c2300000, 0x00000000c2400000|  0%| F|  |TAMS 0x00000000c2300000| PB 0x00000000c2300000| Untracked |  0
|  36|0x00000000c2400000, 0x00000000c2400000, 0x00000000c2500000|  0%| F|  |TAMS 0x00000000c2400000| PB 0x00000000c2400000| Untracked |  0
|  37|0x00000000c2500000, 0x00000000c2500000, 0x00000000c2600000|  0%| F|  |TAMS 0x00000000c2500000| PB 0x00000000c2500000| Untracked |  0
|  38|0x00000000c2600000, 0x00000000c2600000, 0x00000000c2700000|  0%| F|  |TAMS 0x00000000c2600000| PB 0x00000000c2600000| Untracked |  0
|  39|0x00000000c2700000, 0x00000000c2700000, 0x00000000c2800000|  0%| F|  |TAMS 0x00000000c2700000| PB 0x00000000c2700000| Untracked |  0
|  40|0x00000000c2800000, 0x00000000c2800000, 0x00000000c2900000|  0%| F|  |TAMS 0x00000000c2800000| PB 0x00000000c2800000| Untracked |  0
|  41|0x00000000c2900000, 0x00000000c2900000, 0x00000000c2a00000|  0%| F|  |TAMS 0x00000000c2900000| PB 0x00000000c2900000| Untracked |  0
|  42|0x00000000c2a00000, 0x00000000c2a00000, 0x00000000c2b00000|  0%| F|  |TAMS 0x00000000c2a00000| PB 0x00000000c2a00000| Untracked |  0
|  43|0x00000000c2b00000, 0x00000000c2b00000, 0x00000000c2c00000|  0%| F|  |TAMS 0x00000000c2b00000| PB 0x00000000c2b00000| Untracked |  0
|  44|0x00000000c2c00000, 0x00000000c2c00000, 0x00000000c2d00000|  0%| F|  |TAMS 0x00000000c2c00000| PB 0x00000000c2c00000| Untracked |  0
|  45|0x00000000c2d00000, 0x00000000c2d00000, 0x00000000c2e00000|  0%| F|  |TAMS 0x00000000c2d00000| PB 0x00000000c2d00000| Untracked |  0
|  46|0x00000000c2e00000, 0x00000000c2e00000, 0x00000000c2f00000|  0%| F|  |TAMS 0x00000000c2e00000| PB 0x00000000c2e00000| Untracked |  0
|  47|0x00000000c2f00000, 0x00000000c2f00000, 0x00000000c3000000|  0%| F|  |TAMS 0x00000000c2f00000| PB 0x00000000c2f00000| Untracked |  0
|  48|0x00000000c3000000, 0x00000000c3000000, 0x00000000c3100000|  0%| F|  |TAMS 0x00000000c3000000| PB 0x00000000c3000000| Untracked |  0
|  49|0x00000000c3100000, 0x00000000c3100000, 0x00000000c3200000|  0%| F|  |TAMS 0x00000000c3100000| PB 0x00000000c3100000| Untracked |  0
|  50|0x00000000c3200000, 0x00000000c3200000, 0x00000000c3300000|  0%| F|  |TAMS 0x00000000c3200000| PB 0x00000000c3200000| Untracked |  0
|  51|0x00000000c3300000, 0x00000000c3300000, 0x00000000c3400000|  0%| F|  |TAMS 0x00000000c3300000| PB 0x00000000c3300000| Untracked |  0
|  52|0x00000000c3400000, 0x00000000c3400000, 0x00000000c3500000|  0%| F|  |TAMS 0x00000000c3400000| PB 0x00000000c3400000| Untracked |  0
|  53|0x00000000c3500000, 0x00000000c3500000, 0x00000000c3600000|  0%| F|  |TAMS 0x00000000c3500000| PB 0x00000000c3500000| Untracked |  0
|  54|0x00000000c3600000, 0x00000000c3600000, 0x00000000c3700000|  0%| F|  |TAMS 0x00000000c3600000| PB 0x00000000c3600000| Untracked |  0
|  55|0x00000000c3700000, 0x00000000c3700000, 0x00000000c3800000|  0%| F|  |TAMS 0x00000000c3700000| PB 0x00000000c3700000| Untracked |  0
|  56|0x00000000c3800000, 0x00000000c3800000, 0x00000000c3900000|  0%| F|  |TAMS 0x00000000c3800000| PB 0x00000000c3800000| Untracked |  0
|  57|0x00000000c3900000, 0x00000000c3900000, 0x00000000c3a00000|  0%| F|  |TAMS 0x00000000c3900000| PB 0x00000000c3900000| Untracked |  0
|  58|0x00000000c3a00000, 0x00000000c3a00000, 0x00000000c3b00000|  0%| F|  |TAMS 0x00000000c3a00000| PB 0x00000000c3a00000| Untracked |  0
|  59|0x00000000c3b00000, 0x00000000c3b00000, 0x00000000c3c00000|  0%| F|  |TAMS 0x00000000c3b00000| PB 0x00000000c3b00000| Untracked |  0
|  60|0x00000000c3c00000, 0x00000000c3c00000, 0x00000000c3d00000|  0%| F|  |TAMS 0x00000000c3c00000| PB 0x00000000c3c00000| Untracked |  0
|  61|0x00000000c3d00000, 0x00000000c3d00000, 0x00000000c3e00000|  0%| F|  |TAMS 0x00000000c3d00000| PB 0x00000000c3d00000| Untracked |  0
|  62|0x00000000c3e00000, 0x00000000c3e00000, 0x00000000c3f00000|  0%| F|  |TAMS 0x00000000c3e00000| PB 0x00000000c3e00000| Untracked |  0
|  63|0x00000000c3f00000, 0x00000000c3f00000, 0x00000000c4000000|  0%| F|  |TAMS 0x00000000c3f00000| PB 0x00000000c3f00000| Untracked |  0
|  64|0x00000000c4000000, 0x00000000c4000000, 0x00000000c4100000|  0%| F|  |TAMS 0x00000000c4000000| PB 0x00000000c4000000| Untracked |  0
|  65|0x00000000c4100000, 0x00000000c4100000, 0x00000000c4200000|  0%| F|  |TAMS 0x00000000c4100000| PB 0x00000000c4100000| Untracked |  0
|  66|0x00000000c4200000, 0x00000000c4200000, 0x00000000c4300000|  0%| F|  |TAMS 0x00000000c4200000| PB 0x00000000c4200000| Untracked |  0
|  67|0x00000000c4300000, 0x00000000c4300000, 0x00000000c4400000|  0%| F|  |TAMS 0x00000000c4300000| PB 0x00000000c4300000| Untracked |  0
|  68|0x00000000c4400000, 0x00000000c4400000, 0x00000000c4500000|  0%| F|  |TAMS 0x00000000c4400000| PB 0x00000000c4400000| Untracked |  0
|  69|0x00000000c4500000, 0x00000000c4500000, 0x00000000c4600000|  0%| F|  |TAMS 0x00000000c4500000| PB 0x00000000c4500000| Untracked |  0
|  70|0x00000000c4600000, 0x00000000c4600000, 0x00000000c4700000|  0%| F|  |TAMS 0x00000000c4600000| PB 0x00000000c4600000| Untracked |  0
|  71|0x00000000c4700000, 0x00000000c4700000, 0x00000000c4800000|  0%| F|  |TAMS 0x00000000c4700000| PB 0x00000000c4700000| Untracked |  0
|  72|0x00000000c4800000, 0x00000000c4800000, 0x00000000c4900000|  0%| F|  |TAMS 0x00000000c4800000| PB 0x00000000c4800000| Untracked |  0
|  73|0x00000000c4900000, 0x00000000c4900000, 0x00000000c4a00000|  0%| F|  |TAMS 0x00000000c4900000| PB 0x00000000c4900000| Untracked |  0
|  74|0x00000000c4a00000, 0x00000000c4a00000, 0x00000000c4b00000|  0%| F|  |TAMS 0x00000000c4a00000| PB 0x00000000c4a00000| Untracked |  0
|  75|0x00000000c4b00000, 0x00000000c4b00000, 0x00000000c4c00000|  0%| F|  |TAMS 0x00000000c4b00000| PB 0x00000000c4b00000| Untracked |  0
|  76|0x00000000c4c00000, 0x00000000c4c00000, 0x00000000c4d00000|  0%| F|  |TAMS 0x00000000c4c00000| PB 0x00000000c4c00000| Untracked |  0
|  77|0x00000000c4d00000, 0x00000000c4d00000, 0x00000000c4e00000|  0%| F|  |TAMS 0x00000000c4d00000| PB 0x00000000c4d00000| Untracked |  0
|  78|0x00000000c4e00000, 0x00000000c4e00000, 0x00000000c4f00000|  0%| F|  |TAMS 0x00000000c4e00000| PB 0x00000000c4e00000| Untracked |  0
|  79|0x00000000c4f00000, 0x00000000c4f00000, 0x00000000c5000000|  0%| F|  |TAMS 0x00000000c4f00000| PB 0x00000000c4f00000| Untracked |  0
|  80|0x00000000c5000000, 0x00000000c5000000, 0x00000000c5100000|  0%| F|  |TAMS 0x00000000c5000000| PB 0x00000000c5000000| Untracked |  0
|  81|0x00000000c5100000, 0x00000000c5100000, 0x00000000c5200000|  0%| F|  |TAMS 0x00000000c5100000| PB 0x00000000c5100000| Untracked |  0
|  82|0x00000000c5200000, 0x00000000c5200000, 0x00000000c5300000|  0%| F|  |TAMS 0x00000000c5200000| PB 0x00000000c5200000| Untracked |  0
|  83|0x00000000c5300000, 0x00000000c5300000, 0x00000000c5400000|  0%| F|  |TAMS 0x00000000c5300000| PB 0x00000000c5300000| Untracked |  0
|  84|0x00000000c5400000, 0x00000000c5400000, 0x00000000c5500000|  0%| F|  |TAMS 0x00000000c5400000| PB 0x00000000c5400000| Untracked |  0
|  85|0x00000000c5500000, 0x00000000c5500000, 0x00000000c5600000|  0%| F|  |TAMS 0x00000000c5500000| PB 0x00000000c5500000| Untracked |  0
|  86|0x00000000c5600000, 0x00000000c5600000, 0x00000000c5700000|  0%| F|  |TAMS 0x00000000c5600000| PB 0x00000000c5600000| Untracked |  0
|  87|0x00000000c5700000, 0x00000000c5700000, 0x00000000c5800000|  0%| F|  |TAMS 0x00000000c5700000| PB 0x00000000c5700000| Untracked |  0
|  88|0x00000000c5800000, 0x00000000c5800000, 0x00000000c5900000|  0%| F|  |TAMS 0x00000000c5800000| PB 0x00000000c5800000| Untracked |  0
|  89|0x00000000c5900000, 0x00000000c5900000, 0x00000000c5a00000|  0%| F|  |TAMS 0x00000000c5900000| PB 0x00000000c5900000| Untracked |  0
|  90|0x00000000c5a00000, 0x00000000c5a00000, 0x00000000c5b00000|  0%| F|  |TAMS 0x00000000c5a00000| PB 0x00000000c5a00000| Untracked |  0
|  91|0x00000000c5b00000, 0x00000000c5b00000, 0x00000000c5c00000|  0%| F|  |TAMS 0x00000000c5b00000| PB 0x00000000c5b00000| Untracked |  0
|  92|0x00000000c5c00000, 0x00000000c5c00000, 0x00000000c5d00000|  0%| F|  |TAMS 0x00000000c5c00000| PB 0x00000000c5c00000| Untracked |  0
|  93|0x00000000c5d00000, 0x00000000c5d00000, 0x00000000c5e00000|  0%| F|  |TAMS 0x00000000c5d00000| PB 0x00000000c5d00000| Untracked |  0
|  94|0x00000000c5e00000, 0x00000000c5e00000, 0x00000000c5f00000|  0%| F|  |TAMS 0x00000000c5e00000| PB 0x00000000c5e00000| Untracked |  0
|  95|0x00000000c5f00000, 0x00000000c5f00000, 0x00000000c6000000|  0%| F|  |TAMS 0x00000000c5f00000| PB 0x00000000c5f00000| Untracked |  0
|  96|0x00000000c6000000, 0x00000000c6000000, 0x00000000c6100000|  0%| F|  |TAMS 0x00000000c6000000| PB 0x00000000c6000000| Untracked |  0
|  97|0x00000000c6100000, 0x00000000c6100000, 0x00000000c6200000|  0%| F|  |TAMS 0x00000000c6100000| PB 0x00000000c6100000| Untracked |  0
|  98|0x00000000c6200000, 0x00000000c6200000, 0x00000000c6300000|  0%| F|  |TAMS 0x00000000c6200000| PB 0x00000000c6200000| Untracked |  0
|  99|0x00000000c6300000, 0x00000000c6300000, 0x00000000c6400000|  0%| F|  |TAMS 0x00000000c6300000| PB 0x00000000c6300000| Untracked |  0
| 100|0x00000000c6400000, 0x00000000c6400000, 0x00000000c6500000|  0%| F|  |TAMS 0x00000000c6400000| PB 0x00000000c6400000| Untracked |  0
| 101|0x00000000c6500000, 0x00000000c6500000, 0x00000000c6600000|  0%| F|  |TAMS 0x00000000c6500000| PB 0x00000000c6500000| Untracked |  0
| 102|0x00000000c6600000, 0x00000000c6600000, 0x00000000c6700000|  0%| F|  |TAMS 0x00000000c6600000| PB 0x00000000c6600000| Untracked |  0
| 103|0x00000000c6700000, 0x00000000c6700000, 0x00000000c6800000|  0%| F|  |TAMS 0x00000000c6700000| PB 0x00000000c6700000| Untracked |  0
| 104|0x00000000c6800000, 0x00000000c6800000, 0x00000000c6900000|  0%| F|  |TAMS 0x00000000c6800000| PB 0x00000000c6800000| Untracked |  0
| 105|0x00000000c6900000, 0x00000000c6900000, 0x00000000c6a00000|  0%| F|  |TAMS 0x00000000c6900000| PB 0x00000000c6900000| Untracked |  0
| 106|0x00000000c6a00000, 0x00000000c6a00000, 0x00000000c6b00000|  0%| F|  |TAMS 0x00000000c6a00000| PB 0x00000000c6a00000| Untracked |  0
| 107|0x00000000c6b00000, 0x00000000c6b00000, 0x00000000c6c00000|  0%| F|  |TAMS 0x00000000c6b00000| PB 0x00000000c6b00000| Untracked |  0
| 108|0x00000000c6c00000, 0x00000000c6c00000, 0x00000000c6d00000|  0%| F|  |TAMS 0x00000000c6c00000| PB 0x00000000c6c00000| Untracked |  0
| 109|0x00000000c6d00000, 0x00000000c6d00000, 0x00000000c6e00000|  0%| F|  |TAMS 0x00000000c6d00000| PB 0x00000000c6d00000| Untracked |  0
| 110|0x00000000c6e00000, 0x00000000c6e00000, 0x00000000c6f00000|  0%| F|  |TAMS 0x00000000c6e00000| PB 0x00000000c6e00000| Untracked |  0
| 111|0x00000000c6f00000, 0x00000000c6f00000, 0x00000000c7000000|  0%| F|  |TAMS 0x00000000c6f00000| PB 0x00000000c6f00000| Untracked |  0
| 112|0x00000000c7000000, 0x00000000c7000000, 0x00000000c7100000|  0%| F|  |TAMS 0x00000000c7000000| PB 0x00000000c7000000| Untracked |  0
| 113|0x00000000c7100000, 0x00000000c7100000, 0x00000000c7200000|  0%| F|  |TAMS 0x00000000c7100000| PB 0x00000000c7100000| Untracked |  0
| 114|0x00000000c7200000, 0x00000000c7200000, 0x00000000c7300000|  0%| F|  |TAMS 0x00000000c7200000| PB 0x00000000c7200000| Untracked |  0
| 115|0x00000000c7300000, 0x00000000c7300000, 0x00000000c7400000|  0%| F|  |TAMS 0x00000000c7300000| PB 0x00000000c7300000| Untracked |  0
| 116|0x00000000c7400000, 0x00000000c7400000, 0x00000000c7500000|  0%| F|  |TAMS 0x00000000c7400000| PB 0x00000000c7400000| Untracked |  0
| 117|0x00000000c7500000, 0x00000000c7500000, 0x00000000c7600000|  0%| F|  |TAMS 0x00000000c7500000| PB 0x00000000c7500000| Untracked |  0
| 118|0x00000000c7600000, 0x00000000c7600000, 0x00000000c7700000|  0%| F|  |TAMS 0x00000000c7600000| PB 0x00000000c7600000| Untracked |  0
| 119|0x00000000c7700000, 0x00000000c7700000, 0x00000000c7800000|  0%| F|  |TAMS 0x00000000c7700000| PB 0x00000000c7700000| Untracked |  0
| 120|0x00000000c7800000, 0x00000000c7800000, 0x00000000c7900000|  0%| F|  |TAMS 0x00000000c7800000| PB 0x00000000c7800000| Untracked |  0
| 121|0x00000000c7900000, 0x00000000c7900000, 0x00000000c7a00000|  0%| F|  |TAMS 0x00000000c7900000| PB 0x00000000c7900000| Untracked |  0
| 122|0x00000000c7a00000, 0x00000000c7a00000, 0x00000000c7b00000|  0%| F|  |TAMS 0x00000000c7a00000| PB 0x00000000c7a00000| Untracked |  0
| 123|0x00000000c7b00000, 0x00000000c7b00000, 0x00000000c7c00000|  0%| F|  |TAMS 0x00000000c7b00000| PB 0x00000000c7b00000| Untracked |  0
| 124|0x00000000c7c00000, 0x00000000c7c00000, 0x00000000c7d00000|  0%| F|  |TAMS 0x00000000c7c00000| PB 0x00000000c7c00000| Untracked |  0
| 125|0x00000000c7d00000, 0x00000000c7d00000, 0x00000000c7e00000|  0%| F|  |TAMS 0x00000000c7d00000| PB 0x00000000c7d00000| Untracked |  0
| 126|0x00000000c7e00000, 0x00000000c7e00000, 0x00000000c7f00000|  0%| F|  |TAMS 0x00000000c7e00000| PB 0x00000000c7e00000| Untracked |  0
| 127|0x00000000c7f00000, 0x00000000c7f00000, 0x00000000c8000000|  0%| F|  |TAMS 0x00000000c7f00000| PB 0x00000000c7f00000| Untracked |  0
| 128|0x00000000c8000000, 0x00000000c8000000, 0x00000000c8100000|  0%| F|  |TAMS 0x00000000c8000000| PB 0x00000000c8000000| Untracked |  0
| 129|0x00000000c8100000, 0x00000000c8100000, 0x00000000c8200000|  0%| F|  |TAMS 0x00000000c8100000| PB 0x00000000c8100000| Untracked |  0
| 130|0x00000000c8200000, 0x00000000c8200000, 0x00000000c8300000|  0%| F|  |TAMS 0x00000000c8200000| PB 0x00000000c8200000| Untracked |  0
| 131|0x00000000c8300000, 0x00000000c8300000, 0x00000000c8400000|  0%| F|  |TAMS 0x00000000c8300000| PB 0x00000000c8300000| Untracked |  0
| 132|0x00000000c8400000, 0x00000000c8400000, 0x00000000c8500000|  0%| F|  |TAMS 0x00000000c8400000| PB 0x00000000c8400000| Untracked |  0
| 133|0x00000000c8500000, 0x00000000c8500000, 0x00000000c8600000|  0%| F|  |TAMS 0x00000000c8500000| PB 0x00000000c8500000| Untracked |  0
| 134|0x00000000c8600000, 0x00000000c8600000, 0x00000000c8700000|  0%| F|  |TAMS 0x00000000c8600000| PB 0x00000000c8600000| Untracked |  0
| 135|0x00000000c8700000, 0x00000000c8700000, 0x00000000c8800000|  0%| F|  |TAMS 0x00000000c8700000| PB 0x00000000c8700000| Untracked |  0
| 136|0x00000000c8800000, 0x00000000c8800000, 0x00000000c8900000|  0%| F|  |TAMS 0x00000000c8800000| PB 0x00000000c8800000| Untracked |  0
| 137|0x00000000c8900000, 0x00000000c8900000, 0x00000000c8a00000|  0%| F|  |TAMS 0x00000000c8900000| PB 0x00000000c8900000| Untracked |  0
| 138|0x00000000c8a00000, 0x00000000c8a00000, 0x00000000c8b00000|  0%| F|  |TAMS 0x00000000c8a00000| PB 0x00000000c8a00000| Untracked |  0
| 139|0x00000000c8b00000, 0x00000000c8b00000, 0x00000000c8c00000|  0%| F|  |TAMS 0x00000000c8b00000| PB 0x00000000c8b00000| Untracked |  0
| 140|0x00000000c8c00000, 0x00000000c8c00000, 0x00000000c8d00000|  0%| F|  |TAMS 0x00000000c8c00000| PB 0x00000000c8c00000| Untracked |  0
| 141|0x00000000c8d00000, 0x00000000c8d00000, 0x00000000c8e00000|  0%| F|  |TAMS 0x00000000c8d00000| PB 0x00000000c8d00000| Untracked |  0
| 142|0x00000000c8e00000, 0x00000000c8e00000, 0x00000000c8f00000|  0%| F|  |TAMS 0x00000000c8e00000| PB 0x00000000c8e00000| Untracked |  0
| 143|0x00000000c8f00000, 0x00000000c8f00000, 0x00000000c9000000|  0%| F|  |TAMS 0x00000000c8f00000| PB 0x00000000c8f00000| Untracked |  0
| 144|0x00000000c9000000, 0x00000000c9000000, 0x00000000c9100000|  0%| F|  |TAMS 0x00000000c9000000| PB 0x00000000c9000000| Untracked |  0
| 145|0x00000000c9100000, 0x00000000c9100000, 0x00000000c9200000|  0%| F|  |TAMS 0x00000000c9100000| PB 0x00000000c9100000| Untracked |  0
| 146|0x00000000c9200000, 0x00000000c9200000, 0x00000000c9300000|  0%| F|  |TAMS 0x00000000c9200000| PB 0x00000000c9200000| Untracked |  0
| 147|0x00000000c9300000, 0x00000000c9300000, 0x00000000c9400000|  0%| F|  |TAMS 0x00000000c9300000| PB 0x00000000c9300000| Untracked |  0
| 148|0x00000000c9400000, 0x00000000c9400000, 0x00000000c9500000|  0%| F|  |TAMS 0x00000000c9400000| PB 0x00000000c9400000| Untracked |  0
| 149|0x00000000c9500000, 0x00000000c9500000, 0x00000000c9600000|  0%| F|  |TAMS 0x00000000c9500000| PB 0x00000000c9500000| Untracked |  0
| 150|0x00000000c9600000, 0x00000000c9600000, 0x00000000c9700000|  0%| F|  |TAMS 0x00000000c9600000| PB 0x00000000c9600000| Untracked |  0
| 151|0x00000000c9700000, 0x00000000c9700000, 0x00000000c9800000|  0%| F|  |TAMS 0x00000000c9700000| PB 0x00000000c9700000| Untracked |  0
| 152|0x00000000c9800000, 0x00000000c9800000, 0x00000000c9900000|  0%| F|  |TAMS 0x00000000c9800000| PB 0x00000000c9800000| Untracked |  0
| 153|0x00000000c9900000, 0x00000000c9900000, 0x00000000c9a00000|  0%| F|  |TAMS 0x00000000c9900000| PB 0x00000000c9900000| Untracked |  0
| 154|0x00000000c9a00000, 0x00000000c9a00000, 0x00000000c9b00000|  0%| F|  |TAMS 0x00000000c9a00000| PB 0x00000000c9a00000| Untracked |  0
| 155|0x00000000c9b00000, 0x00000000c9b00000, 0x00000000c9c00000|  0%| F|  |TAMS 0x00000000c9b00000| PB 0x00000000c9b00000| Untracked |  0
| 156|0x00000000c9c00000, 0x00000000c9c00000, 0x00000000c9d00000|  0%| F|  |TAMS 0x00000000c9c00000| PB 0x00000000c9c00000| Untracked |  0
| 157|0x00000000c9d00000, 0x00000000c9d00000, 0x00000000c9e00000|  0%| F|  |TAMS 0x00000000c9d00000| PB 0x00000000c9d00000| Untracked |  0
| 158|0x00000000c9e00000, 0x00000000c9e00000, 0x00000000c9f00000|  0%| F|  |TAMS 0x00000000c9e00000| PB 0x00000000c9e00000| Untracked |  0
| 159|0x00000000c9f00000, 0x00000000c9f00000, 0x00000000ca000000|  0%| F|  |TAMS 0x00000000c9f00000| PB 0x00000000c9f00000| Untracked |  0
| 160|0x00000000ca000000, 0x00000000ca000000, 0x00000000ca100000|  0%| F|  |TAMS 0x00000000ca000000| PB 0x00000000ca000000| Untracked |  0
| 161|0x00000000ca100000, 0x00000000ca100000, 0x00000000ca200000|  0%| F|  |TAMS 0x00000000ca100000| PB 0x00000000ca100000| Untracked |  0
| 162|0x00000000ca200000, 0x00000000ca200000, 0x00000000ca300000|  0%| F|  |TAMS 0x00000000ca200000| PB 0x00000000ca200000| Untracked |  0
| 163|0x00000000ca300000, 0x00000000ca300000, 0x00000000ca400000|  0%| F|  |TAMS 0x00000000ca300000| PB 0x00000000ca300000| Untracked |  0
| 164|0x00000000ca400000, 0x00000000ca400000, 0x00000000ca500000|  0%| F|  |TAMS 0x00000000ca400000| PB 0x00000000ca400000| Untracked |  0
| 165|0x00000000ca500000, 0x00000000ca500000, 0x00000000ca600000|  0%| F|  |TAMS 0x00000000ca500000| PB 0x00000000ca500000| Untracked |  0
| 166|0x00000000ca600000, 0x00000000ca600000, 0x00000000ca700000|  0%| F|  |TAMS 0x00000000ca600000| PB 0x00000000ca600000| Untracked |  0
| 167|0x00000000ca700000, 0x00000000ca700000, 0x00000000ca800000|  0%| F|  |TAMS 0x00000000ca700000| PB 0x00000000ca700000| Untracked |  0
| 168|0x00000000ca800000, 0x00000000ca800000, 0x00000000ca900000|  0%| F|  |TAMS 0x00000000ca800000| PB 0x00000000ca800000| Untracked |  0
| 169|0x00000000ca900000, 0x00000000ca900000, 0x00000000caa00000|  0%| F|  |TAMS 0x00000000ca900000| PB 0x00000000ca900000| Untracked |  0
| 170|0x00000000caa00000, 0x00000000caa00000, 0x00000000cab00000|  0%| F|  |TAMS 0x00000000caa00000| PB 0x00000000caa00000| Untracked |  0
| 171|0x00000000cab00000, 0x00000000cab00000, 0x00000000cac00000|  0%| F|  |TAMS 0x00000000cab00000| PB 0x00000000cab00000| Untracked |  0
| 172|0x00000000cac00000, 0x00000000cac00000, 0x00000000cad00000|  0%| F|  |TAMS 0x00000000cac00000| PB 0x00000000cac00000| Untracked |  0
| 173|0x00000000cad00000, 0x00000000cad00000, 0x00000000cae00000|  0%| F|  |TAMS 0x00000000cad00000| PB 0x00000000cad00000| Untracked |  0
| 174|0x00000000cae00000, 0x00000000cae00000, 0x00000000caf00000|  0%| F|  |TAMS 0x00000000cae00000| PB 0x00000000cae00000| Untracked |  0
| 175|0x00000000caf00000, 0x00000000caf00000, 0x00000000cb000000|  0%| F|  |TAMS 0x00000000caf00000| PB 0x00000000caf00000| Untracked |  0
| 176|0x00000000cb000000, 0x00000000cb000000, 0x00000000cb100000|  0%| F|  |TAMS 0x00000000cb000000| PB 0x00000000cb000000| Untracked |  0
| 177|0x00000000cb100000, 0x00000000cb100000, 0x00000000cb200000|  0%| F|  |TAMS 0x00000000cb100000| PB 0x00000000cb100000| Untracked |  0
| 178|0x00000000cb200000, 0x00000000cb200000, 0x00000000cb300000|  0%| F|  |TAMS 0x00000000cb200000| PB 0x00000000cb200000| Untracked |  0
| 179|0x00000000cb300000, 0x00000000cb300000, 0x00000000cb400000|  0%| F|  |TAMS 0x00000000cb300000| PB 0x00000000cb300000| Untracked |  0
| 180|0x00000000cb400000, 0x00000000cb400000, 0x00000000cb500000|  0%| F|  |TAMS 0x00000000cb400000| PB 0x00000000cb400000| Untracked |  0
| 181|0x00000000cb500000, 0x00000000cb500000, 0x00000000cb600000|  0%| F|  |TAMS 0x00000000cb500000| PB 0x00000000cb500000| Untracked |  0
| 182|0x00000000cb600000, 0x00000000cb600000, 0x00000000cb700000|  0%| F|  |TAMS 0x00000000cb600000| PB 0x00000000cb600000| Untracked |  0
| 183|0x00000000cb700000, 0x00000000cb700000, 0x00000000cb800000|  0%| F|  |TAMS 0x00000000cb700000| PB 0x00000000cb700000| Untracked |  0
| 184|0x00000000cb800000, 0x00000000cb800000, 0x00000000cb900000|  0%| F|  |TAMS 0x00000000cb800000| PB 0x00000000cb800000| Untracked |  0
| 185|0x00000000cb900000, 0x00000000cb900000, 0x00000000cba00000|  0%| F|  |TAMS 0x00000000cb900000| PB 0x00000000cb900000| Untracked |  0
| 186|0x00000000cba00000, 0x00000000cba00000, 0x00000000cbb00000|  0%| F|  |TAMS 0x00000000cba00000| PB 0x00000000cba00000| Untracked |  0
| 187|0x00000000cbb00000, 0x00000000cbb00000, 0x00000000cbc00000|  0%| F|  |TAMS 0x00000000cbb00000| PB 0x00000000cbb00000| Untracked |  0
| 188|0x00000000cbc00000, 0x00000000cbc00000, 0x00000000cbd00000|  0%| F|  |TAMS 0x00000000cbc00000| PB 0x00000000cbc00000| Untracked |  0
| 189|0x00000000cbd00000, 0x00000000cbd00000, 0x00000000cbe00000|  0%| F|  |TAMS 0x00000000cbd00000| PB 0x00000000cbd00000| Untracked |  0
| 190|0x00000000cbe00000, 0x00000000cbe00000, 0x00000000cbf00000|  0%| F|  |TAMS 0x00000000cbe00000| PB 0x00000000cbe00000| Untracked |  0
| 191|0x00000000cbf00000, 0x00000000cbf00000, 0x00000000cc000000|  0%| F|  |TAMS 0x00000000cbf00000| PB 0x00000000cbf00000| Untracked |  0
| 192|0x00000000cc000000, 0x00000000cc000000, 0x00000000cc100000|  0%| F|  |TAMS 0x00000000cc000000| PB 0x00000000cc000000| Untracked |  0
| 193|0x00000000cc100000, 0x00000000cc100000, 0x00000000cc200000|  0%| F|  |TAMS 0x00000000cc100000| PB 0x00000000cc100000| Untracked |  0
| 194|0x00000000cc200000, 0x00000000cc200000, 0x00000000cc300000|  0%| F|  |TAMS 0x00000000cc200000| PB 0x00000000cc200000| Untracked |  0
| 195|0x00000000cc300000, 0x00000000cc300000, 0x00000000cc400000|  0%| F|  |TAMS 0x00000000cc300000| PB 0x00000000cc300000| Untracked |  0
| 196|0x00000000cc400000, 0x00000000cc400000, 0x00000000cc500000|  0%| F|  |TAMS 0x00000000cc400000| PB 0x00000000cc400000| Untracked |  0
| 197|0x00000000cc500000, 0x00000000cc500000, 0x00000000cc600000|  0%| F|  |TAMS 0x00000000cc500000| PB 0x00000000cc500000| Untracked |  0
| 198|0x00000000cc600000, 0x00000000cc600000, 0x00000000cc700000|  0%| F|  |TAMS 0x00000000cc600000| PB 0x00000000cc600000| Untracked |  0
| 199|0x00000000cc700000, 0x00000000cc700000, 0x00000000cc800000|  0%| F|  |TAMS 0x00000000cc700000| PB 0x00000000cc700000| Untracked |  0
| 200|0x00000000cc800000, 0x00000000cc800000, 0x00000000cc900000|  0%| F|  |TAMS 0x00000000cc800000| PB 0x00000000cc800000| Untracked |  0
| 201|0x00000000cc900000, 0x00000000cc900000, 0x00000000cca00000|  0%| F|  |TAMS 0x00000000cc900000| PB 0x00000000cc900000| Untracked |  0
| 202|0x00000000cca00000, 0x00000000cca00000, 0x00000000ccb00000|  0%| F|  |TAMS 0x00000000cca00000| PB 0x00000000cca00000| Untracked |  0
| 203|0x00000000ccb00000, 0x00000000ccb00000, 0x00000000ccc00000|  0%| F|  |TAMS 0x00000000ccb00000| PB 0x00000000ccb00000| Untracked |  0
| 204|0x00000000ccc00000, 0x00000000ccc00000, 0x00000000ccd00000|  0%| F|  |TAMS 0x00000000ccc00000| PB 0x00000000ccc00000| Untracked |  0
| 205|0x00000000ccd00000, 0x00000000ccd00000, 0x00000000cce00000|  0%| F|  |TAMS 0x00000000ccd00000| PB 0x00000000ccd00000| Untracked |  0
| 206|0x00000000cce00000, 0x00000000cce00000, 0x00000000ccf00000|  0%| F|  |TAMS 0x00000000cce00000| PB 0x00000000cce00000| Untracked |  0
| 207|0x00000000ccf00000, 0x00000000ccf00000, 0x00000000cd000000|  0%| F|  |TAMS 0x00000000ccf00000| PB 0x00000000ccf00000| Untracked |  0
| 208|0x00000000cd000000, 0x00000000cd000000, 0x00000000cd100000|  0%| F|  |TAMS 0x00000000cd000000| PB 0x00000000cd000000| Untracked |  0
| 209|0x00000000cd100000, 0x00000000cd100000, 0x00000000cd200000|  0%| F|  |TAMS 0x00000000cd100000| PB 0x00000000cd100000| Untracked |  0
| 210|0x00000000cd200000, 0x00000000cd200000, 0x00000000cd300000|  0%| F|  |TAMS 0x00000000cd200000| PB 0x00000000cd200000| Untracked |  0
| 211|0x00000000cd300000, 0x00000000cd300000, 0x00000000cd400000|  0%| F|  |TAMS 0x00000000cd300000| PB 0x00000000cd300000| Untracked |  0
| 212|0x00000000cd400000, 0x00000000cd400000, 0x00000000cd500000|  0%| F|  |TAMS 0x00000000cd400000| PB 0x00000000cd400000| Untracked |  0
| 213|0x00000000cd500000, 0x00000000cd500000, 0x00000000cd600000|  0%| F|  |TAMS 0x00000000cd500000| PB 0x00000000cd500000| Untracked |  0
| 214|0x00000000cd600000, 0x00000000cd600000, 0x00000000cd700000|  0%| F|  |TAMS 0x00000000cd600000| PB 0x00000000cd600000| Untracked |  0
| 215|0x00000000cd700000, 0x00000000cd700000, 0x00000000cd800000|  0%| F|  |TAMS 0x00000000cd700000| PB 0x00000000cd700000| Untracked |  0
| 216|0x00000000cd800000, 0x00000000cd800000, 0x00000000cd900000|  0%| F|  |TAMS 0x00000000cd800000| PB 0x00000000cd800000| Untracked |  0
| 217|0x00000000cd900000, 0x00000000cd900000, 0x00000000cda00000|  0%| F|  |TAMS 0x00000000cd900000| PB 0x00000000cd900000| Untracked |  0
| 218|0x00000000cda00000, 0x00000000cda00000, 0x00000000cdb00000|  0%| F|  |TAMS 0x00000000cda00000| PB 0x00000000cda00000| Untracked |  0
| 219|0x00000000cdb00000, 0x00000000cdb00000, 0x00000000cdc00000|  0%| F|  |TAMS 0x00000000cdb00000| PB 0x00000000cdb00000| Untracked |  0
| 220|0x00000000cdc00000, 0x00000000cdc00000, 0x00000000cdd00000|  0%| F|  |TAMS 0x00000000cdc00000| PB 0x00000000cdc00000| Untracked |  0
| 221|0x00000000cdd00000, 0x00000000cdd00000, 0x00000000cde00000|  0%| F|  |TAMS 0x00000000cdd00000| PB 0x00000000cdd00000| Untracked |  0
| 222|0x00000000cde00000, 0x00000000cde00000, 0x00000000cdf00000|  0%| F|  |TAMS 0x00000000cde00000| PB 0x00000000cde00000| Untracked |  0
| 223|0x00000000cdf00000, 0x00000000cdf00000, 0x00000000ce000000|  0%| F|  |TAMS 0x00000000cdf00000| PB 0x00000000cdf00000| Untracked |  0
| 224|0x00000000ce000000, 0x00000000ce000000, 0x00000000ce100000|  0%| F|  |TAMS 0x00000000ce000000| PB 0x00000000ce000000| Untracked |  0
| 225|0x00000000ce100000, 0x00000000ce100000, 0x00000000ce200000|  0%| F|  |TAMS 0x00000000ce100000| PB 0x00000000ce100000| Untracked |  0
| 226|0x00000000ce200000, 0x00000000ce200000, 0x00000000ce300000|  0%| F|  |TAMS 0x00000000ce200000| PB 0x00000000ce200000| Untracked |  0
| 227|0x00000000ce300000, 0x00000000ce300000, 0x00000000ce400000|  0%| F|  |TAMS 0x00000000ce300000| PB 0x00000000ce300000| Untracked |  0
| 228|0x00000000ce400000, 0x00000000ce400000, 0x00000000ce500000|  0%| F|  |TAMS 0x00000000ce400000| PB 0x00000000ce400000| Untracked |  0
| 229|0x00000000ce500000, 0x00000000ce500000, 0x00000000ce600000|  0%| F|  |TAMS 0x00000000ce500000| PB 0x00000000ce500000| Untracked |  0
| 230|0x00000000ce600000, 0x00000000ce600000, 0x00000000ce700000|  0%| F|  |TAMS 0x00000000ce600000| PB 0x00000000ce600000| Untracked |  0
| 231|0x00000000ce700000, 0x00000000ce700000, 0x00000000ce800000|  0%| F|  |TAMS 0x00000000ce700000| PB 0x00000000ce700000| Untracked |  0
| 232|0x00000000ce800000, 0x00000000ce800000, 0x00000000ce900000|  0%| F|  |TAMS 0x00000000ce800000| PB 0x00000000ce800000| Untracked |  0
| 233|0x00000000ce900000, 0x00000000ce900000, 0x00000000cea00000|  0%| F|  |TAMS 0x00000000ce900000| PB 0x00000000ce900000| Untracked |  0
| 234|0x00000000cea00000, 0x00000000cea00000, 0x00000000ceb00000|  0%| F|  |TAMS 0x00000000cea00000| PB 0x00000000cea00000| Untracked |  0
| 235|0x00000000ceb00000, 0x00000000ceb00000, 0x00000000cec00000|  0%| F|  |TAMS 0x00000000ceb00000| PB 0x00000000ceb00000| Untracked |  0
| 236|0x00000000cec00000, 0x00000000cec00000, 0x00000000ced00000|  0%| F|  |TAMS 0x00000000cec00000| PB 0x00000000cec00000| Untracked |  0
| 237|0x00000000ced00000, 0x00000000ced00000, 0x00000000cee00000|  0%| F|  |TAMS 0x00000000ced00000| PB 0x00000000ced00000| Untracked |  0
| 238|0x00000000cee00000, 0x00000000cee00000, 0x00000000cef00000|  0%| F|  |TAMS 0x00000000cee00000| PB 0x00000000cee00000| Untracked |  0
| 239|0x00000000cef00000, 0x00000000cef00000, 0x00000000cf000000|  0%| F|  |TAMS 0x00000000cef00000| PB 0x00000000cef00000| Untracked |  0
| 240|0x00000000cf000000, 0x00000000cf000000, 0x00000000cf100000|  0%| F|  |TAMS 0x00000000cf000000| PB 0x00000000cf000000| Untracked |  0
| 241|0x00000000cf100000, 0x00000000cf100000, 0x00000000cf200000|  0%| F|  |TAMS 0x00000000cf100000| PB 0x00000000cf100000| Untracked |  0
| 242|0x00000000cf200000, 0x00000000cf200000, 0x00000000cf300000|  0%| F|  |TAMS 0x00000000cf200000| PB 0x00000000cf200000| Untracked |  0
| 243|0x00000000cf300000, 0x00000000cf300000, 0x00000000cf400000|  0%| F|  |TAMS 0x00000000cf300000| PB 0x00000000cf300000| Untracked |  0
| 244|0x00000000cf400000, 0x00000000cf400000, 0x00000000cf500000|  0%| F|  |TAMS 0x00000000cf400000| PB 0x00000000cf400000| Untracked |  0
| 245|0x00000000cf500000, 0x00000000cf500000, 0x00000000cf600000|  0%| F|  |TAMS 0x00000000cf500000| PB 0x00000000cf500000| Untracked |  0
| 246|0x00000000cf600000, 0x00000000cf600000, 0x00000000cf700000|  0%| F|  |TAMS 0x00000000cf600000| PB 0x00000000cf600000| Untracked |  0
| 247|0x00000000cf700000, 0x00000000cf700000, 0x00000000cf800000|  0%| F|  |TAMS 0x00000000cf700000| PB 0x00000000cf700000| Untracked |  0
| 248|0x00000000cf800000, 0x00000000cf800000, 0x00000000cf900000|  0%| F|  |TAMS 0x00000000cf800000| PB 0x00000000cf800000| Untracked |  0
| 249|0x00000000cf900000, 0x00000000cf900000, 0x00000000cfa00000|  0%| F|  |TAMS 0x00000000cf900000| PB 0x00000000cf900000| Untracked |  0
| 250|0x00000000cfa00000, 0x00000000cfa00000, 0x00000000cfb00000|  0%| F|  |TAMS 0x00000000cfa00000| PB 0x00000000cfa00000| Untracked |  0
| 251|0x00000000cfb00000, 0x00000000cfb00000, 0x00000000cfc00000|  0%| F|  |TAMS 0x00000000cfb00000| PB 0x00000000cfb00000| Untracked |  0
| 252|0x00000000cfc00000, 0x00000000cfc00000, 0x00000000cfd00000|  0%| F|  |TAMS 0x00000000cfc00000| PB 0x00000000cfc00000| Untracked |  0
| 253|0x00000000cfd00000, 0x00000000cfd00000, 0x00000000cfe00000|  0%| F|  |TAMS 0x00000000cfd00000| PB 0x00000000cfd00000| Untracked |  0
| 254|0x00000000cfe00000, 0x00000000cfe00000, 0x00000000cff00000|  0%| F|  |TAMS 0x00000000cfe00000| PB 0x00000000cfe00000| Untracked |  0
| 255|0x00000000cff00000, 0x00000000cff00000, 0x00000000d0000000|  0%| F|  |TAMS 0x00000000cff00000| PB 0x00000000cff00000| Untracked |  0
| 256|0x00000000d0000000, 0x00000000d0000000, 0x00000000d0100000|  0%| F|  |TAMS 0x00000000d0000000| PB 0x00000000d0000000| Untracked |  0
| 257|0x00000000d0100000, 0x00000000d0100000, 0x00000000d0200000|  0%| F|  |TAMS 0x00000000d0100000| PB 0x00000000d0100000| Untracked |  0
| 258|0x00000000d0200000, 0x00000000d0200000, 0x00000000d0300000|  0%| F|  |TAMS 0x00000000d0200000| PB 0x00000000d0200000| Untracked |  0
| 259|0x00000000d0300000, 0x00000000d0300000, 0x00000000d0400000|  0%| F|  |TAMS 0x00000000d0300000| PB 0x00000000d0300000| Untracked |  0
| 260|0x00000000d0400000, 0x00000000d0400000, 0x00000000d0500000|  0%| F|  |TAMS 0x00000000d0400000| PB 0x00000000d0400000| Untracked |  0
| 261|0x00000000d0500000, 0x00000000d0500000, 0x00000000d0600000|  0%| F|  |TAMS 0x00000000d0500000| PB 0x00000000d0500000| Untracked |  0
| 262|0x00000000d0600000, 0x00000000d0600000, 0x00000000d0700000|  0%| F|  |TAMS 0x00000000d0600000| PB 0x00000000d0600000| Untracked |  0
| 263|0x00000000d0700000, 0x00000000d0700000, 0x00000000d0800000|  0%| F|  |TAMS 0x00000000d0700000| PB 0x00000000d0700000| Untracked |  0
| 264|0x00000000d0800000, 0x00000000d0800000, 0x00000000d0900000|  0%| F|  |TAMS 0x00000000d0800000| PB 0x00000000d0800000| Untracked |  0
| 265|0x00000000d0900000, 0x00000000d0900000, 0x00000000d0a00000|  0%| F|  |TAMS 0x00000000d0900000| PB 0x00000000d0900000| Untracked |  0
| 266|0x00000000d0a00000, 0x00000000d0a00000, 0x00000000d0b00000|  0%| F|  |TAMS 0x00000000d0a00000| PB 0x00000000d0a00000| Untracked |  0
| 267|0x00000000d0b00000, 0x00000000d0b00000, 0x00000000d0c00000|  0%| F|  |TAMS 0x00000000d0b00000| PB 0x00000000d0b00000| Untracked |  0
| 268|0x00000000d0c00000, 0x00000000d0c00000, 0x00000000d0d00000|  0%| F|  |TAMS 0x00000000d0c00000| PB 0x00000000d0c00000| Untracked |  0
| 269|0x00000000d0d00000, 0x00000000d0d00000, 0x00000000d0e00000|  0%| F|  |TAMS 0x00000000d0d00000| PB 0x00000000d0d00000| Untracked |  0
| 270|0x00000000d0e00000, 0x00000000d0e00000, 0x00000000d0f00000|  0%| F|  |TAMS 0x00000000d0e00000| PB 0x00000000d0e00000| Untracked |  0
| 271|0x00000000d0f00000, 0x00000000d0f00000, 0x00000000d1000000|  0%| F|  |TAMS 0x00000000d0f00000| PB 0x00000000d0f00000| Untracked |  0
| 272|0x00000000d1000000, 0x00000000d1000000, 0x00000000d1100000|  0%| F|  |TAMS 0x00000000d1000000| PB 0x00000000d1000000| Untracked |  0
| 273|0x00000000d1100000, 0x00000000d1100000, 0x00000000d1200000|  0%| F|  |TAMS 0x00000000d1100000| PB 0x00000000d1100000| Untracked |  0
| 274|0x00000000d1200000, 0x00000000d1200000, 0x00000000d1300000|  0%| F|  |TAMS 0x00000000d1200000| PB 0x00000000d1200000| Untracked |  0
| 275|0x00000000d1300000, 0x00000000d1300000, 0x00000000d1400000|  0%| F|  |TAMS 0x00000000d1300000| PB 0x00000000d1300000| Untracked |  0
| 276|0x00000000d1400000, 0x00000000d1400000, 0x00000000d1500000|  0%| F|  |TAMS 0x00000000d1400000| PB 0x00000000d1400000| Untracked |  0
| 277|0x00000000d1500000, 0x00000000d1500000, 0x00000000d1600000|  0%| F|  |TAMS 0x00000000d1500000| PB 0x00000000d1500000| Untracked |  0
| 278|0x00000000d1600000, 0x00000000d1600000, 0x00000000d1700000|  0%| F|  |TAMS 0x00000000d1600000| PB 0x00000000d1600000| Untracked |  0
| 279|0x00000000d1700000, 0x00000000d1700000, 0x00000000d1800000|  0%| F|  |TAMS 0x00000000d1700000| PB 0x00000000d1700000| Untracked |  0
| 280|0x00000000d1800000, 0x00000000d1800000, 0x00000000d1900000|  0%| F|  |TAMS 0x00000000d1800000| PB 0x00000000d1800000| Untracked |  0
| 281|0x00000000d1900000, 0x00000000d1900000, 0x00000000d1a00000|  0%| F|  |TAMS 0x00000000d1900000| PB 0x00000000d1900000| Untracked |  0
| 282|0x00000000d1a00000, 0x00000000d1a00000, 0x00000000d1b00000|  0%| F|  |TAMS 0x00000000d1a00000| PB 0x00000000d1a00000| Untracked |  0
| 283|0x00000000d1b00000, 0x00000000d1b00000, 0x00000000d1c00000|  0%| F|  |TAMS 0x00000000d1b00000| PB 0x00000000d1b00000| Untracked |  0
| 284|0x00000000d1c00000, 0x00000000d1c00000, 0x00000000d1d00000|  0%| F|  |TAMS 0x00000000d1c00000| PB 0x00000000d1c00000| Untracked |  0
| 285|0x00000000d1d00000, 0x00000000d1d00000, 0x00000000d1e00000|  0%| F|  |TAMS 0x00000000d1d00000| PB 0x00000000d1d00000| Untracked |  0
| 286|0x00000000d1e00000, 0x00000000d1e00000, 0x00000000d1f00000|  0%| F|  |TAMS 0x00000000d1e00000| PB 0x00000000d1e00000| Untracked |  0
| 287|0x00000000d1f00000, 0x00000000d1f00000, 0x00000000d2000000|  0%| F|  |TAMS 0x00000000d1f00000| PB 0x00000000d1f00000| Untracked |  0
| 288|0x00000000d2000000, 0x00000000d2000000, 0x00000000d2100000|  0%| F|  |TAMS 0x00000000d2000000| PB 0x00000000d2000000| Untracked |  0
| 289|0x00000000d2100000, 0x00000000d2100000, 0x00000000d2200000|  0%| F|  |TAMS 0x00000000d2100000| PB 0x00000000d2100000| Untracked |  0
| 290|0x00000000d2200000, 0x00000000d2200000, 0x00000000d2300000|  0%| F|  |TAMS 0x00000000d2200000| PB 0x00000000d2200000| Untracked |  0
| 291|0x00000000d2300000, 0x00000000d2300000, 0x00000000d2400000|  0%| F|  |TAMS 0x00000000d2300000| PB 0x00000000d2300000| Untracked |  0
| 292|0x00000000d2400000, 0x00000000d2400000, 0x00000000d2500000|  0%| F|  |TAMS 0x00000000d2400000| PB 0x00000000d2400000| Untracked |  0
| 293|0x00000000d2500000, 0x00000000d2500000, 0x00000000d2600000|  0%| F|  |TAMS 0x00000000d2500000| PB 0x00000000d2500000| Untracked |  0
| 294|0x00000000d2600000, 0x00000000d2600000, 0x00000000d2700000|  0%| F|  |TAMS 0x00000000d2600000| PB 0x00000000d2600000| Untracked |  0
| 295|0x00000000d2700000, 0x00000000d2700000, 0x00000000d2800000|  0%| F|  |TAMS 0x00000000d2700000| PB 0x00000000d2700000| Untracked |  0
| 296|0x00000000d2800000, 0x00000000d2800000, 0x00000000d2900000|  0%| F|  |TAMS 0x00000000d2800000| PB 0x00000000d2800000| Untracked |  0
| 297|0x00000000d2900000, 0x00000000d2900000, 0x00000000d2a00000|  0%| F|  |TAMS 0x00000000d2900000| PB 0x00000000d2900000| Untracked |  0
| 298|0x00000000d2a00000, 0x00000000d2a00000, 0x00000000d2b00000|  0%| F|  |TAMS 0x00000000d2a00000| PB 0x00000000d2a00000| Untracked |  0
| 299|0x00000000d2b00000, 0x00000000d2b00000, 0x00000000d2c00000|  0%| F|  |TAMS 0x00000000d2b00000| PB 0x00000000d2b00000| Untracked |  0
| 300|0x00000000d2c00000, 0x00000000d2c00000, 0x00000000d2d00000|  0%| F|  |TAMS 0x00000000d2c00000| PB 0x00000000d2c00000| Untracked |  0
| 301|0x00000000d2d00000, 0x00000000d2d00000, 0x00000000d2e00000|  0%| F|  |TAMS 0x00000000d2d00000| PB 0x00000000d2d00000| Untracked |  0
| 302|0x00000000d2e00000, 0x00000000d2e00000, 0x00000000d2f00000|  0%| F|  |TAMS 0x00000000d2e00000| PB 0x00000000d2e00000| Untracked |  0
| 303|0x00000000d2f00000, 0x00000000d2f00000, 0x00000000d3000000|  0%| F|  |TAMS 0x00000000d2f00000| PB 0x00000000d2f00000| Untracked |  0
| 304|0x00000000d3000000, 0x00000000d3000000, 0x00000000d3100000|  0%| F|  |TAMS 0x00000000d3000000| PB 0x00000000d3000000| Untracked |  0
| 305|0x00000000d3100000, 0x00000000d3100000, 0x00000000d3200000|  0%| F|  |TAMS 0x00000000d3100000| PB 0x00000000d3100000| Untracked |  0
| 306|0x00000000d3200000, 0x00000000d3200000, 0x00000000d3300000|  0%| F|  |TAMS 0x00000000d3200000| PB 0x00000000d3200000| Untracked |  0
| 307|0x00000000d3300000, 0x00000000d3300000, 0x00000000d3400000|  0%| F|  |TAMS 0x00000000d3300000| PB 0x00000000d3300000| Untracked |  0
| 308|0x00000000d3400000, 0x00000000d3400000, 0x00000000d3500000|  0%| F|  |TAMS 0x00000000d3400000| PB 0x00000000d3400000| Untracked |  0
| 309|0x00000000d3500000, 0x00000000d3500000, 0x00000000d3600000|  0%| F|  |TAMS 0x00000000d3500000| PB 0x00000000d3500000| Untracked |  0
| 310|0x00000000d3600000, 0x00000000d3600000, 0x00000000d3700000|  0%| F|  |TAMS 0x00000000d3600000| PB 0x00000000d3600000| Untracked |  0
| 311|0x00000000d3700000, 0x00000000d3700000, 0x00000000d3800000|  0%| F|  |TAMS 0x00000000d3700000| PB 0x00000000d3700000| Untracked |  0
| 312|0x00000000d3800000, 0x00000000d3800000, 0x00000000d3900000|  0%| F|  |TAMS 0x00000000d3800000| PB 0x00000000d3800000| Untracked |  0
| 313|0x00000000d3900000, 0x00000000d3900000, 0x00000000d3a00000|  0%| F|  |TAMS 0x00000000d3900000| PB 0x00000000d3900000| Untracked |  0
| 314|0x00000000d3a00000, 0x00000000d3a00000, 0x00000000d3b00000|  0%| F|  |TAMS 0x00000000d3a00000| PB 0x00000000d3a00000| Untracked |  0
| 315|0x00000000d3b00000, 0x00000000d3b00000, 0x00000000d3c00000|  0%| F|  |TAMS 0x00000000d3b00000| PB 0x00000000d3b00000| Untracked |  0
| 316|0x00000000d3c00000, 0x00000000d3c00000, 0x00000000d3d00000|  0%| F|  |TAMS 0x00000000d3c00000| PB 0x00000000d3c00000| Untracked |  0
| 317|0x00000000d3d00000, 0x00000000d3d00000, 0x00000000d3e00000|  0%| F|  |TAMS 0x00000000d3d00000| PB 0x00000000d3d00000| Untracked |  0
| 318|0x00000000d3e00000, 0x00000000d3e00000, 0x00000000d3f00000|  0%| F|  |TAMS 0x00000000d3e00000| PB 0x00000000d3e00000| Untracked |  0
| 319|0x00000000d3f00000, 0x00000000d3f00000, 0x00000000d4000000|  0%| F|  |TAMS 0x00000000d3f00000| PB 0x00000000d3f00000| Untracked |  0
| 320|0x00000000d4000000, 0x00000000d4000000, 0x00000000d4100000|  0%| F|  |TAMS 0x00000000d4000000| PB 0x00000000d4000000| Untracked |  0
| 321|0x00000000d4100000, 0x00000000d4100000, 0x00000000d4200000|  0%| F|  |TAMS 0x00000000d4100000| PB 0x00000000d4100000| Untracked |  0
| 322|0x00000000d4200000, 0x00000000d4200000, 0x00000000d4300000|  0%| F|  |TAMS 0x00000000d4200000| PB 0x00000000d4200000| Untracked |  0
| 323|0x00000000d4300000, 0x00000000d4300000, 0x00000000d4400000|  0%| F|  |TAMS 0x00000000d4300000| PB 0x00000000d4300000| Untracked |  0
| 324|0x00000000d4400000, 0x00000000d4400000, 0x00000000d4500000|  0%| F|  |TAMS 0x00000000d4400000| PB 0x00000000d4400000| Untracked |  0
| 325|0x00000000d4500000, 0x00000000d4500000, 0x00000000d4600000|  0%| F|  |TAMS 0x00000000d4500000| PB 0x00000000d4500000| Untracked |  0
| 326|0x00000000d4600000, 0x00000000d4600000, 0x00000000d4700000|  0%| F|  |TAMS 0x00000000d4600000| PB 0x00000000d4600000| Untracked |  0
| 327|0x00000000d4700000, 0x00000000d4700000, 0x00000000d4800000|  0%| F|  |TAMS 0x00000000d4700000| PB 0x00000000d4700000| Untracked |  0
| 328|0x00000000d4800000, 0x00000000d4800000, 0x00000000d4900000|  0%| F|  |TAMS 0x00000000d4800000| PB 0x00000000d4800000| Untracked |  0
| 329|0x00000000d4900000, 0x00000000d4900000, 0x00000000d4a00000|  0%| F|  |TAMS 0x00000000d4900000| PB 0x00000000d4900000| Untracked |  0
| 330|0x00000000d4a00000, 0x00000000d4a00000, 0x00000000d4b00000|  0%| F|  |TAMS 0x00000000d4a00000| PB 0x00000000d4a00000| Untracked |  0
| 331|0x00000000d4b00000, 0x00000000d4b00000, 0x00000000d4c00000|  0%| F|  |TAMS 0x00000000d4b00000| PB 0x00000000d4b00000| Untracked |  0
| 332|0x00000000d4c00000, 0x00000000d4c00000, 0x00000000d4d00000|  0%| F|  |TAMS 0x00000000d4c00000| PB 0x00000000d4c00000| Untracked |  0
| 333|0x00000000d4d00000, 0x00000000d4d00000, 0x00000000d4e00000|  0%| F|  |TAMS 0x00000000d4d00000| PB 0x00000000d4d00000| Untracked |  0
| 334|0x00000000d4e00000, 0x00000000d4e00000, 0x00000000d4f00000|  0%| F|  |TAMS 0x00000000d4e00000| PB 0x00000000d4e00000| Untracked |  0
| 335|0x00000000d4f00000, 0x00000000d4f00000, 0x00000000d5000000|  0%| F|  |TAMS 0x00000000d4f00000| PB 0x00000000d4f00000| Untracked |  0
| 336|0x00000000d5000000, 0x00000000d5000000, 0x00000000d5100000|  0%| F|  |TAMS 0x00000000d5000000| PB 0x00000000d5000000| Untracked |  0
| 337|0x00000000d5100000, 0x00000000d5100000, 0x00000000d5200000|  0%| F|  |TAMS 0x00000000d5100000| PB 0x00000000d5100000| Untracked |  0
| 338|0x00000000d5200000, 0x00000000d5200000, 0x00000000d5300000|  0%| F|  |TAMS 0x00000000d5200000| PB 0x00000000d5200000| Untracked |  0
| 339|0x00000000d5300000, 0x00000000d5300000, 0x00000000d5400000|  0%| F|  |TAMS 0x00000000d5300000| PB 0x00000000d5300000| Untracked |  0
| 340|0x00000000d5400000, 0x00000000d5400000, 0x00000000d5500000|  0%| F|  |TAMS 0x00000000d5400000| PB 0x00000000d5400000| Untracked |  0
| 341|0x00000000d5500000, 0x00000000d5500000, 0x00000000d5600000|  0%| F|  |TAMS 0x00000000d5500000| PB 0x00000000d5500000| Untracked |  0
| 342|0x00000000d5600000, 0x00000000d5600000, 0x00000000d5700000|  0%| F|  |TAMS 0x00000000d5600000| PB 0x00000000d5600000| Untracked |  0
| 343|0x00000000d5700000, 0x00000000d5700000, 0x00000000d5800000|  0%| F|  |TAMS 0x00000000d5700000| PB 0x00000000d5700000| Untracked |  0
| 344|0x00000000d5800000, 0x00000000d5800000, 0x00000000d5900000|  0%| F|  |TAMS 0x00000000d5800000| PB 0x00000000d5800000| Untracked |  0
| 345|0x00000000d5900000, 0x00000000d5900000, 0x00000000d5a00000|  0%| F|  |TAMS 0x00000000d5900000| PB 0x00000000d5900000| Untracked |  0
| 346|0x00000000d5a00000, 0x00000000d5a00000, 0x00000000d5b00000|  0%| F|  |TAMS 0x00000000d5a00000| PB 0x00000000d5a00000| Untracked |  0
| 347|0x00000000d5b00000, 0x00000000d5b00000, 0x00000000d5c00000|  0%| F|  |TAMS 0x00000000d5b00000| PB 0x00000000d5b00000| Untracked |  0
| 348|0x00000000d5c00000, 0x00000000d5c00000, 0x00000000d5d00000|  0%| F|  |TAMS 0x00000000d5c00000| PB 0x00000000d5c00000| Untracked |  0
| 349|0x00000000d5d00000, 0x00000000d5d00000, 0x00000000d5e00000|  0%| F|  |TAMS 0x00000000d5d00000| PB 0x00000000d5d00000| Untracked |  0
| 350|0x00000000d5e00000, 0x00000000d5e00000, 0x00000000d5f00000|  0%| F|  |TAMS 0x00000000d5e00000| PB 0x00000000d5e00000| Untracked |  0
| 351|0x00000000d5f00000, 0x00000000d5f00000, 0x00000000d6000000|  0%| F|  |TAMS 0x00000000d5f00000| PB 0x00000000d5f00000| Untracked |  0
| 352|0x00000000d6000000, 0x00000000d6000000, 0x00000000d6100000|  0%| F|  |TAMS 0x00000000d6000000| PB 0x00000000d6000000| Untracked |  0
| 353|0x00000000d6100000, 0x00000000d6100000, 0x00000000d6200000|  0%| F|  |TAMS 0x00000000d6100000| PB 0x00000000d6100000| Untracked |  0
| 354|0x00000000d6200000, 0x00000000d6200000, 0x00000000d6300000|  0%| F|  |TAMS 0x00000000d6200000| PB 0x00000000d6200000| Untracked |  0
| 355|0x00000000d6300000, 0x00000000d6300000, 0x00000000d6400000|  0%| F|  |TAMS 0x00000000d6300000| PB 0x00000000d6300000| Untracked |  0
| 356|0x00000000d6400000, 0x00000000d6400000, 0x00000000d6500000|  0%| F|  |TAMS 0x00000000d6400000| PB 0x00000000d6400000| Untracked |  0
| 357|0x00000000d6500000, 0x00000000d6500000, 0x00000000d6600000|  0%| F|  |TAMS 0x00000000d6500000| PB 0x00000000d6500000| Untracked |  0
| 358|0x00000000d6600000, 0x00000000d6600000, 0x00000000d6700000|  0%| F|  |TAMS 0x00000000d6600000| PB 0x00000000d6600000| Untracked |  0
| 359|0x00000000d6700000, 0x00000000d6700000, 0x00000000d6800000|  0%| F|  |TAMS 0x00000000d6700000| PB 0x00000000d6700000| Untracked |  0
| 360|0x00000000d6800000, 0x00000000d6800000, 0x00000000d6900000|  0%| F|  |TAMS 0x00000000d6800000| PB 0x00000000d6800000| Untracked |  0
| 361|0x00000000d6900000, 0x00000000d6900000, 0x00000000d6a00000|  0%| F|  |TAMS 0x00000000d6900000| PB 0x00000000d6900000| Untracked |  0
| 362|0x00000000d6a00000, 0x00000000d6ab0c60, 0x00000000d6b00000| 69%| S|CS|TAMS 0x00000000d6a00000| PB 0x00000000d6a00000| Complete |  0
| 363|0x00000000d6b00000, 0x00000000d6c00000, 0x00000000d6c00000|100%| S|CS|TAMS 0x00000000d6b00000| PB 0x00000000d6b00000| Complete |  0
| 364|0x00000000d6c00000, 0x00000000d6d00000, 0x00000000d6d00000|100%| S|CS|TAMS 0x00000000d6c00000| PB 0x00000000d6c00000| Complete |  0
| 365|0x00000000d6d00000, 0x00000000d6e00000, 0x00000000d6e00000|100%| S|CS|TAMS 0x00000000d6d00000| PB 0x00000000d6d00000| Complete |  0
| 366|0x00000000d6e00000, 0x00000000d6f00000, 0x00000000d6f00000|100%| S|CS|TAMS 0x00000000d6e00000| PB 0x00000000d6e00000| Complete |  0
| 367|0x00000000d6f00000, 0x00000000d6f00000, 0x00000000d7000000|  0%| F|  |TAMS 0x00000000d6f00000| PB 0x00000000d6f00000| Untracked |  0
| 368|0x00000000d7000000, 0x00000000d7000000, 0x00000000d7100000|  0%| F|  |TAMS 0x00000000d7000000| PB 0x00000000d7000000| Untracked |  0
| 369|0x00000000d7100000, 0x00000000d7100000, 0x00000000d7200000|  0%| F|  |TAMS 0x00000000d7100000| PB 0x00000000d7100000| Untracked |  0
| 370|0x00000000d7200000, 0x00000000d7200000, 0x00000000d7300000|  0%| F|  |TAMS 0x00000000d7200000| PB 0x00000000d7200000| Untracked |  0
| 371|0x00000000d7300000, 0x00000000d7300000, 0x00000000d7400000|  0%| F|  |TAMS 0x00000000d7300000| PB 0x00000000d7300000| Untracked |  0
| 372|0x00000000d7400000, 0x00000000d7400000, 0x00000000d7500000|  0%| F|  |TAMS 0x00000000d7400000| PB 0x00000000d7400000| Untracked |  0
| 373|0x00000000d7500000, 0x00000000d7500000, 0x00000000d7600000|  0%| F|  |TAMS 0x00000000d7500000| PB 0x00000000d7500000| Untracked |  0
| 374|0x00000000d7600000, 0x00000000d7600000, 0x00000000d7700000|  0%| F|  |TAMS 0x00000000d7600000| PB 0x00000000d7600000| Untracked |  0
| 375|0x00000000d7700000, 0x00000000d7700000, 0x00000000d7800000|  0%| F|  |TAMS 0x00000000d7700000| PB 0x00000000d7700000| Untracked |  0
| 376|0x00000000d7800000, 0x00000000d7800000, 0x00000000d7900000|  0%| F|  |TAMS 0x00000000d7800000| PB 0x00000000d7800000| Untracked |  0
| 377|0x00000000d7900000, 0x00000000d7900000, 0x00000000d7a00000|  0%| F|  |TAMS 0x00000000d7900000| PB 0x00000000d7900000| Untracked |  0
| 378|0x00000000d7a00000, 0x00000000d7a00000, 0x00000000d7b00000|  0%| F|  |TAMS 0x00000000d7a00000| PB 0x00000000d7a00000| Untracked |  0
| 379|0x00000000d7b00000, 0x00000000d7b00000, 0x00000000d7c00000|  0%| F|  |TAMS 0x00000000d7b00000| PB 0x00000000d7b00000| Untracked |  0
| 380|0x00000000d7c00000, 0x00000000d7c00000, 0x00000000d7d00000|  0%| F|  |TAMS 0x00000000d7c00000| PB 0x00000000d7c00000| Untracked |  0
| 381|0x00000000d7d00000, 0x00000000d7d00000, 0x00000000d7e00000|  0%| F|  |TAMS 0x00000000d7d00000| PB 0x00000000d7d00000| Untracked |  0
| 382|0x00000000d7e00000, 0x00000000d7e00000, 0x00000000d7f00000|  0%| F|  |TAMS 0x00000000d7e00000| PB 0x00000000d7e00000| Untracked |  0
| 383|0x00000000d7f00000, 0x00000000d7f00000, 0x00000000d8000000|  0%| F|  |TAMS 0x00000000d7f00000| PB 0x00000000d7f00000| Untracked |  0
| 384|0x00000000d8000000, 0x00000000d8000000, 0x00000000d8100000|  0%| F|  |TAMS 0x00000000d8000000| PB 0x00000000d8000000| Untracked |  0
| 385|0x00000000d8100000, 0x00000000d8100000, 0x00000000d8200000|  0%| F|  |TAMS 0x00000000d8100000| PB 0x00000000d8100000| Untracked |  0
| 386|0x00000000d8200000, 0x00000000d8200000, 0x00000000d8300000|  0%| F|  |TAMS 0x00000000d8200000| PB 0x00000000d8200000| Untracked |  0
| 387|0x00000000d8300000, 0x00000000d8300000, 0x00000000d8400000|  0%| F|  |TAMS 0x00000000d8300000| PB 0x00000000d8300000| Untracked |  0
| 388|0x00000000d8400000, 0x00000000d8400000, 0x00000000d8500000|  0%| F|  |TAMS 0x00000000d8400000| PB 0x00000000d8400000| Untracked |  0
| 389|0x00000000d8500000, 0x00000000d8500000, 0x00000000d8600000|  0%| F|  |TAMS 0x00000000d8500000| PB 0x00000000d8500000| Untracked |  0
| 390|0x00000000d8600000, 0x00000000d8600000, 0x00000000d8700000|  0%| F|  |TAMS 0x00000000d8600000| PB 0x00000000d8600000| Untracked |  0
| 391|0x00000000d8700000, 0x00000000d8700000, 0x00000000d8800000|  0%| F|  |TAMS 0x00000000d8700000| PB 0x00000000d8700000| Untracked |  0
| 392|0x00000000d8800000, 0x00000000d8800000, 0x00000000d8900000|  0%| F|  |TAMS 0x00000000d8800000| PB 0x00000000d8800000| Untracked |  0
| 393|0x00000000d8900000, 0x00000000d8900000, 0x00000000d8a00000|  0%| F|  |TAMS 0x00000000d8900000| PB 0x00000000d8900000| Untracked |  0
| 394|0x00000000d8a00000, 0x00000000d8a00000, 0x00000000d8b00000|  0%| F|  |TAMS 0x00000000d8a00000| PB 0x00000000d8a00000| Untracked |  0
| 395|0x00000000d8b00000, 0x00000000d8b00000, 0x00000000d8c00000|  0%| F|  |TAMS 0x00000000d8b00000| PB 0x00000000d8b00000| Untracked |  0
| 396|0x00000000d8c00000, 0x00000000d8c00000, 0x00000000d8d00000|  0%| F|  |TAMS 0x00000000d8c00000| PB 0x00000000d8c00000| Untracked |  0
| 397|0x00000000d8d00000, 0x00000000d8d00000, 0x00000000d8e00000|  0%| F|  |TAMS 0x00000000d8d00000| PB 0x00000000d8d00000| Untracked |  0
| 398|0x00000000d8e00000, 0x00000000d8e00000, 0x00000000d8f00000|  0%| F|  |TAMS 0x00000000d8e00000| PB 0x00000000d8e00000| Untracked |  0
| 399|0x00000000d8f00000, 0x00000000d8f00000, 0x00000000d9000000|  0%| F|  |TAMS 0x00000000d8f00000| PB 0x00000000d8f00000| Untracked |  0
| 400|0x00000000d9000000, 0x00000000d9000000, 0x00000000d9100000|  0%| F|  |TAMS 0x00000000d9000000| PB 0x00000000d9000000| Untracked |  0
| 401|0x00000000d9100000, 0x00000000d9200000, 0x00000000d9200000|100%| E|  |TAMS 0x00000000d9100000| PB 0x00000000d9100000| Complete |  0
| 402|0x00000000d9200000, 0x00000000d9300000, 0x00000000d9300000|100%| E|CS|TAMS 0x00000000d9200000| PB 0x00000000d9200000| Complete |  0
| 403|0x00000000d9300000, 0x00000000d9400000, 0x00000000d9400000|100%| E|CS|TAMS 0x00000000d9300000| PB 0x00000000d9300000| Complete |  0
| 404|0x00000000d9400000, 0x00000000d9500000, 0x00000000d9500000|100%| E|CS|TAMS 0x00000000d9400000| PB 0x00000000d9400000| Complete |  0
| 405|0x00000000d9500000, 0x00000000d9600000, 0x00000000d9600000|100%| E|CS|TAMS 0x00000000d9500000| PB 0x00000000d9500000| Complete |  0
| 406|0x00000000d9600000, 0x00000000d9700000, 0x00000000d9700000|100%| E|CS|TAMS 0x00000000d9600000| PB 0x00000000d9600000| Complete |  0
| 407|0x00000000d9700000, 0x00000000d9800000, 0x00000000d9800000|100%| E|CS|TAMS 0x00000000d9700000| PB 0x00000000d9700000| Complete |  0
| 408|0x00000000d9800000, 0x00000000d9900000, 0x00000000d9900000|100%| E|CS|TAMS 0x00000000d9800000| PB 0x00000000d9800000| Complete |  0
| 409|0x00000000d9900000, 0x00000000d9a00000, 0x00000000d9a00000|100%| E|CS|TAMS 0x00000000d9900000| PB 0x00000000d9900000| Complete |  0
| 410|0x00000000d9a00000, 0x00000000d9b00000, 0x00000000d9b00000|100%| E|CS|TAMS 0x00000000d9a00000| PB 0x00000000d9a00000| Complete |  0
| 411|0x00000000d9b00000, 0x00000000d9c00000, 0x00000000d9c00000|100%| E|CS|TAMS 0x00000000d9b00000| PB 0x00000000d9b00000| Complete |  0
| 412|0x00000000d9c00000, 0x00000000d9d00000, 0x00000000d9d00000|100%| E|CS|TAMS 0x00000000d9c00000| PB 0x00000000d9c00000| Complete |  0
| 413|0x00000000d9d00000, 0x00000000d9e00000, 0x00000000d9e00000|100%| E|CS|TAMS 0x00000000d9d00000| PB 0x00000000d9d00000| Complete |  0
|1022|0x00000000ffe00000, 0x00000000fff00000, 0x00000000fff00000|100%| O|  |TAMS 0x00000000ffe00000| PB 0x00000000ffe00000| Untracked |  0
|1023|0x00000000fff00000, 0x00000000fff1c318, 0x0000000100000000| 11%| O|  |TAMS 0x00000000fff00000| PB 0x00000000fff00000| Untracked |  0

Card table byte_map: [0x000001f41a6b0000,0x000001f41a8b0000] _byte_map_base: 0x000001f41a0b0000

Marking Bits: (CMBitMap*) 0x000001f4019d76f0
 Bits: [0x000001f41a8b0000, 0x000001f41b8b0000)

Polling page: 0x000001f401a70000

Metaspace:

Usage:
  Non-class:     12.00 MB used.
      Class:      1.43 MB used.
       Both:     13.43 MB used.

Virtual space:
  Non-class space:       64.00 MB reserved,      12.25 MB ( 19%) committed,  1 nodes.
      Class space:        1.00 GB reserved,       1.62 MB ( <1%) committed,  1 nodes.
             Both:        1.06 GB reserved,      13.88 MB (  1%) committed. 

Chunk freelists:
   Non-Class:  3.69 MB
       Class:  14.41 MB
        Both:  18.10 MB

MaxMetaspaceSize: unlimited
CompressedClassSpaceSize: 1.00 GB
Initial GC threshold: 21.00 MB
Current GC threshold: 21.00 MB
CDS: on
 - commit_granule_bytes: 65536.
 - commit_granule_words: 8192.
 - virtual_space_node_default_size: 8388608.
 - enlarge_chunks_in_place: 1.
UseCompressedClassPointers 1, UseCompactObjectHeaders 0
Narrow klass pointer bits 32, Max shift 3
Narrow klass base: 0x000001f41f000000, Narrow klass shift: 0
Encoding Range: [0x000001f41f000000 - 0x000001f51f000000), (4294967296 bytes)
Klass Range:    [0x000001f41f000000 - 0x000001f460000000), (1090519040 bytes)
Klass ID Range:  [8 - 1090519033) (1090519025)


Internal statistics:

num_allocs_failed_limit: 0.
num_arena_births: 600.
num_arena_deaths: 0.
num_vsnodes_births: 2.
num_vsnodes_deaths: 0.
num_space_committed: 222.
num_space_uncommitted: 0.
num_chunks_returned_to_freelist: 0.
num_chunks_taken_from_freelist: 1148.
num_chunk_merges: 0.
num_chunk_splits: 664.
num_chunks_enlarged: 313.
num_inconsistent_stats: 0.

CodeHeap 'non-profiled nmethods': size=119232Kb used=984Kb max_used=984Kb free=118247Kb
 bounds [0x000001f412090000, 0x000001f412300000, 0x000001f419500000]
CodeHeap 'profiled nmethods': size=119104Kb used=4728Kb max_used=4728Kb free=114375Kb
 bounds [0x000001f40a500000, 0x000001f40a9a0000, 0x000001f411950000]
CodeHeap 'non-nmethods': size=7424Kb used=3279Kb max_used=3370Kb free=4144Kb
 bounds [0x000001f411950000, 0x000001f411cb0000, 0x000001f412090000]
CodeCache: size=245760Kb, used=8991Kb, max_used=9082Kb, free=236766Kb
 total_blobs=3392, nmethods=2780, adapters=508, full_count=0
Compilation: enabled, stopped_count=0, restarted_count=0

Compilation events (20 events):
Event: 1.014 Thread 0x000001f46489d7a0 nmethod 2773 0x000001f41217e188 code [0x000001f41217e280, 0x000001f41217e328]
Event: 1.014 Thread 0x000001f41e8ad8a0 2774   !   3       java.net.URLDecoder::decode (306 bytes)
Event: 1.014 Thread 0x000001f41e8d8870 2775       3       java.util.Collections::singletonIterator (9 bytes)
Event: 1.014 Thread 0x000001f46489d7a0 2776       3       java.util.Collections$1::<init> (15 bytes)
Event: 1.014 Thread 0x000001f46489e340 2777       3       java.util.Collections$1::next (25 bytes)
Event: 1.014 Thread 0x000001f46489d7a0 nmethod 2776 0x000001f40a98f688 code [0x000001f40a98f7a0, 0x000001f40a98f968]
Event: 1.014 Thread 0x000001f41e8d8870 nmethod 2775 0x000001f40a98f988 code [0x000001f40a98faa0, 0x000001f40a98fd08]
Event: 1.014 Thread 0x000001f46489e340 nmethod 2777 0x000001f40a98fd88 code [0x000001f40a98fec0, 0x000001f40a9900d8]
Event: 1.015 Thread 0x000001f46489e340 2778       1       org.kgen.ir.IrFunction::getBlocks (5 bytes)
Event: 1.015 Thread 0x000001f46489d7a0 2779       1       org.kgen.ir.BasicBlock::getLabel (5 bytes)
Event: 1.015 Thread 0x000001f46489d7a0 nmethod 2779 0x000001f41217e488 code [0x000001f41217e580, 0x000001f41217e648]
Event: 1.015 Thread 0x000001f46489e340 nmethod 2778 0x000001f41217e788 code [0x000001f41217e880, 0x000001f41217e948]
Event: 1.015 Thread 0x000001f46489d7a0 2780       3       java.util.Arrays$ArrayItr::next (36 bytes)
Event: 1.015 Thread 0x000001f41e8d8870 2781       3       org.kgen.backend.x86.X86EncodingInfo::<init> (138 bytes)
Event: 1.015 Thread 0x000001f46489e340 2783       3       org.kgen.backend.x86.asm.X86Assembler::encodeLegacy (1217 bytes)
Event: 1.015 Thread 0x000001f46489d7a0 nmethod 2780 0x000001f40a990108 code [0x000001f40a990240, 0x000001f40a990488]
Event: 1.015 Thread 0x000001f46489d7a0 2782       3       org.kgen.backend.x86.X86EncodingInfo::<init> (87 bytes)
Event: 1.016 Thread 0x000001f41e8d8870 nmethod 2781 0x000001f40a990508 code [0x000001f40a990640, 0x000001f40a990a78]
Event: 1.016 Thread 0x000001f41e8ad8a0 nmethod 2774 0x000001f40a990b08 code [0x000001f40a990ee0, 0x000001f40a993650]
Event: 1.016 Thread 0x000001f41e8d8870 2785       3       java.lang.invoke.LambdaForm$MH/0x000001f42015d400::invoke (54 bytes)

GC Heap History (2 events):
Event: 0.837 GC heap before
{Heap before GC invocations=0 (full 0):
 garbage-first heap   total reserved 1048576K, committed 425984K, used 50288K [0x00000000c0000000, 0x0000000100000000)
  region size 1024K, 47 young (48128K), 0 survivors (0K)
 Metaspace       used 12042K, committed 12352K, reserved 1114112K
  class space    used 1186K, committed 1344K, reserved 1048576K
}
Event: 0.841 GC heap after
{Heap after GC invocations=1 (full 0):
 garbage-first heap   total reserved 1048576K, committed 425984K, used 5939K [0x00000000c0000000, 0x0000000100000000)
  region size 1024K, 5 young (5120K), 5 survivors (5120K)
 Metaspace       used 12042K, committed 12352K, reserved 1114112K
  class space    used 1186K, committed 1344K, reserved 1048576K
}

Dll operation events (12 events):
Event: 0.007 Loaded shared library C:\Users\ziad\.jdks\azul-24.0.2\bin\java.dll
Event: 0.029 Loaded shared library C:\Users\ziad\.jdks\azul-24.0.2\bin\jsvml.dll
Event: 0.043 Loaded shared library C:\Users\ziad\.jdks\azul-24.0.2\bin\net.dll
Event: 0.044 Loaded shared library C:\Users\ziad\.jdks\azul-24.0.2\bin\nio.dll
Event: 0.046 Loaded shared library C:\Users\ziad\.jdks\azul-24.0.2\bin\zip.dll
Event: 0.087 Loaded shared library C:\Users\ziad\.jdks\azul-24.0.2\bin\verify.dll
Event: 0.091 Loaded shared library C:\Users\ziad\.jdks\azul-24.0.2\bin\jimage.dll
Event: 0.283 Loaded shared library C:\Users\ziad\.jdks\azul-24.0.2\bin\extnet.dll
Event: 0.349 Loaded shared library C:\Users\ziad\.jdks\azul-24.0.2\bin\sunmscapi.dll
Event: 0.831 Loaded shared library C:\Windows\System32\ucrtbase.dll
Event: 0.833 Loaded shared library C:\Users\ziad\.jdks\azul-24.0.2\bin\syslookup.dll
Event: 0.836 Loaded shared library kernel32

Deoptimization events (20 events):
Event: 0.841 Thread 0x000001f47fc3eba0 Uncommon trap: trap_request=0xffffff4d fr.pc=0x000001f4120cc058 relative=0x0000000000000058
Event: 0.841 Thread 0x000001f47fc3eba0 Uncommon trap: reason=unstable_if action=reinterpret pc=0x000001f4120cc058 method=java.lang.ref.ReferenceQueue.poll()Ljava/lang/ref/Reference; @ 4 c2
Event: 0.841 Thread 0x000001f47fc3eba0 DEOPT PACKING pc=0x000001f4120cc058 sp=0x0000001e737fabe0
Event: 0.841 Thread 0x000001f47fc3eba0 DEOPT UNPACKING pc=0x000001f411a76d02 sp=0x0000001e737fab58 mode 2
Event: 0.843 Thread 0x000001f47fc3eba0 Uncommon trap: trap_request=0xffffff4d fr.pc=0x000001f4120e896c relative=0x00000000000000cc
Event: 0.843 Thread 0x000001f47fc3eba0 Uncommon trap: reason=unstable_if action=reinterpret pc=0x000001f4120e896c method=jdk.internal.classfile.impl.RawBytecodeHelper.next()Z @ 46 c2
Event: 0.843 Thread 0x000001f47fc3eba0 DEOPT PACKING pc=0x000001f4120e896c sp=0x0000001e737fa2d0
Event: 0.843 Thread 0x000001f47fc3eba0 DEOPT UNPACKING pc=0x000001f411a76d02 sp=0x0000001e737fa258 mode 2
Event: 0.843 Thread 0x000001f47fc3eba0 Uncommon trap: trap_request=0xffffff4d fr.pc=0x000001f412138d98 relative=0x00000000000032b8
Event: 0.843 Thread 0x000001f47fc3eba0 Uncommon trap: reason=unstable_if action=reinterpret pc=0x000001f412138d98 method=jdk.internal.classfile.impl.StackMapGenerator.processBlock(Ljdk/internal/classfile/impl/RawBytecodeHelper;)Z @ 56 c2
Event: 0.843 Thread 0x000001f47fc3eba0 DEOPT PACKING pc=0x000001f412138d98 sp=0x0000001e737fa2b0
Event: 0.843 Thread 0x000001f47fc3eba0 DEOPT UNPACKING pc=0x000001f411a76d02 sp=0x0000001e737fa228 mode 2
Event: 0.844 Thread 0x000001f47fc3eba0 DEOPT PACKING pc=0x000001f40a7765bc sp=0x0000001e737fa850
Event: 0.844 Thread 0x000001f47fc3eba0 DEOPT UNPACKING pc=0x000001f4119a6642 sp=0x0000001e737f9d48 mode 0
Event: 0.911 Thread 0x000001f47fc3eba0 Uncommon trap: trap_request=0xffffffcc fr.pc=0x000001f412161378 relative=0x00000000000003b8
Event: 0.911 Thread 0x000001f47fc3eba0 Uncommon trap: reason=intrinsic_or_type_checked_inlining action=make_not_entrant pc=0x000001f412161378 method=java.util.Arrays.copyOf([Ljava/lang/Object;ILjava/lang/Class;)[Ljava/lang/Object; @ 35 c2
Event: 0.911 Thread 0x000001f47fc3eba0 DEOPT PACKING pc=0x000001f412161378 sp=0x0000001e737fa9c0
Event: 0.911 Thread 0x000001f47fc3eba0 DEOPT UNPACKING pc=0x000001f411a76d02 sp=0x0000001e737fa968 mode 2
Event: 0.945 Thread 0x000001f47fc3eba0 DEOPT PACKING pc=0x000001f40a8d8960 sp=0x0000001e737fb050
Event: 0.945 Thread 0x000001f47fc3eba0 DEOPT UNPACKING pc=0x000001f4119a6642 sp=0x0000001e737fa558 mode 0

Classes loaded (20 events):
Event: 0.953 Loading class java/lang/foreign/MemoryLayout$PathElement
Event: 0.953 Loading class java/lang/foreign/MemoryLayout$PathElement done
Event: 0.953 Loading class jdk/internal/foreign/LayoutPath
Event: 0.953 Loading class jdk/internal/foreign/LayoutPath done
Event: 0.956 Loading class jdk/internal/foreign/Utils$1VarHandleCache
Event: 0.956 Loading class jdk/internal/foreign/Utils$1VarHandleCache done
Event: 0.956 Loading class java/lang/invoke/VarHandleSegmentAsBytes
Event: 0.956 Loading class java/lang/invoke/VarHandleSegmentViewBase
Event: 0.956 Loading class java/lang/invoke/VarHandleSegmentViewBase done
Event: 0.956 Loading class java/lang/invoke/VarHandleSegmentAsBytes done
Event: 0.957 Loading class java/lang/invoke/IndirectVarHandle
Event: 0.957 Loading class java/lang/invoke/IndirectVarHandle done
Event: 0.959 Loading class java/lang/invoke/BoundMethodHandle$Species_LLJ
Event: 0.959 Loading class java/lang/invoke/BoundMethodHandle$Species_LLJ done
Event: 0.960 Loading class java/lang/invoke/VarHandleSegmentAsLongs
Event: 0.961 Loading class java/lang/invoke/VarHandleSegmentAsLongs done
Event: 0.962 Loading class java/lang/invoke/VarHandleSegmentAsInts
Event: 0.962 Loading class java/lang/invoke/VarHandleSegmentAsInts done
Event: 1.000 Loading class java/lang/invoke/MethodHandleImpl$CountingWrapper$1
Event: 1.000 Loading class java/lang/invoke/MethodHandleImpl$CountingWrapper$1 done

Classes unloaded (0 events):
No events

Classes redefined (0 events):
No events

Internal exceptions (20 events):
Event: 0.939 Thread 0x000001f47fc3eba0 Exception <a 'java/lang/NoSuchMethodError'{0x00000000d95a5518}: 'long java.lang.invoke.DelegatingMethodHandle$Holder.delegate(java.lang.Object, java.lang.Object)'> (0x00000000d95a5518) 
thrown [s\src\hotspot\share\interpreter\linkResolver.cpp, line 805]
Event: 0.954 Thread 0x000001f47fc3eba0 Exception <a 'java/lang/NoSuchMethodError'{0x00000000d9454328}: 'long java.lang.invoke.DirectMethodHandle$Holder.invokeStaticInit(java.lang.Object, long, long, long, long)'> (0x00000000d9454328) 
thrown [s\src\hotspot\share\interpreter\linkResolver.cpp, line 805]
Event: 0.955 Thread 0x000001f47fc3eba0 Exception <a 'java/lang/NoSuchMethodError'{0x00000000d945cd50}: 'java.lang.Object java.lang.invoke.DirectMethodHandle$Holder.invokeInterface(java.lang.Object, java.lang.Object, long, long)'> (0x00000000d945cd50) 
thrown [s\src\hotspot\share\interpreter\linkResolver.cpp, line 805]
Event: 0.955 Thread 0x000001f47fc3eba0 Exception <a 'java/lang/NoSuchMethodError'{0x00000000d94659f0}: 'java.lang.Object java.lang.invoke.DirectMethodHandle$Holder.invokeInterface(java.lang.Object, java.lang.Object, long, java.lang.Object)'> (0x00000000d94659f0) 
thrown [s\src\hotspot\share\interpreter\linkResolver.cpp, line 805]
Event: 0.955 Thread 0x000001f47fc3eba0 Exception <a 'java/lang/NoSuchMethodError'{0x00000000d9476158}: 'void java.lang.invoke.DirectMethodHandle$Holder.invokeStaticInit(java.lang.Object, java.lang.Object, long, java.lang.Object)'> (0x00000000d9476158) 
thrown [s\src\hotspot\share\interpreter\linkResolver.cpp, line 805]
Event: 0.956 Thread 0x000001f47fc3eba0 Exception <a 'java/lang/NoSuchMethodError'{0x00000000d947eac8}: 'long java.lang.invoke.DirectMethodHandle$Holder.invokeStatic(java.lang.Object, long, long)'> (0x00000000d947eac8) 
thrown [s\src\hotspot\share\interpreter\linkResolver.cpp, line 805]
Event: 0.958 Thread 0x000001f47fc3eba0 Exception <a 'java/lang/NoSuchMethodError'{0x00000000d94ba0e8}: 'void java.lang.invoke.DelegatingMethodHandle$Holder.reinvoke_L(java.lang.Object, java.lang.Object, java.lang.Object, java.lang.Object, long, long, int)'> (0x00000000d94ba0e8) 
thrown [s\src\hotspot\share\interpreter\linkResolver.cpp, line 805]
Event: 0.959 Thread 0x000001f47fc3eba0 Exception <a 'java/lang/NoSuchMethodError'{0x00000000d94da380}: 'java.lang.Object java.lang.invoke.DirectMethodHandle$Holder.invokeStatic(java.lang.Object, java.lang.Object, java.lang.Object, java.lang.Object, java.lang.Object, long)'> (0x00000000d94da380) 
thrown [s\src\hotspot\share\interpreter\linkResolver.cpp, line 805]
Event: 0.962 Thread 0x000001f47fc3eba0 Exception <a 'java/lang/NoSuchMethodError'{0x00000000d94fe508}: 'void java.lang.invoke.DelegatingMethodHandle$Holder.reinvoke_L(java.lang.Object, java.lang.Object, java.lang.Object, java.lang.Object, long, long, long)'> (0x00000000d94fe508) 
thrown [s\src\hotspot\share\interpreter\linkResolver.cpp, line 805]
Event: 0.964 Thread 0x000001f47fc3eba0 Exception <a 'java/lang/NoSuchMethodError'{0x00000000d932d288}: 'long java.lang.invoke.DirectMethodHandle$Holder.invokeStaticInit(java.lang.Object, java.lang.Object, java.lang.Object)'> (0x00000000d932d288) 
thrown [s\src\hotspot\share\interpreter\linkResolver.cpp, line 805]
Event: 0.965 Thread 0x000001f47fc3eba0 Exception <a 'java/lang/NoSuchMethodError'{0x00000000d933da38}: 'long java.lang.invoke.DelegatingMethodHandle$Holder.reinvoke_L(java.lang.Object, java.lang.Object, java.lang.Object)'> (0x00000000d933da38) 
thrown [s\src\hotspot\share\interpreter\linkResolver.cpp, line 805]
Event: 0.967 Thread 0x000001f47fc3eba0 Exception <a 'java/lang/NoSuchMethodError'{0x00000000d9390528}: 'long java.lang.invoke.DelegatingMethodHandle$Holder.reinvoke_L(java.lang.Object, java.lang.Object, java.lang.Object, java.lang.Object, long, long)'> (0x00000000d9390528) 
thrown [s\src\hotspot\share\interpreter\linkResolver.cpp, line 805]
Event: 0.980 Thread 0x000001f47fc3eba0 Exception <a 'java/lang/NoSuchMethodError'{0x00000000d920aea8}: 'long java.lang.invoke.DirectMethodHandle$Holder.invokeStatic(java.lang.Object, java.lang.Object, java.lang.Object, long, long, long)'> (0x00000000d920aea8) 
thrown [s\src\hotspot\share\interpreter\linkResolver.cpp, line 805]
Event: 0.981 Thread 0x000001f47fc3eba0 Exception <a 'java/lang/NoSuchMethodError'{0x00000000d92135d0}: 'long java.lang.invoke.DirectMethodHandle$Holder.invokeStaticInit(java.lang.Object, java.lang.Object, java.lang.Object, long, long, long)'> (0x00000000d92135d0) 
thrown [s\src\hotspot\share\interpreter\linkResolver.cpp, line 805]
Event: 0.981 Thread 0x000001f47fc3eba0 Exception <a 'java/lang/NoSuchMethodError'{0x00000000d9224060}: 'long java.lang.invoke.DelegatingMethodHandle$Holder.reinvoke_L(java.lang.Object, java.lang.Object, java.lang.Object, long, long, long)'> (0x00000000d9224060) 
thrown [s\src\hotspot\share\interpreter\linkResolver.cpp, line 805]
Event: 0.986 Thread 0x000001f47fc3eba0 Exception <a 'java/lang/NoSuchMethodError'{0x00000000d929a8b8}: 'long java.lang.invoke.DirectMethodHandle$Holder.invokeStatic(java.lang.Object, java.lang.Object, java.lang.Object, long, long)'> (0x00000000d929a8b8) 
thrown [s\src\hotspot\share\interpreter\linkResolver.cpp, line 805]
Event: 0.987 Thread 0x000001f47fc3eba0 Exception <a 'java/lang/NoSuchMethodError'{0x00000000d92a2fb8}: 'long java.lang.invoke.DirectMethodHandle$Holder.invokeStaticInit(java.lang.Object, java.lang.Object, java.lang.Object, long, long)'> (0x00000000d92a2fb8) 
thrown [s\src\hotspot\share\interpreter\linkResolver.cpp, line 805]
Event: 0.987 Thread 0x000001f47fc3eba0 Exception <a 'java/lang/NoSuchMethodError'{0x00000000d92abb58}: 'long java.lang.invoke.DirectMethodHandle$Holder.invokeSpecial(java.lang.Object, java.lang.Object, java.lang.Object, java.lang.Object, long, long)'> (0x00000000d92abb58) 
thrown [s\src\hotspot\share\interpreter\linkResolver.cpp, line 805]
Event: 0.987 Thread 0x000001f47fc3eba0 Exception <a 'java/lang/NoSuchMethodError'{0x00000000d92b4260}: 'long java.lang.invoke.DelegatingMethodHandle$Holder.reinvoke_L(java.lang.Object, java.lang.Object, java.lang.Object, long, long)'> (0x00000000d92b4260) 
thrown [s\src\hotspot\share\interpreter\linkResolver.cpp, line 805]
Event: 0.988 Thread 0x000001f47fc3eba0 Exception <a 'java/lang/NoSuchMethodError'{0x00000000d92dde88}: 'java.lang.Object java.lang.invoke.Invokers$Holder.invoke_MT(java.lang.Object, long, long, java.lang.Object)'> (0x00000000d92dde88) 
thrown [s\src\hotspot\share\interpreter\linkResolver.cpp, line 805]

VM Operations (20 events):
Event: 0.982 Executing VM operation: HandshakeAllThreads (CloseScopedMemory)
Event: 0.982 Executing VM operation: HandshakeAllThreads (CloseScopedMemory) done
Event: 0.988 Executing VM operation: HandshakeAllThreads (CloseScopedMemory)
Event: 0.989 Executing VM operation: HandshakeAllThreads (CloseScopedMemory) done
Event: 0.992 Executing VM operation: HandshakeAllThreads (CloseScopedMemory)
Event: 0.992 Executing VM operation: HandshakeAllThreads (CloseScopedMemory) done
Event: 0.996 Executing VM operation: HandshakeAllThreads (CloseScopedMemory)
Event: 0.996 Executing VM operation: HandshakeAllThreads (CloseScopedMemory) done
Event: 0.998 Executing VM operation: HandshakeAllThreads (CloseScopedMemory)
Event: 0.998 Executing VM operation: HandshakeAllThreads (CloseScopedMemory) done
Event: 1.001 Executing VM operation: HandshakeAllThreads (CloseScopedMemory)
Event: 1.001 Executing VM operation: HandshakeAllThreads (CloseScopedMemory) done
Event: 1.003 Executing VM operation: HandshakeAllThreads (CloseScopedMemory)
Event: 1.003 Executing VM operation: HandshakeAllThreads (CloseScopedMemory) done
Event: 1.006 Executing VM operation: HandshakeAllThreads (CloseScopedMemory)
Event: 1.006 Executing VM operation: HandshakeAllThreads (CloseScopedMemory) done
Event: 1.010 Executing VM operation: HandshakeAllThreads (CloseScopedMemory)
Event: 1.010 Executing VM operation: HandshakeAllThreads (CloseScopedMemory) done
Event: 1.013 Executing VM operation: HandshakeAllThreads (CloseScopedMemory)
Event: 1.013 Executing VM operation: HandshakeAllThreads (CloseScopedMemory) done

Memory protections (0 events):
No events

Nmethod flushes (0 events):
No events

Events (19 events):
Event: 0.018 Thread 0x000001f47fc3eba0 Thread added: 0x000001f47fc3eba0
Event: 0.027 Thread 0x000001f47fc3eba0 Thread added: 0x000001f41e8cb020
Event: 0.027 Thread 0x000001f47fc3eba0 Thread added: 0x000001f41e8cb960
Event: 0.027 Thread 0x000001f47fc3eba0 Thread added: 0x000001f41e8ce0b0
Event: 0.027 Thread 0x000001f47fc3eba0 Thread added: 0x000001f41e8cecd0
Event: 0.027 Thread 0x000001f47fc3eba0 Thread added: 0x000001f41e8cfa20
Event: 0.027 Thread 0x000001f47fc3eba0 Thread added: 0x000001f41e8d2780
Event: 0.027 Thread 0x000001f47fc3eba0 Thread added: 0x000001f41e8d43b0
Event: 0.027 Thread 0x000001f47fc3eba0 Thread added: 0x000001f41e8d8870
Event: 0.038 Thread 0x000001f41e8d43b0 Thread added: 0x000001f41e8ad8a0
Event: 0.041 Thread 0x000001f47fc3eba0 Thread added: 0x000001f41eb101d0
Event: 0.042 Thread 0x000001f47fc3eba0 Thread added: 0x000001f41eb16140
Event: 0.075 Thread 0x000001f41e8d8870 Thread added: 0x000001f41ebd8ab0
Event: 0.259 Thread 0x000001f41e8d8870 Thread added: 0x000001f46489d7a0
Event: 0.259 Thread 0x000001f41e8d8870 Thread added: 0x000001f46489e340
Event: 0.322 Thread 0x000001f47fc3eba0 Thread added: 0x000001f4647dcf50
Event: 0.373 Thread 0x000001f47fc3eba0 Thread added: 0x000001f46492ee00
Event: 0.374 Thread 0x000001f47fc3eba0 Thread added: 0x000001f46492f540
Event: 0.552 Thread 0x000001f41e8d43b0 Thread added: 0x000001f464a2d6a0


Dynamic libraries:
0x00007ff6eef40000 - 0x00007ff6eef4e000 	C:\Users\ziad\.jdks\azul-24.0.2\bin\java.exe
0x00007ffc42620000 - 0x00007ffc42883000 	C:\windows\SYSTEM32\ntdll.dll
0x00007ffc420b0000 - 0x00007ffc42177000 	C:\windows\System32\KERNEL32.DLL
0x00007ffc3fbf0000 - 0x00007ffc3ffb9000 	C:\windows\System32\KERNELBASE.dll
0x00007ffc3f960000 - 0x00007ffc3faac000 	C:\windows\System32\ucrtbase.dll
0x00007ffc23480000 - 0x00007ffc23496000 	C:\Users\ziad\.jdks\azul-24.0.2\bin\jli.dll
0x00007ffc20340000 - 0x00007ffc2035e000 	C:\Users\ziad\.jdks\azul-24.0.2\bin\VCRUNTIME140.dll
0x00007ffc40bc0000 - 0x00007ffc40d8a000 	C:\windows\System32\USER32.dll
0x00007ffc402b0000 - 0x00007ffc402d7000 	C:\windows\System32\win32u.dll
0x00007ffc1e680000 - 0x00007ffc1e910000 	C:\windows\WinSxS\amd64_microsoft.windows.common-controls_6595b64144ccf1df_6.0.26100.3323_none_3e088096e3344490\COMCTL32.dll
0x00007ffc42080000 - 0x00007ffc420aa000 	C:\windows\System32\GDI32.dll
0x00007ffc42230000 - 0x00007ffc422d9000 	C:\windows\System32\msvcrt.dll
0x00007ffc3fab0000 - 0x00007ffc3fbe1000 	C:\windows\System32\gdi32full.dll
0x00007ffc3f8b0000 - 0x00007ffc3f953000 	C:\windows\System32\msvcp_win.dll
0x00007ffc41840000 - 0x00007ffc4186f000 	C:\windows\System32\IMM32.DLL
0x00007ffc34290000 - 0x00007ffc3429c000 	C:\Users\ziad\.jdks\azul-24.0.2\bin\vcruntime140_1.dll
0x00007ffbd50d0000 - 0x00007ffbd515d000 	C:\Users\ziad\.jdks\azul-24.0.2\bin\msvcp140.dll
0x00007ffb520a0000 - 0x00007ffb52f1c000 	C:\Users\ziad\.jdks\azul-24.0.2\bin\server\jvm.dll
0x00007ffc42520000 - 0x00007ffc425d2000 	C:\windows\System32\ADVAPI32.dll
0x00007ffc41fd0000 - 0x00007ffc42076000 	C:\windows\System32\sechost.dll
0x00007ffc42400000 - 0x00007ffc42516000 	C:\windows\System32\RPCRT4.dll
0x00007ffc41b60000 - 0x00007ffc41bd4000 	C:\windows\System32\WS2_32.dll
0x00007ffc3e470000 - 0x00007ffc3e4be000 	C:\windows\SYSTEM32\POWRPROF.dll
0x00007ffc34450000 - 0x00007ffc34486000 	C:\windows\SYSTEM32\WINMM.dll
0x00007ffc2e2b0000 - 0x00007ffc2e2bb000 	C:\windows\SYSTEM32\VERSION.dll
0x00007ffc3e450000 - 0x00007ffc3e464000 	C:\windows\SYSTEM32\UMPDC.dll
0x00007ffc3e710000 - 0x00007ffc3e72a000 	C:\windows\SYSTEM32\kernel.appcore.dll
0x00007ffc20330000 - 0x00007ffc2033a000 	C:\Users\ziad\.jdks\azul-24.0.2\bin\jimage.dll
0x00007ffc31e80000 - 0x00007ffc320c1000 	C:\windows\SYSTEM32\DBGHELP.DLL
0x00007ffc40ea0000 - 0x00007ffc41222000 	C:\windows\System32\combase.dll
0x00007ffc41a80000 - 0x00007ffc41b56000 	C:\windows\System32\OLEAUT32.dll
0x00007ffc1df00000 - 0x00007ffc1df39000 	C:\windows\SYSTEM32\dbgcore.DLL
0x00007ffc402e0000 - 0x00007ffc40379000 	C:\windows\System32\bcryptPrimitives.dll
0x00007ffc20310000 - 0x00007ffc2032e000 	C:\Users\ziad\.jdks\azul-24.0.2\bin\java.dll
0x00007ffc41e10000 - 0x00007ffc41fa5000 	C:\windows\System32\ole32.dll
0x00007ffc40440000 - 0x00007ffc40b55000 	C:\windows\System32\SHELL32.dll
0x00007ffc3ffc0000 - 0x00007ffc40128000 	C:\windows\System32\wintypes.dll
0x00007ffc3d4c0000 - 0x00007ffc3dd05000 	C:\windows\SYSTEM32\windows.storage.dll
0x00007ffc42310000 - 0x00007ffc423fb000 	C:\windows\System32\SHCORE.dll
0x00007ffc41920000 - 0x00007ffc4197d000 	C:\windows\System32\shlwapi.dll
0x00007ffc3f730000 - 0x00007ffc3f75f000 	C:\windows\SYSTEM32\profapi.dll
0x00007ffbcee00000 - 0x00007ffbceed7000 	C:\Users\ziad\.jdks\azul-24.0.2\bin\jsvml.dll
0x00007ffc20300000 - 0x00007ffc20310000 	C:\Users\ziad\.jdks\azul-24.0.2\bin\net.dll
0x00007ffc3ec10000 - 0x00007ffc3ec7a000 	C:\windows\system32\mswsock.dll
0x00007ffbddfe0000 - 0x00007ffbddff6000 	C:\Users\ziad\.jdks\azul-24.0.2\bin\nio.dll
0x00007ffbddfc0000 - 0x00007ffbddfd7000 	C:\Users\ziad\.jdks\azul-24.0.2\bin\zip.dll
0x00007ffc20040000 - 0x00007ffc20050000 	C:\Users\ziad\.jdks\azul-24.0.2\bin\verify.dll
0x00007ffbf7c80000 - 0x00007ffbf7c89000 	C:\Users\ziad\.jdks\azul-24.0.2\bin\extnet.dll
0x00007ffbf63a0000 - 0x00007ffbf63ae000 	C:\Users\ziad\.jdks\azul-24.0.2\bin\sunmscapi.dll
0x00007ffc40130000 - 0x00007ffc402a7000 	C:\windows\System32\CRYPT32.dll
0x00007ffc3f110000 - 0x00007ffc3f140000 	C:\windows\SYSTEM32\ncrypt.dll
0x00007ffc3f0c0000 - 0x00007ffc3f0ff000 	C:\windows\SYSTEM32\NTASN1.dll
0x00007ffc300c0000 - 0x00007ffc300c8000 	C:\windows\system32\wshunix.dll
0x00007ffc3efc0000 - 0x00007ffc3efdc000 	C:\windows\SYSTEM32\CRYPTSP.dll
0x00007ffc3e670000 - 0x00007ffc3e6aa000 	C:\windows\system32\rsaenh.dll
0x00007ffc3ecb0000 - 0x00007ffc3ecdb000 	C:\windows\SYSTEM32\USERENV.dll
0x00007ffc3f150000 - 0x00007ffc3f176000 	C:\windows\SYSTEM32\bcrypt.dll
0x00007ffc3ee40000 - 0x00007ffc3ee4c000 	C:\windows\SYSTEM32\CRYPTBASE.dll
0x00007ffc3e0e0000 - 0x00007ffc3e113000 	C:\windows\SYSTEM32\IPHLPAPI.DLL
0x00007ffc40e90000 - 0x00007ffc40e9a000 	C:\windows\System32\NSI.dll
0x00007ffbed0f0000 - 0x00007ffbed0f9000 	C:\Users\ziad\.jdks\azul-24.0.2\bin\syslookup.dll

JVMTI agents: none

dbghelp: loaded successfully - version: 4.0.5 - missing functions: none
symbol engine: initialized successfully - sym options: 0x614 - pdb path: .;C:\Users\ziad\.jdks\azul-24.0.2\bin;C:\windows\SYSTEM32;C:\windows\WinSxS\amd64_microsoft.windows.common-controls_6595b64144ccf1df_6.0.26100.3323_none_3e088096e3344490;C:\Users\ziad\.jdks\azul-24.0.2\bin\server

VM Arguments:
jvm_args: -Dorg.gradle.internal.worker.tmpdir=C:\src\kgen\examples\lang\build\tmp\test\work --enable-native-access=ALL-UNNAMED -Xmx1g -Dfile.encoding=UTF-8 -Duser.country=US -Duser.language=en -Duser.variant -ea 
java_command: worker.org.gradle.process.internal.worker.GradleWorkerMain 'Gradle Test Executor 1'
java_class_path (initial): C:\\Users\\ziad\\.gradle\\caches\\8.14.1\\workerMain\\gradle-worker.jar;C:\\src\\kgen\\examples\\lang\\build\\classes\\kotlin\\test;C:\\src\\kgen\\examples\\lang\\build\\classes\\kotlin\\main;C:\\src\\kgen\\kgen\\build\\libs\\kgen-0.1.0-SNAPSHOT.jar;C:\\Users\\ziad\\.gradle\\caches\\modules-2\\files-2.1\\org.jetbrains.kotlin\\kotlin-test-junit5\\2.1.10\\fc0a18dd6972c35268f29fa357fc2a30c11728b6\\kotlin-test-junit5-2.1.10.jar;C:\\Users\\ziad\\.gradle\\caches\\modules-2\\files-2.1\\org.jetbrains.kotlin\\kotlin-test\\2.1.10\\9a70f7e2e364080626a4f9ec7256290dee15fd5\\kotlin-test-2.1.10.jar;C:\\Users\\ziad\\.gradle\\caches\\modules-2\\files-2.1\\org.jetbrains.kotlin\\kotlin-stdlib\\2.1.10\\d3028429e7151d7a7c1a0d63a4f60eac86a87b91\\kotlin-stdlib-2.1.10.jar;C:\\Users\\ziad\\.gradle\\caches\\modules-2\\files-2.1\\org.jetbrains\\annotations\\13.0\\919f0dfe192fb4e063e7dacadee7f8bb9a2672a9\\annotations-13.0.jar;C:\\Users\\ziad\\.gradle\\caches\\modules-2\\files-2.1\\org.junit.platform\\junit-platform-launcher\\1.10.1\\ce85bf5e38bee0989ded9bd468dd4ff78dc0cfa8\\junit-platform-launcher-1.10.1.jar;C:\\Users\\ziad\\.gradle\\caches\\modules-2\\files-2.1\\org.junit.platform\\junit-platform-engine\\1.10.1\\f32ae4af74fde68414b8a3d2b7cf1fb43824a83a\\junit-platform-engine-1.10.1.jar;C:\\Users\\ziad\\.gradle\\caches\\modules-2\\files-2.1\\org.junit.jupiter\\junit-jupiter-api\\5.10.1\\eb90c7d8bfaae8fdc97b225733fcb595ddd72843\\junit-jupiter-api-5.10.1.jar;C:\\Users\\ziad\\.gradle\\caches\\modules-2\\files-2.1\\org.junit.platform\\junit-platform-commons\\1.10.1\\2bfcd4a4e38b10c671b6916d7e543c20afe25579\\junit-platform-commons-1.10.1.jar;C:\\Users\\ziad\\.gradle\\caches\\modules-2\\files-2.1\\org.junit.jupiter\\junit-jupiter-engine\\5.10.1\\6c9ff773f9aa842b91d1f2fe4658973252ce2428\\junit-jupiter-engine-5.10.1.jar;C:\\Users\\ziad\\.gradle\\caches\\modules-2\\files-2.1\\org.opentest4j\\opentest4j\\1.3.0\\152ea56b3a72f655d4fd677fc0ef2596c3dd5e6e\\opentest4j-1.3.0.jar
Launcher Type: SUN_STANDARD

[Global flags]
     intx CICompilerCount                          = 12                                        {product} {ergonomic}
     uint ConcGCThreads                            = 3                                         {product} {ergonomic}
     uint G1ConcRefinementThreads                  = 13                                        {product} {ergonomic}
   size_t G1HeapRegionSize                         = 1048576                                   {product} {ergonomic}
   size_t InitialHeapSize                          = 434110464                                 {product} {ergonomic}
   size_t MarkStackSize                            = 4194304                                   {product} {ergonomic}
   size_t MarkStackSizeMax                         = 536870912                                 {product} {ergonomic}
   size_t MaxHeapSize                              = 1073741824                                {product} {command line}
   size_t MaxNewSize                               = 643825664                                 {product} {ergonomic}
   size_t MinHeapDeltaBytes                        = 1048576                                   {product} {ergonomic}
   size_t MinHeapSize                              = 8388608                                   {product} {ergonomic}
    uintx NonNMethodCodeHeapSize                   = 7602176                                {pd product} {ergonomic}
    uintx NonProfiledCodeHeapSize                  = 122093568                              {pd product} {ergonomic}
    uintx ProfiledCodeHeapSize                     = 121962496                              {pd product} {ergonomic}
    uintx ReservedCodeCacheSize                    = 251658240                              {pd product} {ergonomic}
     bool SegmentedCodeCache                       = true                                      {product} {ergonomic}
   size_t SoftMaxHeapSize                          = 1073741824                             {manageable} {ergonomic}
     bool UseCompressedOops                        = true                           {product lp64_product} {ergonomic}
     bool UseG1GC                                  = true                                      {product} {ergonomic}
     bool UseLargePagesIndividualAllocation        = false                                  {pd product} {ergonomic}

Logging:
Log output configuration:
 #0: stdout all=warning uptime,level,tags foldmultilines=false
 #1: stderr all=off uptime,level,tags foldmultilines=false

Environment Variables:
JAVA_HOME=C:\Users\ziad\.jdks\azul-24.0.2
PATH=C:\windows\system32;C:\windows;C:\windows\System32\Wbem;C:\windows\System32\WindowsPowerShell\v1.0\;C:\windows\System32\OpenSSH\;C:\Program Files\Microsoft SQL Server\150\Tools\Binn\;C:\Program Files\Microsoft SQL Server\Client SDK\ODBC\170\Tools\Binn\;C:\Program Files\dotnet\;C:\Program Files\Microsoft SQL Server\170\Tools\Binn\;C:\Users\ziad\AppData\Local\Microsoft\WindowsApps;C:\Users\ziad\AppData\Local\Programs\Microsoft VS Code\bin;C:\Users\ziad\.dotnet\tools
USERNAME=ziad
OS=Windows_NT
PROCESSOR_IDENTIFIER=AMD64 Family 25 Model 116 Stepping 1, AuthenticAMD
TMP=C:\Users\ziad\AppData\Local\Temp
TEMP=C:\Users\ziad\AppData\Local\Temp




Periodic native trim disabled

---------------  S Y S T E M  ---------------

OS:
 Windows 11 , 64 bit Build 26100 (10.0.26100.3323)
OS uptime: 10 days 14:50 hours
Hyper-V role detected

CPU: total 16 (initial active 16) (16 cores per cpu, 2 threads per core) family 25 model 116 stepping 1 microcode 0xa704107, cx8, cmov, fxsr, ht, mmx, 3dnowpref, sse, sse2, sse3, ssse3, sse4a, sse4.1, sse4.2, popcnt, lzcnt, tsc, tscinvbit, avx, avx2, aes, erms, clmul, bmi1, bmi2, adx, avx512f, avx512dq, avx512cd, avx512bw, avx512vl, sha, fma, vzeroupper, avx512_vpopcntdq, avx512_vpclmulqdq, avx512_vaes, avx512_vnni, clflush, clflushopt, avx512_vbmi2, avx512_vbmi, hv, rdtscp, rdpid, fsrm, gfni, avx512_bitalg, f16c, cet_ss, avx512_ifma
Processor Information for the first 16 processors :
  Max Mhz: 3801, Current Mhz: 3801, Mhz Limit: 3801

Memory: 4k page, system-wide physical 26421M (5744M free)
TotalPageFile size 38264M (AvailPageFile size 3148M)
current process WorkingSet (physical memory assigned to process): 178M, peak: 180M
current process commit charge ("private bytes"): 599M, peak: 609M

vm_info: OpenJDK 64-Bit Server VM (24.0.2+12) for windows-amd64 JRE (24.0.2+12) (Zulu24.32+13-CA), built on 2025-07-11T12:45:44Z with MS VC++ 17.1 (VS2022)

END.
