#
# A fatal error has been detected by the Java Runtime Environment:
#
#  EXCEPTION_ACCESS_VIOLATION (0xc0000005) at pc=0x00007ffb6b3d2d07, pid=39268, tid=27980
#
# JRE version: OpenJDK Runtime Environment Zulu24.32+13-CA (24.0.2+12) (build 24.0.2+12)
# Java VM: OpenJDK 64-Bit Server VM Zulu24.32+13-CA (24.0.2+12, mixed mode, sharing, tiered, compressed oops, compressed class ptrs, g1 gc, windows-amd64)
# Problematic frame:
# V  [jvm.dll+0x7b2d07]
#
# No core dump will be written. Minidumps are not enabled by default on client versions of Windows
#
# If you would like to submit a bug report, please visit:
#   http://www.azul.com/support/
#

---------------  S U M M A R Y ------------

Command Line: -Dorg.gradle.internal.worker.tmpdir=C:\src\kgen\examples\lang\build\tmp\test\work --enable-native-access=ALL-UNNAMED -Xmx512m -Dfile.encoding=UTF-8 -Duser.country=US -Duser.language=en -Duser.variant -ea worker.org.gradle.process.internal.worker.GradleWorkerMain 'Gradle Test Executor 1'

Host: AMD Ryzen 7 7840HS w/ Radeon 780M Graphics     , 16 cores, 25G,  Windows 11 , 64 bit Build 26100 (10.0.26100.3323)
Time: Sat Mar  7 01:22:37 2026 Pacific Standard Time elapsed time: 0.895055 seconds (0d 0h 0m 0s)

---------------  T H R E A D  ---------------

Current thread (0x000001a740f6ebe0):  JavaThread "Test worker"        [_thread_in_vm, id=27980, stack(0x000000a076b00000,0x000000a076c00000) (1024K)]

Stack: [0x000000a076b00000,0x000000a076c00000],  sp=0x000000a076bf85f0,  free space=993k
Native frames: (J=compiled Java code, j=interpreted, Vv=VM code, C=native code)
V  [jvm.dll+0x7b2d07]  (no source info available)
V  [jvm.dll+0x7a14cf]  (no source info available)
V  [jvm.dll+0x7a109b]  (no source info available)
C  0x000001a753366fa6  (no source info available)

The last pc belongs to ExceptionBlob (printed below).
Java frames: (J=compiled Java code, j=interpreted, Vv=VM code)
v  ~ExceptionBlob 0x000001a753366f78
J 1181 c2 java.lang.StringBuilder.append(Ljava/lang/String;)Ljava/lang/StringBuilder; java.base@24.0.2 (8 bytes) @ 0x000001a7539cc6bc [0x000001a7539cc2e0+0x00000000000003dc]
j  java.lang.invoke.InvokerBytecodeGenerator$1.accept(Ljava/lang/classfile/ClassBuilder;)V+31 java.base@24.0.2
j  java.lang.invoke.InvokerBytecodeGenerator$1.accept(Ljava/lang/Object;)V+5 java.base@24.0.2
J 1966 c1 jdk.internal.classfile.impl.ClassFileImpl.build(Ljava/lang/classfile/constantpool/ClassEntry;Ljava/lang/classfile/constantpool/ConstantPoolBuilder;Ljava/util/function/Consumer;)[B java.base@24.0.2 (38 bytes) @ 0x000001a74c11fd84 [0x000001a74c11f6a0+0x00000000000006e4]
j  java.lang.invoke.InvokerBytecodeGenerator.classFileSetup(Ljava/util/function/Consumer;)[B+20 java.base@24.0.2
j  java.lang.invoke.InvokerBytecodeGenerator.generateCustomizedCodeBytes()[B+9 java.base@24.0.2
J 2495 c1 java.lang.invoke.InvokerBytecodeGenerator.generateCustomizedCode(Ljava/lang/invoke/LambdaForm;Ljava/lang/invoke/MethodType;)Ljava/lang/invoke/MemberName; java.base@24.0.2 (34 bytes) @ 0x000001a74c228c5c [0x000001a74c228ae0+0x000000000000017c]
j  java.lang.invoke.LambdaForm.compileToBytecode()V+69 java.base@24.0.2
J 707 c1 java.lang.invoke.LambdaForm.prepare()V java.base@24.0.2 (108 bytes) @ 0x000001a74bedfb4c [0x000001a74bedf9c0+0x000000000000018c]
J 706 c1 java.lang.invoke.MethodHandle.<init>(Ljava/lang/invoke/MethodType;Ljava/lang/invoke/LambdaForm;)V java.base@24.0.2 (37 bytes) @ 0x000001a74bedf42c [0x000001a74bedf200+0x000000000000022c]
J 1318 c1 java.lang.invoke.BoundMethodHandle.<init>(Ljava/lang/invoke/MethodType;Ljava/lang/invoke/LambdaForm;)V java.base@24.0.2 (32 bytes) @ 0x000001a74bff3b34 [0x000001a74bff3aa0+0x0000000000000094]
j  java.lang.invoke.BoundMethodHandle$Species_LLLL.<init>(Ljava/lang/invoke/MethodType;Ljava/lang/invoke/LambdaForm;Ljava/lang/Object;Ljava/lang/Object;Ljava/lang/Object;Ljava/lang/Object;)V+3 java.base@24.0.2
j  java.lang.invoke.BoundMethodHandle$Species_LLLL.make(Ljava/lang/invoke/MethodType;Ljava/lang/invoke/LambdaForm;Ljava/lang/Object;Ljava/lang/Object;Ljava/lang/Object;Ljava/lang/Object;)Ljava/lang/invoke/BoundMethodHandle;+12 java.base@24.0.2
J 2096 c1 java.lang.invoke.DirectMethodHandle$Holder.invokeStatic(Ljava/lang/Object;Ljava/lang/Object;Ljava/lang/Object;Ljava/lang/Object;Ljava/lang/Object;Ljava/lang/Object;Ljava/lang/Object;)Ljava/lang/Object; java.base@24.0.2 (24 bytes) @ 0x000001a74c1725a4 [0x000001a74c1721c0+0x00000000000003e4]
j  java.lang.invoke.BoundMethodHandle$Species_LLLL.copyWith(Ljava/lang/invoke/MethodType;Ljava/lang/invoke/LambdaForm;)Ljava/lang/invoke/BoundMethodHandle;+25 java.base@24.0.2
J 2166 c1 java.lang.invoke.MethodHandleImpl.makePairwiseConvertByEditor(Ljava/lang/invoke/MethodHandle;Ljava/lang/invoke/MethodType;ZZ)Ljava/lang/invoke/MethodHandle; java.base@24.0.2 (617 bytes) @ 0x000001a74c19b864 [0x000001a74c196e80+0x00000000000049e4]
J 2165 c1 java.lang.invoke.MethodHandleImpl.makePairwiseConvert(Ljava/lang/invoke/MethodHandle;Ljava/lang/invoke/MethodType;ZZ)Ljava/lang/invoke/MethodHandle; java.base@24.0.2 (22 bytes) @ 0x000001a74c1950f4 [0x000001a74c194fc0+0x0000000000000134]
J 2162 c1 java.lang.invoke.MethodHandle.asTypeUncached(Ljava/lang/invoke/MethodType;)Ljava/lang/invoke/MethodHandle; java.base@24.0.2 (54 bytes) @ 0x000001a74c192944 [0x000001a74c191de0+0x0000000000000b64]
J 2161 c1 java.lang.invoke.MethodHandle.setAsTypeCache(Ljava/lang/invoke/MethodType;)Ljava/lang/invoke/MethodHandle; java.base@24.0.2 (39 bytes) @ 0x000001a74c19153c [0x000001a74c191420+0x000000000000011c]
J 2171 c1 java.lang.invoke.MethodHandle.asType(Ljava/lang/invoke/MethodType;)Ljava/lang/invoke/MethodHandle; java.base@24.0.2 (28 bytes) @ 0x000001a74c195774 [0x000001a74c195640+0x0000000000000134]
j  java.lang.invoke.Invokers.checkGenericType(Ljava/lang/invoke/MethodHandle;Ljava/lang/invoke/MethodType;)Ljava/lang/invoke/MethodHandle;+2 java.base@24.0.2
j  java.lang.invoke.LambdaForm$MH+0x000001a761173c00.invoke_MT(Ljava/lang/Object;Ljava/lang/Object;JILjava/lang/Object;)V+9 java.base@24.0.2
j  org.kgen.reflect.NativeMemory$Companion.virtualAllocRwx$lambda$2(Ljava/lang/invoke/MethodHandle;JJLjava/lang/foreign/MemorySegment;)V+15
j  org.kgen.reflect.NativeMemory$Companion$$Lambda+0x000001a76115bc30.accept(Ljava/lang/Object;)V+16
j  jdk.internal.foreign.AbstractMemorySegmentImpl.lambda$cleanupAction$0(Ljava/util/function/Consumer;JJ)V+6 java.base@24.0.2
j  jdk.internal.foreign.AbstractMemorySegmentImpl$$Lambda+0x000001a7610fa818.run()V+12 java.base@24.0.2
j  jdk.internal.foreign.MemorySessionImpl$ResourceList$ResourceCleanup$2.cleanup()V+4 java.base@24.0.2
j  jdk.internal.foreign.MemorySessionImpl$ResourceList.cleanup(Ljdk/internal/foreign/MemorySessionImpl$ResourceList$ResourceCleanup;)V+9 java.base@24.0.2
j  jdk.internal.foreign.ConfinedSession$ConfinedResourceList.cleanup()V+23 java.base@24.0.2
j  jdk.internal.foreign.MemorySessionImpl.close()V+8 java.base@24.0.2
j  jdk.internal.foreign.ArenaImpl.close()V+4 java.base@24.0.2
j  org.kgen.reflect.NativeMemory.close()V+4
j  org.kgen.jit.JitModule.close()V+4
j  org.kgen.jit.JitEngine.close()V+83
j  org.kgen.examples.lang.JitRunner.close()V+4
j  org.kgen.examples.lang.FibonacciTest.runsFibonacci()V+45
j  java.lang.invoke.DirectMethodHandle$Holder.invokeSpecial(Ljava/lang/Object;Ljava/lang/Object;)V+10 java.base@24.0.2
j  java.lang.invoke.LambdaForm$MH+0x000001a761089000.invoke(Ljava/lang/Object;Ljava/lang/Object;)Ljava/lang/Object;+31 java.base@24.0.2
j  java.lang.invoke.Invokers$Holder.invokeExact_MT(Ljava/lang/Object;Ljava/lang/Object;Ljava/lang/Object;)Ljava/lang/Object;+19 java.base@24.0.2
j  jdk.internal.reflect.DirectMethodHandleAccessor.invokeImpl(Ljava/lang/Object;[Ljava/lang/Object;)Ljava/lang/Object;+41 java.base@24.0.2
j  jdk.internal.reflect.DirectMethodHandleAccessor.invoke(Ljava/lang/Object;[Ljava/lang/Object;)Ljava/lang/Object;+23 java.base@24.0.2
j  java.lang.reflect.Method.invoke(Ljava/lang/Object;[Ljava/lang/Object;)Ljava/lang/Object;+102 java.base@24.0.2
j  org.junit.platform.commons.util.ReflectionUtils.invokeMethod(Ljava/lang/reflect/Method;Ljava/lang/Object;[Ljava/lang/Object;)Ljava/lang/Object;+42
j  org.junit.jupiter.engine.execution.MethodInvocation.proceed()Ljava/lang/Object;+16
j  org.junit.jupiter.engine.execution.InvocationInterceptorChain$ValidatingInvocation.proceed()Ljava/lang/Object;+8
j  org.junit.jupiter.engine.extension.TimeoutExtension.intercept(Lorg/junit/jupiter/api/extension/InvocationInterceptor$Invocation;Lorg/junit/jupiter/api/extension/ReflectiveInvocationContext;Lorg/junit/jupiter/api/extension/ExtensionContext;Lorg/junit/jupiter/engine/extension/TimeoutDuration;Lorg/junit/jupiter/engine/extension/TimeoutExtension$TimeoutProvider;)Ljava/lang/Object;+28
j  org.junit.jupiter.engine.extension.TimeoutExtension.interceptTestableMethod(Lorg/junit/jupiter/api/extension/InvocationInterceptor$Invocation;Lorg/junit/jupiter/api/extension/ReflectiveInvocationContext;Lorg/junit/jupiter/api/extension/ExtensionContext;Lorg/junit/jupiter/engine/extension/TimeoutExtension$TimeoutProvider;)Ljava/lang/Object;+31
j  org.junit.jupiter.engine.extension.TimeoutExtension.interceptTestMethod(Lorg/junit/jupiter/api/extension/InvocationInterceptor$Invocation;Lorg/junit/jupiter/api/extension/ReflectiveInvocationContext;Lorg/junit/jupiter/api/extension/ExtensionContext;)V+9
j  org.junit.jupiter.engine.descriptor.TestMethodTestDescriptor$$Lambda+0x000001a7610bb6d0.apply(Lorg/junit/jupiter/api/extension/InvocationInterceptor;Lorg/junit/jupiter/api/extension/InvocationInterceptor$Invocation;Lorg/junit/jupiter/api/extension/ReflectiveInvocationContext;Lorg/junit/jupiter/api/extension/ExtensionContext;)V+5
j  org.junit.jupiter.engine.execution.InterceptingExecutableInvoker$ReflectiveInterceptorCall.lambda$ofVoidMethod$0(Lorg/junit/jupiter/engine/execution/InterceptingExecutableInvoker$ReflectiveInterceptorCall$VoidMethodInterceptorCall;Lorg/junit/jupiter/api/extension/InvocationInterceptor;Lorg/junit/jupiter/api/extension/InvocationInterceptor$Invocation;Lorg/junit/jupiter/api/extension/ReflectiveInvocationContext;Lorg/junit/jupiter/api/extension/ExtensionContext;)Ljava/lang/Void;+6
j  org.junit.jupiter.engine.execution.InterceptingExecutableInvoker$ReflectiveInterceptorCall$$Lambda+0x000001a7610bb900.apply(Lorg/junit/jupiter/api/extension/InvocationInterceptor;Lorg/junit/jupiter/api/extension/InvocationInterceptor$Invocation;Lorg/junit/jupiter/api/extension/ReflectiveInvocationContext;Lorg/junit/jupiter/api/extension/ExtensionContext;)Ljava/lang/Object;+9
j  org.junit.jupiter.engine.execution.InterceptingExecutableInvoker.lambda$invoke$0(Lorg/junit/jupiter/engine/execution/InterceptingExecutableInvoker$ReflectiveInterceptorCall;Lorg/junit/jupiter/api/extension/ReflectiveInvocationContext;Lorg/junit/jupiter/api/extension/ExtensionContext;Lorg/junit/jupiter/api/extension/InvocationInterceptor;Lorg/junit/jupiter/api/extension/InvocationInterceptor$Invocation;)Ljava/lang/Object;+6
j  org.junit.jupiter.engine.execution.InterceptingExecutableInvoker$$Lambda+0x000001a761126820.apply(Lorg/junit/jupiter/api/extension/InvocationInterceptor;Lorg/junit/jupiter/api/extension/InvocationInterceptor$Invocation;)Ljava/lang/Object;+14
j  org.junit.jupiter.engine.execution.InvocationInterceptorChain$InterceptedInvocation.proceed()Ljava/lang/Object;+12
j  org.junit.jupiter.engine.execution.InvocationInterceptorChain.proceed(Lorg/junit/jupiter/api/extension/InvocationInterceptor$Invocation;)Ljava/lang/Object;+1
j  org.junit.jupiter.engine.execution.InvocationInterceptorChain.chainAndInvoke(Lorg/junit/jupiter/api/extension/InvocationInterceptor$Invocation;Lorg/junit/jupiter/engine/execution/InvocationInterceptorChain$InterceptorCall;Ljava/util/List;)Ljava/lang/Object;+24
j  org.junit.jupiter.engine.execution.InvocationInterceptorChain.invoke(Lorg/junit/jupiter/api/extension/InvocationInterceptor$Invocation;Lorg/junit/jupiter/engine/extension/ExtensionRegistry;Lorg/junit/jupiter/engine/execution/InvocationInterceptorChain$InterceptorCall;)Ljava/lang/Object;+31
j  org.junit.jupiter.engine.execution.InterceptingExecutableInvoker.invoke(Lorg/junit/jupiter/api/extension/InvocationInterceptor$Invocation;Lorg/junit/jupiter/api/extension/ReflectiveInvocationContext;Lorg/junit/jupiter/api/extension/ExtensionContext;Lorg/junit/jupiter/engine/extension/ExtensionRegistry;Lorg/junit/jupiter/engine/execution/InterceptingExecutableInvoker$ReflectiveInterceptorCall;)Ljava/lang/Object;+15
j  org.junit.jupiter.engine.execution.InterceptingExecutableInvoker.invoke(Ljava/lang/reflect/Method;Ljava/lang/Object;Lorg/junit/jupiter/api/extension/ExtensionContext;Lorg/junit/jupiter/engine/extension/ExtensionRegistry;Lorg/junit/jupiter/engine/execution/InterceptingExecutableInvoker$ReflectiveInterceptorCall;)Ljava/lang/Object;+55
j  org.junit.jupiter.engine.descriptor.TestMethodTestDescriptor.lambda$invokeTestMethod$7(Lorg/junit/jupiter/api/extension/ExtensionContext;Lorg/junit/jupiter/engine/execution/JupiterEngineExecutionContext;)V+28
j  org.junit.jupiter.engine.descriptor.TestMethodTestDescriptor$$Lambda+0x000001a761122910.execute()V+12
j  org.junit.platform.engine.support.hierarchical.ThrowableCollector.execute(Lorg/junit/platform/engine/support/hierarchical/ThrowableCollector$Executable;)V+1
j  org.junit.jupiter.engine.descriptor.TestMethodTestDescriptor.invokeTestMethod(Lorg/junit/jupiter/engine/execution/JupiterEngineExecutionContext;Lorg/junit/platform/engine/support/hierarchical/Node$DynamicTestExecutor;)V+21
j  org.junit.jupiter.engine.descriptor.TestMethodTestDescriptor.execute(Lorg/junit/jupiter/engine/execution/JupiterEngineExecutionContext;Lorg/junit/platform/engine/support/hierarchical/Node$DynamicTestExecutor;)Lorg/junit/jupiter/engine/execution/JupiterEngineExecutionContext;+44
j  org.junit.jupiter.engine.descriptor.TestMethodTestDescriptor.execute(Lorg/junit/platform/engine/support/hierarchical/EngineExecutionContext;Lorg/junit/platform/engine/support/hierarchical/Node$DynamicTestExecutor;)Lorg/junit/platform/engine/support/hierarchical/EngineExecutionContext;+6
j  org.junit.platform.engine.support.hierarchical.NodeTestTask.lambda$executeRecursively$6()V+79
j  org.junit.platform.engine.support.hierarchical.NodeTestTask$$Lambda+0x000001a761117d20.execute()V+4
j  org.junit.platform.engine.support.hierarchical.ThrowableCollector.execute(Lorg/junit/platform/engine/support/hierarchical/ThrowableCollector$Executable;)V+1
j  org.junit.platform.engine.support.hierarchical.NodeTestTask.lambda$executeRecursively$8(Lorg/junit/platform/engine/support/hierarchical/EngineExecutionContext;)V+15
j  org.junit.platform.engine.support.hierarchical.NodeTestTask$$Lambda+0x000001a761117ae8.invoke(Lorg/junit/platform/engine/support/hierarchical/EngineExecutionContext;)V+5
j  org.junit.platform.engine.support.hierarchical.Node.around(Lorg/junit/platform/engine/support/hierarchical/EngineExecutionContext;Lorg/junit/platform/engine/support/hierarchical/Node$Invocation;)V+2
j  org.junit.platform.engine.support.hierarchical.NodeTestTask.lambda$executeRecursively$9()V+14
j  org.junit.platform.engine.support.hierarchical.NodeTestTask$$Lambda+0x000001a7611178b0.execute()V+4
j  org.junit.platform.engine.support.hierarchical.ThrowableCollector.execute(Lorg/junit/platform/engine/support/hierarchical/ThrowableCollector$Executable;)V+1
j  org.junit.platform.engine.support.hierarchical.NodeTestTask.executeRecursively()V+31
j  org.junit.platform.engine.support.hierarchical.NodeTestTask.execute()V+55
j  org.junit.platform.engine.support.hierarchical.SameThreadHierarchicalTestExecutorService$$Lambda+0x000001a761115930.accept(Ljava/lang/Object;)V+4
j  java.util.ArrayList.forEach(Ljava/util/function/Consumer;)V+46 java.base@24.0.2
j  org.junit.platform.engine.support.hierarchical.SameThreadHierarchicalTestExecutorService.invokeAll(Ljava/util/List;)V+6
j  org.junit.platform.engine.support.hierarchical.NodeTestTask.lambda$executeRecursively$6()V+116
j  org.junit.platform.engine.support.hierarchical.NodeTestTask$$Lambda+0x000001a761117d20.execute()V+4
j  org.junit.platform.engine.support.hierarchical.ThrowableCollector.execute(Lorg/junit/platform/engine/support/hierarchical/ThrowableCollector$Executable;)V+1
j  org.junit.platform.engine.support.hierarchical.NodeTestTask.lambda$executeRecursively$8(Lorg/junit/platform/engine/support/hierarchical/EngineExecutionContext;)V+15
j  org.junit.platform.engine.support.hierarchical.NodeTestTask$$Lambda+0x000001a761117ae8.invoke(Lorg/junit/platform/engine/support/hierarchical/EngineExecutionContext;)V+5
j  org.junit.platform.engine.support.hierarchical.Node.around(Lorg/junit/platform/engine/support/hierarchical/EngineExecutionContext;Lorg/junit/platform/engine/support/hierarchical/Node$Invocation;)V+2
j  org.junit.platform.engine.support.hierarchical.NodeTestTask.lambda$executeRecursively$9()V+14
j  org.junit.platform.engine.support.hierarchical.NodeTestTask$$Lambda+0x000001a7611178b0.execute()V+4
j  org.junit.platform.engine.support.hierarchical.ThrowableCollector.execute(Lorg/junit/platform/engine/support/hierarchical/ThrowableCollector$Executable;)V+1
j  org.junit.platform.engine.support.hierarchical.NodeTestTask.executeRecursively()V+31
j  org.junit.platform.engine.support.hierarchical.NodeTestTask.execute()V+55
j  org.junit.platform.engine.support.hierarchical.SameThreadHierarchicalTestExecutorService$$Lambda+0x000001a761115930.accept(Ljava/lang/Object;)V+4
j  java.util.ArrayList.forEach(Ljava/util/function/Consumer;)V+46 java.base@24.0.2
j  org.junit.platform.engine.support.hierarchical.SameThreadHierarchicalTestExecutorService.invokeAll(Ljava/util/List;)V+6
j  org.junit.platform.engine.support.hierarchical.NodeTestTask.lambda$executeRecursively$6()V+116
j  org.junit.platform.engine.support.hierarchical.NodeTestTask$$Lambda+0x000001a761117d20.execute()V+4
j  org.junit.platform.engine.support.hierarchical.ThrowableCollector.execute(Lorg/junit/platform/engine/support/hierarchical/ThrowableCollector$Executable;)V+1
j  org.junit.platform.engine.support.hierarchical.NodeTestTask.lambda$executeRecursively$8(Lorg/junit/platform/engine/support/hierarchical/EngineExecutionContext;)V+15
j  org.junit.platform.engine.support.hierarchical.NodeTestTask$$Lambda+0x000001a761117ae8.invoke(Lorg/junit/platform/engine/support/hierarchical/EngineExecutionContext;)V+5
j  org.junit.platform.engine.support.hierarchical.Node.around(Lorg/junit/platform/engine/support/hierarchical/EngineExecutionContext;Lorg/junit/platform/engine/support/hierarchical/Node$Invocation;)V+2
j  org.junit.platform.engine.support.hierarchical.NodeTestTask.lambda$executeRecursively$9()V+14
j  org.junit.platform.engine.support.hierarchical.NodeTestTask$$Lambda+0x000001a7611178b0.execute()V+4
j  org.junit.platform.engine.support.hierarchical.ThrowableCollector.execute(Lorg/junit/platform/engine/support/hierarchical/ThrowableCollector$Executable;)V+1
j  org.junit.platform.engine.support.hierarchical.NodeTestTask.executeRecursively()V+31
j  org.junit.platform.engine.support.hierarchical.NodeTestTask.execute()V+55
j  org.junit.platform.engine.support.hierarchical.SameThreadHierarchicalTestExecutorService.submit(Lorg/junit/platform/engine/support/hierarchical/HierarchicalTestExecutorService$TestTask;)Ljava/util/concurrent/Future;+1
j  org.junit.platform.engine.support.hierarchical.HierarchicalTestExecutor.execute()Ljava/util/concurrent/Future;+74
j  org.junit.platform.engine.support.hierarchical.HierarchicalTestEngine.execute(Lorg/junit/platform/engine/ExecutionRequest;)V+31
j  org.junit.platform.launcher.core.EngineExecutionOrchestrator.execute(Lorg/junit/platform/engine/TestDescriptor;Lorg/junit/platform/engine/EngineExecutionListener;Lorg/junit/platform/engine/ConfigurationParameters;Lorg/junit/platform/engine/TestEngine;)V+24
j  org.junit.platform.launcher.core.EngineExecutionOrchestrator.execute(Lorg/junit/platform/launcher/core/LauncherDiscoveryResult;Lorg/junit/platform/engine/EngineExecutionListener;)V+115
j  org.junit.platform.launcher.core.EngineExecutionOrchestrator.execute(Lorg/junit/platform/launcher/core/InternalTestPlan;Lorg/junit/platform/engine/EngineExecutionListener;Lorg/junit/platform/launcher/TestExecutionListener;)V+55
j  org.junit.platform.launcher.core.EngineExecutionOrchestrator.lambda$execute$0(Lorg/junit/platform/launcher/core/InternalTestPlan;Lorg/junit/platform/launcher/TestExecutionListener;)V+6
j  org.junit.platform.launcher.core.EngineExecutionOrchestrator$$Lambda+0x000001a761107200.accept(Ljava/lang/Object;)V+12
j  org.junit.platform.launcher.core.EngineExecutionOrchestrator.withInterceptedStreams(Lorg/junit/platform/engine/ConfigurationParameters;Lorg/junit/platform/launcher/core/ListenerRegistry;Ljava/util/function/Consumer;)V+51
j  org.junit.platform.launcher.core.EngineExecutionOrchestrator.execute(Lorg/junit/platform/launcher/core/InternalTestPlan;[Lorg/junit/platform/launcher/TestExecutionListener;)V+23
j  org.junit.platform.launcher.core.DefaultLauncher.execute(Lorg/junit/platform/launcher/core/InternalTestPlan;[Lorg/junit/platform/launcher/TestExecutionListener;)V+6
j  org.junit.platform.launcher.core.DefaultLauncher.execute(Lorg/junit/platform/launcher/LauncherDiscoveryRequest;[Lorg/junit/platform/launcher/TestExecutionListener;)V+34
j  org.junit.platform.launcher.core.DelegatingLauncher.execute(Lorg/junit/platform/launcher/LauncherDiscoveryRequest;[Lorg/junit/platform/launcher/TestExecutionListener;)V+6
j  org.gradle.api.internal.tasks.testing.junitplatform.JUnitPlatformTestClassProcessor$CollectAllTestClassesExecutor.processAllTestClasses()V+94
j  org.gradle.api.internal.tasks.testing.junitplatform.JUnitPlatformTestClassProcessor$CollectAllTestClassesExecutor.access$000(Lorg/gradle/api/internal/tasks/testing/junitplatform/JUnitPlatformTestClassProcessor$CollectAllTestClassesExecutor;)V+1
j  org.gradle.api.internal.tasks.testing.junitplatform.JUnitPlatformTestClassProcessor.stop()V+4
j  org.gradle.api.internal.tasks.testing.SuiteTestClassProcessor.stop()V+4
j  java.lang.invoke.LambdaForm$DMH+0x000001a761088800.invokeInterface(Ljava/lang/Object;Ljava/lang/Object;)V+21 java.base@24.0.2
j  java.lang.invoke.LambdaForm$MH+0x000001a761089000.invoke(Ljava/lang/Object;Ljava/lang/Object;)Ljava/lang/Object;+31 java.base@24.0.2
j  java.lang.invoke.Invokers$Holder.invokeExact_MT(Ljava/lang/Object;Ljava/lang/Object;Ljava/lang/Object;)Ljava/lang/Object;+19 java.base@24.0.2
j  jdk.internal.reflect.DirectMethodHandleAccessor.invokeImpl(Ljava/lang/Object;[Ljava/lang/Object;)Ljava/lang/Object;+41 java.base@24.0.2
j  jdk.internal.reflect.DirectMethodHandleAccessor.invoke(Ljava/lang/Object;[Ljava/lang/Object;)Ljava/lang/Object;+23 java.base@24.0.2
j  java.lang.reflect.Method.invoke(Ljava/lang/Object;[Ljava/lang/Object;)Ljava/lang/Object;+102 java.base@24.0.2
j  org.gradle.internal.dispatch.ReflectionDispatch.dispatch(Lorg/gradle/internal/dispatch/MethodInvocation;)V+19
j  org.gradle.internal.dispatch.ReflectionDispatch.dispatch(Ljava/lang/Object;)V+5
j  org.gradle.internal.dispatch.ContextClassLoaderDispatch.dispatch(Ljava/lang/Object;)V+22
j  org.gradle.internal.dispatch.ProxyDispatchAdapter$DispatchingInvocationHandler.invoke(Ljava/lang/Object;Ljava/lang/reflect/Method;[Ljava/lang/Object;)Ljava/lang/Object;+177
j  jdk.proxy1.$Proxy4.stop()V+9 jdk.proxy1
j  org.gradle.api.internal.tasks.testing.worker.TestWorker$3.run()V+7
j  org.gradle.api.internal.tasks.testing.worker.TestWorker.executeAndMaintainThreadName(Ljava/lang/Runnable;)V+1
j  org.gradle.api.internal.tasks.testing.worker.TestWorker.execute(Lorg/gradle/process/internal/worker/WorkerProcessContext;)V+76
j  org.gradle.api.internal.tasks.testing.worker.TestWorker.execute(Ljava/lang/Object;)V+5
j  org.gradle.process.internal.worker.child.ActionExecutionWorker.execute(Lorg/gradle/process/internal/worker/WorkerProcessContext;)V+65
j  org.gradle.process.internal.worker.child.SystemApplicationClassLoaderWorker.call()Ljava/lang/Void;+270
j  org.gradle.process.internal.worker.child.SystemApplicationClassLoaderWorker.call()Ljava/lang/Object;+1
j  worker.org.gradle.process.internal.worker.GradleWorkerMain.run()V+250
j  worker.org.gradle.process.internal.worker.GradleWorkerMain.main([Ljava/lang/String;)V+7
v  ~StubRoutines::call_stub 0x000001a753240fcd

siginfo: EXCEPTION_ACCESS_VIOLATION (0xc0000005), reading address 0x0000000000000000


Registers:
RAX=0x0000000000000000, RBX=0x00000000ffffffff, RCX=0x0000000000000001, RDX=0x0000000000000004
RSP=0x000000a076bf85f0, RBP=0x000001a740f6ebe0, RSI=0x0000000000000000, RDI=0x0000000000000000
R8 =0x0000000000000004, R9 =0x000001a740fa5d70, R10=0x0000000000000000, R11=0x000001a7539cc6bc
R12=0x0000000000000000, R13=0x000000000000000f, R14=0x0000000000000000, R15=0x000001a740f6f330
RIP=0x00007ffb6b3d2d07, EFLAGS=0x0000000000010246

XMM[0]=0x0000000000000000 0x0000000000000000
XMM[1]=0x0000000000000000 0x0000000000000000
XMM[2]=0x0000000000000000 0x0000000000000000
XMM[3]=0x0000000000000000 0x0000000000000000
XMM[4]=0x0000000000000000 0x0000000000000000
XMM[5]=0x0000000000000000 0x0000000000000000
XMM[6]=0x2abcb1e9b28d4331 0xd9f4a92748ab63d2
XMM[7]=0x5fa576e10dd7db34 0x7f4881effe8c88fb
XMM[8]=0x060001edc28876ce 0xefd3b12f679244fa
XMM[9]=0xcc2073d1cc2073d1 0xcc2073d11866d03e
XMM[10]=0x0000000000000000 0x000000004c465c6d
XMM[11]=0x1ffff6401ffff640 0x1ffff6403866c67e
XMM[12]=0x0000000000000000 0x000000001866d03e
XMM[13]=0x0000000000000000 0x0000000000000000
XMM[14]=0x0000000000000000 0x0000000000000000
XMM[15]=0x0000000000000000 0x0000000000000000
  MXCSR=0x00001fa0


Register to memory mapping:

RAX=0x0 is null
RBX=0x00000000ffffffff is an unknown heap location
RCX=0x0000000000000001 is an unknown value
RDX=0x0000000000000004 is an unknown value
RSP=0x000000a076bf85f0 is pointing into the stack for thread: 0x000001a740f6ebe0
RBP=0x000001a740f6ebe0 is a thread
RSI=0x0 is null
RDI=0x0 is null
R8 =0x0000000000000004 is an unknown value
R9 =0x000001a740fa5d70 points into unknown readable memory: 0x0000000000000102 | 02 01 00 00 00 00 00 00
R10=0x0 is null
R11=0x000001a7539cc6bc is at entry_point+986 in (nmethod*)0x000001a7539cc188
Compiled method (c2) 927 1181       4       java.lang.StringBuilder::append (8 bytes)
 total in heap  [0x000001a7539cc188,0x000001a7539ccab8] = 2352
 relocation     [0x000001a7539cc260,0x000001a7539cc2d0] = 112
 main code      [0x000001a7539cc2e0,0x000001a7539cca40] = 1888
 stub code      [0x000001a7539cca40,0x000001a7539cca68] = 40
 metadata       [0x000001a7539cca68,0x000001a7539ccab8] = 80
 immutable data [0x000001a7a507ca10,0x000001a7a507cd70] = 864
 dependencies   [0x000001a7a507ca10,0x000001a7a507ca28] = 24
 nul chk table  [0x000001a7a507ca28,0x000001a7a507ca58] = 48
 handler table  [0x000001a7a507ca58,0x000001a7a507caa0] = 72
 scopes pcs     [0x000001a7a507caa0,0x000001a7a507cb90] = 240
 scopes data    [0x000001a7a507cb90,0x000001a7a507cd70] = 480
R12=0x0 is null
R13=0x000000000000000f is an unknown value
R14=0x0 is null
R15=0x000001a740f6f330 points into unknown readable memory: 0x000001a7604684a0 | a0 84 46 60 a7 01 00 00

Top of Stack: (sp=0x000000a076bf85f0)
0x000000a076bf85f0:   000001a740f5f450 000001a740f6f320   P..@.... ..@....
0x000000a076bf8600:   000001a740f6f708 00007ffb6b3d7929   ...@....)y=k....
0x000000a076bf8610:   000001a760454308 000000a076bf8710   .CE`.......v....
0x000000a076bf8620:   000001a740f6f320 000001a700000000    ..@............
0x000000a076bf8630:   00000000000003d8 000001a740f6ebe0   ...........@....
0x000000a076bf8640:   000001a740f6f330 000001a740f6f708   0..@.......@....
0x000000a076bf8650:   000001a740fa5d70 000001a740f6f320   p].@.... ..@....
0x000000a076bf8660:   000001a740f6f708 000001a760454308   ...@.....CE`....
0x000000a076bf8670:   000001a740f6ebe0 00000000000003d8   ...@............
0x000000a076bf8680:   000001a740f6f330 0000000000000000   0..@............
0x000000a076bf8690:   000001a740f6eb00 0000000000000000   ...@............
0x000000a076bf86a0:   000000a076bf9ce0 0000000000000059   ...v....Y.......
0x000000a076bf86b0:   000001a7539cc6bc 0000000000000000   ...S............
0x000000a076bf86c0:   000000a076bf87d0 00007ffb6b3c14cf   ...v......<k....
0x000000a076bf86d0:   000001a7539cc188 000001a7539cc6bc   ...S.......S....
0x000000a076bf86e0:   000000a076bf8708 000001a740f6ebe0   ...v.......@....
0x000000a076bf86f0:   0000000000000001 000000a076bf8700   ...........v....
0x000000a076bf8700:   000000a076bfba00 0000000000000000   ...v............
0x000000a076bf8710:   000001a7432e9b20 00007ffb00000001    ..C............
0x000000a076bf8720:   0000000000000010 000000a076bfaf80   ...........v....
0x000000a076bf8730:   000001a75328f9d4 000001a75328f808   ..(S......(S....
0x000000a076bf8740:   0000000000000000 0000000000000000   ................
0x000000a076bf8750:   0000000000000000 000000a076bfaf80   ...........v....
0x000000a076bf8760:   000000a076bf9be0 00007ffb6b505edd   ...v.....^Pk....
0x000000a076bf8770:   00000000f9878e98 000001a740f6ebe0   ...........@....
0x000000a076bf8780:   000000a076bf9bd0 000000a076bf9c20   ...v.... ..v....
0x000000a076bf8790:   000001a740f6ebe0 00007ffb6b02e6df   ...@.......k....
0x000000a076bf87a0:   000001a761173400 0000000000000000   .4.a............
0x000000a076bf87b0:   00000000f9878e98 000001a740f6ebe0   ...........@....
0x000000a076bf87c0:   0000000000000000 000000000000001e   ................
0x000000a076bf87d0:   000068100ad21d48 000001a7a1aee7c4   H....h..........
0x000000a076bf87e0:   0000000700000000 00000000ffffffff   ................

Instructions: (pc=0x00007ffb6b3d2d07)
  0x00007ffb6b3d2c07:   ac 00 00 00 45 2b 7e 24 48 8d 4c 24 70 49 8b d6
  0x00007ffb6b3d2c17:   45 2b fe e8 a1 05 b9 ff 45 33 c9 48 8d 4c 24 70
  0x00007ffb6b3d2c27:   41 8b d7 45 8d 41 ff e8 3d 09 b9 ff 48 85 c0 74
  0x00007ffb6b3d2c37:   41 48 63 40 04 49 63 5e 24 49 03 c6 48 03 d8 49
  0x00007ffb6b3d2c47:   83 7d 00 00 74 15 48 8b 54 24 40 48 8b cf e8 46
  0x00007ffb6b3d2c57:   d7 91 ff 49 8b cd e8 1e d7 91 ff 48 39 6f 20 0f
  0x00007ffb6b3d2c67:   84 35 03 00 00 48 89 6f 20 4c 89 67 28 e9 24 03
  0x00007ffb6b3d2c77:   00 00 49 8b ce e8 2f d4 b0 ff 49 83 7d 00 00 48
  0x00007ffb6b3d2c87:   8b d8 74 15 48 8b 54 24 40 48 8b cf e8 08 d7 91
  0x00007ffb6b3d2c97:   ff 49 8b cd e8 e0 d6 91 ff 48 39 6f 20 0f 84 f7
  0x00007ffb6b3d2ca7:   02 00 00 48 89 6f 20 4c 89 67 28 e9 e6 02 00 00
  0x00007ffb6b3d2cb7:   49 8b d7 49 8b ce e8 7e 2f f6 ff 48 8d 4c 24 48
  0x00007ffb6b3d2cc7:   4c 8b f8 e8 a1 0a b9 ff 48 8b 6c 24 48 45 33 e4
  0x00007ffb6b3d2cd7:   44 89 64 24 38 bb ff ff ff ff 40 84 f6 0f 85 7a
  0x00007ffb6b3d2ce7:   01 00 00 45 8b 6f 08 33 ff 44 8b f7 48 8b 84 24
  0x00007ffb6b3d2cf7:   f0 00 00 00 40 32 f6 8b 0d bc 57 55 00 48 8b 00
=>0x00007ffb6b3d2d07:   48 8b 18 85 c9 74 10 83 f9 01 74 06 48 8b 5b 08
  0x00007ffb6b3d2d17:   eb 1c 8b 5b 08 eb 07 48 8b 1b 48 c1 eb 2a 8b 0d
  0x00007ffb6b3d2d27:   d5 73 54 00 48 d3 e3 48 03 1d c3 73 54 00 49 8b
  0x00007ffb6b3d2d37:   07 48 89 44 24 70 48 89 6c 24 78 48 85 c0 74 16
  0x00007ffb6b3d2d47:   48 8b 8d 38 03 00 00 48 8d 54 24 38 48 89 44 24
  0x00007ffb6b3d2d57:   38 e8 e3 8a 85 ff 4c 8b cd 48 8d 4c 24 70 45 8b
  0x00007ffb6b3d2d67:   c5 48 8b d3 e8 70 5b f3 ff 8b d8 48 39 7d 08 74
  0x00007ffb6b3d2d77:   75 48 8b 84 24 08 01 00 00 41 b4 01 44 88 20 48
  0x00007ffb6b3d2d87:   8b 75 08 48 85 f6 75 05 48 8b c7 eb 34 4c 8b 8d
  0x00007ffb6b3d2d97:   30 03 00 00 49 8b 41 20 49 8b 49 28 48 2b c8 48
  0x00007ffb6b3d2da7:   83 f9 08 72 0a 48 8d 48 08 49 89 49 20 eb 0f 45
  0x00007ffb6b3d2db7:   33 c0 49 8b c9 41 8d 50 08 e8 4b d4 91 ff 48 89
  0x00007ffb6b3d2dc7:   30 48 8b 8c 24 f0 00 00 00 48 89 01 48 8b cd e8
  0x00007ffb6b3d2dd7:   15 13 b9 ff 85 db 78 13 44 8b eb 41 0f b6 f4 bb
  0x00007ffb6b3d2de7:   ff ff ff ff eb 09 45 32 e4 eb 04 40 0f b6 f7 40
  0x00007ffb6b3d2df7:   38 bc 24 00 01 00 00 75 20 85 db 79 1c 40 84 f6


Stack slot to memory mapping:

stack at sp + 0 slots: 0x000001a740f5f450 points into unknown readable memory: 0x0000000000000000 | 00 00 00 00 00 00 00 00
stack at sp + 1 slots: 0x000001a740f6f320 points into unknown readable memory: 0x0000000000000000 | 00 00 00 00 00 00 00 00
stack at sp + 2 slots: 0x000001a740f6f708 points into unknown readable memory: 0x1000862f6b954725 | 25 47 95 6b 2f 86 00 10
stack at sp + 3 slots: 0x00007ffb6b3d7929 jvm.dll
stack at sp + 4 slots: {method} {0x000001a760454310} 'canConvert' '(Ljava/lang/Class;Ljava/lang/Class;)Z' in 'java/lang/invoke/MethodType'
stack at sp + 5 slots: 0x000000a076bf8710 is pointing into the stack for thread: 0x000001a740f6ebe0
stack at sp + 6 slots: 0x000001a740f6f320 points into unknown readable memory: 0x0000000000000000 | 00 00 00 00 00 00 00 00
stack at sp + 7 slots: 0x000001a700000000 is an unknown value

Lock stack of current Java thread (top to bottom):

--------------------------------------------------------------------------------
Decoding CodeBlob, name: ExceptionBlob, at  [0x000001a753366f60, 0x000001a753366fe8]  136 bytes
[MachCode]
  0x000001a753366f60: 5248 83ec | 2848 896c | 2420 4989 | 8708 0500 | 0049 8997 | 1005 0000 | c5f8 7749 | ba78 6f36 
  0x000001a753366f80: 53a7 0100 | 004d 8997 | b003 0000 | 4989 a7a8 | 0300 0049 | 8bcf 4883 | e4f0 48b8 | 6010 3c6b 
  0x000001a753366fa0: fb7f 0000 | ffd0 49c7 | 87a8 0300 | 0000 0000 | 0049 c787 | b003 0000 | 0000 0000 | c5f8 7748 
  0x000001a753366fc0: 8b6c 2420 | 4883 c428 | 5a4c 8bc0 | 498b 8708 | 0500 0049 | 8b97 1005 | 0000 49c7 | 8708 0500 
  0x000001a753366fe0: 0000 0000 | 0041 ffe0 
[/MachCode]
--------------------------------------------------------------------------------


Compiled method (c2) 945 1181       4       java.lang.StringBuilder::append (8 bytes)
 total in heap  [0x000001a7539cc188,0x000001a7539ccab8] = 2352
 relocation     [0x000001a7539cc260,0x000001a7539cc2d0] = 112
 main code      [0x000001a7539cc2e0,0x000001a7539cca40] = 1888
 stub code      [0x000001a7539cca40,0x000001a7539cca68] = 40
 metadata       [0x000001a7539cca68,0x000001a7539ccab8] = 80
 immutable data [0x000001a7a507ca10,0x000001a7a507cd70] = 864
 dependencies   [0x000001a7a507ca10,0x000001a7a507ca28] = 24
 nul chk table  [0x000001a7a507ca28,0x000001a7a507ca58] = 48
 handler table  [0x000001a7a507ca58,0x000001a7a507caa0] = 72
 scopes pcs     [0x000001a7a507caa0,0x000001a7a507cb90] = 240
 scopes data    [0x000001a7a507cb90,0x000001a7a507cd70] = 480

[Constant Pool (empty)]

[MachCode]
[Instructions begin]
  0x000001a7539cc2e0: 6690 448b | 5208 443b 

  0x000001a7539cc2e8: ;   {runtime_call Shared Runtime ic_miss_blob}
  0x000001a7539cc2e8: 5008 0f85 | 7026 8cff 
[Verified Entry Point]
  0x000001a7539cc2f0: 8984 2400 | 80ff ff55 | 4881 ec80 | 0000 0090 | 4181 7f20 | 0200 0000 | 0f85 2507 | 0000 4c8b 
  0x000001a7539cc310: d249 8bc8 

  0x000001a7539cc314: ; implicit exception: dispatches to 0x000001a7539cc8c4
  0x000001a7539cc314: 458b 4014 

  0x000001a7539cc318: ; implicit exception: dispatches to 0x000001a7539cc85d
  0x000001a7539cc318: 458b 400c | 488b da8b | 5214 8b7a | 0c45 0fbe | 5210 440f | be59 10c4 | e22a f7ef | c4c2 22f7 
  0x000001a7539cc338: f044 8b4b | 0c46 8d04 | 0e41 8bc0 | 2bc5 85c0 | 0f8f 8500 | 0000 453b | d30f 85f1 | 0300 008b 
  0x000001a7539cc358: 7b14 453b | da0f 85ad | 0300 008b | 4914 448b | 590c c4c2 | 29f7 e944 | 8b57 0c85 | ed0f 8c6a 
  0x000001a7539cc378: 0300 0045 | 8d0c 2b45 | 3bd1 0f82 | 5d03 0000 | 4585 db76 | 2a4d 63c3 | 4c8b d148 | 8d49 104c 
  0x000001a7539cc398: 8bd7 488d | 542f 10c5 | f877 49ba | 6011 2753 | a701 0000 

  0x000001a7539cc3ac: ;   {post_call_nop}
  0x000001a7539cc3ac: 41ff d20f | 1f84 0000 | 0000 0001 | 730c 488b | c3c5 f877 | 4881 c480 | 0000 005d 

  0x000001a7539cc3c8: ;   {poll_return}
  0x000001a7539cc3c8: 493b 6728 | 0f87 4b06 | 0000 c389 | 7424 3889 | 7c24 2489 | 5424 2048 | 8beb 4889 | 4c24 2848 
  0x000001a7539cc3e8: 8bd3 6690 

  0x000001a7539cc3ec: ;   {optimized virtual_call}
  0x000001a7539cc3ec: c5f8 77e8 

  0x000001a7539cc3f0: ; ImmutableOopMap {rbp=Oop [32]=NarrowOop [40]=Oop }
                      ;*invokevirtual newCapacity {reexecute=0 rethrow=0 return_oop=0}
                      ; - java.lang.AbstractStringBuilder::ensureCapacityInternal@24 (line 247)
                      ; - java.lang.AbstractStringBuilder::append@21 (line 591)
                      ; - java.lang.StringBuilder::append@2 (line 179)
  0x000001a7539cc3f0: 9c6a 0000 

  0x000001a7539cc3f4: ;   {post_call_nop}
  0x000001a7539cc3f4: 0f1f 8400 | 6c02 0000 | 488b dd44 | 0fbe 5b10 | c462 21f7 | c044 8b4c | 2420 4d8b | d14c 8954 
  0x000001a7539cc414: 2468 4d8d | 5910 443b | 4424 240f | 842d 0100 | 0044 8b54 | 2424 453b | d041 8bea | 410f 4fe8 
  0x000001a7539cc434: 443b d50f | 82b6 0300 | 0044 3bc5 | 0f82 ad03 | 0000 458b | c84d 63d1 | 4983 c217 | 498b fa48 
  0x000001a7539cc454: 83e7 f841 | 81f8 0000 | 1000 0f87 | 2c02 0000 | 498b b7c8 | 0100 004c | 8bce 4c03 | cf4d 3b8f 
  0x000001a7539cc474: d801 0000 | 0f83 1202 | 0000 4d89 | 8fc8 0100 | 0041 0f18 | 8100 0100 | 0048 c706 | 0100 0000 
  0x000001a7539cc494: 410f 1881 | 4001 0000 

  0x000001a7539cc49c: ;   {metadata({type array byte})}
  0x000001a7539cc49c: c746 0808 | 7616 0044 | 8946 0c41 | 0f18 8180 | 0100 004c | 8bce 4983 | c110 49c1 | ea03 85ed 
  0x000001a7539cc4bc: 0f84 be02 | 0000 413b | e80f 8c20 | 0100 0048 | 83c7 f048 | c1ef 0349 | 8bcb 498b | d14c 8bc7 
  0x000001a7539cc4dc: c5f8 7749 | ba00 3327 | 53a7 0100 | 0041 ffd2 

  0x000001a7539cc4ec: ;   {post_call_nop}
  0x000001a7539cc4ec: 0f1f 8400 | 0000 0000 | 440f be53 | 1044 8b4b | 0c48 8b4c | 2428 440f | be59 1048 | 8d53 1441 
  0x000001a7539cc50c: 807f 4800 | 0f85 fe03 | 0000 4c8b | c644 8902 | 488b fa48 | 33fe 48c1 | ef14 0f84 | 1d00 0000 
  0x000001a7539cc52c: 488b fa48 | c1ef 0949 | b800 0007 | 5ba7 0100 | 0049 03f8 | 803f 020f | 8557 0400 | 008b 7424 
  0x000001a7539cc54c: 38e9 fcfd | ffff 4c63 | 4424 2444 | 8b54 2424 | 4181 fa00 | 0010 000f | 87b3 0200 | 0049 8bbf 
  0x000001a7539cc56c: c801 0000 | 498d 4817 | 4883 e1f8 | 488b d748 | 03d1 493b | 97d8 0100 | 000f 8391 | 0200 0049 
  0x000001a7539cc58c: 8997 c801 | 0000 0f18 | 8200 0100 | 0048 c707 | 0100 0000 | 0f18 8240 

  0x000001a7539cc5a4: ;   {metadata({type array byte})}
  0x000001a7539cc5a4: 0100 00c7 | 4708 0876 | 1600 4489 | 570c 0f18 | 8280 0100 | 0048 8bd7 | 4883 c210 | 4983 c007 
  0x000001a7539cc5c4: 49c1 e803 | 498b cbc5 | f877 49ba | 0033 2753 | a701 0000 

  0x000001a7539cc5d8: ;   {post_call_nop}
  0x000001a7539cc5d8: 41ff d20f | 1f84 0000 | 0000 0048 | 8bf7 e909 | ffff ff4c | 63c5 498d | 4810 488b | d148 83e2 
  0x000001a7539cc5f8: f848 8bfe | 4803 fa48 | c1e9 034c | 2bd1 498b | ca48 33c0 | 4883 f908 | 7f10 48ff | c978 5648 
  0x000001a7539cc618: 8904 cf48 | ffc9 7df7 | eb4b c5fd | efc0 e90d | 0000 00c5 | fe7f 07c5 | fe7f 4720 | 4883 c740 
  0x000001a7539cc638: 4883 e908 | 7ded 4883 | c104 7c0c | c5fe 7f07 | 4883 c720 | 4883 e904 | 4883 c104 | 7e17 48c7 
  0x000001a7539cc658: c0ff ffff | ffc4 e2f0 | f5c0 c4e1 | fb92 f862 | f1fe 2f7f | 0749 8bcb | 498b d1c5 | f877 49ba 
  0x000001a7539cc678: 8009 2753 | a701 0000 

  0x000001a7539cc680: ;   {post_call_nop}
  0x000001a7539cc680: 41ff d20f | 1f84 0000 | 0000 00e9 | 64fe ffff | 4889 7c24 | 504c 8954 | 2448 4c89 | 5c24 4044 
  0x000001a7539cc6a0: 8944 2430 | 4889 5c24 

  0x000001a7539cc6a8: ;   {metadata({type array byte})}
  0x000001a7539cc6a8: 2048 ba08 | 7616 60a7 | 0100 0090 

  0x000001a7539cc6b4: ;   {runtime_call C2 Runtime new_array_nozero}
  0x000001a7539cc6b4: c5f8 77e8 

  0x000001a7539cc6b8: ; ImmutableOopMap {[32]=Oop [40]=Oop [104]=Oop [64]=Derived_oop_[104] }
                      ;*newarray {reexecute=0 rethrow=0 return_oop=1}
                      ; - java.util.Arrays::copyOf@15 (line 3537)
                      ; - java.lang.AbstractStringBuilder::ensureCapacityInternal@32 (line 246)
                      ; - java.lang.AbstractStringBuilder::append@21 (line 591)
                      ; - java.lang.StringBuilder::append@2 (line 179)
  0x000001a7539cc6b8: 24f7 99ff 

  0x000001a7539cc6bc: ;   {post_call_nop}
  0x000001a7539cc6bc: 0f1f 8400 | 3405 0001 | 488b 5c24 | 2044 8b44 | 2430 4c8b | 5c24 404c | 8b54 2448 | 488b 7c24 
  0x000001a7539cc6dc: 5048 8bf0 | e9ca fdff | ffba ccff | ffff 4889 | 5c24 2889 | 7424 3089 | 4c24 3489 | 7c24 3844 
  0x000001a7539cc6fc: 895c 243c 

  0x000001a7539cc700: ;   {runtime_call UncommonTrapBlob}
  0x000001a7539cc700: c5f8 77e8 

  0x000001a7539cc704: ; ImmutableOopMap {[40]=Oop [52]=NarrowOop [56]=NarrowOop }
                      ;*invokestatic arraycopy {reexecute=0 rethrow=0 return_oop=0}
                      ; - java.lang.String::getBytes@22 (line 4810)
                      ; - java.lang.AbstractStringBuilder::putStringAt@15 (line 1764)
                      ; - java.lang.AbstractStringBuilder::append@30 (line 592)
                      ; - java.lang.StringBuilder::append@2 (line 179)
  0x000001a7539cc704: 58a5 99ff 

  0x000001a7539cc708: ;   {post_call_nop}
  0x000001a7539cc708: 0f1f 8400 | 8005 0002 | ba4d ffff | ff48 895c | 2420 4889 | 4c24 2889 | 7424 3089 | 7c24 3444 
  0x000001a7539cc728: 894c 2438 | 4489 5c24 | 3c44 8954 | 2440 6690 

  0x000001a7539cc738: ;   {runtime_call UncommonTrapBlob}
  0x000001a7539cc738: c5f8 77e8 

  0x000001a7539cc73c: ; ImmutableOopMap {[32]=Oop [40]=Oop [52]=NarrowOop }
                      ;*if_icmpne {reexecute=1 rethrow=0 return_oop=0}
                      ; - (reexecute) java.lang.String::getBytes@5 (line 4809)
                      ; - java.lang.AbstractStringBuilder::putStringAt@15 (line 1764)
                      ; - java.lang.AbstractStringBuilder::append@30 (line 592)
                      ; - java.lang.StringBuilder::append@2 (line 179)
  0x000001a7539cc73c: 20a5 99ff 

  0x000001a7539cc740: ;   {post_call_nop}
  0x000001a7539cc740: 0f1f 8400 | b805 0003 | ba4d ffff | ff48 895c | 2420 4889 | 5c24 2848 | 894c 2430 | 8974 2440 
  0x000001a7539cc760: 4489 4c24 | 4444 8954 | 2448 4489 | 5c24 4c90 

  0x000001a7539cc770: ;   {runtime_call UncommonTrapBlob}
  0x000001a7539cc770: c5f8 77e8 

  0x000001a7539cc774: ; ImmutableOopMap {[32]=Oop [40]=Oop [48]=Oop }
                      ;*if_icmpeq {reexecute=1 rethrow=0 return_oop=0}
                      ; - (reexecute) java.lang.AbstractStringBuilder::inflateIfNeededFor@14 (line 1746)
                      ; - java.lang.AbstractStringBuilder::putStringAt@2 (line 1763)
                      ; - java.lang.AbstractStringBuilder::append@30 (line 592)
                      ; - java.lang.StringBuilder::append@2 (line 179)
  0x000001a7539cc774: e8a4 99ff 

  0x000001a7539cc778: ;   {post_call_nop}
  0x000001a7539cc778: 0f1f 8400 | f005 0004 | 4983 c2fe | 498b ca49 | 8bf9 4833 | c048 83f9 | 087f 1048 | ffc9 7856 
  0x000001a7539cc798: 4889 04cf | 48ff c97d | f7eb 4bc5 | fdef c0e9 | 0d00 0000 | c5fe 7f07 | c5fe 7f47 | 2048 83c7 
  0x000001a7539cc7b8: 4048 83e9 | 087d ed48 | 83c1 047c | 0cc5 fe7f | 0748 83c7 | 2048 83e9 | 0448 83c1 | 047e 1748 
  0x000001a7539cc7d8: c7c0 ffff | ffff c4e2 | f0f5 c0c4 | e1fb 92f8 | 62f1 fe2f | 7f07 e901 | fdff ffba | ccff ffff 
  0x000001a7539cc7f8: 4889 5c24 | 2048 895c | 2430 4489 | 4c24 3c44 | 8944 2444 

  0x000001a7539cc80c: ;   {runtime_call UncommonTrapBlob}
  0x000001a7539cc80c: c5f8 77e8 

  0x000001a7539cc810: ; ImmutableOopMap {[32]=Oop [40]=Oop [48]=Oop [60]=NarrowOop }
                      ;*newarray {reexecute=1 rethrow=0 return_oop=0}
                      ; - (reexecute) java.util.Arrays::copyOf@15 (line 3537)
                      ; - java.lang.AbstractStringBuilder::ensureCapacityInternal@32 (line 246)
                      ; - java.lang.AbstractStringBuilder::append@21 (line 591)
                      ; - java.lang.StringBuilder::append@2 (line 179)
  0x000001a7539cc810: 4ca4 99ff 

  0x000001a7539cc814: ;   {post_call_nop}
  0x000001a7539cc814: 0f1f 8400 | 8c06 0005 | 4c89 4424 | 304c 895c | 2420 4489 

  0x000001a7539cc828: ;   {metadata({type array byte})}
  0x000001a7539cc828: 4c24 3c48 | ba08 7616 | 60a7 0100 | 0045 8bc2 

  0x000001a7539cc838: ;   {runtime_call C2 Runtime new_array_nozero}
  0x000001a7539cc838: c5f8 77e8 

  0x000001a7539cc83c: ; ImmutableOopMap {rbp=Oop [40]=Oop [60]=NarrowOop [104]=Oop [32]=Derived_oop_[104] }
                      ;*invokevirtual clone {reexecute=1 rethrow=0 return_oop=1}
                      ; - (reexecute) java.util.Arrays::copyOf@7 (line 3535)
                      ; - java.lang.AbstractStringBuilder::ensureCapacityInternal@32 (line 246)
                      ; - java.lang.AbstractStringBuilder::append@21 (line 591)
                      ; - java.lang.StringBuilder::append@2 (line 179)
  0x000001a7539cc83c: a0f5 99ff 

  0x000001a7539cc840: ;   {post_call_nop}
  0x000001a7539cc840: 0f1f 8400 | b806 0006 | 488b dd4c | 8b5c 2420 | 4c8b 4424 | 3048 8bf8 | e95c fdff | ffba f6ff 
  0x000001a7539cc860: ffff 6690 

  0x000001a7539cc864: ;   {runtime_call UncommonTrapBlob}
  0x000001a7539cc864: c5f8 77e8 

  0x000001a7539cc868: ; ImmutableOopMap {}
                      ;*arraylength {reexecute=0 rethrow=0 return_oop=0}
                      ; - java.lang.String::length@4 (line 1580)
                      ; - java.lang.AbstractStringBuilder::append@10 (line 590)
                      ; - java.lang.StringBuilder::append@2 (line 179)
  0x000001a7539cc868: f4a3 99ff 

  0x000001a7539cc86c: ;   {post_call_nop}
  0x000001a7539cc86c: 0f1f 8400 | e406 0007 | baf6 ffff | ff66 6690 

  0x000001a7539cc87c: ;   {runtime_call UncommonTrapBlob}
  0x000001a7539cc87c: c5f8 77e8 

  0x000001a7539cc880: ; ImmutableOopMap {}
                      ;*arraylength {reexecute=0 rethrow=0 return_oop=0}
                      ; - java.lang.AbstractStringBuilder::ensureCapacityInternal@4 (line 244)
                      ; - java.lang.AbstractStringBuilder::append@21 (line 591)
                      ; - java.lang.StringBuilder::append@2 (line 179)
  0x000001a7539cc880: dca3 99ff 

  0x000001a7539cc884: ;   {post_call_nop}
  0x000001a7539cc884: 0f1f 8400 | fc06 0008 | baf6 ffff | ff66 6690 

  0x000001a7539cc894: ;   {runtime_call UncommonTrapBlob}
  0x000001a7539cc894: c5f8 77e8 

  0x000001a7539cc898: ; ImmutableOopMap {}
                      ;*arraylength {reexecute=0 rethrow=0 return_oop=0}
                      ; - java.lang.String::getBytes@21 (line 4810)
                      ; - java.lang.AbstractStringBuilder::putStringAt@15 (line 1764)
                      ; - java.lang.AbstractStringBuilder::append@30 (line 592)
                      ; - java.lang.StringBuilder::append@2 (line 179)
  0x000001a7539cc898: c4a3 99ff 

  0x000001a7539cc89c: ;   {post_call_nop}
  0x000001a7539cc89c: 0f1f 8400 | 1407 0009 | baf6 ffff | ff89 4c24 | 2044 895c | 2424 6690 

  0x000001a7539cc8b4: ;   {runtime_call UncommonTrapBlob}
  0x000001a7539cc8b4: c5f8 77e8 

  0x000001a7539cc8b8: ; ImmutableOopMap {[32]=NarrowOop }
                      ;*invokestatic arraycopy {reexecute=0 rethrow=0 return_oop=0}
                      ; - java.lang.String::getBytes@22 (line 4810)
                      ; - java.lang.AbstractStringBuilder::putStringAt@15 (line 1764)
                      ; - java.lang.AbstractStringBuilder::append@30 (line 592)
                      ; - java.lang.StringBuilder::append@2 (line 179)
  0x000001a7539cc8b8: a4a3 99ff 

  0x000001a7539cc8bc: ;   {post_call_nop}
  0x000001a7539cc8bc: 0f1f 8400 | 3407 000a | ba4d ffff | ff4c 8954 | 2420 4889 | 4c24 3090 

  0x000001a7539cc8d4: ;   {runtime_call UncommonTrapBlob}
  0x000001a7539cc8d4: c5f8 77e8 

  0x000001a7539cc8d8: ; ImmutableOopMap {[32]=Oop [48]=Oop }
                      ;*ifnonnull {reexecute=1 rethrow=0 return_oop=0}
                      ; - (reexecute) java.lang.AbstractStringBuilder::append@1 (line 587)
                      ; - java.lang.StringBuilder::append@2 (line 179)
  0x000001a7539cc8d8: 84a3 99ff 

  0x000001a7539cc8dc: ;   {post_call_nop}
  0x000001a7539cc8dc: 0f1f 8400 | 5407 000b | 488b d0eb | 0348 8bd0 | c5f8 7748 | 81c4 8000 

  0x000001a7539cc8f4: ;   {runtime_call C2 Runtime rethrow}
  0x000001a7539cc8f4: 0000 5de9 | e41b 9aff | ba97 ffff | ff66 6690 

  0x000001a7539cc904: ;   {runtime_call UncommonTrapBlob}
  0x000001a7539cc904: c5f8 77e8 

  0x000001a7539cc908: ; ImmutableOopMap {rbp=Oop [40]=Oop [60]=NarrowOop }
                      ;*invokevirtual clone {reexecute=1 rethrow=0 return_oop=0}
                      ; - (reexecute) java.util.Arrays::copyOf@7 (line 3535)
                      ; - java.lang.AbstractStringBuilder::ensureCapacityInternal@32 (line 246)
                      ; - java.lang.AbstractStringBuilder::append@21 (line 591)
                      ; - java.lang.StringBuilder::append@2 (line 179)
  0x000001a7539cc908: 54a3 99ff 

  0x000001a7539cc90c: ;   {post_call_nop}
  0x000001a7539cc90c: 0f1f 8400 | 8407 000c | 448b 0249 | 83f8 000f | 84f5 fbff | ff49 8b7f | 3848 85ff | 0f84 1400 
  0x000001a7539cc92c: 0000 4883 | ef08 4989 | 7f38 4903 | 7f40 4c89 | 07e9 d4fb | ffff 4883 | ec50 4c89 | 5424 484c 
  0x000001a7539cc94c: 895c 2440 | 4c89 4c24 | 3848 894c | 2430 4889 | 5424 2848 | 8974 2420 | 498b c849 

  0x000001a7539cc968: ;   {runtime_call}
  0x000001a7539cc968: 8bd7 48b8 | e018 f86a | fb7f 0000 | ffd0 488b | 7424 2048 | 8b54 2428 | 488b 4c24 | 304c 8b4c 
  0x000001a7539cc988: 2438 4c8b | 5c24 404c | 8b54 2448 | c5f8 7748 | 83c4 50e9 | 76fb ffff | f083 4424 | c000 803f 
  0x000001a7539cc9a8: 000f 849a | fbff ffc6 | 0700 4d8b | 4750 4d85 | c00f 8414 | 0000 0049 | 83e8 084d | 8947 504d 
  0x000001a7539cc9c8: 0347 5849 | 8938 e976 | fbff ff48 | 83ec 404c | 8954 2438 | 4c89 5c24 | 304c 894c | 2428 4889 
  0x000001a7539cc9e8: 4c24 2048 | 8bcf 498b 

  0x000001a7539cc9f0: ;   {runtime_call}
  0x000001a7539cc9f0: d748 b8c0 | 18f8 6afb | 7f00 00ff | d048 8b4c | 2420 4c8b | 4c24 284c | 8b5c 2430 | 4c8b 5424 
  0x000001a7539cca10: 38c5 f877 | 4883 c440 | e92c fbff 

  0x000001a7539cca1c: ;   {internal_word}
  0x000001a7539cca1c: ff49 bac8 | c39c 53a7 | 0100 004d | 8997 6004 

  0x000001a7539cca2c: ;   {runtime_call SafepointBlob}
  0x000001a7539cca2c: 0000 e9ad 

  0x000001a7539cca30: ;   {runtime_call StubRoutines (final stubs)}
  0x000001a7539cca30: aa8c ffe8 | 28b2 8aff | e9d1 f8ff | fff4 f4f4 
[Stub Code]
  0x000001a7539cca40: ;   {no_reloc}
  0x000001a7539cca40: 48bb 0000 | 0000 0000 

  0x000001a7539cca48: ;   {runtime_call nmethod}
  0x000001a7539cca48: 0000 e9fb 

  0x000001a7539cca4c: ;   {runtime_call ExceptionBlob}
  0x000001a7539cca4c: ffff ffe9 | 0ca5 99ff 
[Deopt Handler Code]
  0x000001a7539cca54: e800 0000 | 0048 832c 

  0x000001a7539cca5c: ;   {runtime_call DeoptimizationBlob}
  0x000001a7539cca5c: 2405 e91d | 938c fff4 | f4f4 f4f4 
[/MachCode]


Compiled method (c1) 955 1966       3       jdk.internal.classfile.impl.ClassFileImpl::build (38 bytes)
 total in heap  [0x000001a74c11f508,0x000001a74c11ffb0] = 2728
 relocation     [0x000001a74c11f5e0,0x000001a74c11f698] = 184
 main code      [0x000001a74c11f6a0,0x000001a74c11ff08] = 2152
 stub code      [0x000001a74c11ff08,0x000001a74c11ffa0] = 152
 metadata       [0x000001a74c11ffa0,0x000001a74c11ffb0] = 16
 immutable data [0x000001a7a5238220,0x000001a7a5238450] = 560
 dependencies   [0x000001a7a5238220,0x000001a7a5238228] = 8
 nul chk table  [0x000001a7a5238228,0x000001a7a5238250] = 40
 scopes pcs     [0x000001a7a5238250,0x000001a7a5238370] = 288
 scopes data    [0x000001a7a5238370,0x000001a7a5238450] = 224

[Constant Pool (empty)]

[MachCode]
[Instructions begin]
  0x000001a74c11f6a0: 660f 1f84 | 0000 0000 | 0066 0f1f | 8400 0000 | 0000 448b | 5208 443b 

  0x000001a74c11f6b8: ;   {runtime_call Shared Runtime ic_miss_blob}
  0x000001a74c11f6b8: 5008 0f85 | a0f2 1607 
[Verified Entry Point]
  0x000001a74c11f6c0: 8984 2400 | 80ff ff55 | 4881 ec80 | 0000 0090 | 4181 7f20 | 0200 0000 

  0x000001a74c11f6d8: ;   {runtime_call StubRoutines (final stubs)}
  0x000001a74c11f6d8: 7405 e881 | 8515 074c | 894c 2448 | 4889 7c24 

  0x000001a74c11f6e8: ;   {metadata(method data for {method} {0x000001a76025c520} 'build' '(Ljava/lang/classfile/constantpool/ClassEntry;Ljava/lang/classfile/constantpool/ConstantPoolBuilder;Ljava/util/function/Consumer;)[B' in 'jdk/internal/classfile/impl/ClassFileImpl')}
  0x000001a74c11f6e8: 6048 be48 | c83c a1a7 | 0100 008b | 9ecc 0000 | 0083 c302 | 899e cc00 | 0000 81e3 | fe07 0000 
  0x000001a74c11f708: 85db 0f84 | 3707 0000 | 4889 5424 

  0x000001a74c11f714: ;   {metadata(method data for {method} {0x000001a76025c520} 'build' '(Ljava/lang/classfile/constantpool/ClassEntry;Ljava/lang/classfile/constantpool/ConstantPoolBuilder;Ljava/util/function/Consumer;)[B' in 'jdk/internal/classfile/impl/ClassFileImpl')}
  0x000001a74c11f714: 5848 be48 | c83c a1a7 | 0100 0048 | 8386 1001 

  0x000001a74c11f724: ;   {metadata(method data for {method} {0x000001a7603210d8} 'maybeClone' '(Ljava/lang/classfile/constantpool/ConstantPoolBuilder;Ljava/lang/classfile/constantpool/PoolEntry;)Ljava/lang/classfile/constantpool/PoolEntry;' in 'jdk/internal/classfile/impl/AbstractPoolEntry')}
  0x000001a74c11f724: 0000 0148 | be20 5304 | a1a7 0100 | 008b 9ecc | 0000 0083 | c302 899e | cc00 0000 | 81e3 feff 
  0x000001a74c11f744: 1f00 85db | 0f84 1a07 | 0000 493b | 0049 8bf0 

  0x000001a74c11f754: ;   {metadata(method data for {method} {0x000001a7603210d8} 'maybeClone' '(Ljava/lang/classfile/constantpool/ConstantPoolBuilder;Ljava/lang/classfile/constantpool/PoolEntry;)Ljava/lang/classfile/constantpool/PoolEntry;' in 'jdk/internal/classfile/impl/AbstractPoolEntry')}
  0x000001a74c11f754: 48bb 2053 | 04a1 a701 | 0000 8b76 | 0849 ba00 | 0000 60a7 | 0100 0049 | 03f2 483b | b318 0100 
  0x000001a74c11f774: 0075 0d48 | 8383 2001 | 0000 01e9 | 6000 0000 | 483b b328 | 0100 0075 | 0d48 8383 | 3001 0000 
  0x000001a74c11f794: 01e9 4a00 | 0000 4883 | bb18 0100 | 0000 7517 | 4889 b318 | 0100 0048 | c783 2001 | 0000 0100 
  0x000001a74c11f7b4: 0000 e929 | 0000 0048 | 83bb 2801 | 0000 0075 | 1748 89b3 | 2801 0000 | 48c7 8330 | 0100 0001 
  0x000001a74c11f7d4: 0000 00e9 | 0800 0000 | 4883 8310 | 0100 0001 | 498b d04c | 8944 2450 | 9048 b800 | 3316 a5a7 
  0x000001a74c11f7f4: ;   {virtual_call}
  0x000001a74c11f7f4: 0100 00e8 

  0x000001a74c11f7f8: ; ImmutableOopMap {[72]=Oop [80]=Oop [88]=Oop [96]=Oop }
                      ;*invokeinterface constantPool {reexecute=0 rethrow=0 return_oop=0}
                      ; - jdk.internal.classfile.impl.AbstractPoolEntry::maybeClone@2 (line 83)
                      ; - jdk.internal.classfile.impl.ClassFileImpl::build@2 (line 143)
  0x000001a74c11f7f8: 96b4 8607 

  0x000001a74c11f7fc: ;   {post_call_nop}
  0x000001a74c11f7fc: 0f1f 8400 | f402 0000 | 4c8b 4c24 | 4849 3b01 

  0x000001a74c11f80c: ;   {metadata(method data for {method} {0x000001a7603210d8} 'maybeClone' '(Ljava/lang/classfile/constantpool/ConstantPoolBuilder;Ljava/lang/classfile/constantpool/PoolEntry;)Ljava/lang/classfile/constantpool/PoolEntry;' in 'jdk/internal/classfile/impl/AbstractPoolEntry')}
  0x000001a74c11f80c: 4d8b c148 | ba20 5304 | a1a7 0100 | 0045 8b40 | 0849 ba00 | 0000 60a7 | 0100 004d | 03c2 4c3b 
  0x000001a74c11f82c: 8248 0100 | 0075 0d48 | 8382 5001 | 0000 01e9 | 6000 0000 | 4c3b 8258 | 0100 0075 | 0d48 8382 
  0x000001a74c11f84c: 6001 0000 | 01e9 4a00 | 0000 4883 | ba48 0100 | 0000 7517 | 4c89 8248 | 0100 0048 | c782 5001 
  0x000001a74c11f86c: 0000 0100 | 0000 e929 | 0000 0048 | 83ba 5801 | 0000 0075 | 174c 8982 | 5801 0000 | 48c7 8260 
  0x000001a74c11f88c: 0100 0001 | 0000 00e9 | 0800 0000 | 4883 8240 | 0100 0001 | 4c8b c049 | 8bd1 0f1f | 8000 0000 
  0x000001a74c11f8ac: 0048 b828 | 3316 a5a7 

  0x000001a74c11f8b4: ;   {virtual_call}
  0x000001a74c11f8b4: 0100 00e8 

  0x000001a74c11f8b8: ; ImmutableOopMap {[72]=Oop [80]=Oop [88]=Oop [96]=Oop }
                      ;*invokeinterface canWriteDirect {reexecute=0 rethrow=0 return_oop=0}
                      ; - jdk.internal.classfile.impl.AbstractPoolEntry::maybeClone@7 (line 83)
                      ; - jdk.internal.classfile.impl.ClassFileImpl::build@2 (line 143)
  0x000001a74c11f8b8: 467a 8c07 

  0x000001a74c11f8bc: ;   {post_call_nop}
  0x000001a74c11f8bc: 0f1f 8400 | b403 0001 

  0x000001a74c11f8c4: ;   {metadata(method data for {method} {0x000001a7603210d8} 'maybeClone' '(Ljava/lang/classfile/constantpool/ConstantPoolBuilder;Ljava/lang/classfile/constantpool/PoolEntry;)Ljava/lang/classfile/constantpool/PoolEntry;' in 'jdk/internal/classfile/impl/AbstractPoolEntry')}
  0x000001a74c11f8c4: 85c0 49b8 | 2053 04a1 | a701 0000 | ba80 0100 | 0075 05ba | 7001 0000 | 498b 3410 | 488d 7601 
  0x000001a74c11f8e4: 4989 3410 | 4c8b 4424 | 500f 858c | 0100 004d 

  0x000001a74c11f8f4: ;   {metadata(method data for {method} {0x000001a7603210d8} 'maybeClone' '(Ljava/lang/classfile/constantpool/ConstantPoolBuilder;Ljava/lang/classfile/constantpool/PoolEntry;)Ljava/lang/classfile/constantpool/PoolEntry;' in 'jdk/internal/classfile/impl/AbstractPoolEntry')}
  0x000001a74c11f8f4: 85c0 48be | 2053 04a1 | a701 0000 | 750c 808e | 8901 0000 | 01e9 b100 | 0000 418b | 7808 49ba 
  0x000001a74c11f914: 0000 0060 | a701 0000 | 4903 fa48 | 3bbe 9801 | 0000 750d | 4883 86a0 | 0100 0001 | e960 0000 
  0x000001a74c11f934: 0048 3bbe | a801 0000 | 750d 4883 | 86b0 0100 | 0001 e94a | 0000 0048 | 83be 9801 | 0000 0075 
  0x000001a74c11f954: 1748 89be | 9801 0000 | 48c7 86a0 | 0100 0001 | 0000 00e9 | 2900 0000 | 4883 bea8 | 0100 0000 
  0x000001a74c11f974: 7517 4889 | bea8 0100 | 0048 c786 | b001 0000 | 0100 0000 | e908 0000 | 0048 8386 | 9001 0000 
  0x000001a74c11f994: ;   {metadata('jdk/internal/classfile/impl/AbstractPoolEntry')}
  0x000001a74c11f994: 0148 bfb0 | 0932 60a7 | 0100 0041 | 8b70 0849 | ba00 0000 | 60a7 0100 | 0049 03f2 | 483b 7e38 
  0x000001a74c11f9b4: 0f85 d904 | 0000 e900 | 0000 0049 | 8bd0 483b | 024c 8bc2 

  0x000001a74c11f9c8: ;   {metadata(method data for {method} {0x000001a7603210d8} 'maybeClone' '(Ljava/lang/classfile/constantpool/ConstantPoolBuilder;Ljava/lang/classfile/constantpool/PoolEntry;)Ljava/lang/classfile/constantpool/PoolEntry;' in 'jdk/internal/classfile/impl/AbstractPoolEntry')}
  0x000001a74c11f9c8: 48be 2053 | 04a1 a701 | 0000 458b | 4008 49ba | 0000 0060 | a701 0000 | 4d03 c24c | 3b86 c801 
  0x000001a74c11f9e8: 0000 750d | 4883 86d0 | 0100 0001 | e960 0000 | 004c 3b86 | d801 0000 | 750d 4883 | 86e0 0100 
  0x000001a74c11fa08: 0001 e94a | 0000 0048 | 83be c801 | 0000 0075 | 174c 8986 | c801 0000 | 48c7 86d0 | 0100 0001 
  0x000001a74c11fa28: 0000 00e9 | 2900 0000 | 4883 bed8 | 0100 0000 | 7517 4c89 | 86d8 0100 | 0048 c786 | e001 0000 
  0x000001a74c11fa48: 0100 0000 | e908 0000 | 0048 8386 | c001 0000 | 014c 8b44 | 2448 0f1f | 8000 0000 | 0048 b850 
  0x000001a74c11fa68: 3316 a5a7 

  0x000001a74c11fa6c: ;   {virtual_call}
  0x000001a74c11fa6c: 0100 00e8 

  0x000001a74c11fa70: ; ImmutableOopMap {[72]=Oop [88]=Oop [96]=Oop }
                      ;*invokevirtual clone {reexecute=0 rethrow=0 return_oop=0}
                      ; - jdk.internal.classfile.impl.AbstractPoolEntry::maybeClone@22 (line 85)
                      ; - jdk.internal.classfile.impl.ClassFileImpl::build@2 (line 143)
  0x000001a74c11fa70: ecf8 1607 

  0x000001a74c11fa74: ;   {post_call_nop}
  0x000001a74c11fa74: 0f1f 8400 | 6c05 0002 | 4c8b c04c | 8b4c 2448 | 488b 5c24 | 584d 85c0 

  0x000001a74c11fa8c: ;   {metadata(method data for {method} {0x000001a76025c520} 'build' '(Ljava/lang/classfile/constantpool/ClassEntry;Ljava/lang/classfile/constantpool/ConstantPoolBuilder;Ljava/util/function/Consumer;)[B' in 'jdk/internal/classfile/impl/ClassFileImpl')}
  0x000001a74c11fa8c: 48be 48c8 | 3ca1 a701 | 0000 750c | 808e 1901 | 0000 01e9 | cb00 0000 | 418b 4008 | 49ba 0000 
  0x000001a74c11faac: 0060 a701 | 0000 4903 | c248 3b86 | 2801 0000 | 750d 4883 | 8630 0100 | 0001 e960 | 0000 0048 
  0x000001a74c11facc: 3b86 3801 | 0000 750d | 4883 8640 | 0100 0001 | e94a 0000 | 0048 83be | 2801 0000 | 0075 1748 
  0x000001a74c11faec: 8986 2801 | 0000 48c7 | 8630 0100 | 0001 0000 | 00e9 2900 | 0000 4883 | be38 0100 | 0000 7517 
  0x000001a74c11fb0c: 4889 8638 | 0100 0048 | c786 4001 | 0000 0100 | 0000 e908 | 0000 0048 | 8386 2001 

  0x000001a74c11fb28: ;   {metadata('java/lang/classfile/constantpool/ClassEntry')}
  0x000001a74c11fb28: 0000 0148 | b848 f42d | 60a7 0100 | 0041 8b70 | 0849 ba00 | 0000 60a7 | 0100 0049 | 03f2 483b 
  0x000001a74c11fb48: 4620 0f84 | 1f00 0000 | 483b f00f | 8416 0000 

  0x000001a74c11fb58: ;   {runtime_call C1 Runtime slow_subtype_check_blob}
  0x000001a74c11fb58: 0056 50e8 | 6020 2407 | 5e5e 85f6 | 0f84 3703 | 0000 e900 | 0000 004d 

  0x000001a74c11fb70: ;   {metadata('jdk/internal/classfile/impl/DirectClassBuilder')}
  0x000001a74c11fb70: 8bd8 48ba | 00ed 3260 | a701 0000 | 498b 87c8 | 0100 0048 | 8d78 4849 | 3bbf d801 | 0000 0f87 
  0x000001a74c11fb90: 1603 0000 | 4989 bfc8 | 0100 0048 | c700 0100 | 0000 488b | ca49 ba00 | 0000 60a7 | 0100 0049 
  0x000001a74c11fbb0: 2bca 8948 | 0848 33c9 | 8948 0c48 | 33c9 bf07 | 0000 0048 | 894c f808 | 48ff cf75 | f64d 85c9 
  0x000001a74c11fbd0: ;   {metadata(method data for {method} {0x000001a76025c520} 'build' '(Ljava/lang/classfile/constantpool/ClassEntry;Ljava/lang/classfile/constantpool/ConstantPoolBuilder;Ljava/util/function/Consumer;)[B' in 'jdk/internal/classfile/impl/ClassFileImpl')}
  0x000001a74c11fbd0: 48bf 48c8 | 3ca1 a701 | 0000 750c | 808f 4901 | 0000 01e9 | b000 0000 | 418b 5108 | 49ba 0000 
  0x000001a74c11fbf0: 0060 a701 | 0000 4903 | d248 3b97 | 5801 0000 | 750d 4883 | 8760 0100 | 0001 e960 | 0000 0048 
  0x000001a74c11fc10: 3b97 6801 | 0000 750d | 4883 8770 | 0100 0001 | e94a 0000 | 0048 83bf | 5801 0000 | 0075 1748 
  0x000001a74c11fc30: 8997 5801 | 0000 48c7 | 8760 0100 | 0001 0000 | 00e9 2900 | 0000 4883 | bf68 0100 | 0000 7517 
  0x000001a74c11fc50: 4889 9768 | 0100 0048 | c787 7001 | 0000 0100 | 0000 e908 | 0000 0048 | 8387 5001 

  0x000001a74c11fc6c: ;   {metadata('jdk/internal/classfile/impl/SplitConstantPool')}
  0x000001a74c11fc6c: 0000 0148 | baa0 6232 | 60a7 0100 | 0045 8b41 | 0849 ba00 | 0000 60a7 | 0100 004d | 03c2 493b 
  0x000001a74c11fc8c: d00f 8524 | 0200 00e9 | 0000 0000 | 4d8b c14c 

  0x000001a74c11fc9c: ;   {metadata(method data for {method} {0x000001a76025c520} 'build' '(Ljava/lang/classfile/constantpool/ClassEntry;Ljava/lang/classfile/constantpool/ConstantPoolBuilder;Ljava/util/function/Consumer;)[B' in 'jdk/internal/classfile/impl/ClassFileImpl')}
  0x000001a74c11fc9c: 8bc8 48bf | 48c8 3ca1 | a701 0000 | 4883 8780 | 0100 0001 | 4c8b cb49 | 8bfb 488b | d048 8944 
  0x000001a74c11fcbc: ;   {optimized virtual_call}
  0x000001a74c11fcbc: 2468 90e8 

  0x000001a74c11fcc0: ; ImmutableOopMap {[96]=Oop [104]=Oop }
                      ;*invokespecial <init> {reexecute=0 rethrow=0 return_oop=0}
                      ; - jdk.internal.classfile.impl.ClassFileImpl::build@19 (line 144)
  0x000001a74c11fcc0: dc1a 0000 

  0x000001a74c11fcc4: ;   {post_call_nop}
  0x000001a74c11fcc4: 0f1f 8400 | bc07 0003 | 488b 7c24 | 6048 3b07 

  0x000001a74c11fcd4: ;   {metadata(method data for {method} {0x000001a76025c520} 'build' '(Ljava/lang/classfile/constantpool/ClassEntry;Ljava/lang/classfile/constantpool/ConstantPoolBuilder;Ljava/util/function/Consumer;)[B' in 'jdk/internal/classfile/impl/ClassFileImpl')}
  0x000001a74c11fcd4: 4c8b c748 | ba48 c83c | a1a7 0100 | 0045 8b40 | 0849 ba00 | 0000 60a7 | 0100 004d | 03c2 4c3b 
  0x000001a74c11fcf4: 8298 0100 | 0075 0d48 | 8382 a001 | 0000 01e9 | 6000 0000 | 4c3b 82a8 | 0100 0075 | 0d48 8382 
  0x000001a74c11fd14: b001 0000 | 01e9 4a00 | 0000 4883 | ba98 0100 | 0000 7517 | 4c89 8298 | 0100 0048 | c782 a001 
  0x000001a74c11fd34: 0000 0100 | 0000 e929 | 0000 0048 | 83ba a801 | 0000 0075 | 174c 8982 | a801 0000 | 48c7 82b0 
  0x000001a74c11fd54: 0100 0001 | 0000 00e9 | 0800 0000 | 4883 8290 | 0100 0001 | 4c8b 4424 | 6848 8bd7 | 0f1f 4400 
  0x000001a74c11fd74: 0048 b878 | 3316 a5a7 

  0x000001a74c11fd7c: ;   {virtual_call}
  0x000001a74c11fd7c: 0100 00e8 

  0x000001a74c11fd80: ; ImmutableOopMap {[104]=Oop }
                      ;*invokeinterface accept {reexecute=0 rethrow=0 return_oop=0}
                      ; - jdk.internal.classfile.impl.ClassFileImpl::build@27 (line 145)
  0x000001a74c11fd80: bcb4 2407 

  0x000001a74c11fd84: ;   {post_call_nop}
  0x000001a74c11fd84: 0f1f 8400 | 7c08 0004 | 488b 4424 

  0x000001a74c11fd90: ;   {metadata(method data for {method} {0x000001a76025c520} 'build' '(Ljava/lang/classfile/constantpool/ClassEntry;Ljava/lang/classfile/constantpool/ConstantPoolBuilder;Ljava/util/function/Consumer;)[B' in 'jdk/internal/classfile/impl/ClassFileImpl')}
  0x000001a74c11fd90: 6848 ba48 | c83c a1a7 | 0100 008b | 4008 49ba | 0000 0060 | a701 0000 | 4903 c248 | 3b82 c801 
  0x000001a74c11fdb0: 0000 750d | 4883 82d0 | 0100 0001 | e960 0000 | 0048 3b82 | d801 0000 | 750d 4883 | 82e0 0100 
  0x000001a74c11fdd0: 0001 e94a | 0000 0048 | 83ba c801 | 0000 0075 | 1748 8982 | c801 0000 | 48c7 82d0 | 0100 0001 
  0x000001a74c11fdf0: 0000 00e9 | 2900 0000 | 4883 bad8 | 0100 0000 | 7517 4889 | 82d8 0100 | 0048 c782 | e001 0000 
  0x000001a74c11fe10: 0100 0000 | e908 0000 | 0048 8382 | c001 0000 | 0148 8b54 

  0x000001a74c11fe24: ;   {optimized virtual_call}
  0x000001a74c11fe24: 2468 90e8 

  0x000001a74c11fe28: ; ImmutableOopMap {}
                      ;*invokevirtual build {reexecute=0 rethrow=0 return_oop=0}
                      ; - jdk.internal.classfile.impl.ClassFileImpl::build@34 (line 146)
  0x000001a74c11fe28: 142d 0000 

  0x000001a74c11fe2c: ;   {post_call_nop}
  0x000001a74c11fe2c: 0f1f 8400 | 2409 0005 | 4881 c480 | 0000 005d 

  0x000001a74c11fe3c: ;   {poll_return}
  0x000001a74c11fe3c: 493b 6728 | 0f87 7f00 

  0x000001a74c11fe44: ;   {metadata({method} {0x000001a76025c520} 'build' '(Ljava/lang/classfile/constantpool/ClassEntry;Ljava/lang/classfile/constantpool/ConstantPoolBuilder;Ljava/util/function/Consumer;)[B' in 'jdk/internal/classfile/impl/ClassFileImpl')}
  0x000001a74c11fe44: 0000 c349 | ba18 c525 | 60a7 0100 | 004c 8954 | 2408 48c7 | 0424 ffff 

  0x000001a74c11fe5c: ;   {runtime_call C1 Runtime counter_overflow_blob}
  0x000001a74c11fe5c: ffff e8fd 

  0x000001a74c11fe60: ; ImmutableOopMap {rdx=Oop r8=Oop r9=Oop rdi=Oop [72]=Oop [96]=Oop }
                      ;*synchronization entry
                      ; - jdk.internal.classfile.impl.ClassFileImpl::build@-1 (line 143)
  0x000001a74c11fe60: 5724 07e9 | a8f8 ffff 

  0x000001a74c11fe68: ;   {metadata({method} {0x000001a7603210d8} 'maybeClone' '(Ljava/lang/classfile/constantpool/ConstantPoolBuilder;Ljava/lang/classfile/constantpool/PoolEntry;)Ljava/lang/classfile/constantpool/PoolEntry;' in 'jdk/internal/classfile/impl/AbstractPoolEntry')}
  0x000001a74c11fe68: 49ba d010 | 3260 a701 | 0000 4c89 | 5424 0848 | c704 24ff 

  0x000001a74c11fe7c: ;   {runtime_call C1 Runtime counter_overflow_blob}
  0x000001a74c11fe7c: ffff ffe8 

  0x000001a74c11fe80: ; ImmutableOopMap {r8=Oop [72]=Oop [88]=Oop [96]=Oop }
                      ;*synchronization entry
                      ; - jdk.internal.classfile.impl.AbstractPoolEntry::maybeClone@-1 (line 83)
                      ; - jdk.internal.classfile.impl.ClassFileImpl::build@2 (line 143)
  0x000001a74c11fe80: dc57 2407 | e9c5 f8ff 

  0x000001a74c11fe88: ;   {runtime_call C1 Runtime throw_null_pointer_exception_blob}
  0x000001a74c11fe88: ffe8 52ea 

  0x000001a74c11fe8c: ; ImmutableOopMap {r8=Oop [72]=Oop [88]=Oop [96]=Oop }
                      ;*invokeinterface constantPool {reexecute=0 rethrow=0 return_oop=0}
                      ; - jdk.internal.classfile.impl.AbstractPoolEntry::maybeClone@2 (line 83)
                      ; - jdk.internal.classfile.impl.ClassFileImpl::build@2 (line 143)
                      ;   {runtime_call C1 Runtime throw_null_pointer_exception_blob}
  0x000001a74c11fe8c: 2307 e84d 

  0x000001a74c11fe90: ; ImmutableOopMap {rax=Oop r9=Oop [72]=Oop [80]=Oop [88]=Oop [96]=Oop }
                      ;*invokeinterface canWriteDirect {reexecute=0 rethrow=0 return_oop=0}
                      ; - jdk.internal.classfile.impl.AbstractPoolEntry::maybeClone@7 (line 83)
                      ; - jdk.internal.classfile.impl.ClassFileImpl::build@2 (line 143)
  0x000001a74c11fe90: ea23 074c 

  0x000001a74c11fe94: ;   {runtime_call C1 Runtime throw_class_cast_exception_blob}
  0x000001a74c11fe94: 8904 24e8 

  0x000001a74c11fe98: ; ImmutableOopMap {[72]=Oop [88]=Oop [96]=Oop }
                      ;*checkcast {reexecute=0 rethrow=0 return_oop=0}
                      ; - jdk.internal.classfile.impl.AbstractPoolEntry::maybeClone@18 (line 85)
                      ; - jdk.internal.classfile.impl.ClassFileImpl::build@2 (line 143)
  0x000001a74c11fe98: 4417 2407 

  0x000001a74c11fe9c: ;   {runtime_call C1 Runtime throw_null_pointer_exception_blob}
  0x000001a74c11fe9c: e83f ea23 

  0x000001a74c11fea0: ; ImmutableOopMap {rdx=Oop [72]=Oop [88]=Oop [96]=Oop }
                      ;*invokevirtual clone {reexecute=0 rethrow=0 return_oop=0}
                      ; - jdk.internal.classfile.impl.AbstractPoolEntry::maybeClone@22 (line 85)
                      ; - jdk.internal.classfile.impl.ClassFileImpl::build@2 (line 143)
  0x000001a74c11fea0: 074c 8904 

  0x000001a74c11fea4: ;   {runtime_call C1 Runtime throw_class_cast_exception_blob}
  0x000001a74c11fea4: 24e8 3617 

  0x000001a74c11fea8: ; ImmutableOopMap {r9=Oop rbx=Oop [72]=Oop [96]=Oop }
                      ;*checkcast {reexecute=0 rethrow=0 return_oop=0}
                      ; - jdk.internal.classfile.impl.ClassFileImpl::build@5 (line 143)
  0x000001a74c11fea8: 2407 488b 

  0x000001a74c11feac: ;   {runtime_call C1 Runtime fast_new_instance_blob}
  0x000001a74c11feac: d2e8 2ef9 

  0x000001a74c11feb0: ; ImmutableOopMap {r9=Oop rbx=Oop r11=Oop [72]=Oop [96]=Oop }
                      ;*new {reexecute=0 rethrow=0 return_oop=0}
                      ; - jdk.internal.classfile.impl.ClassFileImpl::build@9 (line 144)
  0x000001a74c11feb0: 2307 e916 | fdff ff4c 

  0x000001a74c11feb8: ;   {runtime_call C1 Runtime throw_class_cast_exception_blob}
  0x000001a74c11feb8: 890c 24e8 

  0x000001a74c11febc: ; ImmutableOopMap {rbx=Oop r11=Oop rax=Oop [96]=Oop }
                      ;*checkcast {reexecute=0 rethrow=0 return_oop=0}
                      ; - jdk.internal.classfile.impl.ClassFileImpl::build@14 (line 144)
  0x000001a74c11febc: 2017 2407 

  0x000001a74c11fec0: ;   {runtime_call C1 Runtime throw_null_pointer_exception_blob}
  0x000001a74c11fec0: e81b ea23 

  0x000001a74c11fec4: ; ImmutableOopMap {rdi=Oop [96]=Oop [104]=Oop }
                      ;*invokeinterface accept {reexecute=0 rethrow=0 return_oop=0}
                      ; - jdk.internal.classfile.impl.ClassFileImpl::build@27 (line 145)
                      ;   {internal_word}
  0x000001a74c11fec4: 0749 ba3c | fe11 4ca7 | 0100 004d | 8997 6004 

  0x000001a74c11fed4: ;   {runtime_call SafepointBlob}
  0x000001a74c11fed4: 0000 e905 | 7617 0749 | 8b87 0805 | 0000 49c7 | 8708 0500 | 0000 0000 | 0049 c787 | 1005 0000 
  0x000001a74c11fef4: 0000 0000 | 4881 c480 | 0000 005d 

  0x000001a74c11ff00: ;   {runtime_call C1 Runtime unwind_exception_blob}
  0x000001a74c11ff00: e9db da23 | 07f4 f4f4 
[Stub Code]
  0x000001a74c11ff08: ;   {no_reloc}
  0x000001a74c11ff08: 0f1f 4400 

  0x000001a74c11ff0c: ;   {static_stub}
  0x000001a74c11ff0c: 0048 bb00 | 0000 0000 

  0x000001a74c11ff14: ;   {runtime_call nmethod}
  0x000001a74c11ff14: 0000 00e9 | fbff ffff 

  0x000001a74c11ff1c: ;   {static_stub}
  0x000001a74c11ff1c: 9048 bb00 | 0000 0000 

  0x000001a74c11ff24: ;   {runtime_call nmethod}
  0x000001a74c11ff24: 0000 00e9 | fbff ffff 

  0x000001a74c11ff2c: ;   {static_stub}
  0x000001a74c11ff2c: 9048 bb00 | 0000 0000 

  0x000001a74c11ff34: ;   {runtime_call nmethod}
  0x000001a74c11ff34: 0000 00e9 | fbff ffff 

  0x000001a74c11ff3c: ;   {static_stub}
  0x000001a74c11ff3c: 9048 bb00 | 0000 0000 

  0x000001a74c11ff44: ;   {runtime_call nmethod}
  0x000001a74c11ff44: 0000 00e9 | fbff ffff 

  0x000001a74c11ff4c: ;   {static_stub}
  0x000001a74c11ff4c: 48bb 1814 | 3360 a701 

  0x000001a74c11ff54: ;   {runtime_call I2C/C2I adapters}
  0x000001a74c11ff54: 0000 e963 

  0x000001a74c11ff58: ;   {static_stub}
  0x000001a74c11ff58: 4b16 0748 | bbd0 1533 | 60a7 0100 

  0x000001a74c11ff64: ;   {runtime_call I2C/C2I adapters}
  0x000001a74c11ff64: 00e9 484c 

  0x000001a74c11ff68: ;   {runtime_call C1 Runtime handle_exception_from_callee_blob}
  0x000001a74c11ff68: 1707 e871 

  0x000001a74c11ff6c: ;   {external_word}
  0x000001a74c11ff6c: 1024 0748 | b9e0 346d | 6bfb 7f00 | 0048 83e4 

  0x000001a74c11ff7c: ;   {runtime_call}
  0x000001a74c11ff7c: f048 b810 | 902a 6bfb | 7f00 00ff 

  0x000001a74c11ff88: ;   {section_word}
  0x000001a74c11ff88: d0f4 49ba | 8aff 114c | a701 0000 

  0x000001a74c11ff94: ;   {runtime_call DeoptimizationBlob}
  0x000001a74c11ff94: 4152 e9e5 | 5d17 07f4 | f4f4 f4f4 
[/MachCode]


---------------  P R O C E S S  ---------------

Threads class SMR info:
_java_thread_list=0x000001a7a502bc20, length=19, elements={
0x000001a740f6ebe0, 0x000001a75f010580, 0x000001a75f010ec0, 0x000001a75f011600,
0x000001a75f012480, 0x000001a75f0131d0, 0x000001a75f015350, 0x000001a75f0171c0,
0x000001a75f019240, 0x000001a75f15dd80, 0x000001a75f244fa0, 0x000001a75f246f00,
0x000001a75f341120, 0x000001a75f33dc30, 0x000001a75f33e3c0, 0x000001a75f33eb50,
0x000001a7a50112b0, 0x000001a7a5050870, 0x000001a7a5050fb0
}

Java Threads: ( => current thread )
=>0x000001a740f6ebe0 JavaThread "Test worker"                       [_thread_in_vm, id=27980, stack(0x000000a076b00000,0x000000a076c00000) (1024K)]
  0x000001a75f010580 JavaThread "Reference Handler"          daemon [_thread_blocked, id=33108, stack(0x000000a077300000,0x000000a077400000) (1024K)]
  0x000001a75f010ec0 JavaThread "Finalizer"                  daemon [_thread_blocked, id=34624, stack(0x000000a077400000,0x000000a077500000) (1024K)]
  0x000001a75f011600 JavaThread "Signal Dispatcher"          daemon [_thread_blocked, id=32880, stack(0x000000a077500000,0x000000a077600000) (1024K)]
  0x000001a75f012480 JavaThread "Attach Listener"            daemon [_thread_blocked, id=34584, stack(0x000000a077600000,0x000000a077700000) (1024K)]
  0x000001a75f0131d0 JavaThread "Service Thread"             daemon [_thread_blocked, id=29872, stack(0x000000a077700000,0x000000a077800000) (1024K)]
  0x000001a75f015350 JavaThread "Monitor Deflation Thread"   daemon [_thread_blocked, id=37736, stack(0x000000a077800000,0x000000a077900000) (1024K)]
  0x000001a75f0171c0 JavaThread "C2 CompilerThread0"         daemon [_thread_in_native, id=38812, stack(0x000000a077900000,0x000000a077a00000) (1024K)]
  0x000001a75f019240 JavaThread "C1 CompilerThread0"         daemon [_thread_blocked, id=41848, stack(0x000000a077a00000,0x000000a077b00000) (1024K)]
  0x000001a75f15dd80 JavaThread "C1 CompilerThread1"         daemon [_thread_blocked, id=33476, stack(0x000000a077b00000,0x000000a077c00000) (1024K)]
  0x000001a75f244fa0 JavaThread "Notification Thread"        daemon [_thread_blocked, id=37180, stack(0x000000a077c00000,0x000000a077d00000) (1024K)]
  0x000001a75f246f00 JavaThread "Common-Cleaner"             daemon [_thread_blocked, id=39232, stack(0x000000a077d00000,0x000000a077e00000) (1024K)]
  0x000001a75f341120 JavaThread "C2 CompilerThread1"         daemon [_thread_in_native, id=33432, stack(0x000000a077e00000,0x000000a077f00000) (1024K)]
  0x000001a75f33dc30 JavaThread "C2 CompilerThread2"         daemon [_thread_in_native, id=38140, stack(0x000000a077f00000,0x000000a078000000) (1024K)]
  0x000001a75f33e3c0 JavaThread "C1 CompilerThread2"         daemon [_thread_blocked, id=37356, stack(0x000000a078000000,0x000000a078100000) (1024K)]
  0x000001a75f33eb50 JavaThread "C1 CompilerThread3"         daemon [_thread_blocked, id=16664, stack(0x000000a078100000,0x000000a078200000) (1024K)]
  0x000001a7a50112b0 JavaThread "/127.0.0.1:62442 to /127.0.0.1:62441 workers"        [_thread_blocked, id=17672, stack(0x000000a078300000,0x000000a078400000) (1024K)]
  0x000001a7a5050870 JavaThread "/127.0.0.1:62442 to /127.0.0.1:62441 workers Thread 2"        [_thread_blocked, id=40664, stack(0x000000a078400000,0x000000a078500000) (1024K)]
  0x000001a7a5050fb0 JavaThread "/127.0.0.1:62442 to /127.0.0.1:62441 workers Thread 3"        [_thread_in_native, id=14372, stack(0x000000a078500000,0x000000a078600000) (1024K)]
Total: 19

Other Threads:
  0x000001a75effdf00 VMThread "VM Thread"                           [id=37616, stack(0x000000a077200000,0x000000a077300000) (1024K)]
  0x000001a75efa4600 WatcherThread "VM Periodic Task Thread"        [id=41760, stack(0x000000a077100000,0x000000a077200000) (1024K)]
  0x000001a743317170 WorkerThread "GC Thread#0"                     [id=37444, stack(0x000000a076c00000,0x000000a076d00000) (1024K)]
  0x000001a7a56af580 WorkerThread "GC Thread#1"                     [id=35188, stack(0x000000a078600000,0x000000a078700000) (1024K)]
  0x000001a7a532e830 WorkerThread "GC Thread#2"                     [id=23680, stack(0x000000a078700000,0x000000a078800000) (1024K)]
  0x000001a7a54bc240 WorkerThread "GC Thread#3"                     [id=28808, stack(0x000000a078800000,0x000000a078900000) (1024K)]
  0x000001a7a54bca00 WorkerThread "GC Thread#4"                     [id=29880, stack(0x000000a078900000,0x000000a078a00000) (1024K)]
  0x000001a7a527de80 WorkerThread "GC Thread#5"                     [id=34108, stack(0x000000a078a00000,0x000000a078b00000) (1024K)]
  0x000001a7a53caec0 WorkerThread "GC Thread#6"                     [id=37116, stack(0x000000a078b00000,0x000000a078c00000) (1024K)]
  0x000001a7a53cbd80 WorkerThread "GC Thread#7"                     [id=30036, stack(0x000000a078c00000,0x000000a078d00000) (1024K)]
  0x000001a7a53cb9d0 WorkerThread "GC Thread#8"                     [id=41388, stack(0x000000a078d00000,0x000000a078e00000) (1024K)]
  0x000001a7a53cc130 WorkerThread "GC Thread#9"                     [id=32960, stack(0x000000a078e00000,0x000000a078f00000) (1024K)]
  0x000001a74332c0a0 ConcurrentGCThread "G1 Main Marker"            [id=36532, stack(0x000000a076d00000,0x000000a076e00000) (1024K)]
  0x000001a74332e200 WorkerThread "G1 Conc#0"                       [id=39344, stack(0x000000a076e00000,0x000000a076f00000) (1024K)]
  0x000001a7433ad540 ConcurrentGCThread "G1 Refine#0"               [id=31148, stack(0x000000a076f00000,0x000000a077000000) (1024K)]
  0x000001a7433adf60 ConcurrentGCThread "G1 Service"                [id=40888, stack(0x000000a077000000,0x000000a077100000) (1024K)]
Total: 16

Threads with active compile tasks:
C2 CompilerThread0  966 2453       4       java.lang.invoke.MethodType::methodType (69 bytes)
C2 CompilerThread1  966 2339       4       org.junit.platform.commons.util.AnnotationUtils::findMetaAnnotation (84 bytes)
C2 CompilerThread2  966 2472       4       java.lang.invoke.MethodType::makeImpl (155 bytes)
Total: 3

VM state: not at safepoint (normal execution)

VM Mutex/Monitor currently owned by a thread: None

Heap address: 0x00000000e0000000, size: 512 MB, Compressed Oops mode: 32-bit

CDS archive(s) mapped at: [0x000001a760000000-0x000001a760d40000-0x000001a760d40000), size 13893632, SharedBaseAddress: 0x000001a760000000, ArchiveRelocationMode: 1.
Compressed class space mapped at: 0x000001a761000000-0x000001a7a1000000, reserved size: 1073741824
UseCompressedClassPointers 1, UseCompactObjectHeaders 0
Narrow klass pointer bits 32, Max shift 3
Narrow klass base: 0x000001a760000000, Narrow klass shift: 0
Encoding Range: [0x000001a760000000 - 0x000001a860000000), (4294967296 bytes)
Klass Range:    [0x000001a760000000 - 0x000001a7a1000000), (1090519040 bytes)
Klass ID Range:  [8 - 1090519033) (1090519025)

GC Precious Log:
 CardTable entry size: 512
 Card Set container configuration: InlinePtr #cards 5 size 8 Array Of Cards #cards 10 size 36 Howl #buckets 4 coarsen threshold 1843 Howl Bitmap #cards 512 size 80 coarsen threshold 460 Card regions per heap region 1 cards per card region 2048
 CPUs: 16 total, 16 available
 Memory: 26421M
 Large Page Support: Disabled
 NUMA Support: Disabled
 Compressed Oops: Enabled (32-bit)
 Heap Region Size: 1M
 Heap Min Capacity: 8M
 Heap Initial Capacity: 414M
 Heap Max Capacity: 512M
 Pre-touch: Disabled
 Parallel Workers: 13
 Concurrent Workers: 3
 Concurrent Refinement Workers: 13
 Periodic GC: Disabled

Heap:
 garbage-first heap   total reserved 524288K, committed 425984K, used 367660K [0x00000000e0000000, 0x0000000100000000)
  region size 1024K, 5 young (5120K), 5 survivors (5120K)
 Metaspace       used 13069K, committed 13440K, reserved 1114112K
  class space    used 1345K, committed 1536K, reserved 1048576K

Heap Regions: E=young(eden), S=young(survivor), O=old, HS=humongous(starts), HC=humongous(continues), CS=collection set, F=free, TAMS=top-at-mark-start, PB=parsable bottom
|   0|0x00000000e0000000, 0x00000000e0100000, 0x00000000e0100000|100%|HS|  |TAMS 0x00000000e0000000| PB 0x00000000e0000000| Complete |  0
|   1|0x00000000e0100000, 0x00000000e0200000, 0x00000000e0200000|100%|HC|  |TAMS 0x00000000e0100000| PB 0x00000000e0100000| Complete |  0
|   2|0x00000000e0200000, 0x00000000e0300000, 0x00000000e0300000|100%|HC|  |TAMS 0x00000000e0200000| PB 0x00000000e0200000| Complete |  0
|   3|0x00000000e0300000, 0x00000000e0400000, 0x00000000e0400000|100%|HC|  |TAMS 0x00000000e0300000| PB 0x00000000e0300000| Complete |  0
|   4|0x00000000e0400000, 0x00000000e0500000, 0x00000000e0500000|100%|HC|  |TAMS 0x00000000e0400000| PB 0x00000000e0400000| Complete |  0
|   5|0x00000000e0500000, 0x00000000e0600000, 0x00000000e0600000|100%|HC|  |TAMS 0x00000000e0500000| PB 0x00000000e0500000| Complete |  0
|   6|0x00000000e0600000, 0x00000000e0700000, 0x00000000e0700000|100%|HC|  |TAMS 0x00000000e0600000| PB 0x00000000e0600000| Complete |  0
|   7|0x00000000e0700000, 0x00000000e0800000, 0x00000000e0800000|100%|HC|  |TAMS 0x00000000e0700000| PB 0x00000000e0700000| Complete |  0
|   8|0x00000000e0800000, 0x00000000e0900000, 0x00000000e0900000|100%|HC|  |TAMS 0x00000000e0800000| PB 0x00000000e0800000| Complete |  0
|   9|0x00000000e0900000, 0x00000000e0a00000, 0x00000000e0a00000|100%|HC|  |TAMS 0x00000000e0900000| PB 0x00000000e0900000| Complete |  0
|  10|0x00000000e0a00000, 0x00000000e0b00000, 0x00000000e0b00000|100%|HC|  |TAMS 0x00000000e0a00000| PB 0x00000000e0a00000| Complete |  0
|  11|0x00000000e0b00000, 0x00000000e0c00000, 0x00000000e0c00000|100%|HC|  |TAMS 0x00000000e0b00000| PB 0x00000000e0b00000| Complete |  0
|  12|0x00000000e0c00000, 0x00000000e0d00000, 0x00000000e0d00000|100%|HC|  |TAMS 0x00000000e0c00000| PB 0x00000000e0c00000| Complete |  0
|  13|0x00000000e0d00000, 0x00000000e0e00000, 0x00000000e0e00000|100%|HC|  |TAMS 0x00000000e0d00000| PB 0x00000000e0d00000| Complete |  0
|  14|0x00000000e0e00000, 0x00000000e0f00000, 0x00000000e0f00000|100%|HC|  |TAMS 0x00000000e0e00000| PB 0x00000000e0e00000| Complete |  0
|  15|0x00000000e0f00000, 0x00000000e1000000, 0x00000000e1000000|100%|HC|  |TAMS 0x00000000e0f00000| PB 0x00000000e0f00000| Complete |  0
|  16|0x00000000e1000000, 0x00000000e1100000, 0x00000000e1100000|100%|HC|  |TAMS 0x00000000e1000000| PB 0x00000000e1000000| Complete |  0
|  17|0x00000000e1100000, 0x00000000e1200000, 0x00000000e1200000|100%|HC|  |TAMS 0x00000000e1100000| PB 0x00000000e1100000| Complete |  0
|  18|0x00000000e1200000, 0x00000000e1300000, 0x00000000e1300000|100%|HC|  |TAMS 0x00000000e1200000| PB 0x00000000e1200000| Complete |  0
|  19|0x00000000e1300000, 0x00000000e1400000, 0x00000000e1400000|100%|HC|  |TAMS 0x00000000e1300000| PB 0x00000000e1300000| Complete |  0
|  20|0x00000000e1400000, 0x00000000e1500000, 0x00000000e1500000|100%|HC|  |TAMS 0x00000000e1400000| PB 0x00000000e1400000| Complete |  0
|  21|0x00000000e1500000, 0x00000000e1600000, 0x00000000e1600000|100%|HC|  |TAMS 0x00000000e1500000| PB 0x00000000e1500000| Complete |  0
|  22|0x00000000e1600000, 0x00000000e1700000, 0x00000000e1700000|100%|HC|  |TAMS 0x00000000e1600000| PB 0x00000000e1600000| Complete |  0
|  23|0x00000000e1700000, 0x00000000e1800000, 0x00000000e1800000|100%|HC|  |TAMS 0x00000000e1700000| PB 0x00000000e1700000| Complete |  0
|  24|0x00000000e1800000, 0x00000000e1900000, 0x00000000e1900000|100%|HC|  |TAMS 0x00000000e1800000| PB 0x00000000e1800000| Complete |  0
|  25|0x00000000e1900000, 0x00000000e1a00000, 0x00000000e1a00000|100%|HC|  |TAMS 0x00000000e1900000| PB 0x00000000e1900000| Complete |  0
|  26|0x00000000e1a00000, 0x00000000e1b00000, 0x00000000e1b00000|100%|HC|  |TAMS 0x00000000e1a00000| PB 0x00000000e1a00000| Complete |  0
|  27|0x00000000e1b00000, 0x00000000e1c00000, 0x00000000e1c00000|100%|HC|  |TAMS 0x00000000e1b00000| PB 0x00000000e1b00000| Complete |  0
|  28|0x00000000e1c00000, 0x00000000e1d00000, 0x00000000e1d00000|100%|HC|  |TAMS 0x00000000e1c00000| PB 0x00000000e1c00000| Complete |  0
|  29|0x00000000e1d00000, 0x00000000e1e00000, 0x00000000e1e00000|100%|HC|  |TAMS 0x00000000e1d00000| PB 0x00000000e1d00000| Complete |  0
|  30|0x00000000e1e00000, 0x00000000e1f00000, 0x00000000e1f00000|100%|HC|  |TAMS 0x00000000e1e00000| PB 0x00000000e1e00000| Complete |  0
|  31|0x00000000e1f00000, 0x00000000e2000000, 0x00000000e2000000|100%|HC|  |TAMS 0x00000000e1f00000| PB 0x00000000e1f00000| Complete |  0
|  32|0x00000000e2000000, 0x00000000e2100000, 0x00000000e2100000|100%|HC|  |TAMS 0x00000000e2000000| PB 0x00000000e2000000| Complete |  0
|  33|0x00000000e2100000, 0x00000000e2200000, 0x00000000e2200000|100%|HC|  |TAMS 0x00000000e2100000| PB 0x00000000e2100000| Complete |  0
|  34|0x00000000e2200000, 0x00000000e2300000, 0x00000000e2300000|100%|HC|  |TAMS 0x00000000e2200000| PB 0x00000000e2200000| Complete |  0
|  35|0x00000000e2300000, 0x00000000e2400000, 0x00000000e2400000|100%|HC|  |TAMS 0x00000000e2300000| PB 0x00000000e2300000| Complete |  0
|  36|0x00000000e2400000, 0x00000000e2500000, 0x00000000e2500000|100%|HC|  |TAMS 0x00000000e2400000| PB 0x00000000e2400000| Complete |  0
|  37|0x00000000e2500000, 0x00000000e2600000, 0x00000000e2600000|100%|HC|  |TAMS 0x00000000e2500000| PB 0x00000000e2500000| Complete |  0
|  38|0x00000000e2600000, 0x00000000e2700000, 0x00000000e2700000|100%|HC|  |TAMS 0x00000000e2600000| PB 0x00000000e2600000| Complete |  0
|  39|0x00000000e2700000, 0x00000000e2800000, 0x00000000e2800000|100%|HC|  |TAMS 0x00000000e2700000| PB 0x00000000e2700000| Complete |  0
|  40|0x00000000e2800000, 0x00000000e2900000, 0x00000000e2900000|100%|HC|  |TAMS 0x00000000e2800000| PB 0x00000000e2800000| Complete |  0
|  41|0x00000000e2900000, 0x00000000e2a00000, 0x00000000e2a00000|100%|HC|  |TAMS 0x00000000e2900000| PB 0x00000000e2900000| Complete |  0
|  42|0x00000000e2a00000, 0x00000000e2b00000, 0x00000000e2b00000|100%|HC|  |TAMS 0x00000000e2a00000| PB 0x00000000e2a00000| Complete |  0
|  43|0x00000000e2b00000, 0x00000000e2c00000, 0x00000000e2c00000|100%|HC|  |TAMS 0x00000000e2b00000| PB 0x00000000e2b00000| Complete |  0
|  44|0x00000000e2c00000, 0x00000000e2d00000, 0x00000000e2d00000|100%|HC|  |TAMS 0x00000000e2c00000| PB 0x00000000e2c00000| Complete |  0
|  45|0x00000000e2d00000, 0x00000000e2e00000, 0x00000000e2e00000|100%|HC|  |TAMS 0x00000000e2d00000| PB 0x00000000e2d00000| Complete |  0
|  46|0x00000000e2e00000, 0x00000000e2f00000, 0x00000000e2f00000|100%|HC|  |TAMS 0x00000000e2e00000| PB 0x00000000e2e00000| Complete |  0
|  47|0x00000000e2f00000, 0x00000000e3000000, 0x00000000e3000000|100%|HC|  |TAMS 0x00000000e2f00000| PB 0x00000000e2f00000| Complete |  0
|  48|0x00000000e3000000, 0x00000000e3100000, 0x00000000e3100000|100%|HC|  |TAMS 0x00000000e3000000| PB 0x00000000e3000000| Complete |  0
|  49|0x00000000e3100000, 0x00000000e3200000, 0x00000000e3200000|100%|HC|  |TAMS 0x00000000e3100000| PB 0x00000000e3100000| Complete |  0
|  50|0x00000000e3200000, 0x00000000e3300000, 0x00000000e3300000|100%|HC|  |TAMS 0x00000000e3200000| PB 0x00000000e3200000| Complete |  0
|  51|0x00000000e3300000, 0x00000000e3400000, 0x00000000e3400000|100%|HC|  |TAMS 0x00000000e3300000| PB 0x00000000e3300000| Complete |  0
|  52|0x00000000e3400000, 0x00000000e3500000, 0x00000000e3500000|100%|HC|  |TAMS 0x00000000e3400000| PB 0x00000000e3400000| Complete |  0
|  53|0x00000000e3500000, 0x00000000e3600000, 0x00000000e3600000|100%|HC|  |TAMS 0x00000000e3500000| PB 0x00000000e3500000| Complete |  0
|  54|0x00000000e3600000, 0x00000000e3700000, 0x00000000e3700000|100%|HC|  |TAMS 0x00000000e3600000| PB 0x00000000e3600000| Complete |  0
|  55|0x00000000e3700000, 0x00000000e3800000, 0x00000000e3800000|100%|HC|  |TAMS 0x00000000e3700000| PB 0x00000000e3700000| Complete |  0
|  56|0x00000000e3800000, 0x00000000e3900000, 0x00000000e3900000|100%|HC|  |TAMS 0x00000000e3800000| PB 0x00000000e3800000| Complete |  0
|  57|0x00000000e3900000, 0x00000000e3a00000, 0x00000000e3a00000|100%|HC|  |TAMS 0x00000000e3900000| PB 0x00000000e3900000| Complete |  0
|  58|0x00000000e3a00000, 0x00000000e3b00000, 0x00000000e3b00000|100%|HC|  |TAMS 0x00000000e3a00000| PB 0x00000000e3a00000| Complete |  0
|  59|0x00000000e3b00000, 0x00000000e3c00000, 0x00000000e3c00000|100%|HC|  |TAMS 0x00000000e3b00000| PB 0x00000000e3b00000| Complete |  0
|  60|0x00000000e3c00000, 0x00000000e3d00000, 0x00000000e3d00000|100%|HC|  |TAMS 0x00000000e3c00000| PB 0x00000000e3c00000| Complete |  0
|  61|0x00000000e3d00000, 0x00000000e3e00000, 0x00000000e3e00000|100%|HC|  |TAMS 0x00000000e3d00000| PB 0x00000000e3d00000| Complete |  0
|  62|0x00000000e3e00000, 0x00000000e3f00000, 0x00000000e3f00000|100%|HC|  |TAMS 0x00000000e3e00000| PB 0x00000000e3e00000| Complete |  0
|  63|0x00000000e3f00000, 0x00000000e4000000, 0x00000000e4000000|100%|HC|  |TAMS 0x00000000e3f00000| PB 0x00000000e3f00000| Complete |  0
|  64|0x00000000e4000000, 0x00000000e4100000, 0x00000000e4100000|100%|HC|  |TAMS 0x00000000e4000000| PB 0x00000000e4000000| Complete |  0
|  65|0x00000000e4100000, 0x00000000e4200000, 0x00000000e4200000|100%|HC|  |TAMS 0x00000000e4100000| PB 0x00000000e4100000| Complete |  0
|  66|0x00000000e4200000, 0x00000000e4300000, 0x00000000e4300000|100%|HC|  |TAMS 0x00000000e4200000| PB 0x00000000e4200000| Complete |  0
|  67|0x00000000e4300000, 0x00000000e4400000, 0x00000000e4400000|100%|HC|  |TAMS 0x00000000e4300000| PB 0x00000000e4300000| Complete |  0
|  68|0x00000000e4400000, 0x00000000e4500000, 0x00000000e4500000|100%|HC|  |TAMS 0x00000000e4400000| PB 0x00000000e4400000| Complete |  0
|  69|0x00000000e4500000, 0x00000000e4600000, 0x00000000e4600000|100%|HC|  |TAMS 0x00000000e4500000| PB 0x00000000e4500000| Complete |  0
|  70|0x00000000e4600000, 0x00000000e4700000, 0x00000000e4700000|100%|HC|  |TAMS 0x00000000e4600000| PB 0x00000000e4600000| Complete |  0
|  71|0x00000000e4700000, 0x00000000e4800000, 0x00000000e4800000|100%|HC|  |TAMS 0x00000000e4700000| PB 0x00000000e4700000| Complete |  0
|  72|0x00000000e4800000, 0x00000000e4900000, 0x00000000e4900000|100%|HC|  |TAMS 0x00000000e4800000| PB 0x00000000e4800000| Complete |  0
|  73|0x00000000e4900000, 0x00000000e4a00000, 0x00000000e4a00000|100%|HC|  |TAMS 0x00000000e4900000| PB 0x00000000e4900000| Complete |  0
|  74|0x00000000e4a00000, 0x00000000e4b00000, 0x00000000e4b00000|100%|HC|  |TAMS 0x00000000e4a00000| PB 0x00000000e4a00000| Complete |  0
|  75|0x00000000e4b00000, 0x00000000e4c00000, 0x00000000e4c00000|100%|HC|  |TAMS 0x00000000e4b00000| PB 0x00000000e4b00000| Complete |  0
|  76|0x00000000e4c00000, 0x00000000e4d00000, 0x00000000e4d00000|100%|HC|  |TAMS 0x00000000e4c00000| PB 0x00000000e4c00000| Complete |  0
|  77|0x00000000e4d00000, 0x00000000e4e00000, 0x00000000e4e00000|100%|HC|  |TAMS 0x00000000e4d00000| PB 0x00000000e4d00000| Complete |  0
|  78|0x00000000e4e00000, 0x00000000e4f00000, 0x00000000e4f00000|100%|HC|  |TAMS 0x00000000e4e00000| PB 0x00000000e4e00000| Complete |  0
|  79|0x00000000e4f00000, 0x00000000e5000000, 0x00000000e5000000|100%|HC|  |TAMS 0x00000000e4f00000| PB 0x00000000e4f00000| Complete |  0
|  80|0x00000000e5000000, 0x00000000e5100000, 0x00000000e5100000|100%|HC|  |TAMS 0x00000000e5000000| PB 0x00000000e5000000| Complete |  0
|  81|0x00000000e5100000, 0x00000000e5200000, 0x00000000e5200000|100%|HC|  |TAMS 0x00000000e5100000| PB 0x00000000e5100000| Complete |  0
|  82|0x00000000e5200000, 0x00000000e5300000, 0x00000000e5300000|100%|HC|  |TAMS 0x00000000e5200000| PB 0x00000000e5200000| Complete |  0
|  83|0x00000000e5300000, 0x00000000e5400000, 0x00000000e5400000|100%|HC|  |TAMS 0x00000000e5300000| PB 0x00000000e5300000| Complete |  0
|  84|0x00000000e5400000, 0x00000000e5500000, 0x00000000e5500000|100%|HC|  |TAMS 0x00000000e5400000| PB 0x00000000e5400000| Complete |  0
|  85|0x00000000e5500000, 0x00000000e5600000, 0x00000000e5600000|100%|HC|  |TAMS 0x00000000e5500000| PB 0x00000000e5500000| Complete |  0
|  86|0x00000000e5600000, 0x00000000e5700000, 0x00000000e5700000|100%|HC|  |TAMS 0x00000000e5600000| PB 0x00000000e5600000| Complete |  0
|  87|0x00000000e5700000, 0x00000000e5800000, 0x00000000e5800000|100%|HC|  |TAMS 0x00000000e5700000| PB 0x00000000e5700000| Complete |  0
|  88|0x00000000e5800000, 0x00000000e5900000, 0x00000000e5900000|100%|HC|  |TAMS 0x00000000e5800000| PB 0x00000000e5800000| Complete |  0
|  89|0x00000000e5900000, 0x00000000e5a00000, 0x00000000e5a00000|100%|HC|  |TAMS 0x00000000e5900000| PB 0x00000000e5900000| Complete |  0
|  90|0x00000000e5a00000, 0x00000000e5b00000, 0x00000000e5b00000|100%|HC|  |TAMS 0x00000000e5a00000| PB 0x00000000e5a00000| Complete |  0
|  91|0x00000000e5b00000, 0x00000000e5c00000, 0x00000000e5c00000|100%|HC|  |TAMS 0x00000000e5b00000| PB 0x00000000e5b00000| Complete |  0
|  92|0x00000000e5c00000, 0x00000000e5d00000, 0x00000000e5d00000|100%|HC|  |TAMS 0x00000000e5c00000| PB 0x00000000e5c00000| Complete |  0
|  93|0x00000000e5d00000, 0x00000000e5e00000, 0x00000000e5e00000|100%|HC|  |TAMS 0x00000000e5d00000| PB 0x00000000e5d00000| Complete |  0
|  94|0x00000000e5e00000, 0x00000000e5f00000, 0x00000000e5f00000|100%|HC|  |TAMS 0x00000000e5e00000| PB 0x00000000e5e00000| Complete |  0
|  95|0x00000000e5f00000, 0x00000000e6000000, 0x00000000e6000000|100%|HC|  |TAMS 0x00000000e5f00000| PB 0x00000000e5f00000| Complete |  0
|  96|0x00000000e6000000, 0x00000000e6100000, 0x00000000e6100000|100%|HC|  |TAMS 0x00000000e6000000| PB 0x00000000e6000000| Complete |  0
|  97|0x00000000e6100000, 0x00000000e6200000, 0x00000000e6200000|100%|HC|  |TAMS 0x00000000e6100000| PB 0x00000000e6100000| Complete |  0
|  98|0x00000000e6200000, 0x00000000e6300000, 0x00000000e6300000|100%|HC|  |TAMS 0x00000000e6200000| PB 0x00000000e6200000| Complete |  0
|  99|0x00000000e6300000, 0x00000000e6400000, 0x00000000e6400000|100%|HC|  |TAMS 0x00000000e6300000| PB 0x00000000e6300000| Complete |  0
| 100|0x00000000e6400000, 0x00000000e6500000, 0x00000000e6500000|100%|HC|  |TAMS 0x00000000e6400000| PB 0x00000000e6400000| Complete |  0
| 101|0x00000000e6500000, 0x00000000e6600000, 0x00000000e6600000|100%|HC|  |TAMS 0x00000000e6500000| PB 0x00000000e6500000| Complete |  0
| 102|0x00000000e6600000, 0x00000000e6700000, 0x00000000e6700000|100%|HC|  |TAMS 0x00000000e6600000| PB 0x00000000e6600000| Complete |  0
| 103|0x00000000e6700000, 0x00000000e6800000, 0x00000000e6800000|100%|HC|  |TAMS 0x00000000e6700000| PB 0x00000000e6700000| Complete |  0
| 104|0x00000000e6800000, 0x00000000e6900000, 0x00000000e6900000|100%|HC|  |TAMS 0x00000000e6800000| PB 0x00000000e6800000| Complete |  0
| 105|0x00000000e6900000, 0x00000000e6a00000, 0x00000000e6a00000|100%|HC|  |TAMS 0x00000000e6900000| PB 0x00000000e6900000| Complete |  0
| 106|0x00000000e6a00000, 0x00000000e6b00000, 0x00000000e6b00000|100%|HC|  |TAMS 0x00000000e6a00000| PB 0x00000000e6a00000| Complete |  0
| 107|0x00000000e6b00000, 0x00000000e6c00000, 0x00000000e6c00000|100%|HC|  |TAMS 0x00000000e6b00000| PB 0x00000000e6b00000| Complete |  0
| 108|0x00000000e6c00000, 0x00000000e6d00000, 0x00000000e6d00000|100%|HC|  |TAMS 0x00000000e6c00000| PB 0x00000000e6c00000| Complete |  0
| 109|0x00000000e6d00000, 0x00000000e6e00000, 0x00000000e6e00000|100%|HC|  |TAMS 0x00000000e6d00000| PB 0x00000000e6d00000| Complete |  0
| 110|0x00000000e6e00000, 0x00000000e6f00000, 0x00000000e6f00000|100%|HC|  |TAMS 0x00000000e6e00000| PB 0x00000000e6e00000| Complete |  0
| 111|0x00000000e6f00000, 0x00000000e7000000, 0x00000000e7000000|100%|HC|  |TAMS 0x00000000e6f00000| PB 0x00000000e6f00000| Complete |  0
| 112|0x00000000e7000000, 0x00000000e7100000, 0x00000000e7100000|100%|HC|  |TAMS 0x00000000e7000000| PB 0x00000000e7000000| Complete |  0
| 113|0x00000000e7100000, 0x00000000e7200000, 0x00000000e7200000|100%|HC|  |TAMS 0x00000000e7100000| PB 0x00000000e7100000| Complete |  0
| 114|0x00000000e7200000, 0x00000000e7300000, 0x00000000e7300000|100%|HC|  |TAMS 0x00000000e7200000| PB 0x00000000e7200000| Complete |  0
| 115|0x00000000e7300000, 0x00000000e7400000, 0x00000000e7400000|100%|HC|  |TAMS 0x00000000e7300000| PB 0x00000000e7300000| Complete |  0
| 116|0x00000000e7400000, 0x00000000e7500000, 0x00000000e7500000|100%|HC|  |TAMS 0x00000000e7400000| PB 0x00000000e7400000| Complete |  0
| 117|0x00000000e7500000, 0x00000000e7600000, 0x00000000e7600000|100%|HC|  |TAMS 0x00000000e7500000| PB 0x00000000e7500000| Complete |  0
| 118|0x00000000e7600000, 0x00000000e7700000, 0x00000000e7700000|100%|HC|  |TAMS 0x00000000e7600000| PB 0x00000000e7600000| Complete |  0
| 119|0x00000000e7700000, 0x00000000e7800000, 0x00000000e7800000|100%|HC|  |TAMS 0x00000000e7700000| PB 0x00000000e7700000| Complete |  0
| 120|0x00000000e7800000, 0x00000000e7900000, 0x00000000e7900000|100%|HC|  |TAMS 0x00000000e7800000| PB 0x00000000e7800000| Complete |  0
| 121|0x00000000e7900000, 0x00000000e7a00000, 0x00000000e7a00000|100%|HC|  |TAMS 0x00000000e7900000| PB 0x00000000e7900000| Complete |  0
| 122|0x00000000e7a00000, 0x00000000e7b00000, 0x00000000e7b00000|100%|HC|  |TAMS 0x00000000e7a00000| PB 0x00000000e7a00000| Complete |  0
| 123|0x00000000e7b00000, 0x00000000e7c00000, 0x00000000e7c00000|100%|HC|  |TAMS 0x00000000e7b00000| PB 0x00000000e7b00000| Complete |  0
| 124|0x00000000e7c00000, 0x00000000e7d00000, 0x00000000e7d00000|100%|HC|  |TAMS 0x00000000e7c00000| PB 0x00000000e7c00000| Complete |  0
| 125|0x00000000e7d00000, 0x00000000e7e00000, 0x00000000e7e00000|100%|HC|  |TAMS 0x00000000e7d00000| PB 0x00000000e7d00000| Complete |  0
| 126|0x00000000e7e00000, 0x00000000e7f00000, 0x00000000e7f00000|100%|HC|  |TAMS 0x00000000e7e00000| PB 0x00000000e7e00000| Complete |  0
| 127|0x00000000e7f00000, 0x00000000e8000000, 0x00000000e8000000|100%|HC|  |TAMS 0x00000000e7f00000| PB 0x00000000e7f00000| Complete |  0
| 128|0x00000000e8000000, 0x00000000e8100000, 0x00000000e8100000|100%|HC|  |TAMS 0x00000000e8000000| PB 0x00000000e8000000| Complete |  0
| 129|0x00000000e8100000, 0x00000000e8200000, 0x00000000e8200000|100%|HC|  |TAMS 0x00000000e8100000| PB 0x00000000e8100000| Complete |  0
| 130|0x00000000e8200000, 0x00000000e8300000, 0x00000000e8300000|100%|HC|  |TAMS 0x00000000e8200000| PB 0x00000000e8200000| Complete |  0
| 131|0x00000000e8300000, 0x00000000e8400000, 0x00000000e8400000|100%|HC|  |TAMS 0x00000000e8300000| PB 0x00000000e8300000| Complete |  0
| 132|0x00000000e8400000, 0x00000000e8500000, 0x00000000e8500000|100%|HC|  |TAMS 0x00000000e8400000| PB 0x00000000e8400000| Complete |  0
| 133|0x00000000e8500000, 0x00000000e8600000, 0x00000000e8600000|100%|HC|  |TAMS 0x00000000e8500000| PB 0x00000000e8500000| Complete |  0
| 134|0x00000000e8600000, 0x00000000e8700000, 0x00000000e8700000|100%|HC|  |TAMS 0x00000000e8600000| PB 0x00000000e8600000| Complete |  0
| 135|0x00000000e8700000, 0x00000000e8800000, 0x00000000e8800000|100%|HC|  |TAMS 0x00000000e8700000| PB 0x00000000e8700000| Complete |  0
| 136|0x00000000e8800000, 0x00000000e8900000, 0x00000000e8900000|100%|HC|  |TAMS 0x00000000e8800000| PB 0x00000000e8800000| Complete |  0
| 137|0x00000000e8900000, 0x00000000e8a00000, 0x00000000e8a00000|100%|HC|  |TAMS 0x00000000e8900000| PB 0x00000000e8900000| Complete |  0
| 138|0x00000000e8a00000, 0x00000000e8b00000, 0x00000000e8b00000|100%|HC|  |TAMS 0x00000000e8a00000| PB 0x00000000e8a00000| Complete |  0
| 139|0x00000000e8b00000, 0x00000000e8c00000, 0x00000000e8c00000|100%|HC|  |TAMS 0x00000000e8b00000| PB 0x00000000e8b00000| Complete |  0
| 140|0x00000000e8c00000, 0x00000000e8d00000, 0x00000000e8d00000|100%|HC|  |TAMS 0x00000000e8c00000| PB 0x00000000e8c00000| Complete |  0
| 141|0x00000000e8d00000, 0x00000000e8e00000, 0x00000000e8e00000|100%|HC|  |TAMS 0x00000000e8d00000| PB 0x00000000e8d00000| Complete |  0
| 142|0x00000000e8e00000, 0x00000000e8f00000, 0x00000000e8f00000|100%|HC|  |TAMS 0x00000000e8e00000| PB 0x00000000e8e00000| Complete |  0
| 143|0x00000000e8f00000, 0x00000000e9000000, 0x00000000e9000000|100%|HC|  |TAMS 0x00000000e8f00000| PB 0x00000000e8f00000| Complete |  0
| 144|0x00000000e9000000, 0x00000000e9100000, 0x00000000e9100000|100%|HC|  |TAMS 0x00000000e9000000| PB 0x00000000e9000000| Complete |  0
| 145|0x00000000e9100000, 0x00000000e9200000, 0x00000000e9200000|100%|HC|  |TAMS 0x00000000e9100000| PB 0x00000000e9100000| Complete |  0
| 146|0x00000000e9200000, 0x00000000e9300000, 0x00000000e9300000|100%|HC|  |TAMS 0x00000000e9200000| PB 0x00000000e9200000| Complete |  0
| 147|0x00000000e9300000, 0x00000000e9400000, 0x00000000e9400000|100%|HC|  |TAMS 0x00000000e9300000| PB 0x00000000e9300000| Complete |  0
| 148|0x00000000e9400000, 0x00000000e9500000, 0x00000000e9500000|100%|HC|  |TAMS 0x00000000e9400000| PB 0x00000000e9400000| Complete |  0
| 149|0x00000000e9500000, 0x00000000e9600000, 0x00000000e9600000|100%|HC|  |TAMS 0x00000000e9500000| PB 0x00000000e9500000| Complete |  0
| 150|0x00000000e9600000, 0x00000000e9700000, 0x00000000e9700000|100%|HC|  |TAMS 0x00000000e9600000| PB 0x00000000e9600000| Complete |  0
| 151|0x00000000e9700000, 0x00000000e9800000, 0x00000000e9800000|100%|HC|  |TAMS 0x00000000e9700000| PB 0x00000000e9700000| Complete |  0
| 152|0x00000000e9800000, 0x00000000e9900000, 0x00000000e9900000|100%|HC|  |TAMS 0x00000000e9800000| PB 0x00000000e9800000| Complete |  0
| 153|0x00000000e9900000, 0x00000000e9a00000, 0x00000000e9a00000|100%|HC|  |TAMS 0x00000000e9900000| PB 0x00000000e9900000| Complete |  0
| 154|0x00000000e9a00000, 0x00000000e9b00000, 0x00000000e9b00000|100%|HC|  |TAMS 0x00000000e9a00000| PB 0x00000000e9a00000| Complete |  0
| 155|0x00000000e9b00000, 0x00000000e9c00000, 0x00000000e9c00000|100%|HC|  |TAMS 0x00000000e9b00000| PB 0x00000000e9b00000| Complete |  0
| 156|0x00000000e9c00000, 0x00000000e9d00000, 0x00000000e9d00000|100%|HC|  |TAMS 0x00000000e9c00000| PB 0x00000000e9c00000| Complete |  0
| 157|0x00000000e9d00000, 0x00000000e9e00000, 0x00000000e9e00000|100%|HC|  |TAMS 0x00000000e9d00000| PB 0x00000000e9d00000| Complete |  0
| 158|0x00000000e9e00000, 0x00000000e9f00000, 0x00000000e9f00000|100%|HC|  |TAMS 0x00000000e9e00000| PB 0x00000000e9e00000| Complete |  0
| 159|0x00000000e9f00000, 0x00000000ea000000, 0x00000000ea000000|100%|HC|  |TAMS 0x00000000e9f00000| PB 0x00000000e9f00000| Complete |  0
| 160|0x00000000ea000000, 0x00000000ea100000, 0x00000000ea100000|100%|HC|  |TAMS 0x00000000ea000000| PB 0x00000000ea000000| Complete |  0
| 161|0x00000000ea100000, 0x00000000ea200000, 0x00000000ea200000|100%|HC|  |TAMS 0x00000000ea100000| PB 0x00000000ea100000| Complete |  0
| 162|0x00000000ea200000, 0x00000000ea300000, 0x00000000ea300000|100%|HC|  |TAMS 0x00000000ea200000| PB 0x00000000ea200000| Complete |  0
| 163|0x00000000ea300000, 0x00000000ea400000, 0x00000000ea400000|100%|HC|  |TAMS 0x00000000ea300000| PB 0x00000000ea300000| Complete |  0
| 164|0x00000000ea400000, 0x00000000ea500000, 0x00000000ea500000|100%|HC|  |TAMS 0x00000000ea400000| PB 0x00000000ea400000| Complete |  0
| 165|0x00000000ea500000, 0x00000000ea600000, 0x00000000ea600000|100%|HC|  |TAMS 0x00000000ea500000| PB 0x00000000ea500000| Complete |  0
| 166|0x00000000ea600000, 0x00000000ea700000, 0x00000000ea700000|100%|HC|  |TAMS 0x00000000ea600000| PB 0x00000000ea600000| Complete |  0
| 167|0x00000000ea700000, 0x00000000ea800000, 0x00000000ea800000|100%|HC|  |TAMS 0x00000000ea700000| PB 0x00000000ea700000| Complete |  0
| 168|0x00000000ea800000, 0x00000000ea900000, 0x00000000ea900000|100%|HC|  |TAMS 0x00000000ea800000| PB 0x00000000ea800000| Complete |  0
| 169|0x00000000ea900000, 0x00000000eaa00000, 0x00000000eaa00000|100%|HC|  |TAMS 0x00000000ea900000| PB 0x00000000ea900000| Complete |  0
| 170|0x00000000eaa00000, 0x00000000eab00000, 0x00000000eab00000|100%|HC|  |TAMS 0x00000000eaa00000| PB 0x00000000eaa00000| Complete |  0
| 171|0x00000000eab00000, 0x00000000eac00000, 0x00000000eac00000|100%|HC|  |TAMS 0x00000000eab00000| PB 0x00000000eab00000| Complete |  0
| 172|0x00000000eac00000, 0x00000000ead00000, 0x00000000ead00000|100%|HC|  |TAMS 0x00000000eac00000| PB 0x00000000eac00000| Complete |  0
| 173|0x00000000ead00000, 0x00000000eae00000, 0x00000000eae00000|100%|HC|  |TAMS 0x00000000ead00000| PB 0x00000000ead00000| Complete |  0
| 174|0x00000000eae00000, 0x00000000eaf00000, 0x00000000eaf00000|100%|HC|  |TAMS 0x00000000eae00000| PB 0x00000000eae00000| Complete |  0
| 175|0x00000000eaf00000, 0x00000000eb000000, 0x00000000eb000000|100%|HC|  |TAMS 0x00000000eaf00000| PB 0x00000000eaf00000| Complete |  0
| 176|0x00000000eb000000, 0x00000000eb100000, 0x00000000eb100000|100%|HC|  |TAMS 0x00000000eb000000| PB 0x00000000eb000000| Complete |  0
| 177|0x00000000eb100000, 0x00000000eb200000, 0x00000000eb200000|100%|HC|  |TAMS 0x00000000eb100000| PB 0x00000000eb100000| Complete |  0
| 178|0x00000000eb200000, 0x00000000eb300000, 0x00000000eb300000|100%|HC|  |TAMS 0x00000000eb200000| PB 0x00000000eb200000| Complete |  0
| 179|0x00000000eb300000, 0x00000000eb400000, 0x00000000eb400000|100%|HC|  |TAMS 0x00000000eb300000| PB 0x00000000eb300000| Complete |  0
| 180|0x00000000eb400000, 0x00000000eb500000, 0x00000000eb500000|100%|HC|  |TAMS 0x00000000eb400000| PB 0x00000000eb400000| Complete |  0
| 181|0x00000000eb500000, 0x00000000eb600000, 0x00000000eb600000|100%|HC|  |TAMS 0x00000000eb500000| PB 0x00000000eb500000| Complete |  0
| 182|0x00000000eb600000, 0x00000000eb700000, 0x00000000eb700000|100%|HC|  |TAMS 0x00000000eb600000| PB 0x00000000eb600000| Complete |  0
| 183|0x00000000eb700000, 0x00000000eb800000, 0x00000000eb800000|100%|HC|  |TAMS 0x00000000eb700000| PB 0x00000000eb700000| Complete |  0
| 184|0x00000000eb800000, 0x00000000eb900000, 0x00000000eb900000|100%|HC|  |TAMS 0x00000000eb800000| PB 0x00000000eb800000| Complete |  0
| 185|0x00000000eb900000, 0x00000000eba00000, 0x00000000eba00000|100%|HC|  |TAMS 0x00000000eb900000| PB 0x00000000eb900000| Complete |  0
| 186|0x00000000eba00000, 0x00000000ebb00000, 0x00000000ebb00000|100%|HC|  |TAMS 0x00000000eba00000| PB 0x00000000eba00000| Complete |  0
| 187|0x00000000ebb00000, 0x00000000ebc00000, 0x00000000ebc00000|100%|HC|  |TAMS 0x00000000ebb00000| PB 0x00000000ebb00000| Complete |  0
| 188|0x00000000ebc00000, 0x00000000ebd00000, 0x00000000ebd00000|100%|HC|  |TAMS 0x00000000ebc00000| PB 0x00000000ebc00000| Complete |  0
| 189|0x00000000ebd00000, 0x00000000ebe00000, 0x00000000ebe00000|100%|HC|  |TAMS 0x00000000ebd00000| PB 0x00000000ebd00000| Complete |  0
| 190|0x00000000ebe00000, 0x00000000ebf00000, 0x00000000ebf00000|100%|HC|  |TAMS 0x00000000ebe00000| PB 0x00000000ebe00000| Complete |  0
| 191|0x00000000ebf00000, 0x00000000ec000000, 0x00000000ec000000|100%|HC|  |TAMS 0x00000000ebf00000| PB 0x00000000ebf00000| Complete |  0
| 192|0x00000000ec000000, 0x00000000ec100000, 0x00000000ec100000|100%|HC|  |TAMS 0x00000000ec000000| PB 0x00000000ec000000| Complete |  0
| 193|0x00000000ec100000, 0x00000000ec200000, 0x00000000ec200000|100%|HC|  |TAMS 0x00000000ec100000| PB 0x00000000ec100000| Complete |  0
| 194|0x00000000ec200000, 0x00000000ec300000, 0x00000000ec300000|100%|HC|  |TAMS 0x00000000ec200000| PB 0x00000000ec200000| Complete |  0
| 195|0x00000000ec300000, 0x00000000ec400000, 0x00000000ec400000|100%|HC|  |TAMS 0x00000000ec300000| PB 0x00000000ec300000| Complete |  0
| 196|0x00000000ec400000, 0x00000000ec500000, 0x00000000ec500000|100%|HC|  |TAMS 0x00000000ec400000| PB 0x00000000ec400000| Complete |  0
| 197|0x00000000ec500000, 0x00000000ec600000, 0x00000000ec600000|100%|HC|  |TAMS 0x00000000ec500000| PB 0x00000000ec500000| Complete |  0
| 198|0x00000000ec600000, 0x00000000ec700000, 0x00000000ec700000|100%|HC|  |TAMS 0x00000000ec600000| PB 0x00000000ec600000| Complete |  0
| 199|0x00000000ec700000, 0x00000000ec800000, 0x00000000ec800000|100%|HC|  |TAMS 0x00000000ec700000| PB 0x00000000ec700000| Complete |  0
| 200|0x00000000ec800000, 0x00000000ec900000, 0x00000000ec900000|100%|HC|  |TAMS 0x00000000ec800000| PB 0x00000000ec800000| Complete |  0
| 201|0x00000000ec900000, 0x00000000eca00000, 0x00000000eca00000|100%|HC|  |TAMS 0x00000000ec900000| PB 0x00000000ec900000| Complete |  0
| 202|0x00000000eca00000, 0x00000000ecb00000, 0x00000000ecb00000|100%|HC|  |TAMS 0x00000000eca00000| PB 0x00000000eca00000| Complete |  0
| 203|0x00000000ecb00000, 0x00000000ecc00000, 0x00000000ecc00000|100%|HC|  |TAMS 0x00000000ecb00000| PB 0x00000000ecb00000| Complete |  0
| 204|0x00000000ecc00000, 0x00000000ecd00000, 0x00000000ecd00000|100%|HC|  |TAMS 0x00000000ecc00000| PB 0x00000000ecc00000| Complete |  0
| 205|0x00000000ecd00000, 0x00000000ece00000, 0x00000000ece00000|100%|HC|  |TAMS 0x00000000ecd00000| PB 0x00000000ecd00000| Complete |  0
| 206|0x00000000ece00000, 0x00000000ecf00000, 0x00000000ecf00000|100%|HC|  |TAMS 0x00000000ece00000| PB 0x00000000ece00000| Complete |  0
| 207|0x00000000ecf00000, 0x00000000ed000000, 0x00000000ed000000|100%|HC|  |TAMS 0x00000000ecf00000| PB 0x00000000ecf00000| Complete |  0
| 208|0x00000000ed000000, 0x00000000ed100000, 0x00000000ed100000|100%|HC|  |TAMS 0x00000000ed000000| PB 0x00000000ed000000| Complete |  0
| 209|0x00000000ed100000, 0x00000000ed200000, 0x00000000ed200000|100%|HC|  |TAMS 0x00000000ed100000| PB 0x00000000ed100000| Complete |  0
| 210|0x00000000ed200000, 0x00000000ed300000, 0x00000000ed300000|100%|HC|  |TAMS 0x00000000ed200000| PB 0x00000000ed200000| Complete |  0
| 211|0x00000000ed300000, 0x00000000ed400000, 0x00000000ed400000|100%|HC|  |TAMS 0x00000000ed300000| PB 0x00000000ed300000| Complete |  0
| 212|0x00000000ed400000, 0x00000000ed500000, 0x00000000ed500000|100%|HC|  |TAMS 0x00000000ed400000| PB 0x00000000ed400000| Complete |  0
| 213|0x00000000ed500000, 0x00000000ed600000, 0x00000000ed600000|100%|HC|  |TAMS 0x00000000ed500000| PB 0x00000000ed500000| Complete |  0
| 214|0x00000000ed600000, 0x00000000ed700000, 0x00000000ed700000|100%|HC|  |TAMS 0x00000000ed600000| PB 0x00000000ed600000| Complete |  0
| 215|0x00000000ed700000, 0x00000000ed800000, 0x00000000ed800000|100%|HC|  |TAMS 0x00000000ed700000| PB 0x00000000ed700000| Complete |  0
| 216|0x00000000ed800000, 0x00000000ed900000, 0x00000000ed900000|100%|HC|  |TAMS 0x00000000ed800000| PB 0x00000000ed800000| Complete |  0
| 217|0x00000000ed900000, 0x00000000eda00000, 0x00000000eda00000|100%|HC|  |TAMS 0x00000000ed900000| PB 0x00000000ed900000| Complete |  0
| 218|0x00000000eda00000, 0x00000000edb00000, 0x00000000edb00000|100%|HC|  |TAMS 0x00000000eda00000| PB 0x00000000eda00000| Complete |  0
| 219|0x00000000edb00000, 0x00000000edc00000, 0x00000000edc00000|100%|HC|  |TAMS 0x00000000edb00000| PB 0x00000000edb00000| Complete |  0
| 220|0x00000000edc00000, 0x00000000edd00000, 0x00000000edd00000|100%|HC|  |TAMS 0x00000000edc00000| PB 0x00000000edc00000| Complete |  0
| 221|0x00000000edd00000, 0x00000000ede00000, 0x00000000ede00000|100%|HC|  |TAMS 0x00000000edd00000| PB 0x00000000edd00000| Complete |  0
| 222|0x00000000ede00000, 0x00000000edf00000, 0x00000000edf00000|100%|HC|  |TAMS 0x00000000ede00000| PB 0x00000000ede00000| Complete |  0
| 223|0x00000000edf00000, 0x00000000ee000000, 0x00000000ee000000|100%|HC|  |TAMS 0x00000000edf00000| PB 0x00000000edf00000| Complete |  0
| 224|0x00000000ee000000, 0x00000000ee100000, 0x00000000ee100000|100%|HC|  |TAMS 0x00000000ee000000| PB 0x00000000ee000000| Complete |  0
| 225|0x00000000ee100000, 0x00000000ee200000, 0x00000000ee200000|100%|HC|  |TAMS 0x00000000ee100000| PB 0x00000000ee100000| Complete |  0
| 226|0x00000000ee200000, 0x00000000ee300000, 0x00000000ee300000|100%|HC|  |TAMS 0x00000000ee200000| PB 0x00000000ee200000| Complete |  0
| 227|0x00000000ee300000, 0x00000000ee400000, 0x00000000ee400000|100%|HC|  |TAMS 0x00000000ee300000| PB 0x00000000ee300000| Complete |  0
| 228|0x00000000ee400000, 0x00000000ee500000, 0x00000000ee500000|100%|HC|  |TAMS 0x00000000ee400000| PB 0x00000000ee400000| Complete |  0
| 229|0x00000000ee500000, 0x00000000ee600000, 0x00000000ee600000|100%|HC|  |TAMS 0x00000000ee500000| PB 0x00000000ee500000| Complete |  0
| 230|0x00000000ee600000, 0x00000000ee700000, 0x00000000ee700000|100%|HC|  |TAMS 0x00000000ee600000| PB 0x00000000ee600000| Complete |  0
| 231|0x00000000ee700000, 0x00000000ee800000, 0x00000000ee800000|100%|HC|  |TAMS 0x00000000ee700000| PB 0x00000000ee700000| Complete |  0
| 232|0x00000000ee800000, 0x00000000ee900000, 0x00000000ee900000|100%|HC|  |TAMS 0x00000000ee800000| PB 0x00000000ee800000| Complete |  0
| 233|0x00000000ee900000, 0x00000000eea00000, 0x00000000eea00000|100%|HC|  |TAMS 0x00000000ee900000| PB 0x00000000ee900000| Complete |  0
| 234|0x00000000eea00000, 0x00000000eeb00000, 0x00000000eeb00000|100%|HC|  |TAMS 0x00000000eea00000| PB 0x00000000eea00000| Complete |  0
| 235|0x00000000eeb00000, 0x00000000eec00000, 0x00000000eec00000|100%|HC|  |TAMS 0x00000000eeb00000| PB 0x00000000eeb00000| Complete |  0
| 236|0x00000000eec00000, 0x00000000eed00000, 0x00000000eed00000|100%|HC|  |TAMS 0x00000000eec00000| PB 0x00000000eec00000| Complete |  0
| 237|0x00000000eed00000, 0x00000000eee00000, 0x00000000eee00000|100%|HC|  |TAMS 0x00000000eed00000| PB 0x00000000eed00000| Complete |  0
| 238|0x00000000eee00000, 0x00000000eef00000, 0x00000000eef00000|100%|HC|  |TAMS 0x00000000eee00000| PB 0x00000000eee00000| Complete |  0
| 239|0x00000000eef00000, 0x00000000ef000000, 0x00000000ef000000|100%|HC|  |TAMS 0x00000000eef00000| PB 0x00000000eef00000| Complete |  0
| 240|0x00000000ef000000, 0x00000000ef100000, 0x00000000ef100000|100%|HC|  |TAMS 0x00000000ef000000| PB 0x00000000ef000000| Complete |  0
| 241|0x00000000ef100000, 0x00000000ef200000, 0x00000000ef200000|100%|HC|  |TAMS 0x00000000ef100000| PB 0x00000000ef100000| Complete |  0
| 242|0x00000000ef200000, 0x00000000ef300000, 0x00000000ef300000|100%|HC|  |TAMS 0x00000000ef200000| PB 0x00000000ef200000| Complete |  0
| 243|0x00000000ef300000, 0x00000000ef400000, 0x00000000ef400000|100%|HC|  |TAMS 0x00000000ef300000| PB 0x00000000ef300000| Complete |  0
| 244|0x00000000ef400000, 0x00000000ef500000, 0x00000000ef500000|100%|HC|  |TAMS 0x00000000ef400000| PB 0x00000000ef400000| Complete |  0
| 245|0x00000000ef500000, 0x00000000ef600000, 0x00000000ef600000|100%|HC|  |TAMS 0x00000000ef500000| PB 0x00000000ef500000| Complete |  0
| 246|0x00000000ef600000, 0x00000000ef700000, 0x00000000ef700000|100%|HC|  |TAMS 0x00000000ef600000| PB 0x00000000ef600000| Complete |  0
| 247|0x00000000ef700000, 0x00000000ef800000, 0x00000000ef800000|100%|HC|  |TAMS 0x00000000ef700000| PB 0x00000000ef700000| Complete |  0
| 248|0x00000000ef800000, 0x00000000ef900000, 0x00000000ef900000|100%|HC|  |TAMS 0x00000000ef800000| PB 0x00000000ef800000| Complete |  0
| 249|0x00000000ef900000, 0x00000000efa00000, 0x00000000efa00000|100%|HC|  |TAMS 0x00000000ef900000| PB 0x00000000ef900000| Complete |  0
| 250|0x00000000efa00000, 0x00000000efb00000, 0x00000000efb00000|100%|HC|  |TAMS 0x00000000efa00000| PB 0x00000000efa00000| Complete |  0
| 251|0x00000000efb00000, 0x00000000efc00000, 0x00000000efc00000|100%|HC|  |TAMS 0x00000000efb00000| PB 0x00000000efb00000| Complete |  0
| 252|0x00000000efc00000, 0x00000000efd00000, 0x00000000efd00000|100%|HC|  |TAMS 0x00000000efc00000| PB 0x00000000efc00000| Complete |  0
| 253|0x00000000efd00000, 0x00000000efe00000, 0x00000000efe00000|100%|HC|  |TAMS 0x00000000efd00000| PB 0x00000000efd00000| Complete |  0
| 254|0x00000000efe00000, 0x00000000eff00000, 0x00000000eff00000|100%|HC|  |TAMS 0x00000000efe00000| PB 0x00000000efe00000| Complete |  0
| 255|0x00000000eff00000, 0x00000000f0000000, 0x00000000f0000000|100%|HC|  |TAMS 0x00000000eff00000| PB 0x00000000eff00000| Complete |  0
| 256|0x00000000f0000000, 0x00000000f0100000, 0x00000000f0100000|100%|HC|  |TAMS 0x00000000f0000000| PB 0x00000000f0000000| Complete |  0
| 257|0x00000000f0100000, 0x00000000f0200000, 0x00000000f0200000|100%|HC|  |TAMS 0x00000000f0100000| PB 0x00000000f0100000| Complete |  0
| 258|0x00000000f0200000, 0x00000000f0300000, 0x00000000f0300000|100%|HC|  |TAMS 0x00000000f0200000| PB 0x00000000f0200000| Complete |  0
| 259|0x00000000f0300000, 0x00000000f0400000, 0x00000000f0400000|100%|HC|  |TAMS 0x00000000f0300000| PB 0x00000000f0300000| Complete |  0
| 260|0x00000000f0400000, 0x00000000f0500000, 0x00000000f0500000|100%|HC|  |TAMS 0x00000000f0400000| PB 0x00000000f0400000| Complete |  0
| 261|0x00000000f0500000, 0x00000000f0600000, 0x00000000f0600000|100%|HC|  |TAMS 0x00000000f0500000| PB 0x00000000f0500000| Complete |  0
| 262|0x00000000f0600000, 0x00000000f0700000, 0x00000000f0700000|100%|HC|  |TAMS 0x00000000f0600000| PB 0x00000000f0600000| Complete |  0
| 263|0x00000000f0700000, 0x00000000f0800000, 0x00000000f0800000|100%|HC|  |TAMS 0x00000000f0700000| PB 0x00000000f0700000| Complete |  0
| 264|0x00000000f0800000, 0x00000000f0900000, 0x00000000f0900000|100%|HC|  |TAMS 0x00000000f0800000| PB 0x00000000f0800000| Complete |  0
| 265|0x00000000f0900000, 0x00000000f0a00000, 0x00000000f0a00000|100%|HC|  |TAMS 0x00000000f0900000| PB 0x00000000f0900000| Complete |  0
| 266|0x00000000f0a00000, 0x00000000f0b00000, 0x00000000f0b00000|100%|HC|  |TAMS 0x00000000f0a00000| PB 0x00000000f0a00000| Complete |  0
| 267|0x00000000f0b00000, 0x00000000f0c00000, 0x00000000f0c00000|100%|HC|  |TAMS 0x00000000f0b00000| PB 0x00000000f0b00000| Complete |  0
| 268|0x00000000f0c00000, 0x00000000f0d00000, 0x00000000f0d00000|100%|HC|  |TAMS 0x00000000f0c00000| PB 0x00000000f0c00000| Complete |  0
| 269|0x00000000f0d00000, 0x00000000f0e00000, 0x00000000f0e00000|100%|HC|  |TAMS 0x00000000f0d00000| PB 0x00000000f0d00000| Complete |  0
| 270|0x00000000f0e00000, 0x00000000f0f00000, 0x00000000f0f00000|100%|HC|  |TAMS 0x00000000f0e00000| PB 0x00000000f0e00000| Complete |  0
| 271|0x00000000f0f00000, 0x00000000f1000000, 0x00000000f1000000|100%|HC|  |TAMS 0x00000000f0f00000| PB 0x00000000f0f00000| Complete |  0
| 272|0x00000000f1000000, 0x00000000f1100000, 0x00000000f1100000|100%|HC|  |TAMS 0x00000000f1000000| PB 0x00000000f1000000| Complete |  0
| 273|0x00000000f1100000, 0x00000000f1200000, 0x00000000f1200000|100%|HC|  |TAMS 0x00000000f1100000| PB 0x00000000f1100000| Complete |  0
| 274|0x00000000f1200000, 0x00000000f1300000, 0x00000000f1300000|100%|HC|  |TAMS 0x00000000f1200000| PB 0x00000000f1200000| Complete |  0
| 275|0x00000000f1300000, 0x00000000f1400000, 0x00000000f1400000|100%|HC|  |TAMS 0x00000000f1300000| PB 0x00000000f1300000| Complete |  0
| 276|0x00000000f1400000, 0x00000000f1500000, 0x00000000f1500000|100%|HC|  |TAMS 0x00000000f1400000| PB 0x00000000f1400000| Complete |  0
| 277|0x00000000f1500000, 0x00000000f1600000, 0x00000000f1600000|100%|HC|  |TAMS 0x00000000f1500000| PB 0x00000000f1500000| Complete |  0
| 278|0x00000000f1600000, 0x00000000f1700000, 0x00000000f1700000|100%|HC|  |TAMS 0x00000000f1600000| PB 0x00000000f1600000| Complete |  0
| 279|0x00000000f1700000, 0x00000000f1800000, 0x00000000f1800000|100%|HC|  |TAMS 0x00000000f1700000| PB 0x00000000f1700000| Complete |  0
| 280|0x00000000f1800000, 0x00000000f1900000, 0x00000000f1900000|100%|HC|  |TAMS 0x00000000f1800000| PB 0x00000000f1800000| Complete |  0
| 281|0x00000000f1900000, 0x00000000f1a00000, 0x00000000f1a00000|100%|HC|  |TAMS 0x00000000f1900000| PB 0x00000000f1900000| Complete |  0
| 282|0x00000000f1a00000, 0x00000000f1b00000, 0x00000000f1b00000|100%|HC|  |TAMS 0x00000000f1a00000| PB 0x00000000f1a00000| Complete |  0
| 283|0x00000000f1b00000, 0x00000000f1c00000, 0x00000000f1c00000|100%|HC|  |TAMS 0x00000000f1b00000| PB 0x00000000f1b00000| Complete |  0
| 284|0x00000000f1c00000, 0x00000000f1d00000, 0x00000000f1d00000|100%|HC|  |TAMS 0x00000000f1c00000| PB 0x00000000f1c00000| Complete |  0
| 285|0x00000000f1d00000, 0x00000000f1e00000, 0x00000000f1e00000|100%|HC|  |TAMS 0x00000000f1d00000| PB 0x00000000f1d00000| Complete |  0
| 286|0x00000000f1e00000, 0x00000000f1f00000, 0x00000000f1f00000|100%|HC|  |TAMS 0x00000000f1e00000| PB 0x00000000f1e00000| Complete |  0
| 287|0x00000000f1f00000, 0x00000000f2000000, 0x00000000f2000000|100%|HC|  |TAMS 0x00000000f1f00000| PB 0x00000000f1f00000| Complete |  0
| 288|0x00000000f2000000, 0x00000000f2100000, 0x00000000f2100000|100%|HC|  |TAMS 0x00000000f2000000| PB 0x00000000f2000000| Complete |  0
| 289|0x00000000f2100000, 0x00000000f2200000, 0x00000000f2200000|100%|HC|  |TAMS 0x00000000f2100000| PB 0x00000000f2100000| Complete |  0
| 290|0x00000000f2200000, 0x00000000f2300000, 0x00000000f2300000|100%|HC|  |TAMS 0x00000000f2200000| PB 0x00000000f2200000| Complete |  0
| 291|0x00000000f2300000, 0x00000000f2400000, 0x00000000f2400000|100%|HC|  |TAMS 0x00000000f2300000| PB 0x00000000f2300000| Complete |  0
| 292|0x00000000f2400000, 0x00000000f2500000, 0x00000000f2500000|100%|HC|  |TAMS 0x00000000f2400000| PB 0x00000000f2400000| Complete |  0
| 293|0x00000000f2500000, 0x00000000f2600000, 0x00000000f2600000|100%|HC|  |TAMS 0x00000000f2500000| PB 0x00000000f2500000| Complete |  0
| 294|0x00000000f2600000, 0x00000000f2700000, 0x00000000f2700000|100%|HC|  |TAMS 0x00000000f2600000| PB 0x00000000f2600000| Complete |  0
| 295|0x00000000f2700000, 0x00000000f2800000, 0x00000000f2800000|100%|HC|  |TAMS 0x00000000f2700000| PB 0x00000000f2700000| Complete |  0
| 296|0x00000000f2800000, 0x00000000f2900000, 0x00000000f2900000|100%|HC|  |TAMS 0x00000000f2800000| PB 0x00000000f2800000| Complete |  0
| 297|0x00000000f2900000, 0x00000000f2a00000, 0x00000000f2a00000|100%|HC|  |TAMS 0x00000000f2900000| PB 0x00000000f2900000| Complete |  0
| 298|0x00000000f2a00000, 0x00000000f2b00000, 0x00000000f2b00000|100%|HC|  |TAMS 0x00000000f2a00000| PB 0x00000000f2a00000| Complete |  0
| 299|0x00000000f2b00000, 0x00000000f2c00000, 0x00000000f2c00000|100%|HC|  |TAMS 0x00000000f2b00000| PB 0x00000000f2b00000| Complete |  0
| 300|0x00000000f2c00000, 0x00000000f2d00000, 0x00000000f2d00000|100%|HC|  |TAMS 0x00000000f2c00000| PB 0x00000000f2c00000| Complete |  0
| 301|0x00000000f2d00000, 0x00000000f2e00000, 0x00000000f2e00000|100%|HC|  |TAMS 0x00000000f2d00000| PB 0x00000000f2d00000| Complete |  0
| 302|0x00000000f2e00000, 0x00000000f2f00000, 0x00000000f2f00000|100%|HC|  |TAMS 0x00000000f2e00000| PB 0x00000000f2e00000| Complete |  0
| 303|0x00000000f2f00000, 0x00000000f3000000, 0x00000000f3000000|100%|HC|  |TAMS 0x00000000f2f00000| PB 0x00000000f2f00000| Complete |  0
| 304|0x00000000f3000000, 0x00000000f3100000, 0x00000000f3100000|100%|HC|  |TAMS 0x00000000f3000000| PB 0x00000000f3000000| Complete |  0
| 305|0x00000000f3100000, 0x00000000f3200000, 0x00000000f3200000|100%|HC|  |TAMS 0x00000000f3100000| PB 0x00000000f3100000| Complete |  0
| 306|0x00000000f3200000, 0x00000000f3300000, 0x00000000f3300000|100%|HC|  |TAMS 0x00000000f3200000| PB 0x00000000f3200000| Complete |  0
| 307|0x00000000f3300000, 0x00000000f3400000, 0x00000000f3400000|100%|HC|  |TAMS 0x00000000f3300000| PB 0x00000000f3300000| Complete |  0
| 308|0x00000000f3400000, 0x00000000f3500000, 0x00000000f3500000|100%|HC|  |TAMS 0x00000000f3400000| PB 0x00000000f3400000| Complete |  0
| 309|0x00000000f3500000, 0x00000000f3600000, 0x00000000f3600000|100%|HC|  |TAMS 0x00000000f3500000| PB 0x00000000f3500000| Complete |  0
| 310|0x00000000f3600000, 0x00000000f3700000, 0x00000000f3700000|100%|HC|  |TAMS 0x00000000f3600000| PB 0x00000000f3600000| Complete |  0
| 311|0x00000000f3700000, 0x00000000f3800000, 0x00000000f3800000|100%|HC|  |TAMS 0x00000000f3700000| PB 0x00000000f3700000| Complete |  0
| 312|0x00000000f3800000, 0x00000000f3900000, 0x00000000f3900000|100%|HC|  |TAMS 0x00000000f3800000| PB 0x00000000f3800000| Complete |  0
| 313|0x00000000f3900000, 0x00000000f3a00000, 0x00000000f3a00000|100%|HC|  |TAMS 0x00000000f3900000| PB 0x00000000f3900000| Complete |  0
| 314|0x00000000f3a00000, 0x00000000f3b00000, 0x00000000f3b00000|100%|HC|  |TAMS 0x00000000f3a00000| PB 0x00000000f3a00000| Complete |  0
| 315|0x00000000f3b00000, 0x00000000f3c00000, 0x00000000f3c00000|100%|HC|  |TAMS 0x00000000f3b00000| PB 0x00000000f3b00000| Complete |  0
| 316|0x00000000f3c00000, 0x00000000f3d00000, 0x00000000f3d00000|100%|HC|  |TAMS 0x00000000f3c00000| PB 0x00000000f3c00000| Complete |  0
| 317|0x00000000f3d00000, 0x00000000f3e00000, 0x00000000f3e00000|100%|HC|  |TAMS 0x00000000f3d00000| PB 0x00000000f3d00000| Complete |  0
| 318|0x00000000f3e00000, 0x00000000f3f00000, 0x00000000f3f00000|100%|HC|  |TAMS 0x00000000f3e00000| PB 0x00000000f3e00000| Complete |  0
| 319|0x00000000f3f00000, 0x00000000f4000000, 0x00000000f4000000|100%|HC|  |TAMS 0x00000000f3f00000| PB 0x00000000f3f00000| Complete |  0
| 320|0x00000000f4000000, 0x00000000f4100000, 0x00000000f4100000|100%|HC|  |TAMS 0x00000000f4000000| PB 0x00000000f4000000| Complete |  0
| 321|0x00000000f4100000, 0x00000000f4200000, 0x00000000f4200000|100%|HC|  |TAMS 0x00000000f4100000| PB 0x00000000f4100000| Complete |  0
| 322|0x00000000f4200000, 0x00000000f4300000, 0x00000000f4300000|100%|HC|  |TAMS 0x00000000f4200000| PB 0x00000000f4200000| Complete |  0
| 323|0x00000000f4300000, 0x00000000f4400000, 0x00000000f4400000|100%|HC|  |TAMS 0x00000000f4300000| PB 0x00000000f4300000| Complete |  0
| 324|0x00000000f4400000, 0x00000000f4500000, 0x00000000f4500000|100%|HC|  |TAMS 0x00000000f4400000| PB 0x00000000f4400000| Complete |  0
| 325|0x00000000f4500000, 0x00000000f4600000, 0x00000000f4600000|100%|HC|  |TAMS 0x00000000f4500000| PB 0x00000000f4500000| Complete |  0
| 326|0x00000000f4600000, 0x00000000f4700000, 0x00000000f4700000|100%|HC|  |TAMS 0x00000000f4600000| PB 0x00000000f4600000| Complete |  0
| 327|0x00000000f4700000, 0x00000000f4800000, 0x00000000f4800000|100%|HC|  |TAMS 0x00000000f4700000| PB 0x00000000f4700000| Complete |  0
| 328|0x00000000f4800000, 0x00000000f4900000, 0x00000000f4900000|100%|HC|  |TAMS 0x00000000f4800000| PB 0x00000000f4800000| Complete |  0
| 329|0x00000000f4900000, 0x00000000f4a00000, 0x00000000f4a00000|100%|HC|  |TAMS 0x00000000f4900000| PB 0x00000000f4900000| Complete |  0
| 330|0x00000000f4a00000, 0x00000000f4b00000, 0x00000000f4b00000|100%|HC|  |TAMS 0x00000000f4a00000| PB 0x00000000f4a00000| Complete |  0
| 331|0x00000000f4b00000, 0x00000000f4c00000, 0x00000000f4c00000|100%|HC|  |TAMS 0x00000000f4b00000| PB 0x00000000f4b00000| Complete |  0
| 332|0x00000000f4c00000, 0x00000000f4d00000, 0x00000000f4d00000|100%|HC|  |TAMS 0x00000000f4c00000| PB 0x00000000f4c00000| Complete |  0
| 333|0x00000000f4d00000, 0x00000000f4e00000, 0x00000000f4e00000|100%|HC|  |TAMS 0x00000000f4d00000| PB 0x00000000f4d00000| Complete |  0
| 334|0x00000000f4e00000, 0x00000000f4f00000, 0x00000000f4f00000|100%|HC|  |TAMS 0x00000000f4e00000| PB 0x00000000f4e00000| Complete |  0
| 335|0x00000000f4f00000, 0x00000000f5000000, 0x00000000f5000000|100%|HC|  |TAMS 0x00000000f4f00000| PB 0x00000000f4f00000| Complete |  0
| 336|0x00000000f5000000, 0x00000000f5100000, 0x00000000f5100000|100%|HC|  |TAMS 0x00000000f5000000| PB 0x00000000f5000000| Complete |  0
| 337|0x00000000f5100000, 0x00000000f5200000, 0x00000000f5200000|100%|HC|  |TAMS 0x00000000f5100000| PB 0x00000000f5100000| Complete |  0
| 338|0x00000000f5200000, 0x00000000f5300000, 0x00000000f5300000|100%|HC|  |TAMS 0x00000000f5200000| PB 0x00000000f5200000| Complete |  0
| 339|0x00000000f5300000, 0x00000000f5400000, 0x00000000f5400000|100%|HC|  |TAMS 0x00000000f5300000| PB 0x00000000f5300000| Complete |  0
| 340|0x00000000f5400000, 0x00000000f5500000, 0x00000000f5500000|100%|HC|  |TAMS 0x00000000f5400000| PB 0x00000000f5400000| Complete |  0
| 341|0x00000000f5500000, 0x00000000f5600000, 0x00000000f5600000|100%|HC|  |TAMS 0x00000000f5500000| PB 0x00000000f5500000| Complete |  0
| 342|0x00000000f5600000, 0x00000000f5700000, 0x00000000f5700000|100%|HC|  |TAMS 0x00000000f5600000| PB 0x00000000f5600000| Complete |  0
| 343|0x00000000f5700000, 0x00000000f5800000, 0x00000000f5800000|100%|HC|  |TAMS 0x00000000f5700000| PB 0x00000000f5700000| Complete |  0
| 344|0x00000000f5800000, 0x00000000f5900000, 0x00000000f5900000|100%|HC|  |TAMS 0x00000000f5800000| PB 0x00000000f5800000| Complete |  0
| 345|0x00000000f5900000, 0x00000000f5a00000, 0x00000000f5a00000|100%|HC|  |TAMS 0x00000000f5900000| PB 0x00000000f5900000| Complete |  0
| 346|0x00000000f5a00000, 0x00000000f5b00000, 0x00000000f5b00000|100%|HC|  |TAMS 0x00000000f5a00000| PB 0x00000000f5a00000| Complete |  0
| 347|0x00000000f5b00000, 0x00000000f5c00000, 0x00000000f5c00000|100%|HC|  |TAMS 0x00000000f5b00000| PB 0x00000000f5b00000| Complete |  0
| 348|0x00000000f5c00000, 0x00000000f5d00000, 0x00000000f5d00000|100%|HC|  |TAMS 0x00000000f5c00000| PB 0x00000000f5c00000| Complete |  0
| 349|0x00000000f5d00000, 0x00000000f5e00000, 0x00000000f5e00000|100%|HC|  |TAMS 0x00000000f5d00000| PB 0x00000000f5d00000| Complete |  0
| 350|0x00000000f5e00000, 0x00000000f5f00000, 0x00000000f5f00000|100%|HC|  |TAMS 0x00000000f5e00000| PB 0x00000000f5e00000| Complete |  0
| 351|0x00000000f5f00000, 0x00000000f6000000, 0x00000000f6000000|100%|HC|  |TAMS 0x00000000f5f00000| PB 0x00000000f5f00000| Complete |  0
| 352|0x00000000f6000000, 0x00000000f6100000, 0x00000000f6100000|100%|HC|  |TAMS 0x00000000f6000000| PB 0x00000000f6000000| Complete |  0
| 353|0x00000000f6100000, 0x00000000f6100000, 0x00000000f6200000|  0%| F|  |TAMS 0x00000000f6100000| PB 0x00000000f6100000| Untracked |  0
| 354|0x00000000f6200000, 0x00000000f6200000, 0x00000000f6300000|  0%| F|  |TAMS 0x00000000f6200000| PB 0x00000000f6200000| Untracked |  0
| 355|0x00000000f6300000, 0x00000000f6300000, 0x00000000f6400000|  0%| F|  |TAMS 0x00000000f6300000| PB 0x00000000f6300000| Untracked |  0
| 356|0x00000000f6400000, 0x00000000f6400000, 0x00000000f6500000|  0%| F|  |TAMS 0x00000000f6400000| PB 0x00000000f6400000| Untracked |  0
| 357|0x00000000f6500000, 0x00000000f6500000, 0x00000000f6600000|  0%| F|  |TAMS 0x00000000f6500000| PB 0x00000000f6500000| Untracked |  0
| 358|0x00000000f6600000, 0x00000000f6600000, 0x00000000f6700000|  0%| F|  |TAMS 0x00000000f6600000| PB 0x00000000f6600000| Untracked |  0
| 359|0x00000000f6700000, 0x00000000f6700000, 0x00000000f6800000|  0%| F|  |TAMS 0x00000000f6700000| PB 0x00000000f6700000| Untracked |  0
| 360|0x00000000f6800000, 0x00000000f6800000, 0x00000000f6900000|  0%| F|  |TAMS 0x00000000f6800000| PB 0x00000000f6800000| Untracked |  0
| 361|0x00000000f6900000, 0x00000000f6900000, 0x00000000f6a00000|  0%| F|  |TAMS 0x00000000f6900000| PB 0x00000000f6900000| Untracked |  0
| 362|0x00000000f6a00000, 0x00000000f6a00000, 0x00000000f6b00000|  0%| F|  |TAMS 0x00000000f6a00000| PB 0x00000000f6a00000| Untracked |  0
| 363|0x00000000f6b00000, 0x00000000f6b00000, 0x00000000f6c00000|  0%| F|  |TAMS 0x00000000f6b00000| PB 0x00000000f6b00000| Untracked |  0
| 364|0x00000000f6c00000, 0x00000000f6c00000, 0x00000000f6d00000|  0%| F|  |TAMS 0x00000000f6c00000| PB 0x00000000f6c00000| Untracked |  0
| 365|0x00000000f6d00000, 0x00000000f6d00000, 0x00000000f6e00000|  0%| F|  |TAMS 0x00000000f6d00000| PB 0x00000000f6d00000| Untracked |  0
| 366|0x00000000f6e00000, 0x00000000f6e00000, 0x00000000f6f00000|  0%| F|  |TAMS 0x00000000f6e00000| PB 0x00000000f6e00000| Untracked |  0
| 367|0x00000000f6f00000, 0x00000000f6f00000, 0x00000000f7000000|  0%| F|  |TAMS 0x00000000f6f00000| PB 0x00000000f6f00000| Untracked |  0
| 368|0x00000000f7000000, 0x00000000f7000000, 0x00000000f7100000|  0%| F|  |TAMS 0x00000000f7000000| PB 0x00000000f7000000| Untracked |  0
| 369|0x00000000f7100000, 0x00000000f7100000, 0x00000000f7200000|  0%| F|  |TAMS 0x00000000f7100000| PB 0x00000000f7100000| Untracked |  0
| 370|0x00000000f7200000, 0x00000000f7200000, 0x00000000f7300000|  0%| F|  |TAMS 0x00000000f7200000| PB 0x00000000f7200000| Untracked |  0
| 371|0x00000000f7300000, 0x00000000f7300000, 0x00000000f7400000|  0%| F|  |TAMS 0x00000000f7300000| PB 0x00000000f7300000| Untracked |  0
| 372|0x00000000f7400000, 0x00000000f7400000, 0x00000000f7500000|  0%| F|  |TAMS 0x00000000f7400000| PB 0x00000000f7400000| Untracked |  0
| 373|0x00000000f7500000, 0x00000000f7500000, 0x00000000f7600000|  0%| F|  |TAMS 0x00000000f7500000| PB 0x00000000f7500000| Untracked |  0
| 374|0x00000000f7600000, 0x00000000f7600000, 0x00000000f7700000|  0%| F|  |TAMS 0x00000000f7600000| PB 0x00000000f7600000| Untracked |  0
| 375|0x00000000f7700000, 0x00000000f7700000, 0x00000000f7800000|  0%| F|  |TAMS 0x00000000f7700000| PB 0x00000000f7700000| Untracked |  0
| 376|0x00000000f7800000, 0x00000000f7800000, 0x00000000f7900000|  0%| F|  |TAMS 0x00000000f7800000| PB 0x00000000f7800000| Untracked |  0
| 377|0x00000000f7900000, 0x00000000f7900000, 0x00000000f7a00000|  0%| F|  |TAMS 0x00000000f7900000| PB 0x00000000f7900000| Untracked |  0
| 378|0x00000000f7a00000, 0x00000000f7a00000, 0x00000000f7b00000|  0%| F|  |TAMS 0x00000000f7a00000| PB 0x00000000f7a00000| Untracked |  0
| 379|0x00000000f7b00000, 0x00000000f7b00000, 0x00000000f7c00000|  0%| F|  |TAMS 0x00000000f7b00000| PB 0x00000000f7b00000| Untracked |  0
| 380|0x00000000f7c00000, 0x00000000f7c00000, 0x00000000f7d00000|  0%| F|  |TAMS 0x00000000f7c00000| PB 0x00000000f7c00000| Untracked |  0
| 381|0x00000000f7d00000, 0x00000000f7d00000, 0x00000000f7e00000|  0%| F|  |TAMS 0x00000000f7d00000| PB 0x00000000f7d00000| Untracked |  0
| 382|0x00000000f7e00000, 0x00000000f7e00000, 0x00000000f7f00000|  0%| F|  |TAMS 0x00000000f7e00000| PB 0x00000000f7e00000| Untracked |  0
| 383|0x00000000f7f00000, 0x00000000f7f00000, 0x00000000f8000000|  0%| F|  |TAMS 0x00000000f7f00000| PB 0x00000000f7f00000| Untracked |  0
| 384|0x00000000f8000000, 0x00000000f8000000, 0x00000000f8100000|  0%| F|  |TAMS 0x00000000f8000000| PB 0x00000000f8000000| Untracked |  0
| 385|0x00000000f8100000, 0x00000000f8100000, 0x00000000f8200000|  0%| F|  |TAMS 0x00000000f8100000| PB 0x00000000f8100000| Untracked |  0
| 386|0x00000000f8200000, 0x00000000f8200000, 0x00000000f8300000|  0%| F|  |TAMS 0x00000000f8200000| PB 0x00000000f8200000| Untracked |  0
| 387|0x00000000f8300000, 0x00000000f8300000, 0x00000000f8400000|  0%| F|  |TAMS 0x00000000f8300000| PB 0x00000000f8300000| Untracked |  0
| 388|0x00000000f8400000, 0x00000000f8400000, 0x00000000f8500000|  0%| F|  |TAMS 0x00000000f8400000| PB 0x00000000f8400000| Untracked |  0
| 389|0x00000000f8500000, 0x00000000f8500000, 0x00000000f8600000|  0%| F|  |TAMS 0x00000000f8500000| PB 0x00000000f8500000| Untracked |  0
| 390|0x00000000f8600000, 0x00000000f8600000, 0x00000000f8700000|  0%| F|  |TAMS 0x00000000f8600000| PB 0x00000000f8600000| Untracked |  0
| 391|0x00000000f8700000, 0x00000000f8700000, 0x00000000f8800000|  0%| F|  |TAMS 0x00000000f8700000| PB 0x00000000f8700000| Untracked |  0
| 392|0x00000000f8800000, 0x00000000f8800000, 0x00000000f8900000|  0%| F|  |TAMS 0x00000000f8800000| PB 0x00000000f8800000| Untracked |  0
| 393|0x00000000f8900000, 0x00000000f8900000, 0x00000000f8a00000|  0%| F|  |TAMS 0x00000000f8900000| PB 0x00000000f8900000| Untracked |  0
| 394|0x00000000f8a00000, 0x00000000f8a00000, 0x00000000f8b00000|  0%| F|  |TAMS 0x00000000f8a00000| PB 0x00000000f8a00000| Untracked |  0
| 395|0x00000000f8b00000, 0x00000000f8b00000, 0x00000000f8c00000|  0%| F|  |TAMS 0x00000000f8b00000| PB 0x00000000f8b00000| Untracked |  0
| 396|0x00000000f8c00000, 0x00000000f8c00000, 0x00000000f8d00000|  0%| F|  |TAMS 0x00000000f8c00000| PB 0x00000000f8c00000| Untracked |  0
| 397|0x00000000f8d00000, 0x00000000f8d00000, 0x00000000f8e00000|  0%| F|  |TAMS 0x00000000f8d00000| PB 0x00000000f8d00000| Untracked |  0
| 398|0x00000000f8e00000, 0x00000000f8e00000, 0x00000000f8f00000|  0%| F|  |TAMS 0x00000000f8e00000| PB 0x00000000f8e00000| Untracked |  0
| 399|0x00000000f8f00000, 0x00000000f8f00000, 0x00000000f9000000|  0%| F|  |TAMS 0x00000000f8f00000| PB 0x00000000f8f00000| Untracked |  0
| 400|0x00000000f9000000, 0x00000000f9000000, 0x00000000f9100000|  0%| F|  |TAMS 0x00000000f9000000| PB 0x00000000f9000000| Untracked |  0
| 401|0x00000000f9100000, 0x00000000f9100000, 0x00000000f9200000|  0%| F|  |TAMS 0x00000000f9100000| PB 0x00000000f9100000| Untracked |  0
| 402|0x00000000f9200000, 0x00000000f9200000, 0x00000000f9300000|  0%| F|  |TAMS 0x00000000f9200000| PB 0x00000000f9200000| Untracked |  0
| 403|0x00000000f9300000, 0x00000000f93eefe0, 0x00000000f9400000| 93%| S|CS|TAMS 0x00000000f9300000| PB 0x00000000f9300000| Complete |  0
| 404|0x00000000f9400000, 0x00000000f9500000, 0x00000000f9500000|100%| S|CS|TAMS 0x00000000f9400000| PB 0x00000000f9400000| Complete |  0
| 405|0x00000000f9500000, 0x00000000f9600000, 0x00000000f9600000|100%| S|CS|TAMS 0x00000000f9500000| PB 0x00000000f9500000| Complete |  0
| 406|0x00000000f9600000, 0x00000000f9700000, 0x00000000f9700000|100%| S|CS|TAMS 0x00000000f9600000| PB 0x00000000f9600000| Complete |  0
| 407|0x00000000f9700000, 0x00000000f9800000, 0x00000000f9800000|100%| S|CS|TAMS 0x00000000f9700000| PB 0x00000000f9700000| Complete |  0
| 408|0x00000000f9800000, 0x00000000f9800000, 0x00000000f9900000|  0%| F|  |TAMS 0x00000000f9800000| PB 0x00000000f9800000| Untracked |  0
| 409|0x00000000f9900000, 0x00000000f9900000, 0x00000000f9a00000|  0%| F|  |TAMS 0x00000000f9900000| PB 0x00000000f9900000| Untracked |  0
| 410|0x00000000f9a00000, 0x00000000f9a00000, 0x00000000f9b00000|  0%| F|  |TAMS 0x00000000f9a00000| PB 0x00000000f9a00000| Untracked |  0
| 411|0x00000000f9b00000, 0x00000000f9b00000, 0x00000000f9c00000|  0%| F|  |TAMS 0x00000000f9b00000| PB 0x00000000f9b00000| Untracked |  0
| 412|0x00000000f9c00000, 0x00000000f9c00000, 0x00000000f9d00000|  0%| F|  |TAMS 0x00000000f9c00000| PB 0x00000000f9c00000| Untracked |  0
| 413|0x00000000f9d00000, 0x00000000f9d00000, 0x00000000f9e00000|  0%| F|  |TAMS 0x00000000f9d00000| PB 0x00000000f9d00000| Untracked |  0
| 510|0x00000000ffe00000, 0x00000000fff00000, 0x00000000fff00000|100%| O|  |TAMS 0x00000000ffe00000| PB 0x00000000ffe00000| Untracked |  0
| 511|0x00000000fff00000, 0x00000000fff1c318, 0x0000000100000000| 11%| O|  |TAMS 0x00000000fff00000| PB 0x00000000fff00000| Untracked |  0

Card table byte_map: [0x000001a75b770000,0x000001a75b870000] _byte_map_base: 0x000001a75b070000

Marking Bits: (CMBitMap*) 0x000001a743317880
 Bits: [0x000001a75b870000, 0x000001a75c070000)

Polling page: 0x000001a7410f0000

Metaspace:

Usage:
  Non-class:     11.45 MB used.
      Class:      1.31 MB used.
       Both:     12.76 MB used.

Virtual space:
  Non-class space:       64.00 MB reserved,      11.62 MB ( 18%) committed,  1 nodes.
      Class space:        1.00 GB reserved,       1.50 MB ( <1%) committed,  1 nodes.
             Both:        1.06 GB reserved,      13.12 MB (  1%) committed. 

Chunk freelists:
   Non-Class:  4.06 MB
       Class:  14.55 MB
        Both:  18.61 MB

MaxMetaspaceSize: unlimited
CompressedClassSpaceSize: 1.00 GB
Initial GC threshold: 21.00 MB
Current GC threshold: 21.00 MB
CDS: on
 - commit_granule_bytes: 65536.
 - commit_granule_words: 8192.
 - virtual_space_node_default_size: 8388608.
 - enlarge_chunks_in_place: 1.
UseCompressedClassPointers 1, UseCompactObjectHeaders 0
Narrow klass pointer bits 32, Max shift 3
Narrow klass base: 0x000001a760000000, Narrow klass shift: 0
Encoding Range: [0x000001a760000000 - 0x000001a860000000), (4294967296 bytes)
Klass Range:    [0x000001a760000000 - 0x000001a7a1000000), (1090519040 bytes)
Klass ID Range:  [8 - 1090519033) (1090519025)


Internal statistics:

num_allocs_failed_limit: 0.
num_arena_births: 372.
num_arena_deaths: 0.
num_vsnodes_births: 2.
num_vsnodes_deaths: 0.
num_space_committed: 210.
num_space_uncommitted: 0.
num_chunks_returned_to_freelist: 0.
num_chunks_taken_from_freelist: 813.
num_chunk_merges: 0.
num_chunk_splits: 487.
num_chunks_enlarged: 289.
num_inconsistent_stats: 0.

CodeHeap 'non-profiled nmethods': size=119232Kb used=697Kb max_used=697Kb free=118534Kb
 bounds [0x000001a753980000, 0x000001a753bf0000, 0x000001a75adf0000]
CodeHeap 'profiled nmethods': size=119104Kb used=4347Kb max_used=4347Kb free=114757Kb
 bounds [0x000001a74bdf0000, 0x000001a74c230000, 0x000001a753240000]
CodeHeap 'non-nmethods': size=7424Kb used=3237Kb max_used=3239Kb free=4187Kb
 bounds [0x000001a753240000, 0x000001a753570000, 0x000001a753980000]
CodeCache: size=245760Kb, used=8281Kb, max_used=8283Kb, free=237478Kb
 total_blobs=3097, nmethods=2513, adapters=483, full_count=0
Compilation: enabled, stopped_count=0, restarted_count=0

Compilation events (20 events):
Event: 0.878 Thread 0x000001a75f33e3c0 2494       3       java.lang.invoke.LambdaForm::<init> (53 bytes)
Event: 0.878 Thread 0x000001a75f33eb50 2495       3       java.lang.invoke.InvokerBytecodeGenerator::generateCustomizedCode (34 bytes)
Event: 0.878 Thread 0x000001a75f33e3c0 nmethod 2494 0x000001a74c228588 code [0x000001a74c2286a0, 0x000001a74c228968]
Event: 0.878 Thread 0x000001a75f33eb50 nmethod 2495 0x000001a74c228988 code [0x000001a74c228ae0, 0x000001a74c228d98]
Event: 0.878 Thread 0x000001a75f33eb50 2497       3       java.lang.invoke.InvokerBytecodeGenerator::emitReferenceCast (169 bytes)
Event: 0.878 Thread 0x000001a75f15dd80 nmethod 2493 0x000001a74c228e08 code [0x000001a74c228f20, 0x000001a74c2290e0]
Event: 0.878 Thread 0x000001a75f33e3c0 2496       3       java.lang.invoke.InvokerBytecodeGenerator::lookupPregenerated (294 bytes)
Event: 0.879 Thread 0x000001a75f019240 nmethod 2492 0x000001a74c229108 code [0x000001a74c229280, 0x000001a74c229828]
Event: 0.879 Thread 0x000001a75f33eb50 nmethod 2497 0x000001a74c229888 code [0x000001a74c229ac0, 0x000001a74c22a848]
Event: 0.879 Thread 0x000001a75f33e3c0 nmethod 2496 0x000001a74c22a888 code [0x000001a74c22ab80, 0x000001a74c22c6d0]
Event: 0.883 Thread 0x000001a75f33e3c0 2505       3       java.lang.Long::hashCode (8 bytes)
Event: 0.884 Thread 0x000001a75f33e3c0 nmethod 2505 0x000001a74c22c788 code [0x000001a74c22c8a0, 0x000001a74c22c998]
Event: 0.884 Thread 0x000001a75f33e3c0 2507       3       java.lang.invoke.InvokerBytecodeGenerator::emitStoreResult (31 bytes)
Event: 0.884 Thread 0x000001a75f33e3c0 nmethod 2507 0x000001a74c22ca88 code [0x000001a74c22cbc0, 0x000001a74c22cfc8]
Event: 0.886 Thread 0x000001a75f15dd80 2512       3       java.lang.invoke.InvokerBytecodeGenerator::emitStaticInvoke (260 bytes)
Event: 0.887 Thread 0x000001a75f15dd80 nmethod 2512 0x000001a74c22d008 code [0x000001a74c22d260, 0x000001a74c22e428]
Event: 0.887 Thread 0x000001a75f15dd80 2513       3       java.lang.invoke.LambdaFormBuffer::changeName (149 bytes)
Event: 0.887 Thread 0x000001a75f15dd80 nmethod 2513 0x000001a74c22e488 code [0x000001a74c22e5e0, 0x000001a74c22ebc0]
Event: 0.888 Thread 0x000001a75f15dd80 2516       1       sun.invoke.util.Wrapper::basicTypeChar (5 bytes)
Event: 0.888 Thread 0x000001a75f15dd80 nmethod 2516 0x000001a753a2dc08 code [0x000001a753a2dd00, 0x000001a753a2ddd0]

GC Heap History (4 events):
Event: 0.813 GC heap before
{Heap before GC invocations=0 (full 0):
 garbage-first heap   total reserved 524288K, committed 425984K, used 49264K [0x00000000e0000000, 0x0000000100000000)
  region size 1024K, 47 young (48128K), 0 survivors (0K)
 Metaspace       used 11888K, committed 12160K, reserved 1114112K
  class space    used 1161K, committed 1280K, reserved 1048576K
}
Event: 0.816 GC heap after
{Heap after GC invocations=1 (full 0):
 garbage-first heap   total reserved 524288K, committed 425984K, used 5856K [0x00000000e0000000, 0x0000000100000000)
  region size 1024K, 5 young (5120K), 5 survivors (5120K)
 Metaspace       used 11888K, committed 12160K, reserved 1114112K
  class space    used 1161K, committed 1280K, reserved 1048576K
}
Event: 0.888 GC heap before
{Heap before GC invocations=1 (full 0):
 garbage-first heap   total reserved 524288K, committed 425984K, used 10976K [0x00000000e0000000, 0x0000000100000000)
  region size 1024K, 11 young (11264K), 5 survivors (5120K)
 Metaspace       used 13069K, committed 13440K, reserved 1114112K
  class space    used 1345K, committed 1536K, reserved 1048576K
}
Event: 0.891 GC heap after
{Heap after GC invocations=2 (full 0):
 garbage-first heap   total reserved 524288K, committed 425984K, used 6188K [0x00000000e0000000, 0x0000000100000000)
  region size 1024K, 5 young (5120K), 5 survivors (5120K)
 Metaspace       used 13069K, committed 13440K, reserved 1114112K
  class space    used 1345K, committed 1536K, reserved 1048576K
}

Dll operation events (12 events):
Event: 0.006 Loaded shared library C:\Users\ziad\.jdks\azul-24.0.2\bin\java.dll
Event: 0.028 Loaded shared library C:\Users\ziad\.jdks\azul-24.0.2\bin\jsvml.dll
Event: 0.040 Loaded shared library C:\Users\ziad\.jdks\azul-24.0.2\bin\net.dll
Event: 0.042 Loaded shared library C:\Users\ziad\.jdks\azul-24.0.2\bin\nio.dll
Event: 0.046 Loaded shared library C:\Users\ziad\.jdks\azul-24.0.2\bin\zip.dll
Event: 0.087 Loaded shared library C:\Users\ziad\.jdks\azul-24.0.2\bin\verify.dll
Event: 0.091 Loaded shared library C:\Users\ziad\.jdks\azul-24.0.2\bin\jimage.dll
Event: 0.280 Loaded shared library C:\Users\ziad\.jdks\azul-24.0.2\bin\extnet.dll
Event: 0.346 Loaded shared library C:\Users\ziad\.jdks\azul-24.0.2\bin\sunmscapi.dll
Event: 0.830 Loaded shared library C:\Windows\System32\ucrtbase.dll
Event: 0.831 Loaded shared library C:\Users\ziad\.jdks\azul-24.0.2\bin\syslookup.dll
Event: 0.835 Loaded shared library kernel32

Deoptimization events (20 events):
Event: 0.812 Thread 0x000001a740f6ebe0 DEOPT PACKING pc=0x000001a74c1bc88a sp=0x000000a076bfb1c0
Event: 0.812 Thread 0x000001a740f6ebe0 DEOPT UNPACKING pc=0x000001a753296642 sp=0x000000a076bfa6d0 mode 0
Event: 0.817 Thread 0x000001a740f6ebe0 Uncommon trap: trap_request=0xffffff4d fr.pc=0x000001a753a1412c relative=0x00000000000000ac
Event: 0.817 Thread 0x000001a740f6ebe0 Uncommon trap: reason=unstable_if action=reinterpret pc=0x000001a753a1412c method=java.lang.ref.SoftReference.get()Ljava/lang/Object; @ 17 c2
Event: 0.817 Thread 0x000001a740f6ebe0 DEOPT PACKING pc=0x000001a753a1412c sp=0x000000a076bfb0f0
Event: 0.817 Thread 0x000001a740f6ebe0 DEOPT UNPACKING pc=0x000001a753366d02 sp=0x000000a076bfb080 mode 2
Event: 0.818 Thread 0x000001a740f6ebe0 Uncommon trap: trap_request=0xffffff4d fr.pc=0x000001a7539d8ce0 relative=0x0000000000000060
Event: 0.818 Thread 0x000001a740f6ebe0 Uncommon trap: reason=unstable_if action=reinterpret pc=0x000001a7539d8ce0 method=java.lang.ref.ReferenceQueue.poll()Ljava/lang/ref/Reference; @ 4 c2
Event: 0.818 Thread 0x000001a740f6ebe0 DEOPT PACKING pc=0x000001a7539d8ce0 sp=0x000000a076bfac10
Event: 0.818 Thread 0x000001a740f6ebe0 DEOPT UNPACKING pc=0x000001a753366d02 sp=0x000000a076bfab18 mode 2
Event: 0.818 Thread 0x000001a740f6ebe0 Uncommon trap: trap_request=0xffffff4d fr.pc=0x000001a7539bb258 relative=0x0000000000000058
Event: 0.818 Thread 0x000001a740f6ebe0 Uncommon trap: reason=unstable_if action=reinterpret pc=0x000001a7539bb258 method=java.lang.ref.ReferenceQueue.poll()Ljava/lang/ref/Reference; @ 4 c2
Event: 0.818 Thread 0x000001a740f6ebe0 DEOPT PACKING pc=0x000001a7539bb258 sp=0x000000a076bfaba0
Event: 0.818 Thread 0x000001a740f6ebe0 DEOPT UNPACKING pc=0x000001a753366d02 sp=0x000000a076bfab18 mode 2
Event: 0.838 Thread 0x000001a740f6ebe0 Uncommon trap: trap_request=0xffffff4d fr.pc=0x000001a7539d9e6c relative=0x00000000000000cc
Event: 0.838 Thread 0x000001a740f6ebe0 Uncommon trap: reason=unstable_if action=reinterpret pc=0x000001a7539d9e6c method=jdk.internal.classfile.impl.RawBytecodeHelper.next()Z @ 46 c2
Event: 0.838 Thread 0x000001a740f6ebe0 DEOPT PACKING pc=0x000001a7539d9e6c sp=0x000000a076bfa270
Event: 0.838 Thread 0x000001a740f6ebe0 DEOPT UNPACKING pc=0x000001a753366d02 sp=0x000000a076bfa1f8 mode 2
Event: 0.839 Thread 0x000001a740f6ebe0 DEOPT PACKING pc=0x000001a74c0629bc sp=0x000000a076bfa7f0
Event: 0.839 Thread 0x000001a740f6ebe0 DEOPT UNPACKING pc=0x000001a753296642 sp=0x000000a076bf9ce8 mode 0

Classes loaded (20 events):
Event: 0.870 Loading class jdk/internal/classfile/impl/AbstractInstruction$UnboundLoadInstruction
Event: 0.870 Loading class jdk/internal/classfile/impl/AbstractInstruction$UnboundInstruction
Event: 0.870 Loading class jdk/internal/classfile/impl/AbstractInstruction
Event: 0.870 Loading class jdk/internal/classfile/impl/AbstractInstruction done
Event: 0.870 Loading class jdk/internal/classfile/impl/AbstractInstruction$UnboundInstruction done
Event: 0.870 Loading class jdk/internal/classfile/impl/AbstractInstruction$UnboundLoadInstruction done
Event: 0.870 Loading class java/lang/classfile/instruction/InvokeInstruction
Event: 0.870 Loading class java/lang/classfile/instruction/InvokeInstruction done
Event: 0.870 Loading class jdk/internal/classfile/impl/AbstractInstruction$UnboundInvokeInstruction
Event: 0.870 Loading class jdk/internal/classfile/impl/AbstractInstruction$UnboundInvokeInstruction done
Event: 0.871 Loading class jdk/internal/classfile/impl/StackMapGenerator$RawExceptionCatch
Event: 0.871 Loading class jdk/internal/classfile/impl/StackMapGenerator$RawExceptionCatch done
Event: 0.872 Loading class jdk/internal/classfile/impl/SplitConstantPool$1
Event: 0.872 Loading class jdk/internal/classfile/impl/SplitConstantPool$1 done
Event: 0.872 Loading class jdk/internal/classfile/impl/AbstractAttributeMapper$BootstrapMethodsMapper
Event: 0.872 Loading class jdk/internal/classfile/impl/AbstractAttributeMapper$BootstrapMethodsMapper done
Event: 0.881 Loading class jdk/internal/foreign/MemorySessionImpl$ResourceList$ResourceCleanup$2
Event: 0.881 Loading class jdk/internal/foreign/MemorySessionImpl$ResourceList$ResourceCleanup$2 done
Event: 0.881 Loading class jdk/internal/foreign/Utils$BaseAndScale
Event: 0.881 Loading class jdk/internal/foreign/Utils$BaseAndScale done

Classes unloaded (0 events):
No events

Classes redefined (0 events):
No events

Internal exceptions (20 events):
Event: 0.845 Thread 0x000001a740f6ebe0 Exception <a 'java/lang/NoSuchMethodError'{0x00000000f9ce2a60}: 'java.lang.Object java.lang.invoke.DirectMethodHandle$Holder.invokeStatic(java.lang.Object, float)'> (0x00000000f9ce2a60) 
thrown [s\src\hotspot\share\interpreter\linkResolver.cpp, line 805]
Event: 0.848 Thread 0x000001a740f6ebe0 Exception <a 'java/lang/NoSuchMethodError'{0x00000000f9b23e20}: 'int java.lang.invoke.Invokers$Holder.linkToTargetMethod(java.lang.Object, java.lang.Object)'> (0x00000000f9b23e20) 
thrown [s\src\hotspot\share\interpreter\linkResolver.cpp, line 805]
Event: 0.852 Thread 0x000001a740f6ebe0 Exception <a 'java/lang/NoSuchMethodError'{0x00000000f9b4c8a0}: 'long java.lang.invoke.DirectMethodHandle$Holder.invokeInterface(java.lang.Object, java.lang.Object)'> (0x00000000f9b4c8a0) 
thrown [s\src\hotspot\share\interpreter\linkResolver.cpp, line 805]
Event: 0.856 Thread 0x000001a740f6ebe0 Exception <a 'java/lang/IncompatibleClassChangeError'{0x00000000f9b81f98}: Found class java.lang.Object, but interface was expected> (0x00000000f9b81f98) 
thrown [s\src\hotspot\share\interpreter\linkResolver.cpp, line 872]
Event: 0.858 Thread 0x000001a740f6ebe0 Exception <a 'java/lang/NoSuchMethodError'{0x00000000f9bbe470}: 'java.lang.Object java.lang.invoke.DirectMethodHandle$Holder.invokeVirtual(java.lang.Object, java.lang.Object, java.lang.Object, java.lang.Object, java.lang.Object)'> (0x00000000f9bbe470) 
thrown [s\src\hotspot\share\interpreter\linkResolver.cpp, line 805]
Event: 0.862 Thread 0x000001a740f6ebe0 Exception <a 'java/lang/NoSuchMethodError'{0x00000000f9a463d0}: 'int java.lang.invoke.DirectMethodHandle$Holder.invokeSpecial(java.lang.Object, java.lang.Object, int)'> (0x00000000f9a463d0) 
thrown [s\src\hotspot\share\interpreter\linkResolver.cpp, line 805]
Event: 0.863 Thread 0x000001a740f6ebe0 Exception <a 'java/lang/NoSuchMethodError'{0x00000000f9a5b050}: 'void java.lang.invoke.DirectMethodHandle$Holder.invokeStatic(java.lang.Object, long)'> (0x00000000f9a5b050) 
thrown [s\src\hotspot\share\interpreter\linkResolver.cpp, line 805]
Event: 0.863 Thread 0x000001a740f6ebe0 Exception <a 'java/lang/NoSuchMethodError'{0x00000000f9a6a518}: 'java.lang.Object java.lang.invoke.DirectMethodHandle$Holder.newInvokeSpecial(java.lang.Object, long)'> (0x00000000f9a6a518) 
thrown [s\src\hotspot\share\interpreter\linkResolver.cpp, line 805]
Event: 0.864 Thread 0x000001a740f6ebe0 Exception <a 'java/lang/NoSuchMethodError'{0x00000000f9a7e140}: 'void java.lang.invoke.DirectMethodHandle$Holder.invokeStatic(java.lang.Object, java.lang.Object, java.lang.Object, java.lang.Object, java.lang.Object, java.lang.Object)'> (0x00000000f9a7e140) 
thrown [s\src\hotspot\share\interpreter\linkResolver.cpp, line 805]
Event: 0.868 Thread 0x000001a740f6ebe0 Exception <a 'java/lang/NoSuchMethodError'{0x00000000f9ac8228}: 'void java.lang.invoke.DirectMethodHandle$Holder.invokeStatic(java.lang.Object, int, java.lang.Object)'> (0x00000000f9ac8228) 
thrown [s\src\hotspot\share\interpreter\linkResolver.cpp, line 805]
Event: 0.873 Thread 0x000001a740f6ebe0 Exception <a 'java/lang/NoSuchMethodError'{0x00000000f9aff038}: 'java.lang.Object java.lang.invoke.DirectMethodHandle$Holder.invokeStaticInit(java.lang.Object, java.lang.Object, java.lang.Object, java.lang.Object, long, int, int)'> (0x00000000f9aff038) 
thrown [s\src\hotspot\share\interpreter\linkResolver.cpp, line 805]
Event: 0.873 Thread 0x000001a740f6ebe0 Exception <a 'java/lang/NoSuchMethodError'{0x00000000f99141e8}: 'java.lang.Object java.lang.invoke.DelegatingMethodHandle$Holder.reinvoke_L(java.lang.Object, java.lang.Object, java.lang.Object, java.lang.Object, long, int, int)'> (0x00000000f99141e8) 
thrown [s\src\hotspot\share\interpreter\linkResolver.cpp, line 805]
Event: 0.876 Thread 0x000001a740f6ebe0 Exception <a 'java/lang/NoSuchMethodError'{0x00000000f995c298}: 'int java.lang.invoke.DirectMethodHandle$Holder.invokeStaticInit(java.lang.Object, java.lang.Object, java.lang.Object, java.lang.Object, long, int)'> (0x00000000f995c298) 
thrown [s\src\hotspot\share\interpreter\linkResolver.cpp, line 805]
Event: 0.876 Thread 0x000001a740f6ebe0 Exception <a 'java/lang/NoSuchMethodError'{0x00000000f996ce18}: 'int java.lang.invoke.DelegatingMethodHandle$Holder.reinvoke_L(java.lang.Object, java.lang.Object, java.lang.Object, java.lang.Object, long, int)'> (0x00000000f996ce18) 
thrown [s\src\hotspot\share\interpreter\linkResolver.cpp, line 805]
Event: 0.877 Thread 0x000001a740f6ebe0 Exception <a 'java/lang/NoSuchMethodError'{0x00000000f99976b0}: 'java.lang.Object java.lang.invoke.DirectMethodHandle$Holder.invokeSpecial(java.lang.Object, java.lang.Object, java.lang.Object, long, int, int)'> (0x00000000f99976b0) 
thrown [s\src\hotspot\share\interpreter\linkResolver.cpp, line 805]
Event: 0.878 Thread 0x000001a740f6ebe0 Exception <a 'java/lang/NoSuchMethodError'{0x00000000f99a81e0}: 'java.lang.Object java.lang.invoke.Invokers$Holder.invoke_MT(java.lang.Object, java.lang.Object, java.lang.Object, java.lang.Object, java.lang.Object)'> (0x00000000f99a81e0) 
thrown [s\src\hotspot\share\interpreter\linkResolver.cpp, line 805]
Event: 0.880 Thread 0x000001a740f6ebe0 Exception <a 'java/lang/NoSuchMethodError'{0x00000000f99d13a0}: 'java.lang.Object java.lang.invoke.DirectMethodHandle$Holder.newInvokeSpecial(java.lang.Object, java.lang.Object, long, long)'> (0x00000000f99d13a0) 
thrown [s\src\hotspot\share\interpreter\linkResolver.cpp, line 805]
Event: 0.885 Thread 0x000001a740f6ebe0 Exception <a 'java/lang/NoSuchMethodError'{0x00000000f981de40}: 'long java.lang.invoke.DirectMethodHandle$Holder.invokeStaticInit(java.lang.Object, java.lang.Object, java.lang.Object, long)'> (0x00000000f981de40) 
thrown [s\src\hotspot\share\interpreter\linkResolver.cpp, line 805]
Event: 0.886 Thread 0x000001a740f6ebe0 Exception <a 'java/lang/NoSuchMethodError'{0x00000000f982e7a0}: 'long java.lang.invoke.DelegatingMethodHandle$Holder.reinvoke_L(java.lang.Object, java.lang.Object, java.lang.Object, long)'> (0x00000000f982e7a0) 
thrown [s\src\hotspot\share\interpreter\linkResolver.cpp, line 805]
Event: 0.887 Thread 0x000001a740f6ebe0 Exception <a 'java/lang/NoSuchMethodError'{0x00000000f9857a30}: 'java.lang.Object java.lang.invoke.Invokers$Holder.invoke_MT(java.lang.Object, long, java.lang.Object)'> (0x00000000f9857a30) 
thrown [s\src\hotspot\share\interpreter\linkResolver.cpp, line 805]

VM Operations (20 events):
Event: 0.586 Executing VM operation: HandshakeAllThreads (Deoptimize)
Event: 0.587 Executing VM operation: HandshakeAllThreads (Deoptimize) done
Event: 0.616 Executing VM operation: HandshakeAllThreads (Deoptimize)
Event: 0.617 Executing VM operation: HandshakeAllThreads (Deoptimize) done
Event: 0.668 Executing VM operation: HandshakeAllThreads (Deoptimize)
Event: 0.668 Executing VM operation: HandshakeAllThreads (Deoptimize) done
Event: 0.813 Executing VM operation: G1CollectForAllocation (G1 Evacuation Pause)
Event: 0.816 Executing VM operation: G1CollectForAllocation (G1 Evacuation Pause) done
Event: 0.833 Executing VM operation: HandshakeAllThreads (Deoptimize)
Event: 0.833 Executing VM operation: HandshakeAllThreads (Deoptimize) done
Event: 0.839 Executing VM operation: HandshakeAllThreads (Deoptimize)
Event: 0.839 Executing VM operation: HandshakeAllThreads (Deoptimize) done
Event: 0.839 Executing VM operation: HandshakeAllThreads (Deoptimize)
Event: 0.839 Executing VM operation: HandshakeAllThreads (Deoptimize) done
Event: 0.855 Executing VM operation: HandshakeAllThreads (Deoptimize)
Event: 0.856 Executing VM operation: HandshakeAllThreads (Deoptimize) done
Event: 0.869 Executing VM operation: HandshakeAllThreads (Deoptimize)
Event: 0.869 Executing VM operation: HandshakeAllThreads (Deoptimize) done
Event: 0.888 Executing VM operation: G1TryInitiateConcMark (G1 Humongous Allocation)
Event: 0.891 Executing VM operation: G1TryInitiateConcMark (G1 Humongous Allocation) done

Memory protections (0 events):
No events

Nmethod flushes (0 events):
No events

Events (19 events):
Event: 0.017 Thread 0x000001a740f6ebe0 Thread added: 0x000001a740f6ebe0
Event: 0.025 Thread 0x000001a740f6ebe0 Thread added: 0x000001a75f010580
Event: 0.025 Thread 0x000001a740f6ebe0 Thread added: 0x000001a75f010ec0
Event: 0.025 Thread 0x000001a740f6ebe0 Thread added: 0x000001a75f011600
Event: 0.025 Thread 0x000001a740f6ebe0 Thread added: 0x000001a75f012480
Event: 0.025 Thread 0x000001a740f6ebe0 Thread added: 0x000001a75f0131d0
Event: 0.025 Thread 0x000001a740f6ebe0 Thread added: 0x000001a75f015350
Event: 0.026 Thread 0x000001a740f6ebe0 Thread added: 0x000001a75f0171c0
Event: 0.026 Thread 0x000001a740f6ebe0 Thread added: 0x000001a75f019240
Event: 0.036 Thread 0x000001a75f0171c0 Thread added: 0x000001a75f15dd80
Event: 0.038 Thread 0x000001a740f6ebe0 Thread added: 0x000001a75f244fa0
Event: 0.039 Thread 0x000001a740f6ebe0 Thread added: 0x000001a75f246f00
Event: 0.074 Thread 0x000001a75f019240 Thread added: 0x000001a75f341120
Event: 0.077 Thread 0x000001a75f0171c0 Thread added: 0x000001a75f33dc30
Event: 0.259 Thread 0x000001a75f15dd80 Thread added: 0x000001a75f33e3c0
Event: 0.259 Thread 0x000001a75f15dd80 Thread added: 0x000001a75f33eb50
Event: 0.328 Thread 0x000001a740f6ebe0 Thread added: 0x000001a7a50112b0
Event: 0.380 Thread 0x000001a740f6ebe0 Thread added: 0x000001a7a5050870
Event: 0.380 Thread 0x000001a740f6ebe0 Thread added: 0x000001a7a5050fb0


Dynamic libraries:
0x00007ff6eef40000 - 0x00007ff6eef4e000 	C:\Users\ziad\.jdks\azul-24.0.2\bin\java.exe
0x00007ffc42620000 - 0x00007ffc42883000 	C:\windows\SYSTEM32\ntdll.dll
0x00007ffc420b0000 - 0x00007ffc42177000 	C:\windows\System32\KERNEL32.DLL
0x00007ffc3fbf0000 - 0x00007ffc3ffb9000 	C:\windows\System32\KERNELBASE.dll
0x00007ffc3f960000 - 0x00007ffc3faac000 	C:\windows\System32\ucrtbase.dll
0x00007ffc29c90000 - 0x00007ffc29cae000 	C:\Users\ziad\.jdks\azul-24.0.2\bin\VCRUNTIME140.dll
0x00007ffc34290000 - 0x00007ffc342a6000 	C:\Users\ziad\.jdks\azul-24.0.2\bin\jli.dll
0x00007ffc40bc0000 - 0x00007ffc40d8a000 	C:\windows\System32\USER32.dll
0x00007ffc1e680000 - 0x00007ffc1e910000 	C:\windows\WinSxS\amd64_microsoft.windows.common-controls_6595b64144ccf1df_6.0.26100.3323_none_3e088096e3344490\COMCTL32.dll
0x00007ffc402b0000 - 0x00007ffc402d7000 	C:\windows\System32\win32u.dll
0x00007ffc42230000 - 0x00007ffc422d9000 	C:\windows\System32\msvcrt.dll
0x00007ffc42080000 - 0x00007ffc420aa000 	C:\windows\System32\GDI32.dll
0x00007ffc3fab0000 - 0x00007ffc3fbe1000 	C:\windows\System32\gdi32full.dll
0x00007ffc3f8b0000 - 0x00007ffc3f953000 	C:\windows\System32\msvcp_win.dll
0x00007ffc41840000 - 0x00007ffc4186f000 	C:\windows\System32\IMM32.DLL
0x00007ffc32fc0000 - 0x00007ffc32fcc000 	C:\Users\ziad\.jdks\azul-24.0.2\bin\vcruntime140_1.dll
0x00007ffbfe020000 - 0x00007ffbfe0ad000 	C:\Users\ziad\.jdks\azul-24.0.2\bin\msvcp140.dll
0x00007ffb6ac20000 - 0x00007ffb6ba9c000 	C:\Users\ziad\.jdks\azul-24.0.2\bin\server\jvm.dll
0x00007ffc42520000 - 0x00007ffc425d2000 	C:\windows\System32\ADVAPI32.dll
0x00007ffc41fd0000 - 0x00007ffc42076000 	C:\windows\System32\sechost.dll
0x00007ffc42400000 - 0x00007ffc42516000 	C:\windows\System32\RPCRT4.dll
0x00007ffc41b60000 - 0x00007ffc41bd4000 	C:\windows\System32\WS2_32.dll
0x00007ffc3e470000 - 0x00007ffc3e4be000 	C:\windows\SYSTEM32\POWRPROF.dll
0x00007ffc34450000 - 0x00007ffc34486000 	C:\windows\SYSTEM32\WINMM.dll
0x00007ffc2e2b0000 - 0x00007ffc2e2bb000 	C:\windows\SYSTEM32\VERSION.dll
0x00007ffc3e450000 - 0x00007ffc3e464000 	C:\windows\SYSTEM32\UMPDC.dll
0x00007ffc3e710000 - 0x00007ffc3e72a000 	C:\windows\SYSTEM32\kernel.appcore.dll
0x00007ffc30b70000 - 0x00007ffc30b7a000 	C:\Users\ziad\.jdks\azul-24.0.2\bin\jimage.dll
0x00007ffc31e80000 - 0x00007ffc320c1000 	C:\windows\SYSTEM32\DBGHELP.DLL
0x00007ffc40ea0000 - 0x00007ffc41222000 	C:\windows\System32\combase.dll
0x00007ffc41a80000 - 0x00007ffc41b56000 	C:\windows\System32\OLEAUT32.dll
0x00007ffc1df00000 - 0x00007ffc1df39000 	C:\windows\SYSTEM32\dbgcore.DLL
0x00007ffc402e0000 - 0x00007ffc40379000 	C:\windows\System32\bcryptPrimitives.dll
0x00007ffc233b0000 - 0x00007ffc233ce000 	C:\Users\ziad\.jdks\azul-24.0.2\bin\java.dll
0x00007ffc41e10000 - 0x00007ffc41fa5000 	C:\windows\System32\ole32.dll
0x00007ffc40440000 - 0x00007ffc40b55000 	C:\windows\System32\SHELL32.dll
0x00007ffc3ffc0000 - 0x00007ffc40128000 	C:\windows\System32\wintypes.dll
0x00007ffc3d4c0000 - 0x00007ffc3dd05000 	C:\windows\SYSTEM32\windows.storage.dll
0x00007ffc42310000 - 0x00007ffc423fb000 	C:\windows\System32\SHCORE.dll
0x00007ffc41920000 - 0x00007ffc4197d000 	C:\windows\System32\shlwapi.dll
0x00007ffc3f730000 - 0x00007ffc3f75f000 	C:\windows\SYSTEM32\profapi.dll
0x00007ffbfdf40000 - 0x00007ffbfe017000 	C:\Users\ziad\.jdks\azul-24.0.2\bin\jsvml.dll
0x00007ffc249d0000 - 0x00007ffc249e0000 	C:\Users\ziad\.jdks\azul-24.0.2\bin\net.dll
0x00007ffc3ec10000 - 0x00007ffc3ec7a000 	C:\windows\system32\mswsock.dll
0x00007ffc23390000 - 0x00007ffc233a6000 	C:\Users\ziad\.jdks\azul-24.0.2\bin\nio.dll
0x00007ffc231f0000 - 0x00007ffc23207000 	C:\Users\ziad\.jdks\azul-24.0.2\bin\zip.dll
0x00007ffc245d0000 - 0x00007ffc245e0000 	C:\Users\ziad\.jdks\azul-24.0.2\bin\verify.dll
0x00007ffc23170000 - 0x00007ffc23179000 	C:\Users\ziad\.jdks\azul-24.0.2\bin\extnet.dll
0x00007ffc20350000 - 0x00007ffc2035e000 	C:\Users\ziad\.jdks\azul-24.0.2\bin\sunmscapi.dll
0x00007ffc40130000 - 0x00007ffc402a7000 	C:\windows\System32\CRYPT32.dll
0x00007ffc3f110000 - 0x00007ffc3f140000 	C:\windows\SYSTEM32\ncrypt.dll
0x00007ffc3f0c0000 - 0x00007ffc3f0ff000 	C:\windows\SYSTEM32\NTASN1.dll
0x00007ffc300c0000 - 0x00007ffc300c8000 	C:\windows\system32\wshunix.dll
0x00007ffc3efc0000 - 0x00007ffc3efdc000 	C:\windows\SYSTEM32\CRYPTSP.dll
0x00007ffc3e670000 - 0x00007ffc3e6aa000 	C:\windows\system32\rsaenh.dll
0x00007ffc3ecb0000 - 0x00007ffc3ecdb000 	C:\windows\SYSTEM32\USERENV.dll
0x00007ffc3f150000 - 0x00007ffc3f176000 	C:\windows\SYSTEM32\bcrypt.dll
0x00007ffc3ee40000 - 0x00007ffc3ee4c000 	C:\windows\SYSTEM32\CRYPTBASE.dll
0x00007ffc3e0e0000 - 0x00007ffc3e113000 	C:\windows\SYSTEM32\IPHLPAPI.DLL
0x00007ffc40e90000 - 0x00007ffc40e9a000 	C:\windows\System32\NSI.dll
0x00007ffbfeda0000 - 0x00007ffbfeda9000 	C:\Users\ziad\.jdks\azul-24.0.2\bin\syslookup.dll

JVMTI agents: none

dbghelp: loaded successfully - version: 4.0.5 - missing functions: none
symbol engine: initialized successfully - sym options: 0x614 - pdb path: .;C:\Users\ziad\.jdks\azul-24.0.2\bin;C:\windows\SYSTEM32;C:\windows\WinSxS\amd64_microsoft.windows.common-controls_6595b64144ccf1df_6.0.26100.3323_none_3e088096e3344490;C:\Users\ziad\.jdks\azul-24.0.2\bin\server

VM Arguments:
jvm_args: -Dorg.gradle.internal.worker.tmpdir=C:\src\kgen\examples\lang\build\tmp\test\work --enable-native-access=ALL-UNNAMED -Xmx512m -Dfile.encoding=UTF-8 -Duser.country=US -Duser.language=en -Duser.variant -ea 
java_command: worker.org.gradle.process.internal.worker.GradleWorkerMain 'Gradle Test Executor 1'
java_class_path (initial): C:\\Users\\ziad\\.gradle\\caches\\8.14.1\\workerMain\\gradle-worker.jar;C:\\src\\kgen\\examples\\lang\\build\\classes\\kotlin\\test;C:\\src\\kgen\\examples\\lang\\build\\classes\\kotlin\\main;C:\\src\\kgen\\kgen\\build\\libs\\kgen-0.1.0-SNAPSHOT.jar;C:\\Users\\ziad\\.gradle\\caches\\modules-2\\files-2.1\\org.jetbrains.kotlin\\kotlin-test-junit5\\2.1.10\\fc0a18dd6972c35268f29fa357fc2a30c11728b6\\kotlin-test-junit5-2.1.10.jar;C:\\Users\\ziad\\.gradle\\caches\\modules-2\\files-2.1\\org.jetbrains.kotlin\\kotlin-test\\2.1.10\\9a70f7e2e364080626a4f9ec7256290dee15fd5\\kotlin-test-2.1.10.jar;C:\\Users\\ziad\\.gradle\\caches\\modules-2\\files-2.1\\org.jetbrains.kotlin\\kotlin-stdlib\\2.1.10\\d3028429e7151d7a7c1a0d63a4f60eac86a87b91\\kotlin-stdlib-2.1.10.jar;C:\\Users\\ziad\\.gradle\\caches\\modules-2\\files-2.1\\org.jetbrains\\annotations\\13.0\\919f0dfe192fb4e063e7dacadee7f8bb9a2672a9\\annotations-13.0.jar;C:\\Users\\ziad\\.gradle\\caches\\modules-2\\files-2.1\\org.junit.platform\\junit-platform-launcher\\1.10.1\\ce85bf5e38bee0989ded9bd468dd4ff78dc0cfa8\\junit-platform-launcher-1.10.1.jar;C:\\Users\\ziad\\.gradle\\caches\\modules-2\\files-2.1\\org.junit.platform\\junit-platform-engine\\1.10.1\\f32ae4af74fde68414b8a3d2b7cf1fb43824a83a\\junit-platform-engine-1.10.1.jar;C:\\Users\\ziad\\.gradle\\caches\\modules-2\\files-2.1\\org.junit.jupiter\\junit-jupiter-api\\5.10.1\\eb90c7d8bfaae8fdc97b225733fcb595ddd72843\\junit-jupiter-api-5.10.1.jar;C:\\Users\\ziad\\.gradle\\caches\\modules-2\\files-2.1\\org.junit.platform\\junit-platform-commons\\1.10.1\\2bfcd4a4e38b10c671b6916d7e543c20afe25579\\junit-platform-commons-1.10.1.jar;C:\\Users\\ziad\\.gradle\\caches\\modules-2\\files-2.1\\org.junit.jupiter\\junit-jupiter-engine\\5.10.1\\6c9ff773f9aa842b91d1f2fe4658973252ce2428\\junit-jupiter-engine-5.10.1.jar;C:\\Users\\ziad\\.gradle\\caches\\modules-2\\files-2.1\\org.opentest4j\\opentest4j\\1.3.0\\152ea56b3a72f655d4fd677fc0ef2596c3dd5e6e\\opentest4j-1.3.0.jar
Launcher Type: SUN_STANDARD

[Global flags]
     intx CICompilerCount                          = 12                                        {product} {ergonomic}
     uint ConcGCThreads                            = 3                                         {product} {ergonomic}
     uint G1ConcRefinementThreads                  = 13                                        {product} {ergonomic}
   size_t G1HeapRegionSize                         = 1048576                                   {product} {ergonomic}
   size_t InitialHeapSize                          = 434110464                                 {product} {ergonomic}
   size_t MarkStackSize                            = 4194304                                   {product} {ergonomic}
   size_t MarkStackSizeMax                         = 536870912                                 {product} {ergonomic}
   size_t MaxHeapSize                              = 536870912                                 {product} {command line}
   size_t MaxNewSize                               = 321912832                                 {product} {ergonomic}
   size_t MinHeapDeltaBytes                        = 1048576                                   {product} {ergonomic}
   size_t MinHeapSize                              = 8388608                                   {product} {ergonomic}
    uintx NonNMethodCodeHeapSize                   = 7602176                                {pd product} {ergonomic}
    uintx NonProfiledCodeHeapSize                  = 122093568                              {pd product} {ergonomic}
    uintx ProfiledCodeHeapSize                     = 121962496                              {pd product} {ergonomic}
    uintx ReservedCodeCacheSize                    = 251658240                              {pd product} {ergonomic}
     bool SegmentedCodeCache                       = true                                      {product} {ergonomic}
   size_t SoftMaxHeapSize                          = 536870912                              {manageable} {ergonomic}
     bool UseCompressedOops                        = true                           {product lp64_product} {ergonomic}
     bool UseG1GC                                  = true                                      {product} {ergonomic}
     bool UseLargePagesIndividualAllocation        = false                                  {pd product} {ergonomic}

Logging:
Log output configuration:
 #0: stdout all=warning uptime,level,tags foldmultilines=false
 #1: stderr all=off uptime,level,tags foldmultilines=false

Environment Variables:
JAVA_HOME=C:\Users\ziad\.jdks\azul-24.0.2
PATH=C:\windows\system32;C:\windows;C:\windows\System32\Wbem;C:\windows\System32\WindowsPowerShell\v1.0\;C:\windows\System32\OpenSSH\;C:\Program Files\Microsoft SQL Server\150\Tools\Binn\;C:\Program Files\Microsoft SQL Server\Client SDK\ODBC\170\Tools\Binn\;C:\Program Files\dotnet\;C:\Program Files\Microsoft SQL Server\170\Tools\Binn\;C:\Users\ziad\AppData\Local\Microsoft\WindowsApps;C:\Users\ziad\AppData\Local\Programs\Microsoft VS Code\bin;C:\Users\ziad\.dotnet\tools
USERNAME=ziad
OS=Windows_NT
PROCESSOR_IDENTIFIER=AMD64 Family 25 Model 116 Stepping 1, AuthenticAMD
TMP=C:\Users\ziad\AppData\Local\Temp
TEMP=C:\Users\ziad\AppData\Local\Temp




Periodic native trim disabled

---------------  S Y S T E M  ---------------

OS:
 Windows 11 , 64 bit Build 26100 (10.0.26100.3323)
OS uptime: 10 days 3:13 hours
Hyper-V role detected

CPU: total 16 (initial active 16) (16 cores per cpu, 2 threads per core) family 25 model 116 stepping 1 microcode 0xa704107, cx8, cmov, fxsr, ht, mmx, 3dnowpref, sse, sse2, sse3, ssse3, sse4a, sse4.1, sse4.2, popcnt, lzcnt, tsc, tscinvbit, avx, avx2, aes, erms, clmul, bmi1, bmi2, adx, avx512f, avx512dq, avx512cd, avx512bw, avx512vl, sha, fma, vzeroupper, avx512_vpopcntdq, avx512_vpclmulqdq, avx512_vaes, avx512_vnni, clflush, clflushopt, avx512_vbmi2, avx512_vbmi, hv, rdtscp, rdpid, fsrm, gfni, avx512_bitalg, f16c, cet_ss, avx512_ifma
Processor Information for the first 16 processors :
  Max Mhz: 3801, Current Mhz: 3801, Mhz Limit: 3801

Memory: 4k page, system-wide physical 26421M (4779M free)
TotalPageFile size 40320M (AvailPageFile size 2105M)
current process WorkingSet (physical memory assigned to process): 169M, peak: 172M
current process commit charge ("private bytes"): 587M, peak: 590M

vm_info: OpenJDK 64-Bit Server VM (24.0.2+12) for windows-amd64 JRE (24.0.2+12) (Zulu24.32+13-CA), built on 2025-07-11T12:45:44Z with MS VC++ 17.1 (VS2022)

END.
