#
# A fatal error has been detected by the Java Runtime Environment:
#
#  EXCEPTION_ACCESS_VIOLATION (0xc0000005) at pc=0x0000028305350057, pid=37688, tid=33028
#
# JRE version: OpenJDK Runtime Environment Zulu24.32+13-CA (24.0.2+12) (build 24.0.2+12)
# Java VM: OpenJDK 64-Bit Server VM Zulu24.32+13-CA (24.0.2+12, mixed mode, sharing, tiered, compressed oops, compressed class ptrs, g1 gc, windows-amd64)
# Problematic frame:
# C  0x0000028305350057
#
# No core dump will be written. Minidumps are not enabled by default on client versions of Windows
#
# If you would like to submit a bug report, please visit:
#   http://www.azul.com/support/
# The crash happened outside the Java Virtual Machine in native code.
# See problematic frame for where to report the bug.
#

---------------  S U M M A R Y ------------

Command Line: -Dorg.gradle.internal.worker.tmpdir=C:\src\kgen\examples\lang\build\tmp\test\work --enable-native-access=ALL-UNNAMED -Xmx1g -Dfile.encoding=UTF-8 -Duser.country=US -Duser.language=en -Duser.variant -ea worker.org.gradle.process.internal.worker.GradleWorkerMain 'Gradle Test Executor 45'

Host: AMD Ryzen 7 7840HS w/ Radeon 780M Graphics     , 16 cores, 25G,  Windows 11 , 64 bit Build 26100 (10.0.26100.3323)
Time: Sat Mar  7 13:30:56 2026 Pacific Standard Time elapsed time: 1.113041 seconds (0d 0h 0m 1s)

---------------  T H R E A D  ---------------

Current thread (0x00000283030d0db0):  JavaThread "Test worker"        [_thread_in_native, id=33028, stack(0x000000ab5f500000,0x000000ab5f600000) (1024K)]

Stack: [0x000000ab5f500000,0x000000ab5f600000],  sp=0x000000ab5f5fbd80,  free space=1007k
Native frames: (J=compiled Java code, j=interpreted, Vv=VM code, C=native code)
C  0x0000028305350057  (no source info available)

Java frames: (J=compiled Java code, j=interpreted, Vv=VM code)
v  ~RuntimeStub::nep_invoker_blob 0x00000283155653e8
j  java.lang.invoke.LambdaForm$MH+0x0000028323168000.invoke(Ljava/lang/Object;JJ)J+10 java.base@24.0.2
j  java.lang.invoke.LambdaForm$MH+0x000002832316b400.invokeExact_MT(Ljava/lang/Object;JJLjava/lang/Object;)J+21 java.base@24.0.2
j  jdk.internal.foreign.abi.DowncallStub+0x0000028323168400.invoke(Ljava/lang/foreign/SegmentAllocator;Ljava/lang/foreign/MemorySegment;J)J+46 java.base@24.0.2
j  java.lang.invoke.LambdaForm$DMH+0x0000028323168800.invokeStatic(Ljava/lang/Object;Ljava/lang/Object;Ljava/lang/Object;J)J+14 java.base@24.0.2
j  java.lang.invoke.LambdaForm$MH+0x000002832316ac00.invoke(Ljava/lang/Object;J)Ljava/lang/Object;+46 java.base@24.0.2
j  java.lang.invoke.LambdaForm$MH+0x000002832316a800.invoke_MT(Ljava/lang/Object;JLjava/lang/Object;)Ljava/lang/Object;+21 java.base@24.0.2
j  org.kgen.jit.JitEngine$Companion.invokeHandle(Ljava/lang/invoke/MethodHandle;[J)Ljava/lang/Object;+55
j  org.kgen.jit.JitEngine$Companion.access$invokeHandle(Lorg/kgen/jit/JitEngine$Companion;Ljava/lang/invoke/MethodHandle;[J)Ljava/lang/Object;+3
j  org.kgen.jit.JitEngine.call(Ljava/lang/String;[J)J+88
j  org.kgen.examples.lang.JitRunner.run(Ljava/lang/String;Ljava/lang/String;[J)J+35
j  org.kgen.examples.lang.JitRunnerTest.sumOfDigits()V+43
j  java.lang.invoke.DirectMethodHandle$Holder.invokeSpecial(Ljava/lang/Object;Ljava/lang/Object;)V+10 java.base@24.0.2
j  java.lang.invoke.LambdaForm$MH+0x0000028323089000.invoke(Ljava/lang/Object;Ljava/lang/Object;)Ljava/lang/Object;+31 java.base@24.0.2
J 1708 c1 java.lang.invoke.Invokers$Holder.invokeExact_MT(Ljava/lang/Object;Ljava/lang/Object;Ljava/lang/Object;)Ljava/lang/Object; java.base@24.0.2 (23 bytes) @ 0x000002830e1fdaf4 [0x000002830e1fd480+0x0000000000000674]
j  jdk.internal.reflect.DirectMethodHandleAccessor.invokeImpl(Ljava/lang/Object;[Ljava/lang/Object;)Ljava/lang/Object;+41 java.base@24.0.2
j  jdk.internal.reflect.DirectMethodHandleAccessor.invoke(Ljava/lang/Object;[Ljava/lang/Object;)Ljava/lang/Object;+23 java.base@24.0.2
j  java.lang.reflect.Method.invoke(Ljava/lang/Object;[Ljava/lang/Object;)Ljava/lang/Object;+102 java.base@24.0.2
j  org.junit.platform.commons.util.ReflectionUtils.invokeMethod(Ljava/lang/reflect/Method;Ljava/lang/Object;[Ljava/lang/Object;)Ljava/lang/Object;+42
j  org.junit.jupiter.engine.execution.MethodInvocation.proceed()Ljava/lang/Object;+16
j  org.junit.jupiter.engine.execution.InvocationInterceptorChain$ValidatingInvocation.proceed()Ljava/lang/Object;+8
j  org.junit.jupiter.engine.extension.TimeoutExtension.intercept(Lorg/junit/jupiter/api/extension/InvocationInterceptor$Invocation;Lorg/junit/jupiter/api/extension/ReflectiveInvocationContext;Lorg/junit/jupiter/api/extension/ExtensionContext;Lorg/junit/jupiter/engine/extension/TimeoutDuration;Lorg/junit/jupiter/engine/extension/TimeoutExtension$TimeoutProvider;)Ljava/lang/Object;+28
j  org.junit.jupiter.engine.extension.TimeoutExtension.interceptTestableMethod(Lorg/junit/jupiter/api/extension/InvocationInterceptor$Invocation;Lorg/junit/jupiter/api/extension/ReflectiveInvocationContext;Lorg/junit/jupiter/api/extension/ExtensionContext;Lorg/junit/jupiter/engine/extension/TimeoutExtension$TimeoutProvider;)Ljava/lang/Object;+31
j  org.junit.jupiter.engine.extension.TimeoutExtension.interceptTestMethod(Lorg/junit/jupiter/api/extension/InvocationInterceptor$Invocation;Lorg/junit/jupiter/api/extension/ReflectiveInvocationContext;Lorg/junit/jupiter/api/extension/ExtensionContext;)V+9
j  org.junit.jupiter.engine.descriptor.TestMethodTestDescriptor$$Lambda+0x00000283230be488.apply(Lorg/junit/jupiter/api/extension/InvocationInterceptor;Lorg/junit/jupiter/api/extension/InvocationInterceptor$Invocation;Lorg/junit/jupiter/api/extension/ReflectiveInvocationContext;Lorg/junit/jupiter/api/extension/ExtensionContext;)V+5
j  org.junit.jupiter.engine.execution.InterceptingExecutableInvoker$ReflectiveInterceptorCall.lambda$ofVoidMethod$0(Lorg/junit/jupiter/engine/execution/InterceptingExecutableInvoker$ReflectiveInterceptorCall$VoidMethodInterceptorCall;Lorg/junit/jupiter/api/extension/InvocationInterceptor;Lorg/junit/jupiter/api/extension/InvocationInterceptor$Invocation;Lorg/junit/jupiter/api/extension/ReflectiveInvocationContext;Lorg/junit/jupiter/api/extension/ExtensionContext;)Ljava/lang/Void;+6
j  org.junit.jupiter.engine.execution.InterceptingExecutableInvoker$ReflectiveInterceptorCall$$Lambda+0x00000283230be6b8.apply(Lorg/junit/jupiter/api/extension/InvocationInterceptor;Lorg/junit/jupiter/api/extension/InvocationInterceptor$Invocation;Lorg/junit/jupiter/api/extension/ReflectiveInvocationContext;Lorg/junit/jupiter/api/extension/ExtensionContext;)Ljava/lang/Object;+9
j  org.junit.jupiter.engine.execution.InterceptingExecutableInvoker.lambda$invoke$0(Lorg/junit/jupiter/engine/execution/InterceptingExecutableInvoker$ReflectiveInterceptorCall;Lorg/junit/jupiter/api/extension/ReflectiveInvocationContext;Lorg/junit/jupiter/api/extension/ExtensionContext;Lorg/junit/jupiter/api/extension/InvocationInterceptor;Lorg/junit/jupiter/api/extension/InvocationInterceptor$Invocation;)Ljava/lang/Object;+6
j  org.junit.jupiter.engine.execution.InterceptingExecutableInvoker$$Lambda+0x0000028323122dd8.apply(Lorg/junit/jupiter/api/extension/InvocationInterceptor;Lorg/junit/jupiter/api/extension/InvocationInterceptor$Invocation;)Ljava/lang/Object;+14
j  org.junit.jupiter.engine.execution.InvocationInterceptorChain$InterceptedInvocation.proceed()Ljava/lang/Object;+12
j  org.junit.jupiter.engine.execution.InvocationInterceptorChain.proceed(Lorg/junit/jupiter/api/extension/InvocationInterceptor$Invocation;)Ljava/lang/Object;+1
j  org.junit.jupiter.engine.execution.InvocationInterceptorChain.chainAndInvoke(Lorg/junit/jupiter/api/extension/InvocationInterceptor$Invocation;Lorg/junit/jupiter/engine/execution/InvocationInterceptorChain$InterceptorCall;Ljava/util/List;)Ljava/lang/Object;+24
j  org.junit.jupiter.engine.execution.InvocationInterceptorChain.invoke(Lorg/junit/jupiter/api/extension/InvocationInterceptor$Invocation;Lorg/junit/jupiter/engine/extension/ExtensionRegistry;Lorg/junit/jupiter/engine/execution/InvocationInterceptorChain$InterceptorCall;)Ljava/lang/Object;+31
j  org.junit.jupiter.engine.execution.InterceptingExecutableInvoker.invoke(Lorg/junit/jupiter/api/extension/InvocationInterceptor$Invocation;Lorg/junit/jupiter/api/extension/ReflectiveInvocationContext;Lorg/junit/jupiter/api/extension/ExtensionContext;Lorg/junit/jupiter/engine/extension/ExtensionRegistry;Lorg/junit/jupiter/engine/execution/InterceptingExecutableInvoker$ReflectiveInterceptorCall;)Ljava/lang/Object;+15
j  org.junit.jupiter.engine.execution.InterceptingExecutableInvoker.invoke(Ljava/lang/reflect/Method;Ljava/lang/Object;Lorg/junit/jupiter/api/extension/ExtensionContext;Lorg/junit/jupiter/engine/extension/ExtensionRegistry;Lorg/junit/jupiter/engine/execution/InterceptingExecutableInvoker$ReflectiveInterceptorCall;)Ljava/lang/Object;+55
j  org.junit.jupiter.engine.descriptor.TestMethodTestDescriptor.lambda$invokeTestMethod$7(Lorg/junit/jupiter/api/extension/ExtensionContext;Lorg/junit/jupiter/engine/execution/JupiterEngineExecutionContext;)V+28
j  org.junit.jupiter.engine.descriptor.TestMethodTestDescriptor$$Lambda+0x00000283231286c8.execute()V+12
J 2889 c1 org.junit.platform.engine.support.hierarchical.ThrowableCollector.execute(Lorg/junit/platform/engine/support/hierarchical/ThrowableCollector$Executable;)V (20 bytes) @ 0x000002830e3f0d34 [0x000002830e3f0c20+0x0000000000000114]
j  org.junit.jupiter.engine.descriptor.TestMethodTestDescriptor.invokeTestMethod(Lorg/junit/jupiter/engine/execution/JupiterEngineExecutionContext;Lorg/junit/platform/engine/support/hierarchical/Node$DynamicTestExecutor;)V+21
j  org.junit.jupiter.engine.descriptor.TestMethodTestDescriptor.execute(Lorg/junit/jupiter/engine/execution/JupiterEngineExecutionContext;Lorg/junit/platform/engine/support/hierarchical/Node$DynamicTestExecutor;)Lorg/junit/jupiter/engine/execution/JupiterEngineExecutionContext;+44
j  org.junit.jupiter.engine.descriptor.TestMethodTestDescriptor.execute(Lorg/junit/platform/engine/support/hierarchical/EngineExecutionContext;Lorg/junit/platform/engine/support/hierarchical/Node$DynamicTestExecutor;)Lorg/junit/platform/engine/support/hierarchical/EngineExecutionContext;+6
j  org.junit.platform.engine.support.hierarchical.NodeTestTask.lambda$executeRecursively$6()V+79
j  org.junit.platform.engine.support.hierarchical.NodeTestTask$$Lambda+0x00000283231158f8.execute()V+4
J 2889 c1 org.junit.platform.engine.support.hierarchical.ThrowableCollector.execute(Lorg/junit/platform/engine/support/hierarchical/ThrowableCollector$Executable;)V (20 bytes) @ 0x000002830e3f0d34 [0x000002830e3f0c20+0x0000000000000114]
j  org.junit.platform.engine.support.hierarchical.NodeTestTask.lambda$executeRecursively$8(Lorg/junit/platform/engine/support/hierarchical/EngineExecutionContext;)V+15
j  org.junit.platform.engine.support.hierarchical.NodeTestTask$$Lambda+0x00000283231156c0.invoke(Lorg/junit/platform/engine/support/hierarchical/EngineExecutionContext;)V+5
j  org.junit.platform.engine.support.hierarchical.Node.around(Lorg/junit/platform/engine/support/hierarchical/EngineExecutionContext;Lorg/junit/platform/engine/support/hierarchical/Node$Invocation;)V+2
j  org.junit.platform.engine.support.hierarchical.NodeTestTask.lambda$executeRecursively$9()V+14
j  org.junit.platform.engine.support.hierarchical.NodeTestTask$$Lambda+0x0000028323115488.execute()V+4
J 2889 c1 org.junit.platform.engine.support.hierarchical.ThrowableCollector.execute(Lorg/junit/platform/engine/support/hierarchical/ThrowableCollector$Executable;)V (20 bytes) @ 0x000002830e3f0d34 [0x000002830e3f0c20+0x0000000000000114]
j  org.junit.platform.engine.support.hierarchical.NodeTestTask.executeRecursively()V+31
j  org.junit.platform.engine.support.hierarchical.NodeTestTask.execute()V+55
j  org.junit.platform.engine.support.hierarchical.SameThreadHierarchicalTestExecutorService$$Lambda+0x0000028323114ca8.accept(Ljava/lang/Object;)V+4
j  java.util.ArrayList.forEach(Ljava/util/function/Consumer;)V+46 java.base@24.0.2
j  org.junit.platform.engine.support.hierarchical.SameThreadHierarchicalTestExecutorService.invokeAll(Ljava/util/List;)V+6
j  org.junit.platform.engine.support.hierarchical.NodeTestTask.lambda$executeRecursively$6()V+116
j  org.junit.platform.engine.support.hierarchical.NodeTestTask$$Lambda+0x00000283231158f8.execute()V+4
j  org.junit.platform.engine.support.hierarchical.ThrowableCollector.execute(Lorg/junit/platform/engine/support/hierarchical/ThrowableCollector$Executable;)V+1
j  org.junit.platform.engine.support.hierarchical.NodeTestTask.lambda$executeRecursively$8(Lorg/junit/platform/engine/support/hierarchical/EngineExecutionContext;)V+15
j  org.junit.platform.engine.support.hierarchical.NodeTestTask$$Lambda+0x00000283231156c0.invoke(Lorg/junit/platform/engine/support/hierarchical/EngineExecutionContext;)V+5
j  org.junit.platform.engine.support.hierarchical.Node.around(Lorg/junit/platform/engine/support/hierarchical/EngineExecutionContext;Lorg/junit/platform/engine/support/hierarchical/Node$Invocation;)V+2
j  org.junit.platform.engine.support.hierarchical.NodeTestTask.lambda$executeRecursively$9()V+14
j  org.junit.platform.engine.support.hierarchical.NodeTestTask$$Lambda+0x0000028323115488.execute()V+4
j  org.junit.platform.engine.support.hierarchical.ThrowableCollector.execute(Lorg/junit/platform/engine/support/hierarchical/ThrowableCollector$Executable;)V+1
j  org.junit.platform.engine.support.hierarchical.NodeTestTask.executeRecursively()V+31
j  org.junit.platform.engine.support.hierarchical.NodeTestTask.execute()V+55
j  org.junit.platform.engine.support.hierarchical.SameThreadHierarchicalTestExecutorService$$Lambda+0x0000028323114ca8.accept(Ljava/lang/Object;)V+4
j  java.util.ArrayList.forEach(Ljava/util/function/Consumer;)V+46 java.base@24.0.2
j  org.junit.platform.engine.support.hierarchical.SameThreadHierarchicalTestExecutorService.invokeAll(Ljava/util/List;)V+6
j  org.junit.platform.engine.support.hierarchical.NodeTestTask.lambda$executeRecursively$6()V+116
j  org.junit.platform.engine.support.hierarchical.NodeTestTask$$Lambda+0x00000283231158f8.execute()V+4
j  org.junit.platform.engine.support.hierarchical.ThrowableCollector.execute(Lorg/junit/platform/engine/support/hierarchical/ThrowableCollector$Executable;)V+1
j  org.junit.platform.engine.support.hierarchical.NodeTestTask.lambda$executeRecursively$8(Lorg/junit/platform/engine/support/hierarchical/EngineExecutionContext;)V+15
j  org.junit.platform.engine.support.hierarchical.NodeTestTask$$Lambda+0x00000283231156c0.invoke(Lorg/junit/platform/engine/support/hierarchical/EngineExecutionContext;)V+5
j  org.junit.platform.engine.support.hierarchical.Node.around(Lorg/junit/platform/engine/support/hierarchical/EngineExecutionContext;Lorg/junit/platform/engine/support/hierarchical/Node$Invocation;)V+2
j  org.junit.platform.engine.support.hierarchical.NodeTestTask.lambda$executeRecursively$9()V+14
j  org.junit.platform.engine.support.hierarchical.NodeTestTask$$Lambda+0x0000028323115488.execute()V+4
j  org.junit.platform.engine.support.hierarchical.ThrowableCollector.execute(Lorg/junit/platform/engine/support/hierarchical/ThrowableCollector$Executable;)V+1
j  org.junit.platform.engine.support.hierarchical.NodeTestTask.executeRecursively()V+31
j  org.junit.platform.engine.support.hierarchical.NodeTestTask.execute()V+55
j  org.junit.platform.engine.support.hierarchical.SameThreadHierarchicalTestExecutorService.submit(Lorg/junit/platform/engine/support/hierarchical/HierarchicalTestExecutorService$TestTask;)Ljava/util/concurrent/Future;+1
j  org.junit.platform.engine.support.hierarchical.HierarchicalTestExecutor.execute()Ljava/util/concurrent/Future;+74
j  org.junit.platform.engine.support.hierarchical.HierarchicalTestEngine.execute(Lorg/junit/platform/engine/ExecutionRequest;)V+31
j  org.junit.platform.launcher.core.EngineExecutionOrchestrator.execute(Lorg/junit/platform/engine/TestDescriptor;Lorg/junit/platform/engine/EngineExecutionListener;Lorg/junit/platform/engine/ConfigurationParameters;Lorg/junit/platform/engine/TestEngine;)V+24
j  org.junit.platform.launcher.core.EngineExecutionOrchestrator.execute(Lorg/junit/platform/launcher/core/LauncherDiscoveryResult;Lorg/junit/platform/engine/EngineExecutionListener;)V+115
j  org.junit.platform.launcher.core.EngineExecutionOrchestrator.execute(Lorg/junit/platform/launcher/core/InternalTestPlan;Lorg/junit/platform/engine/EngineExecutionListener;Lorg/junit/platform/launcher/TestExecutionListener;)V+55
j  org.junit.platform.launcher.core.EngineExecutionOrchestrator.lambda$execute$0(Lorg/junit/platform/launcher/core/InternalTestPlan;Lorg/junit/platform/launcher/TestExecutionListener;)V+6
j  org.junit.platform.launcher.core.EngineExecutionOrchestrator$$Lambda+0x0000028323105000.accept(Ljava/lang/Object;)V+12
j  org.junit.platform.launcher.core.EngineExecutionOrchestrator.withInterceptedStreams(Lorg/junit/platform/engine/ConfigurationParameters;Lorg/junit/platform/launcher/core/ListenerRegistry;Ljava/util/function/Consumer;)V+51
j  org.junit.platform.launcher.core.EngineExecutionOrchestrator.execute(Lorg/junit/platform/launcher/core/InternalTestPlan;[Lorg/junit/platform/launcher/TestExecutionListener;)V+23
j  org.junit.platform.launcher.core.DefaultLauncher.execute(Lorg/junit/platform/launcher/core/InternalTestPlan;[Lorg/junit/platform/launcher/TestExecutionListener;)V+6
j  org.junit.platform.launcher.core.DefaultLauncher.execute(Lorg/junit/platform/launcher/LauncherDiscoveryRequest;[Lorg/junit/platform/launcher/TestExecutionListener;)V+34
j  org.junit.platform.launcher.core.DelegatingLauncher.execute(Lorg/junit/platform/launcher/LauncherDiscoveryRequest;[Lorg/junit/platform/launcher/TestExecutionListener;)V+6
j  org.gradle.api.internal.tasks.testing.junitplatform.JUnitPlatformTestClassProcessor$CollectAllTestClassesExecutor.processAllTestClasses()V+94
j  org.gradle.api.internal.tasks.testing.junitplatform.JUnitPlatformTestClassProcessor$CollectAllTestClassesExecutor.access$000(Lorg/gradle/api/internal/tasks/testing/junitplatform/JUnitPlatformTestClassProcessor$CollectAllTestClassesExecutor;)V+1
j  org.gradle.api.internal.tasks.testing.junitplatform.JUnitPlatformTestClassProcessor.stop()V+4
j  org.gradle.api.internal.tasks.testing.SuiteTestClassProcessor.stop()V+4
j  java.lang.invoke.LambdaForm$DMH+0x0000028323088800.invokeInterface(Ljava/lang/Object;Ljava/lang/Object;)V+21 java.base@24.0.2
j  java.lang.invoke.LambdaForm$MH+0x0000028323089000.invoke(Ljava/lang/Object;Ljava/lang/Object;)Ljava/lang/Object;+31 java.base@24.0.2
j  java.lang.invoke.Invokers$Holder.invokeExact_MT(Ljava/lang/Object;Ljava/lang/Object;Ljava/lang/Object;)Ljava/lang/Object;+19 java.base@24.0.2
j  jdk.internal.reflect.DirectMethodHandleAccessor.invokeImpl(Ljava/lang/Object;[Ljava/lang/Object;)Ljava/lang/Object;+41 java.base@24.0.2
j  jdk.internal.reflect.DirectMethodHandleAccessor.invoke(Ljava/lang/Object;[Ljava/lang/Object;)Ljava/lang/Object;+23 java.base@24.0.2
j  java.lang.reflect.Method.invoke(Ljava/lang/Object;[Ljava/lang/Object;)Ljava/lang/Object;+102 java.base@24.0.2
j  org.gradle.internal.dispatch.ReflectionDispatch.dispatch(Lorg/gradle/internal/dispatch/MethodInvocation;)V+19
j  org.gradle.internal.dispatch.ReflectionDispatch.dispatch(Ljava/lang/Object;)V+5
j  org.gradle.internal.dispatch.ContextClassLoaderDispatch.dispatch(Ljava/lang/Object;)V+22
j  org.gradle.internal.dispatch.ProxyDispatchAdapter$DispatchingInvocationHandler.invoke(Ljava/lang/Object;Ljava/lang/reflect/Method;[Ljava/lang/Object;)Ljava/lang/Object;+177
j  jdk.proxy1.$Proxy4.stop()V+9 jdk.proxy1
j  org.gradle.api.internal.tasks.testing.worker.TestWorker$3.run()V+7
j  org.gradle.api.internal.tasks.testing.worker.TestWorker.executeAndMaintainThreadName(Ljava/lang/Runnable;)V+1
j  org.gradle.api.internal.tasks.testing.worker.TestWorker.execute(Lorg/gradle/process/internal/worker/WorkerProcessContext;)V+76
j  org.gradle.api.internal.tasks.testing.worker.TestWorker.execute(Ljava/lang/Object;)V+5
j  org.gradle.process.internal.worker.child.ActionExecutionWorker.execute(Lorg/gradle/process/internal/worker/WorkerProcessContext;)V+65
j  org.gradle.process.internal.worker.child.SystemApplicationClassLoaderWorker.call()Ljava/lang/Void;+270
j  org.gradle.process.internal.worker.child.SystemApplicationClassLoaderWorker.call()Ljava/lang/Object;+1
j  worker.org.gradle.process.internal.worker.GradleWorkerMain.run()V+250
j  worker.org.gradle.process.internal.worker.GradleWorkerMain.main([Ljava/lang/String;)V+7
v  ~StubRoutines::call_stub 0x0000028315390fcd

siginfo: EXCEPTION_ACCESS_VIOLATION (0xc0000005), reading address 0x0000000000000005


Registers:
RAX=0x00000000000004d2, RBX=0x0000028363ba8f90, RCX=0x0000000000000005, RDX=0x0000000000000005
RSP=0x000000ab5f5fbd80, RBP=0x000000ab5f5fbd90, RSI=0x000000ab5f5fbd80, RDI=0x0000000000000005
R8 =0x0000000000000000, R9 =0x0000000000003039, R10=0x0000000000000000, R11=0x000000000000000a
R12=0x0000000000000000, R13=0x000000ab5f5fbdd8, R14=0x000000ab5f5fbe80, R15=0x00000283030d0db0
RIP=0x0000028305350057, EFLAGS=0x0000000000010206

XMM[0]=0x0000000000000000 0x000000003f400000
XMM[1]=0x0000000000000000 0x0000000000000000
XMM[2]=0x0000000000000000 0x3ff5555555555555
XMM[3]=0x0000000000000000 0x3ff0000000000000
XMM[4]=0x0000028315398ea0 0x000000ab5f5fc028
XMM[5]=0x00000283030d0db0 0x00000000d8bdca01
XMM[6]=0x0000000000000000 0x459176a54847ac12
XMM[7]=0x0000000000000000 0x256d17ae5486ab2d
XMM[8]=0x0000000000000000 0xf852d9749b5b6777
XMM[9]=0x0000000000000000 0x1a7dad2524e20570
XMM[10]=0x0000000000000000 0x000000000a64584b
XMM[11]=0x0000000000000000 0x26400c3b4b2211ab
XMM[12]=0x0000000000000000 0x0000000024e20570
XMM[13]=0x0000000000000000 0x0000000000000000
XMM[14]=0x0000000000000000 0x0000000000000000
XMM[15]=0x0000000000000000 0x0000000000000000
  MXCSR=0x00001fa0


Register to memory mapping:

RAX=0x00000000000004d2 is an unknown value
RBX={method} {0x0000028363ba8f98} 'linkToNative' '(JJLjava/lang/Object;)J' in 'java/lang/invoke/MethodHandle'
RCX=0x0000000000000005 is an unknown value
RDX=0x0000000000000005 is an unknown value
RSP=0x000000ab5f5fbd80 is pointing into the stack for thread: 0x00000283030d0db0
RBP=0x000000ab5f5fbd90 is pointing into the stack for thread: 0x00000283030d0db0
RSI=0x000000ab5f5fbd80 is pointing into the stack for thread: 0x00000283030d0db0
RDI=0x0000000000000005 is an unknown value
R8 =0x0 is null
R9 =0x0000000000003039 is an unknown value
R10=0x0 is null
R11=0x000000000000000a is an unknown value
R12=0x0 is null
R13=0x000000ab5f5fbdd8 is pointing into the stack for thread: 0x00000283030d0db0
R14=0x000000ab5f5fbe80 is pointing into the stack for thread: 0x00000283030d0db0
R15=0x00000283030d0db0 is a thread

Top of Stack: (sp=0x000000ab5f5fbd80)
0x000000ab5f5fbd80:   0000000000000005 0000000000003039   ........90......
0x000000ab5f5fbd90:   000000ab5f5fbdc0 000002831556541e   ..__.....TV.....
0x000000ab5f5fbda0:   fffffffffffffff7 0000028363b7b6c0   ...........c....
0x000000ab5f5fbdb0:   0000000000000002 0000028363b7bc98   ...........c....
0x000000ab5f5fbdc0:   000000ab5f5fbe48 00000283153988f6   H.__......9.....
0x000000ab5f5fbdd0:   00000283153988f6 00000000d982bc78   ..9.....x.......
0x000000ab5f5fbde0:   0000000000003039 0000000000000000   90..............
0x000000ab5f5fbdf0:   0000028305350000 0000000000000000   ..5.............
0x000000ab5f5fbe00:   fffffffffffffff7 0000028363abbe52   ........R..c....
0x000000ab5f5fbe10:   0000000000000007 0000028363ac0000   ...........c....
0x000000ab5f5fbe20:   0000000000000000 00000000d9833660   ........`6......
0x000000ab5f5fbe30:   0000028363abbe60 fffffffffffffff2   `..c............
0x000000ab5f5fbe40:   000000ab5f5fbe60 000000ab5f5fbed0   `.__......__....
0x000000ab5f5fbe50:   00000283153988f6 00000000d982bc78   ..9.....x.......
0x000000ab5f5fbe60:   0000000000003039 0000000000000000   90..............
0x000000ab5f5fbe70:   0000028305350000 0000000000000000   ..5.............
0x000000ab5f5fbe80:   00000000d9833788 fffffffffffffff7   .7..............
0x000000ab5f5fbe90:   0000028363ac669d 0000000000000007   .f.c............
0x000000ab5f5fbea0:   0000028363ac6868 0000000000000000   hh.c............
0x000000ab5f5fbeb0:   00000000d98a0a18 0000028363ac66b0   .........f.c....
0x000000ab5f5fbec0:   fffffffffffffff2 000000ab5f5fbee0   ..........__....
0x000000ab5f5fbed0:   000000ab5f5fbf58 00000283153988f6   X.__......9.....
0x000000ab5f5fbee0:   00000000d982b310 0000000000003039   ........90......
0x000000ab5f5fbef0:   0000000000000000 0000028305350000   ..........5.....
0x000000ab5f5fbf00:   0000000000000000 00000000d9833788   .........7......
0x000000ab5f5fbf10:   fffffffffffffff7 0000028363ac079e   ...........c....
0x000000ab5f5fbf20:   000000000000000d 0000028363ac09a0   ...........c....
0x000000ab5f5fbf30:   0000000000000000 00000000d983d3b0   ................
0x000000ab5f5fbf40:   0000028363ac0800 fffffffffffffff1   ...c............
0x000000ab5f5fbf50:   000000ab5f5fbfa0 000000ab5f5fc010   ..__......__....
0x000000ab5f5fbf60:   00000283153988f6 0000000000000000   ..9.............
0x000000ab5f5fbf70:   0000000000000000 00000000d6b27ff0   ................

Instructions: (pc=0x0000028305350057)
  0x000002830534ff57:   ?? ?? ?? ?? ?? ?? ?? ?? ?? ?? ?? ?? ?? ?? ?? ??
  0x000002830534ff67:   ?? ?? ?? ?? ?? ?? ?? ?? ?? ?? ?? ?? ?? ?? ?? ??
  0x000002830534ff77:   ?? ?? ?? ?? ?? ?? ?? ?? ?? ?? ?? ?? ?? ?? ?? ??
  0x000002830534ff87:   ?? ?? ?? ?? ?? ?? ?? ?? ?? ?? ?? ?? ?? ?? ?? ??
  0x000002830534ff97:   ?? ?? ?? ?? ?? ?? ?? ?? ?? ?? ?? ?? ?? ?? ?? ??
  0x000002830534ffa7:   ?? ?? ?? ?? ?? ?? ?? ?? ?? ?? ?? ?? ?? ?? ?? ??
  0x000002830534ffb7:   ?? ?? ?? ?? ?? ?? ?? ?? ?? ?? ?? ?? ?? ?? ?? ??
  0x000002830534ffc7:   ?? ?? ?? ?? ?? ?? ?? ?? ?? ?? ?? ?? ?? ?? ?? ??
  0x000002830534ffd7:   ?? ?? ?? ?? ?? ?? ?? ?? ?? ?? ?? ?? ?? ?? ?? ??
  0x000002830534ffe7:   ?? ?? ?? ?? ?? ?? ?? ?? ?? ?? ?? ?? ?? ?? ?? ??
  0x000002830534fff7:   ?? ?? ?? ?? ?? ?? ?? ?? ?? 55 48 8b ec 48 81 ec
  0x0000028305350007:   10 00 00 00 48 8d 55 f8 48 8d 75 f0 48 89 0a 45
  0x0000028305350017:   33 d2 4c 89 16 e9 00 00 00 00 48 8b 3a 48 81 ff
  0x0000028305350027:   00 00 00 00 0f 8f 05 00 00 00 e9 3e 00 00 00 4c
  0x0000028305350037:   8b 06 4c 8b 0a 49 c7 c3 0a 00 00 00 49 8b c1 48
  0x0000028305350047:   99 49 f7 fb 48 8b ca 49 8b f8 48 03 f9 48 89 3e
=>0x0000028305350057:   4c 8b 0a 49 c7 c3 0a 00 00 00 49 8b c1 48 99 49
  0x0000028305350067:   f7 fb 4c 8b c0 4c 89 02 e9 ad ff ff ff 48 8b 0e
  0x0000028305350077:   48 8b c1 48 81 c4 10 00 00 00 5d c3 00 00 00 00
  0x0000028305350087:   00 00 00 00 00 00 00 00 00 00 00 00 00 00 00 00
  0x0000028305350097:   00 00 00 00 00 00 00 00 00 00 00 00 00 00 00 00
  0x00000283053500a7:   00 00 00 00 00 00 00 00 00 00 00 00 00 00 00 00
  0x00000283053500b7:   00 00 00 00 00 00 00 00 00 00 00 00 00 00 00 00
  0x00000283053500c7:   00 00 00 00 00 00 00 00 00 00 00 00 00 00 00 00
  0x00000283053500d7:   00 00 00 00 00 00 00 00 00 00 00 00 00 00 00 00
  0x00000283053500e7:   00 00 00 00 00 00 00 00 00 00 00 00 00 00 00 00
  0x00000283053500f7:   00 00 00 00 00 00 00 00 00 00 00 00 00 00 00 00
  0x0000028305350107:   00 00 00 00 00 00 00 00 00 00 00 00 00 00 00 00
  0x0000028305350117:   00 00 00 00 00 00 00 00 00 00 00 00 00 00 00 00
  0x0000028305350127:   00 00 00 00 00 00 00 00 00 00 00 00 00 00 00 00
  0x0000028305350137:   00 00 00 00 00 00 00 00 00 00 00 00 00 00 00 00
  0x0000028305350147:   00 00 00 00 00 00 00 00 00 00 00 00 00 00 00 00


Stack slot to memory mapping:

stack at sp + 0 slots: 0x0000000000000005 is an unknown value
stack at sp + 1 slots: 0x0000000000003039 is an unknown value
stack at sp + 2 slots: 0x000000ab5f5fbdc0 is pointing into the stack for thread: 0x00000283030d0db0
stack at sp + 3 slots: 0x000002831556541e is at code_begin+62 in 
[CodeBlob (0x0000028315565388)]
Framesize: 6
Runtime Stub (0x0000028315565388): nep_invoker_blob
--------------------------------------------------------------------------------
Decoding CodeBlob, name: nep_invoker_blob, at  [0x00000283155653e0, 0x00000283155654e0]  256 bytes
[MachCode]
  0x00000283155653e0: 5548 8bec | 4883 ec20 | c5f8 7749 | 89af b803 | 0000 49ba | e853 5615 | 8302 0000 | 4d89 97b0 
  0x0000028315565400: 0300 0049 | 89a7 a803 | 0000 41c7 | 8754 0400 | 0004 0000 | 004c 8bd2 | 498b c841 | ffd2 c5f8 
  0x0000028315565420: 7741 c787 | 5404 0000 | 0500 0000 | f083 4424 | c000 493b | 6f28 0f87 | 4d00 0000 | 4183 bf50 
  0x0000028315565440: 0400 0000 | 0f85 3f00 | 0000 41c7 | 8754 0400 | 0008 0000 | 0041 83bf | d004 0000 | 020f 8453 
  0x0000028315565460: 0000 0049 | c787 a803 | 0000 0000 | 0000 49c7 | 87b8 0300 | 0000 0000 | 0049 c787 | b003 0000 
  0x0000028315565480: 0000 0000 | c5f8 77c9 | c348 8904 | 2449 8bcf | c5f8 774c | 8be4 4883 | ec20 4883 | e4f0 48b8 
  0x00000283155654a0: f0a5 4d52 | fb7f 0000 | ffd0 498b | e44d 33e4 | 488b 0424 | eb94 4889 | 0424 c5f8 | 774c 8be4 
  0x00000283155654c0: 4883 ec20 | 4883 e4f0 | 48b8 6074 | 8552 fb7f | 0000 ffd0 | 498b e44d | 33e4 488b | 0424 eb83 
[/MachCode]
--------------------------------------------------------------------------------
stack at sp + 4 slots: 0xfffffffffffffff7 is an unknown value
stack at sp + 5 slots: 0x0000028363b7b6c0 is pointing into metadata
stack at sp + 6 slots: 0x0000000000000002 is an unknown value
stack at sp + 7 slots: 0x0000028363b7bc98 is pointing into metadata

Lock stack of current Java thread (top to bottom):

--------------------------------------------------------------------------------
Decoding CodeBlob, name: nep_invoker_blob, at  [0x00000283155653e0, 0x00000283155654e0]  256 bytes
[MachCode]
  0x00000283155653e0: 5548 8bec | 4883 ec20 | c5f8 7749 | 89af b803 | 0000 49ba | e853 5615 | 8302 0000 | 4d89 97b0 
  0x0000028315565400: 0300 0049 | 89a7 a803 | 0000 41c7 | 8754 0400 | 0004 0000 | 004c 8bd2 | 498b c841 | ffd2 c5f8 
  0x0000028315565420: 7741 c787 | 5404 0000 | 0500 0000 | f083 4424 | c000 493b | 6f28 0f87 | 4d00 0000 | 4183 bf50 
  0x0000028315565440: 0400 0000 | 0f85 3f00 | 0000 41c7 | 8754 0400 | 0008 0000 | 0041 83bf | d004 0000 | 020f 8453 
  0x0000028315565460: 0000 0049 | c787 a803 | 0000 0000 | 0000 49c7 | 87b8 0300 | 0000 0000 | 0049 c787 | b003 0000 
  0x0000028315565480: 0000 0000 | c5f8 77c9 | c348 8904 | 2449 8bcf | c5f8 774c | 8be4 4883 | ec20 4883 | e4f0 48b8 
  0x00000283155654a0: f0a5 4d52 | fb7f 0000 | ffd0 498b | e44d 33e4 | 488b 0424 | eb94 4889 | 0424 c5f8 | 774c 8be4 
  0x00000283155654c0: 4883 ec20 | 4883 e4f0 | 48b8 6074 | 8552 fb7f | 0000 ffd0 | 498b e44d | 33e4 488b | 0424 eb83 
[/MachCode]
--------------------------------------------------------------------------------


Compiled method (c1) 1276 1708       3       java.lang.invoke.Invokers$Holder::invokeExact_MT (23 bytes)
 total in heap  [0x000002830e1fd308,0x000002830e1fdd28] = 2592
 relocation     [0x000002830e1fd3e0,0x000002830e1fd478] = 152
 main code      [0x000002830e1fd480,0x000002830e1fdc88] = 2056
 stub code      [0x000002830e1fdc88,0x000002830e1fdcf8] = 112
 metadata       [0x000002830e1fdcf8,0x000002830e1fdd28] = 48
 immutable data [0x00000283679d1370,0x00000283679d1520] = 432
 dependencies   [0x00000283679d1370,0x00000283679d1380] = 16
 nul chk table  [0x00000283679d1380,0x00000283679d13a0] = 32
 scopes pcs     [0x00000283679d13a0,0x00000283679d1480] = 224
 scopes data    [0x00000283679d1480,0x00000283679d1520] = 160

[Constant Pool (empty)]

[MachCode]
[Verified Entry Point]
  # {method} {0x00000283221f5000} 'invokeExact_MT' '(Ljava/lang/Object;Ljava/lang/Object;Ljava/lang/Object;)Ljava/lang/Object;' in 'java/lang/invoke/Invokers$Holder'
  # parm0:    rdx:rdx   = 'java/lang/Object'
  # parm1:    r8:r8     = 'java/lang/Object'
  # parm2:    r9:r9     = 'java/lang/Object'
  #           [sp+0x70]  (sp of caller)
  0x000002830e1fd480: 8984 2400 | 80ff ff55 | 4883 ec60 | 4181 7f20 | 0100 0000 

  0x000002830e1fd494: ;   {runtime_call StubRoutines (final stubs)}
  0x000002830e1fd494: 7405 e8c5 | a71c 074c | 8944 2440 

  0x000002830e1fd4a0: ;   {metadata(method data for {method} {0x00000283221f5000} 'invokeExact_MT' '(Ljava/lang/Object;Ljava/lang/Object;Ljava/lang/Object;)Ljava/lang/Object;' in 'java/lang/invoke/Invokers$Holder')}
  0x000002830e1fd4a0: 48be e095 | 3a63 8302 | 0000 488d | b688 0200 | 0048 85d2 | 750c f606 | 0175 4df0 | 4883 0e01 
  0x000002830e1fd4c0: eb46 8b7a | 0849 ba00 | 0000 2283 | 0200 0049 | 03fa 4c8b | d748 333e | 48f7 c7fc | ffff ff74 
  0x000002830e1fd4e0: 2740 f6c7 | 0275 2148 | f706 feff | ffff 7415 | 498b fa48 | 333e 48f7 | c7fc ffff | ff74 0948 
  0x000002830e1fd500: 830e 02eb | 0348 893e | 4d85 c075 | 0ef6 4610 | 0175 54f0 | 4883 4e10 | 01eb 4c41 | 8b78 0849 
  0x000002830e1fd520: ba00 0000 | 2283 0200 | 0049 03fa | 4c8b d748 | 337e 1048 | f7c7 fcff | ffff 742b | 40f6 c702 
  0x000002830e1fd540: 7525 48f7 | 4610 feff | ffff 7417 | 498b fa48 | 337e 1048 | f7c7 fcff | ffff 740b | 4883 4e10 
  0x000002830e1fd560: 02eb 0448 

  0x000002830e1fd564: ;   {metadata(method data for {method} {0x00000283221f5000} 'invokeExact_MT' '(Ljava/lang/Object;Ljava/lang/Object;Ljava/lang/Object;)Ljava/lang/Object;' in 'java/lang/invoke/Invokers$Holder')}
  0x000002830e1fd564: 897e 1048 | bee0 953a | 6383 0200 | 008b becc | 0000 0083 | c702 89be | cc00 0000 | 81e7 fe07 
  0x000002830e1fd584: 0000 85ff | 0f84 1606 | 0000 4885 

  0x000002830e1fd590: ;   {metadata(method data for {method} {0x00000283221f5000} 'invokeExact_MT' '(Ljava/lang/Object;Ljava/lang/Object;Ljava/lang/Object;)Ljava/lang/Object;' in 'java/lang/invoke/Invokers$Holder')}
  0x000002830e1fd590: d248 bfe0 | 953a 6383 | 0200 0075 | 0c80 8f09 | 0100 0001 | e9af 0000 | 008b 5a08 | 49ba 0000 
  0x000002830e1fd5b0: 0022 8302 | 0000 4903 | da48 3b9f | 1801 0000 | 750d 4883 | 8720 0100 | 0001 e960 | 0000 0048 
  0x000002830e1fd5d0: 3b9f 2801 | 0000 750d | 4883 8730 | 0100 0001 | e94a 0000 | 0048 83bf | 1801 0000 | 0075 1748 
  0x000002830e1fd5f0: 899f 1801 | 0000 48c7 | 8720 0100 | 0001 0000 | 00e9 2900 | 0000 4883 | bf28 0100 | 0000 7517 
  0x000002830e1fd610: 4889 9f28 | 0100 0048 | c787 3001 | 0000 0100 | 0000 e908 | 0000 0048 | 8387 1001 

  0x000002830e1fd62c: ;   {metadata('java/lang/invoke/MethodHandle')}
  0x000002830e1fd62c: 0000 0148 | bba8 871d | 2283 0200 | 008b 7a08 | 49ba 0000 | 0022 8302 | 0000 4903 | fa48 3b5f 
  0x000002830e1fd64c: 380f 8572 | 0500 00e9 | 0000 0000 | 488b f248 | 8974 2448 

  0x000002830e1fd660: ;   {metadata(method data for {method} {0x00000283221f5000} 'invokeExact_MT' '(Ljava/lang/Object;Ljava/lang/Object;Ljava/lang/Object;)Ljava/lang/Object;' in 'java/lang/invoke/Invokers$Holder')}
  0x000002830e1fd660: 4d85 c948 | bbe0 953a | 6383 0200 | 0075 0c80 | 8b39 0100 | 0001 e9b0 | 0000 0041 | 8b41 0849 
  0x000002830e1fd680: ba00 0000 | 2283 0200 | 0049 03c2 | 483b 8348 | 0100 0075 | 0d48 8383 | 5001 0000 | 01e9 6000 
  0x000002830e1fd6a0: 0000 483b | 8358 0100 | 0075 0d48 | 8383 6001 | 0000 01e9 | 4a00 0000 | 4883 bb48 | 0100 0000 
  0x000002830e1fd6c0: 7517 4889 | 8348 0100 | 0048 c783 | 5001 0000 | 0100 0000 | e929 0000 | 0048 83bb | 5801 0000 
  0x000002830e1fd6e0: 0075 1748 | 8983 5801 | 0000 48c7 | 8360 0100 | 0001 0000 | 00e9 0800 | 0000 4883 | 8340 0100 
  0x000002830e1fd700: ;   {metadata('java/lang/invoke/MethodType')}
  0x000002830e1fd700: 0001 48b8 | 889a 1d22 | 8302 0000 | 418b 5108 | 49ba 0000 | 0022 8302 | 0000 4903 | d248 3bc2 
  0x000002830e1fd720: 0f85 a804 | 0000 e900 | 0000 0049 

  0x000002830e1fd72c: ;   {metadata(method data for {method} {0x00000283221f5000} 'invokeExact_MT' '(Ljava/lang/Object;Ljava/lang/Object;Ljava/lang/Object;)Ljava/lang/Object;' in 'java/lang/invoke/Invokers$Holder')}
  0x000002830e1fd72c: 8bf9 48ba | e095 3a63 | 8302 0000 | 488d 9280 | 0100 0048 | 85f6 750e | f642 0801 | 7552 f048 
  0x000002830e1fd74c: 834a 0801 | eb4a 8b5e | 0849 ba00 | 0000 2283 | 0200 0049 | 03da 4c8b | d348 335a | 0848 f7c3 
  0x000002830e1fd76c: fcff ffff | 742a f6c3 | 0275 2548 | f742 08fe | ffff ff74 | 1749 8bda | 4833 5a08 | 48f7 c3fc 
  0x000002830e1fd78c: ffff ff74 | 0b48 834a | 0802 eb04 | 4889 5a08 | 4885 ff75 | 0cf6 4218 | 0175 06f0 | 4883 4a18 
  0x000002830e1fd7ac: ;   {metadata(method data for {method} {0x00000283221f5000} 'invokeExact_MT' '(Ljava/lang/Object;Ljava/lang/Object;Ljava/lang/Object;)Ljava/lang/Object;' in 'java/lang/invoke/Invokers$Holder')}
  0x000002830e1fd7ac: 0148 bae0 | 953a 6383 | 0200 0048 | 8382 7001 

  0x000002830e1fd7bc: ;   {metadata(method data for {method} {0x000002832244f2a8} 'checkExactType' '(Ljava/lang/invoke/MethodHandle;Ljava/lang/invoke/MethodType;)V' in 'java/lang/invoke/Invokers')}
  0x000002830e1fd7bc: 0000 0148 | bae0 4039 | 6383 0200 | 008b 9acc | 0000 0083 | c302 899a | cc00 0000 | 81e3 feff 
  0x000002830e1fd7dc: 1f00 85db | 0f84 f103 | 0000 483b | 0648 8bd6 

  0x000002830e1fd7ec: ;   {metadata(method data for {method} {0x000002832244f2a8} 'checkExactType' '(Ljava/lang/invoke/MethodHandle;Ljava/lang/invoke/MethodType;)V' in 'java/lang/invoke/Invokers')}
  0x000002830e1fd7ec: 48bb e040 | 3963 8302 | 0000 8b52 | 0849 ba00 | 0000 2283 | 0200 0049 | 03d2 483b | 9318 0100 
  0x000002830e1fd80c: 0075 0d48 | 8383 2001 | 0000 01e9 | 6000 0000 | 483b 9328 | 0100 0075 | 0d48 8383 | 3001 0000 
  0x000002830e1fd82c: 01e9 4a00 | 0000 4883 | bb18 0100 | 0000 7517 | 4889 9318 | 0100 0048 | c783 2001 | 0000 0100 
  0x000002830e1fd84c: 0000 e929 | 0000 0048 | 83bb 2801 | 0000 0075 | 1748 8993 | 2801 0000 | 48c7 8330 | 0100 0001 
  0x000002830e1fd86c: 0000 00e9 | 0800 0000 | 4883 8310 | 0100 0001 | 8b5e 1048 

  0x000002830e1fd880: ;   {metadata(method data for {method} {0x000002832244f2a8} 'checkExactType' '(Ljava/lang/invoke/MethodHandle;Ljava/lang/invoke/MethodType;)V' in 'java/lang/invoke/Invokers')}
  0x000002830e1fd880: 3bdf 48ba | e040 3963 | 8302 0000 | b850 0100 | 0075 05b8 | 4001 0000 | 488b 0c02 | 488d 4901 
  0x000002830e1fd8a0: 4889 0c02 | 0f85 cb02 

  0x000002830e1fd8a8: ;   {metadata(method data for {method} {0x00000283221f5000} 'invokeExact_MT' '(Ljava/lang/Object;Ljava/lang/Object;Ljava/lang/Object;)Ljava/lang/Object;' in 'java/lang/invoke/Invokers$Holder')}
  0x000002830e1fd8a8: 0000 48ba | e095 3a63 | 8302 0000 | 488d 92b8 | 0100 008b | 7e08 49ba | 0000 0022 | 8302 0000 
  0x000002830e1fd8c8: 4903 fa4c | 8bd7 4833 | 7a08 48f7 | c7fc ffff | ff74 2b40 | f6c7 0275 | 2548 f742 | 08fe ffff 
  0x000002830e1fd8e8: ff74 1749 | 8bfa 4833 | 7a08 48f7 | c7fc ffff | ff74 0b48 | 834a 0802 | eb04 4889 

  0x000002830e1fd904: ;   {metadata(method data for {method} {0x00000283221f5000} 'invokeExact_MT' '(Ljava/lang/Object;Ljava/lang/Object;Ljava/lang/Object;)Ljava/lang/Object;' in 'java/lang/invoke/Invokers$Holder')}
  0x000002830e1fd904: 7a08 48ba | e095 3a63 | 8302 0000 | 4883 82a8 | 0100 0001 

  0x000002830e1fd918: ;   {metadata(method data for {method} {0x000002832244f1a0} 'checkCustomized' '(Ljava/lang/invoke/MethodHandle;)V' in 'java/lang/invoke/Invokers')}
  0x000002830e1fd918: 48ba 2039 | 3963 8302 | 0000 8bba | cc00 0000 | 83c7 0289 | bacc 0000 | 0081 e7fe | ff1f 0085 
  0x000002830e1fd938: ff0f 84be 

  0x000002830e1fd93c: ;   {metadata(method data for {method} {0x000002832244f1a0} 'checkCustomized' '(Ljava/lang/invoke/MethodHandle;)V' in 'java/lang/invoke/Invokers')}
  0x000002830e1fd93c: 0200 0048 | ba20 3939 | 6383 0200 | 0048 8382 | 1001 0000 

  0x000002830e1fd950: ;   {metadata(method data for {method} {0x00000283221ddb08} 'isCompileConstant' '(Ljava/lang/Object;)Z' in 'java/lang/invoke/MethodHandleImpl')}
  0x000002830e1fd950: 0148 ba28 | 3e39 6383 | 0200 008b | bacc 0000 | 0083 c702 | 89ba cc00 | 0000 81e7 | feff 1f00 
  0x000002830e1fd970: 85ff 0f84 | a602 0000 

  0x000002830e1fd978: ;   {metadata(method data for {method} {0x000002832244f1a0} 'checkCustomized' '(Ljava/lang/invoke/MethodHandle;)V' in 'java/lang/invoke/Invokers')}
  0x000002830e1fd978: 48ba 2039 | 3963 8302 | 0000 ff82 | 2001 0000 | 8b56 148b | 521c 4885 

  0x000002830e1fd990: ;   {metadata(method data for {method} {0x000002832244f1a0} 'checkCustomized' '(Ljava/lang/invoke/MethodHandle;)V' in 'java/lang/invoke/Invokers')}
  0x000002830e1fd990: d248 ba20 | 3939 6383 | 0200 00bf | 4001 0000 | 7505 bf50 | 0100 0048 | 8b1c 3a48 | 8d5b 0148 
  0x000002830e1fd9b0: 891c 3a0f | 8523 0000 

  0x000002830e1fd9b8: ;   {metadata(method data for {method} {0x000002832244f1a0} 'checkCustomized' '(Ljava/lang/invoke/MethodHandle;)V' in 'java/lang/invoke/Invokers')}
  0x000002830e1fd9b8: 0048 ba20 | 3939 6383 | 0200 0048 | 8382 6001 | 0000 0148 

  0x000002830e1fd9cc: ;   {static_call}
  0x000002830e1fd9cc: 8bd6 90e8 

  0x000002830e1fd9d0: ; ImmutableOopMap {[64]=Oop [72]=Oop }
                      ;*invokestatic maybeCustomize {reexecute=0 rethrow=0 return_oop=0}
                      ; - java.lang.invoke.Invokers::checkCustomized@19 (line 626)
                      ; - java.lang.invoke.Invokers$Holder::invokeExact_MT@14
  0x000002830e1fd9d0: 4cdb fcff 

  0x000002830e1fd9d4: ;   {post_call_nop}
  0x000002830e1fd9d4: 0f1f 8400 | cc06 0000 | 4c8b 4424 

  0x000002830e1fd9e0: ;   {metadata(method data for {method} {0x00000283221f5000} 'invokeExact_MT' '(Ljava/lang/Object;Ljava/lang/Object;Ljava/lang/Object;)Ljava/lang/Object;' in 'java/lang/invoke/Invokers$Holder')}
  0x000002830e1fd9e0: 4048 bae0 | 953a 6383 | 0200 0048 | 8d92 0002 | 0000 4d85 | c075 0ef6 | 4208 0175 | 54f0 4883 
  0x000002830e1fda00: 4a08 01eb | 4c41 8b70 | 0849 ba00 | 0000 2283 | 0200 0049 | 03f2 4c8b | d648 3372 | 0848 f7c6 
  0x000002830e1fda20: fcff ffff | 742b 40f6 | c602 7525 | 48f7 4208 | feff ffff | 7417 498b | f248 3372 | 0848 f7c6 
  0x000002830e1fda40: fcff ffff | 740b 4883 | 4a08 02eb | 0448 8972 | 0848 8b74 

  0x000002830e1fda54: ;   {metadata(method data for {method} {0x00000283221f5000} 'invokeExact_MT' '(Ljava/lang/Object;Ljava/lang/Object;Ljava/lang/Object;)Ljava/lang/Object;' in 'java/lang/invoke/Invokers$Holder')}
  0x000002830e1fda54: 2448 48ba | e095 3a63 | 8302 0000 | 8b76 0849 | ba00 0000 | 2283 0200 | 0049 03f2 | 483b b2d8 
  0x000002830e1fda74: 0100 0075 | 0d48 8382 | e001 0000 | 01e9 6000 | 0000 483b | b2e8 0100 | 0075 0d48 | 8382 f001 
  0x000002830e1fda94: 0000 01e9 | 4a00 0000 | 4883 bad8 | 0100 0000 | 7517 4889 | b2d8 0100 | 0048 c782 | e001 0000 
  0x000002830e1fdab4: 0100 0000 | e929 0000 | 0048 83ba | e801 0000 | 0075 1748 | 89b2 e801 | 0000 48c7 | 82f0 0100 
  0x000002830e1fdad4: 0001 0000 | 00e9 0800 | 0000 4883 | 82d0 0100 | 0001 488b | 5424 480f 

  0x000002830e1fdaec: ;   {optimized virtual_call}
  0x000002830e1fdaec: 1f40 00e8 

  0x000002830e1fdaf0: ; ImmutableOopMap {}
                      ;*invokevirtual invokeBasic {reexecute=0 rethrow=0 return_oop=0}
                      ; - java.lang.invoke.Invokers$Holder::invokeExact_MT@19
  0x000002830e1fdaf0: 8cb0 8d07 

  0x000002830e1fdaf4: ;   {post_call_nop}
  0x000002830e1fdaf4: 0f1f 8400 | ec07 0001 

  0x000002830e1fdafc: ;   {metadata(method data for {method} {0x00000283221f5000} 'invokeExact_MT' '(Ljava/lang/Object;Ljava/lang/Object;Ljava/lang/Object;)Ljava/lang/Object;' in 'java/lang/invoke/Invokers$Holder')}
  0x000002830e1fdafc: 48ba e095 | 3a63 8302 | 0000 488d | 9210 0200 | 0048 85c0 | 750c f602 | 0175 4ef0 | 4883 0a01 
  0x000002830e1fdb1c: eb47 448b | 4008 49ba | 0000 0022 | 8302 0000 | 4d03 c24d | 8bd0 4c33 | 0249 f7c0 | fcff ffff 
  0x000002830e1fdb3c: 7427 41f6 | c002 7521 | 48f7 02fe | ffff ff74 | 154d 8bc2 | 4c33 0249 | f7c0 fcff | ffff 7409 
  0x000002830e1fdb5c: 4883 0a02 | eb03 4c89 | 0248 83c4 

  0x000002830e1fdb68: ;   {poll_return}
  0x000002830e1fdb68: 605d 493b | 6728 0f87 | d000 0000 

  0x000002830e1fdb74: ;   {metadata(method data for {method} {0x000002832244f2a8} 'checkExactType' '(Ljava/lang/invoke/MethodHandle;Ljava/lang/invoke/MethodType;)V' in 'java/lang/invoke/Invokers')}
  0x000002830e1fdb74: c348 bae0 | 4039 6383 | 0200 0048 | 8382 6001 | 0000 0148 | 8bd3 4c8b 

  0x000002830e1fdb8c: ;   {static_call}
  0x000002830e1fdb8c: c766 90e8 

  0x000002830e1fdb90: ; ImmutableOopMap {[64]=Oop [72]=Oop }
                      ;*invokestatic newWrongMethodTypeException {reexecute=0 rethrow=0 return_oop=0}
                      ; - java.lang.invoke.Invokers::checkExactType@12 (line 531)
                      ; - java.lang.invoke.Invokers$Holder::invokeExact_MT@10
  0x000002830e1fdb90: cc1c 1e07 

  0x000002830e1fdb94: ;   {post_call_nop}
  0x000002830e1fdb94: 0f1f 8400 | 8c08 0002 

  0x000002830e1fdb9c: ; implicit exception: dispatches to 0x000002830e1fdc5a
  0x000002830e1fdb9c: 483b 00e9 | d800 0000 

  0x000002830e1fdba4: ;   {metadata({method} {0x00000283221f5000} 'invokeExact_MT' '(Ljava/lang/Object;Ljava/lang/Object;Ljava/lang/Object;)Ljava/lang/Object;' in 'java/lang/invoke/Invokers$Holder')}
  0x000002830e1fdba4: 49ba f84f | 1f22 8302 | 0000 4c89 | 5424 0848 | c704 24ff 

  0x000002830e1fdbb8: ;   {runtime_call C1 Runtime counter_overflow_blob}
  0x000002830e1fdbb8: ffff ffe8 

  0x000002830e1fdbbc: ; ImmutableOopMap {rdx=Oop r8=Oop r9=Oop [64]=Oop }
                      ;*synchronization entry
                      ; - java.lang.invoke.Invokers$Holder::invokeExact_MT@-1
  0x000002830e1fdbbc: 203e 2b07 | e9c9 f9ff | ff48 8914 

  0x000002830e1fdbc8: ;   {runtime_call C1 Runtime throw_class_cast_exception_blob}
  0x000002830e1fdbc8: 24e8 92f4 

  0x000002830e1fdbcc: ; ImmutableOopMap {r8=Oop r9=Oop [64]=Oop }
                      ;*checkcast {reexecute=0 rethrow=0 return_oop=0}
                      ; - java.lang.invoke.Invokers$Holder::invokeExact_MT@1
  0x000002830e1fdbcc: 2a07 4c89 

  0x000002830e1fdbd0: ;   {runtime_call C1 Runtime throw_class_cast_exception_blob}
  0x000002830e1fdbd0: 0c24 e889 

  0x000002830e1fdbd4: ; ImmutableOopMap {r8=Oop rsi=Oop [64]=Oop [72]=Oop }
                      ;*checkcast {reexecute=0 rethrow=0 return_oop=0}
                      ; - java.lang.invoke.Invokers$Holder::invokeExact_MT@7
                      ;   {metadata({method} {0x000002832244f2a8} 'checkExactType' '(Ljava/lang/invoke/MethodHandle;Ljava/lang/invoke/MethodType;)V' in 'java/lang/invoke/Invokers')}
  0x000002830e1fdbd4: f42a 0749 | baa0 f244 | 2283 0200 | 004c 8954 | 2408 48c7 | 0424 ffff 

  0x000002830e1fdbec: ;   {runtime_call C1 Runtime counter_overflow_blob}
  0x000002830e1fdbec: ffff e8ed 

  0x000002830e1fdbf0: ; ImmutableOopMap {r8=Oop rsi=Oop rdi=Oop [64]=Oop [72]=Oop }
                      ;*synchronization entry
                      ; - java.lang.invoke.Invokers::checkExactType@-1 (line 529)
                      ; - java.lang.invoke.Invokers$Holder::invokeExact_MT@10
  0x000002830e1fdbf0: 3d2b 07e9 | eefb ffff 

  0x000002830e1fdbf8: ;   {runtime_call C1 Runtime throw_null_pointer_exception_blob}
  0x000002830e1fdbf8: e863 b92a 

  0x000002830e1fdbfc: ; ImmutableOopMap {r8=Oop rsi=Oop rdi=Oop [64]=Oop [72]=Oop }
                      ;*invokevirtual type {reexecute=0 rethrow=0 return_oop=0}
                      ; - java.lang.invoke.Invokers::checkExactType@1 (line 529)
                      ; - java.lang.invoke.Invokers$Holder::invokeExact_MT@10
                      ;   {metadata({method} {0x000002832244f1a0} 'checkCustomized' '(Ljava/lang/invoke/MethodHandle;)V' in 'java/lang/invoke/Invokers')}
  0x000002830e1fdbfc: 0749 ba98 | f144 2283 | 0200 004c | 8954 2408 | 48c7 0424 | ffff ffff 

  0x000002830e1fdc14: ;   {runtime_call C1 Runtime counter_overflow_blob}
  0x000002830e1fdc14: e8c7 3d2b 

  0x000002830e1fdc18: ; ImmutableOopMap {r8=Oop rsi=Oop [64]=Oop [72]=Oop }
                      ;*synchronization entry
                      ; - java.lang.invoke.Invokers::checkCustomized@-1 (line 622)
                      ; - java.lang.invoke.Invokers$Holder::invokeExact_MT@14
  0x000002830e1fdc18: 07e9 21fd 

  0x000002830e1fdc1c: ;   {metadata({method} {0x00000283221ddb08} 'isCompileConstant' '(Ljava/lang/Object;)Z' in 'java/lang/invoke/MethodHandleImpl')}
  0x000002830e1fdc1c: ffff 49ba | 00db 1d22 | 8302 0000 | 4c89 5424 | 0848 c704 | 24ff ffff 

  0x000002830e1fdc34: ;   {runtime_call C1 Runtime counter_overflow_blob}
  0x000002830e1fdc34: ffe8 a63d 

  0x000002830e1fdc38: ; ImmutableOopMap {r8=Oop rsi=Oop [64]=Oop [72]=Oop }
                      ;*synchronization entry
                      ; - java.lang.invoke.MethodHandleImpl::isCompileConstant@-1 (line 624)
                      ; - java.lang.invoke.Invokers::checkCustomized@1 (line 622)
                      ; - java.lang.invoke.Invokers$Holder::invokeExact_MT@14
  0x000002830e1fdc38: 2b07 e939 

  0x000002830e1fdc3c: ;   {runtime_call C1 Runtime throw_null_pointer_exception_blob}
  0x000002830e1fdc3c: fdff ffe8 

  0x000002830e1fdc40: ; ImmutableOopMap {r8=Oop rsi=Oop [64]=Oop [72]=Oop }
                      ;*getfield customized {reexecute=1 rethrow=0 return_oop=0}
                      ; - (reexecute) java.lang.invoke.Invokers::checkCustomized@12 (line 625)
                      ; - java.lang.invoke.Invokers$Holder::invokeExact_MT@14
  0x000002830e1fdc40: 1cb9 2a07 

  0x000002830e1fdc44: ;   {internal_word}
  0x000002830e1fdc44: 49ba 6adb | 1f0e 8302 | 0000 4d89 | 9760 0400 

  0x000002830e1fdc54: ;   {runtime_call SafepointBlob}
  0x000002830e1fdc54: 00e9 8698 

  0x000002830e1fdc58: ;   {runtime_call C1 Runtime throw_null_pointer_exception_blob}
  0x000002830e1fdc58: 1e07 e801 

  0x000002830e1fdc5c: ; ImmutableOopMap {rax=Oop [64]=Oop [72]=Oop }
                      ;*athrow {reexecute=1 rethrow=0 return_oop=0}
                      ; - (reexecute) java.lang.invoke.Invokers::checkExactType@15 (line 531)
                      ; - java.lang.invoke.Invokers$Holder::invokeExact_MT@10
  0x000002830e1fdc5c: b92a 0749 | 8b87 0805 | 0000 49c7 | 8708 0500 | 0000 0000 | 0049 c787 | 1005 0000 | 0000 0000 
  0x000002830e1fdc7c: 4883 c460 

  0x000002830e1fdc80: ;   {runtime_call C1 Runtime unwind_exception_blob}
  0x000002830e1fdc80: 5de9 daa9 | 2a07 f4f4 
[Stub Code]
  0x000002830e1fdc88: ;   {no_reloc}
  0x000002830e1fdc88: 48bb 0000 | 0000 0000 

  0x000002830e1fdc90: ;   {runtime_call nmethod}
  0x000002830e1fdc90: 0000 e9fb 

  0x000002830e1fdc94: ;   {static_stub}
  0x000002830e1fdc94: ffff ff48 | bb00 0000 | 0000 0000 

  0x000002830e1fdca0: ;   {runtime_call nmethod}
  0x000002830e1fdca0: 00e9 fbff 

  0x000002830e1fdca4: ;   {static_stub}
  0x000002830e1fdca4: ffff 48bb | 0000 0000 | 0000 0000 

  0x000002830e1fdcb0: ;   {runtime_call nmethod}
  0x000002830e1fdcb0: e9fb ffff 

  0x000002830e1fdcb4: ;   {runtime_call C1 Runtime handle_exception_from_callee_blob}
  0x000002830e1fdcb4: ffe8 26e9 

  0x000002830e1fdcb8: ;   {external_word}
  0x000002830e1fdcb8: 2a07 48b9 | e034 b552 | fb7f 0000 | 4883 e4f0 

  0x000002830e1fdcc8: ;   {runtime_call}
  0x000002830e1fdcc8: 48b8 1090 | 7252 fb7f | 0000 ffd0 

  0x000002830e1fdcd4: ;   {section_word}
  0x000002830e1fdcd4: f449 bad5 | dc1f 0e83 | 0200 0041 

  0x000002830e1fdce0: ;   {runtime_call DeoptimizationBlob}
  0x000002830e1fdce0: 52e9 9a80 

  0x000002830e1fdce4: ;   {section_word}
  0x000002830e1fdce4: 1e07 49ba | e6dc 1f0e | 8302 0000 

  0x000002830e1fdcf0: ;   {runtime_call DeoptimizationBlob}
  0x000002830e1fdcf0: 4152 e989 | 801e 07f4 
[/MachCode]


Compiled method (c1) 1291 2889   !   3       org.junit.platform.engine.support.hierarchical.ThrowableCollector::execute (20 bytes)
 total in heap  [0x000002830e3f0a88,0x000002830e3f1318] = 2192
 relocation     [0x000002830e3f0b60,0x000002830e3f0c08] = 168
 main code      [0x000002830e3f0c20,0x000002830e3f1268] = 1608
 stub code      [0x000002830e3f1268,0x000002830e3f12d0] = 104
 oops           [0x000002830e3f12d0,0x000002830e3f12e0] = 16
 metadata       [0x000002830e3f12e0,0x000002830e3f1318] = 56
 immutable data [0x00000283681b1670,0x00000283681b1888] = 536
 dependencies   [0x00000283681b1670,0x00000283681b1680] = 16
 nul chk table  [0x00000283681b1680,0x00000283681b1698] = 24
 handler table  [0x00000283681b1698,0x00000283681b16c8] = 48
 scopes pcs     [0x00000283681b16c8,0x00000283681b17b8] = 240
 scopes data    [0x00000283681b17b8,0x00000283681b1888] = 208

[Constant Pool (empty)]

[MachCode]
[Instructions begin]
  0x000002830e3f0c20: 660f 1f84 | 0000 0000 | 0066 0f1f | 8400 0000 | 0000 448b | 5208 443b 

  0x000002830e3f0c38: ;   {runtime_call Shared Runtime ic_miss_blob}
  0x000002830e3f0c38: 5008 0f85 | 20dd fe06 
[Verified Entry Point]
  0x000002830e3f0c40: 8984 2400 | 80ff ff55 | 4881 eca0 | 0000 0090 | 4181 7f20 | 0100 0000 

  0x000002830e3f0c58: ;   {runtime_call StubRoutines (final stubs)}
  0x000002830e3f0c58: 7405 e801 | 70fd 0648 | 8954 2478 

  0x000002830e3f0c64: ;   {metadata(method data for {method} {0x000002836370efa8} 'execute' '(Lorg/junit/platform/engine/support/hierarchical/ThrowableCollector$Executable;)V' in 'org/junit/platform/engine/support/hierarchical/ThrowableCollector')}
  0x000002830e3f0c64: 48be 1899 | c563 8302 | 0000 8bbe | cc00 0000 | 83c7 0289 | becc 0000 | 0081 e7fe | 0700 0085 
  0x000002830e3f0c84: ff0f 848e | 0400 0049 | 3b00 498b 

  0x000002830e3f0c90: ;   {metadata(method data for {method} {0x000002836370efa8} 'execute' '(Lorg/junit/platform/engine/support/hierarchical/ThrowableCollector$Executable;)V' in 'org/junit/platform/engine/support/hierarchical/ThrowableCollector')}
  0x000002830e3f0c90: f048 bf18 | 99c5 6383 | 0200 008b | 7608 49ba | 0000 0022 | 8302 0000 | 4903 f248 | 3bb7 1801 
  0x000002830e3f0cb0: 0000 750d | 4883 8720 | 0100 0001 | e960 0000 | 0048 3bb7 | 2801 0000 | 750d 4883 | 8730 0100 
  0x000002830e3f0cd0: 0001 e94a | 0000 0048 | 83bf 1801 | 0000 0075 | 1748 89b7 | 1801 0000 | 48c7 8720 | 0100 0001 
  0x000002830e3f0cf0: 0000 00e9 | 2900 0000 | 4883 bf28 | 0100 0000 | 7517 4889 | b728 0100 | 0048 c787 | 3001 0000 
  0x000002830e3f0d10: 0100 0000 | e908 0000 | 0048 8387 | 1001 0000 | 0149 8bd0 | 9048 b860 | d7e8 6783 

  0x000002830e3f0d2c: ;   {virtual_call}
  0x000002830e3f0d2c: 0200 00e8 

  0x000002830e3f0d30: ; ImmutableOopMap {[120]=Oop }
                      ;*invokeinterface execute {reexecute=0 rethrow=0 return_oop=0}
                      ; - org.junit.platform.engine.support.hierarchical.ThrowableCollector::execute@1 (line 73)
  0x000002830e3f0d30: 8cb8 0c07 

  0x000002830e3f0d34: ;   {post_call_nop}
  0x000002830e3f0d34: 0f1f 8400 | ac02 0000 | e9c6 0200 | 0049 8b87 | 0805 0000 | 4d33 d24d | 8997 0805 | 0000 4d33 
  0x000002830e3f0d54: d24d 8997 | 1005 0000 

  0x000002830e3f0d5c: ;   {metadata(method data for {method} {0x000002836370efa8} 'execute' '(Lorg/junit/platform/engine/support/hierarchical/ThrowableCollector$Executable;)V' in 'org/junit/platform/engine/support/hierarchical/ThrowableCollector')}
  0x000002830e3f0d5c: 49b8 1899 | c563 8302 | 0000 4983 | 8058 0100 

  0x000002830e3f0d6c: ;   {metadata(method data for {method} {0x0000028363726fa0} 'rethrowIfUnrecoverable' '(Ljava/lang/Throwable;)V' in 'org/junit/platform/commons/util/UnrecoverableExceptions')}
  0x000002830e3f0d6c: 0001 49b8 | e09a c563 | 8302 0000 | 418b 90cc | 0000 0083 | c202 4189 | 90cc 0000 | 0081 e2fe 
  0x000002830e3f0d8c: ff1f 0085 | d20f 84a8 | 0300 0048 

  0x000002830e3f0d98: ;   {metadata(method data for {method} {0x0000028363726fa0} 'rethrowIfUnrecoverable' '(Ljava/lang/Throwable;)V' in 'org/junit/platform/commons/util/UnrecoverableExceptions')}
  0x000002830e3f0d98: 85c0 48be | e09a c563 | 8302 0000 | 750c 808e | 0901 0000 | 01e9 ae00 | 0000 8b78 | 0849 ba00 
  0x000002830e3f0db8: 0000 2283 | 0200 0049 | 03fa 483b | be18 0100 | 0075 0d48 | 8386 2001 | 0000 01e9 | 6000 0000 
  0x000002830e3f0dd8: 483b be28 | 0100 0075 | 0d48 8386 | 3001 0000 | 01e9 4a00 | 0000 4883 | be18 0100 | 0000 7517 
  0x000002830e3f0df8: 4889 be18 | 0100 0048 | c786 2001 | 0000 0100 | 0000 e929 | 0000 0048 | 83be 2801 | 0000 0075 
  0x000002830e3f0e18: 1748 89be | 2801 0000 | 48c7 8630 | 0100 0001 | 0000 00e9 | 0800 0000 | 4883 8610 | 0100 0001 
  0x000002830e3f0e38: ;   {metadata('java/lang/OutOfMemoryError')}
  0x000002830e3f0e38: 48bf a851 | 1c22 8302 | 0000 8b50 | 0849 ba00 | 0000 2283 | 0200 0049 | 03d2 483b | fa0f 8505 
  0x000002830e3f0e58: 0000 00e9 | 0500 0000 | 4d33 c0eb | 0641 b801 | 0000 0045 

  0x000002830e3f0e6c: ;   {metadata(method data for {method} {0x0000028363726fa0} 'rethrowIfUnrecoverable' '(Ljava/lang/Throwable;)V' in 'org/junit/platform/commons/util/UnrecoverableExceptions')}
  0x000002830e3f0e6c: 85c0 49b8 | e09a c563 | 8302 0000 | ba40 0100 | 0074 05ba | 5001 0000 | 498b 3410 | 488d 7601 
  0x000002830e3f0e8c: 4989 3410 | 0f84 2c01 

  0x000002830e3f0e94: ;   {metadata(method data for {method} {0x0000028363726fa0} 'rethrowIfUnrecoverable' '(Ljava/lang/Throwable;)V' in 'org/junit/platform/commons/util/UnrecoverableExceptions')}
  0x000002830e3f0e94: 0000 49b8 | e09a c563 | 8302 0000 | 4983 8060 | 0100 0001 

  0x000002830e3f0ea8: ;   {metadata(method data for {method} {0x00000283636eb8c8} 'throwAsUncheckedException' '(Ljava/lang/Throwable;)Ljava/lang/RuntimeException;' in 'org/junit/platform/commons/util/ExceptionUtils')}
  0x000002830e3f0ea8: 49b8 909c | c563 8302 | 0000 418b | 90cc 0000 | 0083 c202 | 4189 90cc | 0000 0081 | e2fe ff1f 
  0x000002830e3f0ec8: 0085 d20f | 848f 0200 

  0x000002830e3f0ed0: ;   {metadata(method data for {method} {0x00000283636eb8c8} 'throwAsUncheckedException' '(Ljava/lang/Throwable;)Ljava/lang/RuntimeException;' in 'org/junit/platform/commons/util/ExceptionUtils')}
  0x000002830e3f0ed0: 0049 b890 | 9cc5 6383 | 0200 0049 | 8380 1001 

  0x000002830e3f0ee0: ;   {metadata(method data for {method} {0x00000283635acdc0} 'notNull' '(Ljava/lang/Object;Ljava/lang/String;)Ljava/lang/Object;' in 'org/junit/platform/commons/util/Preconditions')}
  0x000002830e3f0ee0: 0000 0149 | b828 1f67 | 6383 0200 | 0041 8b90 | cc00 0000 | 83c2 0241 | 8990 cc00 | 0000 81e2 
  0x000002830e3f0f00: feff 1f00 | 85d2 0f84 | 7502 0000 

  0x000002830e3f0f0c: ;   {metadata(method data for {method} {0x00000283635acdc0} 'notNull' '(Ljava/lang/Object;Ljava/lang/String;)Ljava/lang/Object;' in 'org/junit/platform/commons/util/Preconditions')}
  0x000002830e3f0f0c: 4885 c049 | b828 1f67 | 6383 0200 | 00ba 1001 | 0000 7405 | ba20 0100 | 0049 8b34 | 1048 8d76 
  0x000002830e3f0f2c: 0149 8934 | 100f 841c 

  0x000002830e3f0f34: ;   {metadata(method data for {method} {0x00000283635acdc0} 'notNull' '(Ljava/lang/Object;Ljava/lang/String;)Ljava/lang/Object;' in 'org/junit/platform/commons/util/Preconditions')}
  0x000002830e3f0f34: 0000 0049 | b828 1f67 | 6383 0200 | 0041 ff80 | 3001 0000 | 41b8 0100 | 0000 e906 | 0000 0041 
  0x000002830e3f0f54: b800 0000 

  0x000002830e3f0f58: ;   {metadata(method data for {method} {0x00000283635acdc0} 'notNull' '(Ljava/lang/Object;Ljava/lang/String;)Ljava/lang/Object;' in 'org/junit/platform/commons/util/Preconditions')}
  0x000002830e3f0f58: 0048 ba28 | 1f67 6383 | 0200 0048 | 8382 4801 

  0x000002830e3f0f68: ;   {metadata(method data for {method} {0x00000283635ad8f0} 'condition' '(ZLjava/lang/String;)V' in 'org/junit/platform/commons/util/Preconditions')}
  0x000002830e3f0f68: 0000 0148 | bab8 1d67 | 6383 0200 | 008b b2cc | 0000 0083 | c602 89b2 | cc00 0000 | 81e6 feff 
  0x000002830e3f0f88: 1f00 85f6 | 0f84 1002 | 0000 4585 

  0x000002830e3f0f94: ;   {metadata(method data for {method} {0x00000283635ad8f0} 'condition' '(ZLjava/lang/String;)V' in 'org/junit/platform/commons/util/Preconditions')}
  0x000002830e3f0f94: c049 b8b8 | 1d67 6383 | 0200 00ba | 1001 0000 | 7505 ba20 | 0100 0049 | 8b34 1048 | 8d76 0149 
  0x000002830e3f0fb4: 8934 100f | 856d 0000 | 00e9 a600 | 0000 488b 

  0x000002830e3f0fc4: ;   {metadata(method data for {method} {0x000002836370efa8} 'execute' '(Lorg/junit/platform/engine/support/hierarchical/ThrowableCollector$Executable;)V' in 'org/junit/platform/engine/support/hierarchical/ThrowableCollector')}
  0x000002830e3f0fc4: 5424 7849 | b818 99c5 | 6383 0200 | 0049 8380 | 6801 0000 | 014c 8bc0 | 488b 5424 | 7866 0f1f 
  0x000002830e3f0fe4: ;   {optimized virtual_call}
  0x000002830e3f0fe4: 4400 00e8 

  0x000002830e3f0fe8: ; ImmutableOopMap {}
                      ;*invokespecial add {reexecute=0 rethrow=0 return_oop=0}
                      ; - org.junit.platform.engine.support.hierarchical.ThrowableCollector::execute@16 (line 77)
  0x000002830e3f0fe8: 74de fe06 

  0x000002830e3f0fec: ;   {post_call_nop}
  0x000002830e3f0fec: 0f1f 8400 | 6405 0001 | 4881 c4a0 | 0000 005d 

  0x000002830e3f0ffc: ;   {poll_return}
  0x000002830e3f0ffc: 493b 6728 | 0f87 bd01 

  0x000002830e3f1004: ;   {metadata(method data for {method} {0x000002836370efa8} 'execute' '(Lorg/junit/platform/engine/support/hierarchical/ThrowableCollector$Executable;)V' in 'org/junit/platform/engine/support/hierarchical/ThrowableCollector')}
  0x000002830e3f1004: 0000 c348 | b818 99c5 | 6383 0200 | 00ff 8040 | 0100 0048 | 81c4 a000 

  0x000002830e3f101c: ;   {poll_return}
  0x000002830e3f101c: 0000 5d49 | 3b67 280f | 87b0 0100 

  0x000002830e3f1028: ;   {metadata(method data for {method} {0x00000283636eb8c8} 'throwAsUncheckedException' '(Ljava/lang/Throwable;)Ljava/lang/RuntimeException;' in 'org/junit/platform/commons/util/ExceptionUtils')}
  0x000002830e3f1028: 00c3 48ba | 909c c563 | 8302 0000 | 4883 8220 | 0100 0001 

  0x000002830e3f103c: ;   {metadata(method data for {method} {0x00000283636eb978} 'throwAs' '(Ljava/lang/Throwable;)V' in 'org/junit/platform/commons/util/ExceptionUtils')}
  0x000002830e3f103c: 48ba 009e | c563 8302 | 0000 8bb2 | cc00 0000 | 83c6 0289 | b2cc 0000 | 0081 e6fe | ff1f 0085 
  0x000002830e3f105c: f60f 848c | 0100 00e9 | f001 0000 | 4889 8424 | 8800 0000 

  0x000002830e3f1070: ;   {no_reloc}
  0x000002830e3f1070: e9aa 0100 | 0000 0000 | 0000 80ba | 4001 0000 | 040f 85a7 | 0100 0049 | 8b87 c801 | 0000 488d 
  0x000002830e3f1090: 7828 493b | bfd8 0100 | 000f 878f | 0100 0049 | 89bf c801 | 0000 48c7 | 0001 0000 | 0048 8bca 
  0x000002830e3f10b0: 49ba 0000 | 0022 8302 | 0000 492b | ca89 4808 | 4833 c989 | 480c 4833 | c948 8948 | 1048 8948 
  0x000002830e3f10d0: 1848 8948 | 204c 8bc0 

  0x000002830e3f10d8: ;   {metadata(method data for {method} {0x00000283635ad8f0} 'condition' '(ZLjava/lang/String;)V' in 'org/junit/platform/commons/util/Preconditions')}
  0x000002830e3f10d8: 48ba b81d | 6763 8302 | 0000 4883 | 8230 0100 

  0x000002830e3f10e8: ;   {oop("Throwable must not be null"{0x00000000d8f4cc98})}
  0x000002830e3f10e8: 0001 49b8 | 98cc f4d8 | 0000 0000 | 488b d048 | 8984 2480 

  0x000002830e3f10fc: ;   {optimized virtual_call}
  0x000002830e3f10fc: 0000 00e8 

  0x000002830e3f1100: ; ImmutableOopMap {[120]=Oop [128]=Oop [136]=Oop }
                      ;*invokespecial <init> {reexecute=0 rethrow=0 return_oop=0}
                      ; - org.junit.platform.commons.util.Preconditions::condition@9 (line 299)
                      ; - org.junit.platform.commons.util.Preconditions::notNull@10 (line 55)
                      ; - org.junit.platform.commons.util.ExceptionUtils::throwAsUncheckedException@3 (line 73)
                      ; - org.junit.platform.commons.util.UnrecoverableExceptions::rethrowIfUnrecoverable@8 (line 52)
                      ; - org.junit.platform.engine.support.hierarchical.ThrowableCollector::execute@11 (line 76)
  0x000002830e3f1100: 5cdd fe06 

  0x000002830e3f1104: ;   {post_call_nop}
  0x000002830e3f1104: 0f1f 8400 | 7c06 0002 | 488b 8424 | 8000 0000 | e93f 0100 

  0x000002830e3f1118: ;   {metadata({method} {0x000002836370efa8} 'execute' '(Lorg/junit/platform/engine/support/hierarchical/ThrowableCollector$Executable;)V' in 'org/junit/platform/engine/support/hierarchical/ThrowableCollector')}
  0x000002830e3f1118: 0049 baa0 | ef70 6383 | 0200 004c | 8954 2408 | 48c7 0424 | ffff ffff 

  0x000002830e3f1130: ;   {runtime_call C1 Runtime counter_overflow_blob}
  0x000002830e3f1130: e8ab 080c 

  0x000002830e3f1134: ; ImmutableOopMap {rdx=Oop r8=Oop [120]=Oop }
                      ;*synchronization entry
                      ; - org.junit.platform.engine.support.hierarchical.ThrowableCollector::execute@-1 (line 73)
  0x000002830e3f1134: 07e9 51fb 

  0x000002830e3f1138: ;   {runtime_call C1 Runtime throw_null_pointer_exception_blob}
  0x000002830e3f1138: ffff e821 

  0x000002830e3f113c: ; ImmutableOopMap {r8=Oop [120]=Oop }
                      ;*invokeinterface execute {reexecute=0 rethrow=0 return_oop=0}
                      ; - org.junit.platform.engine.support.hierarchical.ThrowableCollector::execute@1 (line 73)
                      ;   {metadata({method} {0x0000028363726fa0} 'rethrowIfUnrecoverable' '(Ljava/lang/Throwable;)V' in 'org/junit/platform/commons/util/UnrecoverableExceptions')}
  0x000002830e3f113c: 840b 0749 | ba98 6f72 | 6383 0200 | 004c 8954 | 2408 48c7 | 0424 ffff 

  0x000002830e3f1154: ;   {runtime_call C1 Runtime counter_overflow_blob}
  0x000002830e3f1154: ffff e885 

  0x000002830e3f1158: ; ImmutableOopMap {rax=Oop [120]=Oop }
                      ;*synchronization entry
                      ; - org.junit.platform.commons.util.UnrecoverableExceptions::rethrowIfUnrecoverable@-1 (line 51)
                      ; - org.junit.platform.engine.support.hierarchical.ThrowableCollector::execute@11 (line 76)
  0x000002830e3f1158: 080c 07e9 | 37fc ffff 

  0x000002830e3f1160: ;   {metadata({method} {0x00000283636eb8c8} 'throwAsUncheckedException' '(Ljava/lang/Throwable;)Ljava/lang/RuntimeException;' in 'org/junit/platform/commons/util/ExceptionUtils')}
  0x000002830e3f1160: 49ba c0b8 | 6e63 8302 | 0000 4c89 | 5424 0848 | c704 24ff 

  0x000002830e3f1174: ;   {runtime_call C1 Runtime counter_overflow_blob}
  0x000002830e3f1174: ffff ffe8 

  0x000002830e3f1178: ; ImmutableOopMap {rax=Oop [120]=Oop }
                      ;*synchronization entry
                      ; - org.junit.platform.commons.util.ExceptionUtils::throwAsUncheckedException@-1 (line 73)
                      ; - org.junit.platform.commons.util.UnrecoverableExceptions::rethrowIfUnrecoverable@8 (line 52)
                      ; - org.junit.platform.engine.support.hierarchical.ThrowableCollector::execute@11 (line 76)
  0x000002830e3f1178: 6408 0c07 | e950 fdff 

  0x000002830e3f1180: ;   {metadata({method} {0x00000283635acdc0} 'notNull' '(Ljava/lang/Object;Ljava/lang/String;)Ljava/lang/Object;' in 'org/junit/platform/commons/util/Preconditions')}
  0x000002830e3f1180: ff49 bab8 | cd5a 6383 | 0200 004c | 8954 2408 | 48c7 0424 | ffff ffff 

  0x000002830e3f1198: ;   {runtime_call C1 Runtime counter_overflow_blob}
  0x000002830e3f1198: e843 080c 

  0x000002830e3f119c: ; ImmutableOopMap {rax=Oop [120]=Oop }
                      ;*synchronization entry
                      ; - org.junit.platform.commons.util.Preconditions::notNull@-1 (line 55)
                      ; - org.junit.platform.commons.util.ExceptionUtils::throwAsUncheckedException@3 (line 73)
                      ; - org.junit.platform.commons.util.UnrecoverableExceptions::rethrowIfUnrecoverable@8 (line 52)
                      ; - org.junit.platform.engine.support.hierarchical.ThrowableCollector::execute@11 (line 76)
  0x000002830e3f119c: 07e9 6afd 

  0x000002830e3f11a0: ;   {metadata({method} {0x00000283635ad8f0} 'condition' '(ZLjava/lang/String;)V' in 'org/junit/platform/commons/util/Preconditions')}
  0x000002830e3f11a0: ffff 49ba | e8d8 5a63 | 8302 0000 | 4c89 5424 | 0848 c704 | 24ff ffff 

  0x000002830e3f11b8: ;   {runtime_call C1 Runtime counter_overflow_blob}
  0x000002830e3f11b8: ffe8 2208 

  0x000002830e3f11bc: ; ImmutableOopMap {rax=Oop [120]=Oop }
                      ;*synchronization entry
                      ; - org.junit.platform.commons.util.Preconditions::condition@-1 (line 298)
                      ; - org.junit.platform.commons.util.Preconditions::notNull@10 (line 55)
                      ; - org.junit.platform.commons.util.ExceptionUtils::throwAsUncheckedException@3 (line 73)
                      ; - org.junit.platform.commons.util.UnrecoverableExceptions::rethrowIfUnrecoverable@8 (line 52)
                      ; - org.junit.platform.engine.support.hierarchical.ThrowableCollector::execute@11 (line 76)
  0x000002830e3f11bc: 0c07 e9cf 

  0x000002830e3f11c0: ;   {internal_word}
  0x000002830e3f11c0: fdff ff49 | bafc 0f3f | 0e83 0200 | 004d 8997 | 6004 0000 

  0x000002830e3f11d4: ;   {runtime_call SafepointBlob}
  0x000002830e3f11d4: e907 63ff 

  0x000002830e3f11d8: ;   {internal_word}
  0x000002830e3f11d8: 0649 ba1f | 103f 0e83 | 0200 004d | 8997 6004 

  0x000002830e3f11e8: ;   {runtime_call SafepointBlob}
  0x000002830e3f11e8: 0000 e9f1 

  0x000002830e3f11ec: ;   {metadata({method} {0x00000283636eb978} 'throwAs' '(Ljava/lang/Throwable;)V' in 'org/junit/platform/commons/util/ExceptionUtils')}
  0x000002830e3f11ec: 62ff 0649 | ba70 b96e | 6383 0200 | 004c 8954 | 2408 48c7 | 0424 ffff 

  0x000002830e3f1204: ;   {runtime_call C1 Runtime counter_overflow_blob}
  0x000002830e3f1204: ffff e8d5 

  0x000002830e3f1208: ; ImmutableOopMap {rax=Oop [120]=Oop }
                      ;*synchronization entry
                      ; - org.junit.platform.commons.util.ExceptionUtils::throwAs@-1 (line 82)
                      ; - org.junit.platform.commons.util.ExceptionUtils::throwAsUncheckedException@8 (line 74)
                      ; - org.junit.platform.commons.util.UnrecoverableExceptions::rethrowIfUnrecoverable@8 (line 52)
                      ; - org.junit.platform.engine.support.hierarchical.ThrowableCollector::execute@11 (line 76)
  0x000002830e3f1208: 070c 07e9 | 53fe ffff 

  0x000002830e3f1210: ;   {metadata(nullptr)}
  0x000002830e3f1210: 48ba 0000 | 0000 0000 | 0000 b800 

  0x000002830e3f121c: ;   {runtime_call C1 Runtime load_klass_patching_blob}
  0x000002830e3f121c: 0f05 0ae8 

  0x000002830e3f1220: ; ImmutableOopMap {[120]=Oop [136]=Oop }
                      ;*new {reexecute=1 rethrow=0 return_oop=0}
                      ; - (reexecute) org.junit.platform.commons.util.Preconditions::condition@4 (line 299)
                      ; - org.junit.platform.commons.util.Preconditions::notNull@10 (line 55)
                      ; - org.junit.platform.commons.util.ExceptionUtils::throwAsUncheckedException@3 (line 73)
                      ; - org.junit.platform.commons.util.UnrecoverableExceptions::rethrowIfUnrecoverable@8 (line 52)
                      ; - org.junit.platform.engine.support.hierarchical.ThrowableCollector::execute@11 (line 76)
  0x000002830e3f1220: 3cf1 0b07 | e947 feff 

  0x000002830e3f1228: ;   {runtime_call C1 Runtime throw_null_pointer_exception_blob}
  0x000002830e3f1228: ffe8 3283 

  0x000002830e3f122c: ; ImmutableOopMap {[120]=Oop [136]=Oop }
                      ;*new {reexecute=0 rethrow=0 return_oop=0}
                      ; - org.junit.platform.commons.util.Preconditions::condition@4 (line 299)
                      ; - org.junit.platform.commons.util.Preconditions::notNull@10 (line 55)
                      ; - org.junit.platform.commons.util.ExceptionUtils::throwAsUncheckedException@3 (line 73)
                      ; - org.junit.platform.commons.util.UnrecoverableExceptions::rethrowIfUnrecoverable@8 (line 52)
                      ; - org.junit.platform.engine.support.hierarchical.ThrowableCollector::execute@11 (line 76)
  0x000002830e3f122c: 0b07 488b 

  0x000002830e3f1230: ;   {runtime_call C1 Runtime fast_new_instance_init_check_blob}
  0x000002830e3f1230: d2e8 aa9a 

  0x000002830e3f1234: ; ImmutableOopMap {[120]=Oop [136]=Oop }
                      ;*new {reexecute=0 rethrow=0 return_oop=0}
                      ; - org.junit.platform.commons.util.Preconditions::condition@4 (line 299)
                      ; - org.junit.platform.commons.util.Preconditions::notNull@10 (line 55)
                      ; - org.junit.platform.commons.util.ExceptionUtils::throwAsUncheckedException@3 (line 73)
                      ; - org.junit.platform.commons.util.UnrecoverableExceptions::rethrowIfUnrecoverable@8 (line 52)
                      ; - org.junit.platform.engine.support.hierarchical.ThrowableCollector::execute@11 (line 76)
  0x000002830e3f1234: 0b07 e99a | feff ff49 | 8b87 0805 | 0000 49c7 | 8708 0500 | 0000 0000 | 0049 c787 | 1005 0000 
  0x000002830e3f1254: 0000 0000 | 4881 c4a0 | 0000 005d 

  0x000002830e3f1260: ;   {runtime_call C1 Runtime unwind_exception_blob}
  0x000002830e3f1260: e9fb 730b | 07f4 f4f4 
[Stub Code]
  0x000002830e3f1268: ;   {no_reloc}
  0x000002830e3f1268: 0f1f 4400 

  0x000002830e3f126c: ;   {static_stub}
  0x000002830e3f126c: 0048 bb00 | 0000 0000 

  0x000002830e3f1274: ;   {runtime_call nmethod}
  0x000002830e3f1274: 0000 00e9 | fbff ffff 

  0x000002830e3f127c: ;   {static_stub}
  0x000002830e3f127c: 9048 bb00 | 0000 0000 

  0x000002830e3f1284: ;   {runtime_call nmethod}
  0x000002830e3f1284: 0000 00e9 | fbff ffff 

  0x000002830e3f128c: ;   {static_stub}
  0x000002830e3f128c: 48bb 0000 | 0000 0000 

  0x000002830e3f1294: ;   {runtime_call nmethod}
  0x000002830e3f1294: 0000 e9fb 

  0x000002830e3f1298: ;   {runtime_call C1 Runtime handle_exception_from_callee_blob}
  0x000002830e3f1298: ffff ffe8 | 40b3 0b07 

  0x000002830e3f12a0: ;   {external_word}
  0x000002830e3f12a0: 48b9 e034 | b552 fb7f | 0000 4883 

  0x000002830e3f12ac: ;   {runtime_call}
  0x000002830e3f12ac: e4f0 48b8 | 1090 7252 | fb7f 0000 

  0x000002830e3f12b8: ;   {section_word}
  0x000002830e3f12b8: ffd0 f449 | babb 123f | 0e83 0200 

  0x000002830e3f12c4: ;   {runtime_call DeoptimizationBlob}
  0x000002830e3f12c4: 0041 52e9 | b44a ff06 | f4f4 f4f4 
[/MachCode]


---------------  P R O C E S S  ---------------

Threads class SMR info:
_java_thread_list=0x0000028367e8d5e0, length=21, elements={
0x00000283030d0db0, 0x0000028321b8ff50, 0x0000028321b90890, 0x0000028321b90fd0,
0x0000028321b91d20, 0x0000028321b92940, 0x0000028321b93560, 0x0000028321b95e00,
0x0000028321c95f70, 0x0000028321d55850, 0x0000028321df19b0, 0x0000028321df3d50,
0x0000028321e9d760, 0x00000283679535c0, 0x0000028367950860, 0x00000283679ab520,
0x0000028367a27870, 0x0000028367a27fb0, 0x00000283679526a0, 0x0000028367951780,
0x0000028367951f10
}

Java Threads: ( => current thread )
=>0x00000283030d0db0 JavaThread "Test worker"                       [_thread_in_native, id=33028, stack(0x000000ab5f500000,0x000000ab5f600000) (1024K)]
  0x0000028321b8ff50 JavaThread "Reference Handler"          daemon [_thread_blocked, id=39900, stack(0x000000ab5fd00000,0x000000ab5fe00000) (1024K)]
  0x0000028321b90890 JavaThread "Finalizer"                  daemon [_thread_blocked, id=37544, stack(0x000000ab5fe00000,0x000000ab5ff00000) (1024K)]
  0x0000028321b90fd0 JavaThread "Signal Dispatcher"          daemon [_thread_blocked, id=38928, stack(0x000000ab5ff00000,0x000000ab60000000) (1024K)]
  0x0000028321b91d20 JavaThread "Attach Listener"            daemon [_thread_blocked, id=37012, stack(0x000000ab60000000,0x000000ab60100000) (1024K)]
  0x0000028321b92940 JavaThread "Service Thread"             daemon [_thread_blocked, id=38524, stack(0x000000ab60100000,0x000000ab60200000) (1024K)]
  0x0000028321b93560 JavaThread "Monitor Deflation Thread"   daemon [_thread_blocked, id=38484, stack(0x000000ab60200000,0x000000ab60300000) (1024K)]
  0x0000028321b95e00 JavaThread "C2 CompilerThread0"         daemon [_thread_blocked, id=41760, stack(0x000000ab60300000,0x000000ab60400000) (1024K)]
  0x0000028321c95f70 JavaThread "C1 CompilerThread0"         daemon [_thread_blocked, id=32232, stack(0x000000ab60400000,0x000000ab60500000) (1024K)]
  0x0000028321d55850 JavaThread "C1 CompilerThread1"         daemon [_thread_blocked, id=18436, stack(0x000000ab60500000,0x000000ab60600000) (1024K)]
  0x0000028321df19b0 JavaThread "Notification Thread"        daemon [_thread_blocked, id=41788, stack(0x000000ab60600000,0x000000ab60700000) (1024K)]
  0x0000028321df3d50 JavaThread "Common-Cleaner"             daemon [_thread_blocked, id=28600, stack(0x000000ab60700000,0x000000ab60800000) (1024K)]
  0x0000028321e9d760 JavaThread "C2 CompilerThread1"         daemon [_thread_in_native, id=34128, stack(0x000000ab60800000,0x000000ab60900000) (1024K)]
  0x00000283679535c0 JavaThread "C1 CompilerThread2"         daemon [_thread_blocked, id=21900, stack(0x000000ab60900000,0x000000ab60a00000) (1024K)]
  0x0000028367950860 JavaThread "C1 CompilerThread3"         daemon [_thread_blocked, id=38708, stack(0x000000ab60a00000,0x000000ab60b00000) (1024K)]
  0x00000283679ab520 JavaThread "/127.0.0.1:52149 to /127.0.0.1:52148 workers"        [_thread_blocked, id=41228, stack(0x000000ab60c00000,0x000000ab60d00000) (1024K)]
  0x0000028367a27870 JavaThread "/127.0.0.1:52149 to /127.0.0.1:52148 workers Thread 2"        [_thread_blocked, id=41180, stack(0x000000ab60d00000,0x000000ab60e00000) (1024K)]
  0x0000028367a27fb0 JavaThread "/127.0.0.1:52149 to /127.0.0.1:52148 workers Thread 3"        [_thread_in_native, id=35592, stack(0x000000ab60e00000,0x000000ab60f00000) (1024K)]
  0x00000283679526a0 JavaThread "C2 CompilerThread2"         daemon [_thread_blocked, id=36076, stack(0x000000ab60f00000,0x000000ab61000000) (1024K)]
  0x0000028367951780 JavaThread "C2 CompilerThread3"         daemon [_thread_blocked, id=39024, stack(0x000000ab61000000,0x000000ab61100000) (1024K)]
  0x0000028367951f10 JavaThread "C2 CompilerThread4"         daemon [_thread_blocked, id=39720, stack(0x000000ab61100000,0x000000ab61200000) (1024K)]
Total: 21

Other Threads:
  0x0000028321b7d8f0 VMThread "VM Thread"                           [id=38052, stack(0x000000ab5fc00000,0x000000ab5fd00000) (1024K)]
  0x0000028321b743b0 WatcherThread "VM Periodic Task Thread"        [id=35880, stack(0x000000ab5fb00000,0x000000ab5fc00000) (1024K)]
  0x0000028305478100 WorkerThread "GC Thread#0"                     [id=24032, stack(0x000000ab5f600000,0x000000ab5f700000) (1024K)]
  0x0000028368f9f480 WorkerThread "GC Thread#1"                     [id=8916, stack(0x000000ab61400000,0x000000ab61500000) (1024K)]
  0x0000028368f9fbe0 WorkerThread "GC Thread#2"                     [id=28088, stack(0x000000ab61500000,0x000000ab61600000) (1024K)]
  0x0000028368fa0aa0 WorkerThread "GC Thread#3"                     [id=41568, stack(0x000000ab61600000,0x000000ab61700000) (1024K)]
  0x0000028368fa06f0 WorkerThread "GC Thread#4"                     [id=14376, stack(0x000000ab61700000,0x000000ab61800000) (1024K)]
  0x0000028368f9f830 WorkerThread "GC Thread#5"                     [id=33948, stack(0x000000ab61800000,0x000000ab61900000) (1024K)]
  0x0000028368f9f0d0 WorkerThread "GC Thread#6"                     [id=36008, stack(0x000000ab61900000,0x000000ab61a00000) (1024K)]
  0x0000028368f9ff90 WorkerThread "GC Thread#7"                     [id=34424, stack(0x000000ab61a00000,0x000000ab61b00000) (1024K)]
  0x0000028368fa0340 WorkerThread "GC Thread#8"                     [id=41132, stack(0x000000ab61b00000,0x000000ab61c00000) (1024K)]
  0x0000028367bdea80 WorkerThread "GC Thread#9"                     [id=25116, stack(0x000000ab61c00000,0x000000ab61d00000) (1024K)]
  0x0000028305483150 ConcurrentGCThread "G1 Main Marker"            [id=25408, stack(0x000000ab5f700000,0x000000ab5f800000) (1024K)]
  0x0000028305484b50 WorkerThread "G1 Conc#0"                       [id=36164, stack(0x000000ab5f800000,0x000000ab5f900000) (1024K)]
  0x0000028321b1ec60 ConcurrentGCThread "G1 Refine#0"               [id=32152, stack(0x000000ab5f900000,0x000000ab5fa00000) (1024K)]
  0x0000028321b1f590 ConcurrentGCThread "G1 Service"                [id=35708, stack(0x000000ab5fa00000,0x000000ab5fb00000) (1024K)]
Total: 16

Threads with active compile tasks:
C2 CompilerThread1  1311 2756       4       java.lang.invoke.MethodType::methodType (69 bytes)
Total: 1

VM state: not at safepoint (normal execution)

VM Mutex/Monitor currently owned by a thread: None

Heap address: 0x00000000c0000000, size: 1024 MB, Compressed Oops mode: 32-bit

CDS archive(s) mapped at: [0x0000028322000000-0x0000028322d40000-0x0000028322d40000), size 13893632, SharedBaseAddress: 0x0000028322000000, ArchiveRelocationMode: 1.
Compressed class space mapped at: 0x0000028323000000-0x0000028363000000, reserved size: 1073741824
UseCompressedClassPointers 1, UseCompactObjectHeaders 0
Narrow klass pointer bits 32, Max shift 3
Narrow klass base: 0x0000028322000000, Narrow klass shift: 0
Encoding Range: [0x0000028322000000 - 0x0000028422000000), (4294967296 bytes)
Klass Range:    [0x0000028322000000 - 0x0000028363000000), (1090519040 bytes)
Klass ID Range:  [8 - 1090519033) (1090519025)

GC Precious Log:
 CardTable entry size: 512
 Card Set container configuration: InlinePtr #cards 5 size 8 Array Of Cards #cards 10 size 36 Howl #buckets 4 coarsen threshold 1843 Howl Bitmap #cards 512 size 80 coarsen threshold 460 Card regions per heap region 1 cards per card region 2048
 CPUs: 16 total, 16 available
 Memory: 26421M
 Large Page Support: Disabled
 NUMA Support: Disabled
 Compressed Oops: Enabled (32-bit)
 Heap Region Size: 1M
 Heap Min Capacity: 8M
 Heap Initial Capacity: 414M
 Heap Max Capacity: 1G
 Pre-touch: Disabled
 Parallel Workers: 13
 Concurrent Workers: 3
 Concurrent Refinement Workers: 13
 Periodic GC: Disabled

Heap:
 garbage-first heap   total reserved 1048576K, committed 425984K, used 24247K [0x00000000c0000000, 0x0000000100000000)
  region size 1024K, 24 young (24576K), 5 survivors (5120K)
 Metaspace       used 14392K, committed 14912K, reserved 1114112K
  class space    used 1501K, committed 1728K, reserved 1048576K

Heap Regions: E=young(eden), S=young(survivor), O=old, HS=humongous(starts), HC=humongous(continues), CS=collection set, F=free, TAMS=top-at-mark-start, PB=parsable bottom
|   0|0x00000000c0000000, 0x00000000c0000000, 0x00000000c0100000|  0%| F|  |TAMS 0x00000000c0000000| PB 0x00000000c0000000| Untracked |  0
|   1|0x00000000c0100000, 0x00000000c0100000, 0x00000000c0200000|  0%| F|  |TAMS 0x00000000c0100000| PB 0x00000000c0100000| Untracked |  0
|   2|0x00000000c0200000, 0x00000000c0200000, 0x00000000c0300000|  0%| F|  |TAMS 0x00000000c0200000| PB 0x00000000c0200000| Untracked |  0
|   3|0x00000000c0300000, 0x00000000c0300000, 0x00000000c0400000|  0%| F|  |TAMS 0x00000000c0300000| PB 0x00000000c0300000| Untracked |  0
|   4|0x00000000c0400000, 0x00000000c0400000, 0x00000000c0500000|  0%| F|  |TAMS 0x00000000c0400000| PB 0x00000000c0400000| Untracked |  0
|   5|0x00000000c0500000, 0x00000000c0500000, 0x00000000c0600000|  0%| F|  |TAMS 0x00000000c0500000| PB 0x00000000c0500000| Untracked |  0
|   6|0x00000000c0600000, 0x00000000c0600000, 0x00000000c0700000|  0%| F|  |TAMS 0x00000000c0600000| PB 0x00000000c0600000| Untracked |  0
|   7|0x00000000c0700000, 0x00000000c0700000, 0x00000000c0800000|  0%| F|  |TAMS 0x00000000c0700000| PB 0x00000000c0700000| Untracked |  0
|   8|0x00000000c0800000, 0x00000000c0800000, 0x00000000c0900000|  0%| F|  |TAMS 0x00000000c0800000| PB 0x00000000c0800000| Untracked |  0
|   9|0x00000000c0900000, 0x00000000c0900000, 0x00000000c0a00000|  0%| F|  |TAMS 0x00000000c0900000| PB 0x00000000c0900000| Untracked |  0
|  10|0x00000000c0a00000, 0x00000000c0a00000, 0x00000000c0b00000|  0%| F|  |TAMS 0x00000000c0a00000| PB 0x00000000c0a00000| Untracked |  0
|  11|0x00000000c0b00000, 0x00000000c0b00000, 0x00000000c0c00000|  0%| F|  |TAMS 0x00000000c0b00000| PB 0x00000000c0b00000| Untracked |  0
|  12|0x00000000c0c00000, 0x00000000c0c00000, 0x00000000c0d00000|  0%| F|  |TAMS 0x00000000c0c00000| PB 0x00000000c0c00000| Untracked |  0
|  13|0x00000000c0d00000, 0x00000000c0d00000, 0x00000000c0e00000|  0%| F|  |TAMS 0x00000000c0d00000| PB 0x00000000c0d00000| Untracked |  0
|  14|0x00000000c0e00000, 0x00000000c0e00000, 0x00000000c0f00000|  0%| F|  |TAMS 0x00000000c0e00000| PB 0x00000000c0e00000| Untracked |  0
|  15|0x00000000c0f00000, 0x00000000c0f00000, 0x00000000c1000000|  0%| F|  |TAMS 0x00000000c0f00000| PB 0x00000000c0f00000| Untracked |  0
|  16|0x00000000c1000000, 0x00000000c1000000, 0x00000000c1100000|  0%| F|  |TAMS 0x00000000c1000000| PB 0x00000000c1000000| Untracked |  0
|  17|0x00000000c1100000, 0x00000000c1100000, 0x00000000c1200000|  0%| F|  |TAMS 0x00000000c1100000| PB 0x00000000c1100000| Untracked |  0
|  18|0x00000000c1200000, 0x00000000c1200000, 0x00000000c1300000|  0%| F|  |TAMS 0x00000000c1200000| PB 0x00000000c1200000| Untracked |  0
|  19|0x00000000c1300000, 0x00000000c1300000, 0x00000000c1400000|  0%| F|  |TAMS 0x00000000c1300000| PB 0x00000000c1300000| Untracked |  0
|  20|0x00000000c1400000, 0x00000000c1400000, 0x00000000c1500000|  0%| F|  |TAMS 0x00000000c1400000| PB 0x00000000c1400000| Untracked |  0
|  21|0x00000000c1500000, 0x00000000c1500000, 0x00000000c1600000|  0%| F|  |TAMS 0x00000000c1500000| PB 0x00000000c1500000| Untracked |  0
|  22|0x00000000c1600000, 0x00000000c1600000, 0x00000000c1700000|  0%| F|  |TAMS 0x00000000c1600000| PB 0x00000000c1600000| Untracked |  0
|  23|0x00000000c1700000, 0x00000000c1700000, 0x00000000c1800000|  0%| F|  |TAMS 0x00000000c1700000| PB 0x00000000c1700000| Untracked |  0
|  24|0x00000000c1800000, 0x00000000c1800000, 0x00000000c1900000|  0%| F|  |TAMS 0x00000000c1800000| PB 0x00000000c1800000| Untracked |  0
|  25|0x00000000c1900000, 0x00000000c1900000, 0x00000000c1a00000|  0%| F|  |TAMS 0x00000000c1900000| PB 0x00000000c1900000| Untracked |  0
|  26|0x00000000c1a00000, 0x00000000c1a00000, 0x00000000c1b00000|  0%| F|  |TAMS 0x00000000c1a00000| PB 0x00000000c1a00000| Untracked |  0
|  27|0x00000000c1b00000, 0x00000000c1b00000, 0x00000000c1c00000|  0%| F|  |TAMS 0x00000000c1b00000| PB 0x00000000c1b00000| Untracked |  0
|  28|0x00000000c1c00000, 0x00000000c1c00000, 0x00000000c1d00000|  0%| F|  |TAMS 0x00000000c1c00000| PB 0x00000000c1c00000| Untracked |  0
|  29|0x00000000c1d00000, 0x00000000c1d00000, 0x00000000c1e00000|  0%| F|  |TAMS 0x00000000c1d00000| PB 0x00000000c1d00000| Untracked |  0
|  30|0x00000000c1e00000, 0x00000000c1e00000, 0x00000000c1f00000|  0%| F|  |TAMS 0x00000000c1e00000| PB 0x00000000c1e00000| Untracked |  0
|  31|0x00000000c1f00000, 0x00000000c1f00000, 0x00000000c2000000|  0%| F|  |TAMS 0x00000000c1f00000| PB 0x00000000c1f00000| Untracked |  0
|  32|0x00000000c2000000, 0x00000000c2000000, 0x00000000c2100000|  0%| F|  |TAMS 0x00000000c2000000| PB 0x00000000c2000000| Untracked |  0
|  33|0x00000000c2100000, 0x00000000c2100000, 0x00000000c2200000|  0%| F|  |TAMS 0x00000000c2100000| PB 0x00000000c2100000| Untracked |  0
|  34|0x00000000c2200000, 0x00000000c2200000, 0x00000000c2300000|  0%| F|  |TAMS 0x00000000c2200000| PB 0x00000000c2200000| Untracked |  0
|  35|0x00000000c2300000, 0x00000000c2300000, 0x00000000c2400000|  0%| F|  |TAMS 0x00000000c2300000| PB 0x00000000c2300000| Untracked |  0
|  36|0x00000000c2400000, 0x00000000c2400000, 0x00000000c2500000|  0%| F|  |TAMS 0x00000000c2400000| PB 0x00000000c2400000| Untracked |  0
|  37|0x00000000c2500000, 0x00000000c2500000, 0x00000000c2600000|  0%| F|  |TAMS 0x00000000c2500000| PB 0x00000000c2500000| Untracked |  0
|  38|0x00000000c2600000, 0x00000000c2600000, 0x00000000c2700000|  0%| F|  |TAMS 0x00000000c2600000| PB 0x00000000c2600000| Untracked |  0
|  39|0x00000000c2700000, 0x00000000c2700000, 0x00000000c2800000|  0%| F|  |TAMS 0x00000000c2700000| PB 0x00000000c2700000| Untracked |  0
|  40|0x00000000c2800000, 0x00000000c2800000, 0x00000000c2900000|  0%| F|  |TAMS 0x00000000c2800000| PB 0x00000000c2800000| Untracked |  0
|  41|0x00000000c2900000, 0x00000000c2900000, 0x00000000c2a00000|  0%| F|  |TAMS 0x00000000c2900000| PB 0x00000000c2900000| Untracked |  0
|  42|0x00000000c2a00000, 0x00000000c2a00000, 0x00000000c2b00000|  0%| F|  |TAMS 0x00000000c2a00000| PB 0x00000000c2a00000| Untracked |  0
|  43|0x00000000c2b00000, 0x00000000c2b00000, 0x00000000c2c00000|  0%| F|  |TAMS 0x00000000c2b00000| PB 0x00000000c2b00000| Untracked |  0
|  44|0x00000000c2c00000, 0x00000000c2c00000, 0x00000000c2d00000|  0%| F|  |TAMS 0x00000000c2c00000| PB 0x00000000c2c00000| Untracked |  0
|  45|0x00000000c2d00000, 0x00000000c2d00000, 0x00000000c2e00000|  0%| F|  |TAMS 0x00000000c2d00000| PB 0x00000000c2d00000| Untracked |  0
|  46|0x00000000c2e00000, 0x00000000c2e00000, 0x00000000c2f00000|  0%| F|  |TAMS 0x00000000c2e00000| PB 0x00000000c2e00000| Untracked |  0
|  47|0x00000000c2f00000, 0x00000000c2f00000, 0x00000000c3000000|  0%| F|  |TAMS 0x00000000c2f00000| PB 0x00000000c2f00000| Untracked |  0
|  48|0x00000000c3000000, 0x00000000c3000000, 0x00000000c3100000|  0%| F|  |TAMS 0x00000000c3000000| PB 0x00000000c3000000| Untracked |  0
|  49|0x00000000c3100000, 0x00000000c3100000, 0x00000000c3200000|  0%| F|  |TAMS 0x00000000c3100000| PB 0x00000000c3100000| Untracked |  0
|  50|0x00000000c3200000, 0x00000000c3200000, 0x00000000c3300000|  0%| F|  |TAMS 0x00000000c3200000| PB 0x00000000c3200000| Untracked |  0
|  51|0x00000000c3300000, 0x00000000c3300000, 0x00000000c3400000|  0%| F|  |TAMS 0x00000000c3300000| PB 0x00000000c3300000| Untracked |  0
|  52|0x00000000c3400000, 0x00000000c3400000, 0x00000000c3500000|  0%| F|  |TAMS 0x00000000c3400000| PB 0x00000000c3400000| Untracked |  0
|  53|0x00000000c3500000, 0x00000000c3500000, 0x00000000c3600000|  0%| F|  |TAMS 0x00000000c3500000| PB 0x00000000c3500000| Untracked |  0
|  54|0x00000000c3600000, 0x00000000c3600000, 0x00000000c3700000|  0%| F|  |TAMS 0x00000000c3600000| PB 0x00000000c3600000| Untracked |  0
|  55|0x00000000c3700000, 0x00000000c3700000, 0x00000000c3800000|  0%| F|  |TAMS 0x00000000c3700000| PB 0x00000000c3700000| Untracked |  0
|  56|0x00000000c3800000, 0x00000000c3800000, 0x00000000c3900000|  0%| F|  |TAMS 0x00000000c3800000| PB 0x00000000c3800000| Untracked |  0
|  57|0x00000000c3900000, 0x00000000c3900000, 0x00000000c3a00000|  0%| F|  |TAMS 0x00000000c3900000| PB 0x00000000c3900000| Untracked |  0
|  58|0x00000000c3a00000, 0x00000000c3a00000, 0x00000000c3b00000|  0%| F|  |TAMS 0x00000000c3a00000| PB 0x00000000c3a00000| Untracked |  0
|  59|0x00000000c3b00000, 0x00000000c3b00000, 0x00000000c3c00000|  0%| F|  |TAMS 0x00000000c3b00000| PB 0x00000000c3b00000| Untracked |  0
|  60|0x00000000c3c00000, 0x00000000c3c00000, 0x00000000c3d00000|  0%| F|  |TAMS 0x00000000c3c00000| PB 0x00000000c3c00000| Untracked |  0
|  61|0x00000000c3d00000, 0x00000000c3d00000, 0x00000000c3e00000|  0%| F|  |TAMS 0x00000000c3d00000| PB 0x00000000c3d00000| Untracked |  0
|  62|0x00000000c3e00000, 0x00000000c3e00000, 0x00000000c3f00000|  0%| F|  |TAMS 0x00000000c3e00000| PB 0x00000000c3e00000| Untracked |  0
|  63|0x00000000c3f00000, 0x00000000c3f00000, 0x00000000c4000000|  0%| F|  |TAMS 0x00000000c3f00000| PB 0x00000000c3f00000| Untracked |  0
|  64|0x00000000c4000000, 0x00000000c4000000, 0x00000000c4100000|  0%| F|  |TAMS 0x00000000c4000000| PB 0x00000000c4000000| Untracked |  0
|  65|0x00000000c4100000, 0x00000000c4100000, 0x00000000c4200000|  0%| F|  |TAMS 0x00000000c4100000| PB 0x00000000c4100000| Untracked |  0
|  66|0x00000000c4200000, 0x00000000c4200000, 0x00000000c4300000|  0%| F|  |TAMS 0x00000000c4200000| PB 0x00000000c4200000| Untracked |  0
|  67|0x00000000c4300000, 0x00000000c4300000, 0x00000000c4400000|  0%| F|  |TAMS 0x00000000c4300000| PB 0x00000000c4300000| Untracked |  0
|  68|0x00000000c4400000, 0x00000000c4400000, 0x00000000c4500000|  0%| F|  |TAMS 0x00000000c4400000| PB 0x00000000c4400000| Untracked |  0
|  69|0x00000000c4500000, 0x00000000c4500000, 0x00000000c4600000|  0%| F|  |TAMS 0x00000000c4500000| PB 0x00000000c4500000| Untracked |  0
|  70|0x00000000c4600000, 0x00000000c4600000, 0x00000000c4700000|  0%| F|  |TAMS 0x00000000c4600000| PB 0x00000000c4600000| Untracked |  0
|  71|0x00000000c4700000, 0x00000000c4700000, 0x00000000c4800000|  0%| F|  |TAMS 0x00000000c4700000| PB 0x00000000c4700000| Untracked |  0
|  72|0x00000000c4800000, 0x00000000c4800000, 0x00000000c4900000|  0%| F|  |TAMS 0x00000000c4800000| PB 0x00000000c4800000| Untracked |  0
|  73|0x00000000c4900000, 0x00000000c4900000, 0x00000000c4a00000|  0%| F|  |TAMS 0x00000000c4900000| PB 0x00000000c4900000| Untracked |  0
|  74|0x00000000c4a00000, 0x00000000c4a00000, 0x00000000c4b00000|  0%| F|  |TAMS 0x00000000c4a00000| PB 0x00000000c4a00000| Untracked |  0
|  75|0x00000000c4b00000, 0x00000000c4b00000, 0x00000000c4c00000|  0%| F|  |TAMS 0x00000000c4b00000| PB 0x00000000c4b00000| Untracked |  0
|  76|0x00000000c4c00000, 0x00000000c4c00000, 0x00000000c4d00000|  0%| F|  |TAMS 0x00000000c4c00000| PB 0x00000000c4c00000| Untracked |  0
|  77|0x00000000c4d00000, 0x00000000c4d00000, 0x00000000c4e00000|  0%| F|  |TAMS 0x00000000c4d00000| PB 0x00000000c4d00000| Untracked |  0
|  78|0x00000000c4e00000, 0x00000000c4e00000, 0x00000000c4f00000|  0%| F|  |TAMS 0x00000000c4e00000| PB 0x00000000c4e00000| Untracked |  0
|  79|0x00000000c4f00000, 0x00000000c4f00000, 0x00000000c5000000|  0%| F|  |TAMS 0x00000000c4f00000| PB 0x00000000c4f00000| Untracked |  0
|  80|0x00000000c5000000, 0x00000000c5000000, 0x00000000c5100000|  0%| F|  |TAMS 0x00000000c5000000| PB 0x00000000c5000000| Untracked |  0
|  81|0x00000000c5100000, 0x00000000c5100000, 0x00000000c5200000|  0%| F|  |TAMS 0x00000000c5100000| PB 0x00000000c5100000| Untracked |  0
|  82|0x00000000c5200000, 0x00000000c5200000, 0x00000000c5300000|  0%| F|  |TAMS 0x00000000c5200000| PB 0x00000000c5200000| Untracked |  0
|  83|0x00000000c5300000, 0x00000000c5300000, 0x00000000c5400000|  0%| F|  |TAMS 0x00000000c5300000| PB 0x00000000c5300000| Untracked |  0
|  84|0x00000000c5400000, 0x00000000c5400000, 0x00000000c5500000|  0%| F|  |TAMS 0x00000000c5400000| PB 0x00000000c5400000| Untracked |  0
|  85|0x00000000c5500000, 0x00000000c5500000, 0x00000000c5600000|  0%| F|  |TAMS 0x00000000c5500000| PB 0x00000000c5500000| Untracked |  0
|  86|0x00000000c5600000, 0x00000000c5600000, 0x00000000c5700000|  0%| F|  |TAMS 0x00000000c5600000| PB 0x00000000c5600000| Untracked |  0
|  87|0x00000000c5700000, 0x00000000c5700000, 0x00000000c5800000|  0%| F|  |TAMS 0x00000000c5700000| PB 0x00000000c5700000| Untracked |  0
|  88|0x00000000c5800000, 0x00000000c5800000, 0x00000000c5900000|  0%| F|  |TAMS 0x00000000c5800000| PB 0x00000000c5800000| Untracked |  0
|  89|0x00000000c5900000, 0x00000000c5900000, 0x00000000c5a00000|  0%| F|  |TAMS 0x00000000c5900000| PB 0x00000000c5900000| Untracked |  0
|  90|0x00000000c5a00000, 0x00000000c5a00000, 0x00000000c5b00000|  0%| F|  |TAMS 0x00000000c5a00000| PB 0x00000000c5a00000| Untracked |  0
|  91|0x00000000c5b00000, 0x00000000c5b00000, 0x00000000c5c00000|  0%| F|  |TAMS 0x00000000c5b00000| PB 0x00000000c5b00000| Untracked |  0
|  92|0x00000000c5c00000, 0x00000000c5c00000, 0x00000000c5d00000|  0%| F|  |TAMS 0x00000000c5c00000| PB 0x00000000c5c00000| Untracked |  0
|  93|0x00000000c5d00000, 0x00000000c5d00000, 0x00000000c5e00000|  0%| F|  |TAMS 0x00000000c5d00000| PB 0x00000000c5d00000| Untracked |  0
|  94|0x00000000c5e00000, 0x00000000c5e00000, 0x00000000c5f00000|  0%| F|  |TAMS 0x00000000c5e00000| PB 0x00000000c5e00000| Untracked |  0
|  95|0x00000000c5f00000, 0x00000000c5f00000, 0x00000000c6000000|  0%| F|  |TAMS 0x00000000c5f00000| PB 0x00000000c5f00000| Untracked |  0
|  96|0x00000000c6000000, 0x00000000c6000000, 0x00000000c6100000|  0%| F|  |TAMS 0x00000000c6000000| PB 0x00000000c6000000| Untracked |  0
|  97|0x00000000c6100000, 0x00000000c6100000, 0x00000000c6200000|  0%| F|  |TAMS 0x00000000c6100000| PB 0x00000000c6100000| Untracked |  0
|  98|0x00000000c6200000, 0x00000000c6200000, 0x00000000c6300000|  0%| F|  |TAMS 0x00000000c6200000| PB 0x00000000c6200000| Untracked |  0
|  99|0x00000000c6300000, 0x00000000c6300000, 0x00000000c6400000|  0%| F|  |TAMS 0x00000000c6300000| PB 0x00000000c6300000| Untracked |  0
| 100|0x00000000c6400000, 0x00000000c6400000, 0x00000000c6500000|  0%| F|  |TAMS 0x00000000c6400000| PB 0x00000000c6400000| Untracked |  0
| 101|0x00000000c6500000, 0x00000000c6500000, 0x00000000c6600000|  0%| F|  |TAMS 0x00000000c6500000| PB 0x00000000c6500000| Untracked |  0
| 102|0x00000000c6600000, 0x00000000c6600000, 0x00000000c6700000|  0%| F|  |TAMS 0x00000000c6600000| PB 0x00000000c6600000| Untracked |  0
| 103|0x00000000c6700000, 0x00000000c6700000, 0x00000000c6800000|  0%| F|  |TAMS 0x00000000c6700000| PB 0x00000000c6700000| Untracked |  0
| 104|0x00000000c6800000, 0x00000000c6800000, 0x00000000c6900000|  0%| F|  |TAMS 0x00000000c6800000| PB 0x00000000c6800000| Untracked |  0
| 105|0x00000000c6900000, 0x00000000c6900000, 0x00000000c6a00000|  0%| F|  |TAMS 0x00000000c6900000| PB 0x00000000c6900000| Untracked |  0
| 106|0x00000000c6a00000, 0x00000000c6a00000, 0x00000000c6b00000|  0%| F|  |TAMS 0x00000000c6a00000| PB 0x00000000c6a00000| Untracked |  0
| 107|0x00000000c6b00000, 0x00000000c6b00000, 0x00000000c6c00000|  0%| F|  |TAMS 0x00000000c6b00000| PB 0x00000000c6b00000| Untracked |  0
| 108|0x00000000c6c00000, 0x00000000c6c00000, 0x00000000c6d00000|  0%| F|  |TAMS 0x00000000c6c00000| PB 0x00000000c6c00000| Untracked |  0
| 109|0x00000000c6d00000, 0x00000000c6d00000, 0x00000000c6e00000|  0%| F|  |TAMS 0x00000000c6d00000| PB 0x00000000c6d00000| Untracked |  0
| 110|0x00000000c6e00000, 0x00000000c6e00000, 0x00000000c6f00000|  0%| F|  |TAMS 0x00000000c6e00000| PB 0x00000000c6e00000| Untracked |  0
| 111|0x00000000c6f00000, 0x00000000c6f00000, 0x00000000c7000000|  0%| F|  |TAMS 0x00000000c6f00000| PB 0x00000000c6f00000| Untracked |  0
| 112|0x00000000c7000000, 0x00000000c7000000, 0x00000000c7100000|  0%| F|  |TAMS 0x00000000c7000000| PB 0x00000000c7000000| Untracked |  0
| 113|0x00000000c7100000, 0x00000000c7100000, 0x00000000c7200000|  0%| F|  |TAMS 0x00000000c7100000| PB 0x00000000c7100000| Untracked |  0
| 114|0x00000000c7200000, 0x00000000c7200000, 0x00000000c7300000|  0%| F|  |TAMS 0x00000000c7200000| PB 0x00000000c7200000| Untracked |  0
| 115|0x00000000c7300000, 0x00000000c7300000, 0x00000000c7400000|  0%| F|  |TAMS 0x00000000c7300000| PB 0x00000000c7300000| Untracked |  0
| 116|0x00000000c7400000, 0x00000000c7400000, 0x00000000c7500000|  0%| F|  |TAMS 0x00000000c7400000| PB 0x00000000c7400000| Untracked |  0
| 117|0x00000000c7500000, 0x00000000c7500000, 0x00000000c7600000|  0%| F|  |TAMS 0x00000000c7500000| PB 0x00000000c7500000| Untracked |  0
| 118|0x00000000c7600000, 0x00000000c7600000, 0x00000000c7700000|  0%| F|  |TAMS 0x00000000c7600000| PB 0x00000000c7600000| Untracked |  0
| 119|0x00000000c7700000, 0x00000000c7700000, 0x00000000c7800000|  0%| F|  |TAMS 0x00000000c7700000| PB 0x00000000c7700000| Untracked |  0
| 120|0x00000000c7800000, 0x00000000c7800000, 0x00000000c7900000|  0%| F|  |TAMS 0x00000000c7800000| PB 0x00000000c7800000| Untracked |  0
| 121|0x00000000c7900000, 0x00000000c7900000, 0x00000000c7a00000|  0%| F|  |TAMS 0x00000000c7900000| PB 0x00000000c7900000| Untracked |  0
| 122|0x00000000c7a00000, 0x00000000c7a00000, 0x00000000c7b00000|  0%| F|  |TAMS 0x00000000c7a00000| PB 0x00000000c7a00000| Untracked |  0
| 123|0x00000000c7b00000, 0x00000000c7b00000, 0x00000000c7c00000|  0%| F|  |TAMS 0x00000000c7b00000| PB 0x00000000c7b00000| Untracked |  0
| 124|0x00000000c7c00000, 0x00000000c7c00000, 0x00000000c7d00000|  0%| F|  |TAMS 0x00000000c7c00000| PB 0x00000000c7c00000| Untracked |  0
| 125|0x00000000c7d00000, 0x00000000c7d00000, 0x00000000c7e00000|  0%| F|  |TAMS 0x00000000c7d00000| PB 0x00000000c7d00000| Untracked |  0
| 126|0x00000000c7e00000, 0x00000000c7e00000, 0x00000000c7f00000|  0%| F|  |TAMS 0x00000000c7e00000| PB 0x00000000c7e00000| Untracked |  0
| 127|0x00000000c7f00000, 0x00000000c7f00000, 0x00000000c8000000|  0%| F|  |TAMS 0x00000000c7f00000| PB 0x00000000c7f00000| Untracked |  0
| 128|0x00000000c8000000, 0x00000000c8000000, 0x00000000c8100000|  0%| F|  |TAMS 0x00000000c8000000| PB 0x00000000c8000000| Untracked |  0
| 129|0x00000000c8100000, 0x00000000c8100000, 0x00000000c8200000|  0%| F|  |TAMS 0x00000000c8100000| PB 0x00000000c8100000| Untracked |  0
| 130|0x00000000c8200000, 0x00000000c8200000, 0x00000000c8300000|  0%| F|  |TAMS 0x00000000c8200000| PB 0x00000000c8200000| Untracked |  0
| 131|0x00000000c8300000, 0x00000000c8300000, 0x00000000c8400000|  0%| F|  |TAMS 0x00000000c8300000| PB 0x00000000c8300000| Untracked |  0
| 132|0x00000000c8400000, 0x00000000c8400000, 0x00000000c8500000|  0%| F|  |TAMS 0x00000000c8400000| PB 0x00000000c8400000| Untracked |  0
| 133|0x00000000c8500000, 0x00000000c8500000, 0x00000000c8600000|  0%| F|  |TAMS 0x00000000c8500000| PB 0x00000000c8500000| Untracked |  0
| 134|0x00000000c8600000, 0x00000000c8600000, 0x00000000c8700000|  0%| F|  |TAMS 0x00000000c8600000| PB 0x00000000c8600000| Untracked |  0
| 135|0x00000000c8700000, 0x00000000c8700000, 0x00000000c8800000|  0%| F|  |TAMS 0x00000000c8700000| PB 0x00000000c8700000| Untracked |  0
| 136|0x00000000c8800000, 0x00000000c8800000, 0x00000000c8900000|  0%| F|  |TAMS 0x00000000c8800000| PB 0x00000000c8800000| Untracked |  0
| 137|0x00000000c8900000, 0x00000000c8900000, 0x00000000c8a00000|  0%| F|  |TAMS 0x00000000c8900000| PB 0x00000000c8900000| Untracked |  0
| 138|0x00000000c8a00000, 0x00000000c8a00000, 0x00000000c8b00000|  0%| F|  |TAMS 0x00000000c8a00000| PB 0x00000000c8a00000| Untracked |  0
| 139|0x00000000c8b00000, 0x00000000c8b00000, 0x00000000c8c00000|  0%| F|  |TAMS 0x00000000c8b00000| PB 0x00000000c8b00000| Untracked |  0
| 140|0x00000000c8c00000, 0x00000000c8c00000, 0x00000000c8d00000|  0%| F|  |TAMS 0x00000000c8c00000| PB 0x00000000c8c00000| Untracked |  0
| 141|0x00000000c8d00000, 0x00000000c8d00000, 0x00000000c8e00000|  0%| F|  |TAMS 0x00000000c8d00000| PB 0x00000000c8d00000| Untracked |  0
| 142|0x00000000c8e00000, 0x00000000c8e00000, 0x00000000c8f00000|  0%| F|  |TAMS 0x00000000c8e00000| PB 0x00000000c8e00000| Untracked |  0
| 143|0x00000000c8f00000, 0x00000000c8f00000, 0x00000000c9000000|  0%| F|  |TAMS 0x00000000c8f00000| PB 0x00000000c8f00000| Untracked |  0
| 144|0x00000000c9000000, 0x00000000c9000000, 0x00000000c9100000|  0%| F|  |TAMS 0x00000000c9000000| PB 0x00000000c9000000| Untracked |  0
| 145|0x00000000c9100000, 0x00000000c9100000, 0x00000000c9200000|  0%| F|  |TAMS 0x00000000c9100000| PB 0x00000000c9100000| Untracked |  0
| 146|0x00000000c9200000, 0x00000000c9200000, 0x00000000c9300000|  0%| F|  |TAMS 0x00000000c9200000| PB 0x00000000c9200000| Untracked |  0
| 147|0x00000000c9300000, 0x00000000c9300000, 0x00000000c9400000|  0%| F|  |TAMS 0x00000000c9300000| PB 0x00000000c9300000| Untracked |  0
| 148|0x00000000c9400000, 0x00000000c9400000, 0x00000000c9500000|  0%| F|  |TAMS 0x00000000c9400000| PB 0x00000000c9400000| Untracked |  0
| 149|0x00000000c9500000, 0x00000000c9500000, 0x00000000c9600000|  0%| F|  |TAMS 0x00000000c9500000| PB 0x00000000c9500000| Untracked |  0
| 150|0x00000000c9600000, 0x00000000c9600000, 0x00000000c9700000|  0%| F|  |TAMS 0x00000000c9600000| PB 0x00000000c9600000| Untracked |  0
| 151|0x00000000c9700000, 0x00000000c9700000, 0x00000000c9800000|  0%| F|  |TAMS 0x00000000c9700000| PB 0x00000000c9700000| Untracked |  0
| 152|0x00000000c9800000, 0x00000000c9800000, 0x00000000c9900000|  0%| F|  |TAMS 0x00000000c9800000| PB 0x00000000c9800000| Untracked |  0
| 153|0x00000000c9900000, 0x00000000c9900000, 0x00000000c9a00000|  0%| F|  |TAMS 0x00000000c9900000| PB 0x00000000c9900000| Untracked |  0
| 154|0x00000000c9a00000, 0x00000000c9a00000, 0x00000000c9b00000|  0%| F|  |TAMS 0x00000000c9a00000| PB 0x00000000c9a00000| Untracked |  0
| 155|0x00000000c9b00000, 0x00000000c9b00000, 0x00000000c9c00000|  0%| F|  |TAMS 0x00000000c9b00000| PB 0x00000000c9b00000| Untracked |  0
| 156|0x00000000c9c00000, 0x00000000c9c00000, 0x00000000c9d00000|  0%| F|  |TAMS 0x00000000c9c00000| PB 0x00000000c9c00000| Untracked |  0
| 157|0x00000000c9d00000, 0x00000000c9d00000, 0x00000000c9e00000|  0%| F|  |TAMS 0x00000000c9d00000| PB 0x00000000c9d00000| Untracked |  0
| 158|0x00000000c9e00000, 0x00000000c9e00000, 0x00000000c9f00000|  0%| F|  |TAMS 0x00000000c9e00000| PB 0x00000000c9e00000| Untracked |  0
| 159|0x00000000c9f00000, 0x00000000c9f00000, 0x00000000ca000000|  0%| F|  |TAMS 0x00000000c9f00000| PB 0x00000000c9f00000| Untracked |  0
| 160|0x00000000ca000000, 0x00000000ca000000, 0x00000000ca100000|  0%| F|  |TAMS 0x00000000ca000000| PB 0x00000000ca000000| Untracked |  0
| 161|0x00000000ca100000, 0x00000000ca100000, 0x00000000ca200000|  0%| F|  |TAMS 0x00000000ca100000| PB 0x00000000ca100000| Untracked |  0
| 162|0x00000000ca200000, 0x00000000ca200000, 0x00000000ca300000|  0%| F|  |TAMS 0x00000000ca200000| PB 0x00000000ca200000| Untracked |  0
| 163|0x00000000ca300000, 0x00000000ca300000, 0x00000000ca400000|  0%| F|  |TAMS 0x00000000ca300000| PB 0x00000000ca300000| Untracked |  0
| 164|0x00000000ca400000, 0x00000000ca400000, 0x00000000ca500000|  0%| F|  |TAMS 0x00000000ca400000| PB 0x00000000ca400000| Untracked |  0
| 165|0x00000000ca500000, 0x00000000ca500000, 0x00000000ca600000|  0%| F|  |TAMS 0x00000000ca500000| PB 0x00000000ca500000| Untracked |  0
| 166|0x00000000ca600000, 0x00000000ca600000, 0x00000000ca700000|  0%| F|  |TAMS 0x00000000ca600000| PB 0x00000000ca600000| Untracked |  0
| 167|0x00000000ca700000, 0x00000000ca700000, 0x00000000ca800000|  0%| F|  |TAMS 0x00000000ca700000| PB 0x00000000ca700000| Untracked |  0
| 168|0x00000000ca800000, 0x00000000ca800000, 0x00000000ca900000|  0%| F|  |TAMS 0x00000000ca800000| PB 0x00000000ca800000| Untracked |  0
| 169|0x00000000ca900000, 0x00000000ca900000, 0x00000000caa00000|  0%| F|  |TAMS 0x00000000ca900000| PB 0x00000000ca900000| Untracked |  0
| 170|0x00000000caa00000, 0x00000000caa00000, 0x00000000cab00000|  0%| F|  |TAMS 0x00000000caa00000| PB 0x00000000caa00000| Untracked |  0
| 171|0x00000000cab00000, 0x00000000cab00000, 0x00000000cac00000|  0%| F|  |TAMS 0x00000000cab00000| PB 0x00000000cab00000| Untracked |  0
| 172|0x00000000cac00000, 0x00000000cac00000, 0x00000000cad00000|  0%| F|  |TAMS 0x00000000cac00000| PB 0x00000000cac00000| Untracked |  0
| 173|0x00000000cad00000, 0x00000000cad00000, 0x00000000cae00000|  0%| F|  |TAMS 0x00000000cad00000| PB 0x00000000cad00000| Untracked |  0
| 174|0x00000000cae00000, 0x00000000cae00000, 0x00000000caf00000|  0%| F|  |TAMS 0x00000000cae00000| PB 0x00000000cae00000| Untracked |  0
| 175|0x00000000caf00000, 0x00000000caf00000, 0x00000000cb000000|  0%| F|  |TAMS 0x00000000caf00000| PB 0x00000000caf00000| Untracked |  0
| 176|0x00000000cb000000, 0x00000000cb000000, 0x00000000cb100000|  0%| F|  |TAMS 0x00000000cb000000| PB 0x00000000cb000000| Untracked |  0
| 177|0x00000000cb100000, 0x00000000cb100000, 0x00000000cb200000|  0%| F|  |TAMS 0x00000000cb100000| PB 0x00000000cb100000| Untracked |  0
| 178|0x00000000cb200000, 0x00000000cb200000, 0x00000000cb300000|  0%| F|  |TAMS 0x00000000cb200000| PB 0x00000000cb200000| Untracked |  0
| 179|0x00000000cb300000, 0x00000000cb300000, 0x00000000cb400000|  0%| F|  |TAMS 0x00000000cb300000| PB 0x00000000cb300000| Untracked |  0
| 180|0x00000000cb400000, 0x00000000cb400000, 0x00000000cb500000|  0%| F|  |TAMS 0x00000000cb400000| PB 0x00000000cb400000| Untracked |  0
| 181|0x00000000cb500000, 0x00000000cb500000, 0x00000000cb600000|  0%| F|  |TAMS 0x00000000cb500000| PB 0x00000000cb500000| Untracked |  0
| 182|0x00000000cb600000, 0x00000000cb600000, 0x00000000cb700000|  0%| F|  |TAMS 0x00000000cb600000| PB 0x00000000cb600000| Untracked |  0
| 183|0x00000000cb700000, 0x00000000cb700000, 0x00000000cb800000|  0%| F|  |TAMS 0x00000000cb700000| PB 0x00000000cb700000| Untracked |  0
| 184|0x00000000cb800000, 0x00000000cb800000, 0x00000000cb900000|  0%| F|  |TAMS 0x00000000cb800000| PB 0x00000000cb800000| Untracked |  0
| 185|0x00000000cb900000, 0x00000000cb900000, 0x00000000cba00000|  0%| F|  |TAMS 0x00000000cb900000| PB 0x00000000cb900000| Untracked |  0
| 186|0x00000000cba00000, 0x00000000cba00000, 0x00000000cbb00000|  0%| F|  |TAMS 0x00000000cba00000| PB 0x00000000cba00000| Untracked |  0
| 187|0x00000000cbb00000, 0x00000000cbb00000, 0x00000000cbc00000|  0%| F|  |TAMS 0x00000000cbb00000| PB 0x00000000cbb00000| Untracked |  0
| 188|0x00000000cbc00000, 0x00000000cbc00000, 0x00000000cbd00000|  0%| F|  |TAMS 0x00000000cbc00000| PB 0x00000000cbc00000| Untracked |  0
| 189|0x00000000cbd00000, 0x00000000cbd00000, 0x00000000cbe00000|  0%| F|  |TAMS 0x00000000cbd00000| PB 0x00000000cbd00000| Untracked |  0
| 190|0x00000000cbe00000, 0x00000000cbe00000, 0x00000000cbf00000|  0%| F|  |TAMS 0x00000000cbe00000| PB 0x00000000cbe00000| Untracked |  0
| 191|0x00000000cbf00000, 0x00000000cbf00000, 0x00000000cc000000|  0%| F|  |TAMS 0x00000000cbf00000| PB 0x00000000cbf00000| Untracked |  0
| 192|0x00000000cc000000, 0x00000000cc000000, 0x00000000cc100000|  0%| F|  |TAMS 0x00000000cc000000| PB 0x00000000cc000000| Untracked |  0
| 193|0x00000000cc100000, 0x00000000cc100000, 0x00000000cc200000|  0%| F|  |TAMS 0x00000000cc100000| PB 0x00000000cc100000| Untracked |  0
| 194|0x00000000cc200000, 0x00000000cc200000, 0x00000000cc300000|  0%| F|  |TAMS 0x00000000cc200000| PB 0x00000000cc200000| Untracked |  0
| 195|0x00000000cc300000, 0x00000000cc300000, 0x00000000cc400000|  0%| F|  |TAMS 0x00000000cc300000| PB 0x00000000cc300000| Untracked |  0
| 196|0x00000000cc400000, 0x00000000cc400000, 0x00000000cc500000|  0%| F|  |TAMS 0x00000000cc400000| PB 0x00000000cc400000| Untracked |  0
| 197|0x00000000cc500000, 0x00000000cc500000, 0x00000000cc600000|  0%| F|  |TAMS 0x00000000cc500000| PB 0x00000000cc500000| Untracked |  0
| 198|0x00000000cc600000, 0x00000000cc600000, 0x00000000cc700000|  0%| F|  |TAMS 0x00000000cc600000| PB 0x00000000cc600000| Untracked |  0
| 199|0x00000000cc700000, 0x00000000cc700000, 0x00000000cc800000|  0%| F|  |TAMS 0x00000000cc700000| PB 0x00000000cc700000| Untracked |  0
| 200|0x00000000cc800000, 0x00000000cc800000, 0x00000000cc900000|  0%| F|  |TAMS 0x00000000cc800000| PB 0x00000000cc800000| Untracked |  0
| 201|0x00000000cc900000, 0x00000000cc900000, 0x00000000cca00000|  0%| F|  |TAMS 0x00000000cc900000| PB 0x00000000cc900000| Untracked |  0
| 202|0x00000000cca00000, 0x00000000cca00000, 0x00000000ccb00000|  0%| F|  |TAMS 0x00000000cca00000| PB 0x00000000cca00000| Untracked |  0
| 203|0x00000000ccb00000, 0x00000000ccb00000, 0x00000000ccc00000|  0%| F|  |TAMS 0x00000000ccb00000| PB 0x00000000ccb00000| Untracked |  0
| 204|0x00000000ccc00000, 0x00000000ccc00000, 0x00000000ccd00000|  0%| F|  |TAMS 0x00000000ccc00000| PB 0x00000000ccc00000| Untracked |  0
| 205|0x00000000ccd00000, 0x00000000ccd00000, 0x00000000cce00000|  0%| F|  |TAMS 0x00000000ccd00000| PB 0x00000000ccd00000| Untracked |  0
| 206|0x00000000cce00000, 0x00000000cce00000, 0x00000000ccf00000|  0%| F|  |TAMS 0x00000000cce00000| PB 0x00000000cce00000| Untracked |  0
| 207|0x00000000ccf00000, 0x00000000ccf00000, 0x00000000cd000000|  0%| F|  |TAMS 0x00000000ccf00000| PB 0x00000000ccf00000| Untracked |  0
| 208|0x00000000cd000000, 0x00000000cd000000, 0x00000000cd100000|  0%| F|  |TAMS 0x00000000cd000000| PB 0x00000000cd000000| Untracked |  0
| 209|0x00000000cd100000, 0x00000000cd100000, 0x00000000cd200000|  0%| F|  |TAMS 0x00000000cd100000| PB 0x00000000cd100000| Untracked |  0
| 210|0x00000000cd200000, 0x00000000cd200000, 0x00000000cd300000|  0%| F|  |TAMS 0x00000000cd200000| PB 0x00000000cd200000| Untracked |  0
| 211|0x00000000cd300000, 0x00000000cd300000, 0x00000000cd400000|  0%| F|  |TAMS 0x00000000cd300000| PB 0x00000000cd300000| Untracked |  0
| 212|0x00000000cd400000, 0x00000000cd400000, 0x00000000cd500000|  0%| F|  |TAMS 0x00000000cd400000| PB 0x00000000cd400000| Untracked |  0
| 213|0x00000000cd500000, 0x00000000cd500000, 0x00000000cd600000|  0%| F|  |TAMS 0x00000000cd500000| PB 0x00000000cd500000| Untracked |  0
| 214|0x00000000cd600000, 0x00000000cd600000, 0x00000000cd700000|  0%| F|  |TAMS 0x00000000cd600000| PB 0x00000000cd600000| Untracked |  0
| 215|0x00000000cd700000, 0x00000000cd700000, 0x00000000cd800000|  0%| F|  |TAMS 0x00000000cd700000| PB 0x00000000cd700000| Untracked |  0
| 216|0x00000000cd800000, 0x00000000cd800000, 0x00000000cd900000|  0%| F|  |TAMS 0x00000000cd800000| PB 0x00000000cd800000| Untracked |  0
| 217|0x00000000cd900000, 0x00000000cd900000, 0x00000000cda00000|  0%| F|  |TAMS 0x00000000cd900000| PB 0x00000000cd900000| Untracked |  0
| 218|0x00000000cda00000, 0x00000000cda00000, 0x00000000cdb00000|  0%| F|  |TAMS 0x00000000cda00000| PB 0x00000000cda00000| Untracked |  0
| 219|0x00000000cdb00000, 0x00000000cdb00000, 0x00000000cdc00000|  0%| F|  |TAMS 0x00000000cdb00000| PB 0x00000000cdb00000| Untracked |  0
| 220|0x00000000cdc00000, 0x00000000cdc00000, 0x00000000cdd00000|  0%| F|  |TAMS 0x00000000cdc00000| PB 0x00000000cdc00000| Untracked |  0
| 221|0x00000000cdd00000, 0x00000000cdd00000, 0x00000000cde00000|  0%| F|  |TAMS 0x00000000cdd00000| PB 0x00000000cdd00000| Untracked |  0
| 222|0x00000000cde00000, 0x00000000cde00000, 0x00000000cdf00000|  0%| F|  |TAMS 0x00000000cde00000| PB 0x00000000cde00000| Untracked |  0
| 223|0x00000000cdf00000, 0x00000000cdf00000, 0x00000000ce000000|  0%| F|  |TAMS 0x00000000cdf00000| PB 0x00000000cdf00000| Untracked |  0
| 224|0x00000000ce000000, 0x00000000ce000000, 0x00000000ce100000|  0%| F|  |TAMS 0x00000000ce000000| PB 0x00000000ce000000| Untracked |  0
| 225|0x00000000ce100000, 0x00000000ce100000, 0x00000000ce200000|  0%| F|  |TAMS 0x00000000ce100000| PB 0x00000000ce100000| Untracked |  0
| 226|0x00000000ce200000, 0x00000000ce200000, 0x00000000ce300000|  0%| F|  |TAMS 0x00000000ce200000| PB 0x00000000ce200000| Untracked |  0
| 227|0x00000000ce300000, 0x00000000ce300000, 0x00000000ce400000|  0%| F|  |TAMS 0x00000000ce300000| PB 0x00000000ce300000| Untracked |  0
| 228|0x00000000ce400000, 0x00000000ce400000, 0x00000000ce500000|  0%| F|  |TAMS 0x00000000ce400000| PB 0x00000000ce400000| Untracked |  0
| 229|0x00000000ce500000, 0x00000000ce500000, 0x00000000ce600000|  0%| F|  |TAMS 0x00000000ce500000| PB 0x00000000ce500000| Untracked |  0
| 230|0x00000000ce600000, 0x00000000ce600000, 0x00000000ce700000|  0%| F|  |TAMS 0x00000000ce600000| PB 0x00000000ce600000| Untracked |  0
| 231|0x00000000ce700000, 0x00000000ce700000, 0x00000000ce800000|  0%| F|  |TAMS 0x00000000ce700000| PB 0x00000000ce700000| Untracked |  0
| 232|0x00000000ce800000, 0x00000000ce800000, 0x00000000ce900000|  0%| F|  |TAMS 0x00000000ce800000| PB 0x00000000ce800000| Untracked |  0
| 233|0x00000000ce900000, 0x00000000ce900000, 0x00000000cea00000|  0%| F|  |TAMS 0x00000000ce900000| PB 0x00000000ce900000| Untracked |  0
| 234|0x00000000cea00000, 0x00000000cea00000, 0x00000000ceb00000|  0%| F|  |TAMS 0x00000000cea00000| PB 0x00000000cea00000| Untracked |  0
| 235|0x00000000ceb00000, 0x00000000ceb00000, 0x00000000cec00000|  0%| F|  |TAMS 0x00000000ceb00000| PB 0x00000000ceb00000| Untracked |  0
| 236|0x00000000cec00000, 0x00000000cec00000, 0x00000000ced00000|  0%| F|  |TAMS 0x00000000cec00000| PB 0x00000000cec00000| Untracked |  0
| 237|0x00000000ced00000, 0x00000000ced00000, 0x00000000cee00000|  0%| F|  |TAMS 0x00000000ced00000| PB 0x00000000ced00000| Untracked |  0
| 238|0x00000000cee00000, 0x00000000cee00000, 0x00000000cef00000|  0%| F|  |TAMS 0x00000000cee00000| PB 0x00000000cee00000| Untracked |  0
| 239|0x00000000cef00000, 0x00000000cef00000, 0x00000000cf000000|  0%| F|  |TAMS 0x00000000cef00000| PB 0x00000000cef00000| Untracked |  0
| 240|0x00000000cf000000, 0x00000000cf000000, 0x00000000cf100000|  0%| F|  |TAMS 0x00000000cf000000| PB 0x00000000cf000000| Untracked |  0
| 241|0x00000000cf100000, 0x00000000cf100000, 0x00000000cf200000|  0%| F|  |TAMS 0x00000000cf100000| PB 0x00000000cf100000| Untracked |  0
| 242|0x00000000cf200000, 0x00000000cf200000, 0x00000000cf300000|  0%| F|  |TAMS 0x00000000cf200000| PB 0x00000000cf200000| Untracked |  0
| 243|0x00000000cf300000, 0x00000000cf300000, 0x00000000cf400000|  0%| F|  |TAMS 0x00000000cf300000| PB 0x00000000cf300000| Untracked |  0
| 244|0x00000000cf400000, 0x00000000cf400000, 0x00000000cf500000|  0%| F|  |TAMS 0x00000000cf400000| PB 0x00000000cf400000| Untracked |  0
| 245|0x00000000cf500000, 0x00000000cf500000, 0x00000000cf600000|  0%| F|  |TAMS 0x00000000cf500000| PB 0x00000000cf500000| Untracked |  0
| 246|0x00000000cf600000, 0x00000000cf600000, 0x00000000cf700000|  0%| F|  |TAMS 0x00000000cf600000| PB 0x00000000cf600000| Untracked |  0
| 247|0x00000000cf700000, 0x00000000cf700000, 0x00000000cf800000|  0%| F|  |TAMS 0x00000000cf700000| PB 0x00000000cf700000| Untracked |  0
| 248|0x00000000cf800000, 0x00000000cf800000, 0x00000000cf900000|  0%| F|  |TAMS 0x00000000cf800000| PB 0x00000000cf800000| Untracked |  0
| 249|0x00000000cf900000, 0x00000000cf900000, 0x00000000cfa00000|  0%| F|  |TAMS 0x00000000cf900000| PB 0x00000000cf900000| Untracked |  0
| 250|0x00000000cfa00000, 0x00000000cfa00000, 0x00000000cfb00000|  0%| F|  |TAMS 0x00000000cfa00000| PB 0x00000000cfa00000| Untracked |  0
| 251|0x00000000cfb00000, 0x00000000cfb00000, 0x00000000cfc00000|  0%| F|  |TAMS 0x00000000cfb00000| PB 0x00000000cfb00000| Untracked |  0
| 252|0x00000000cfc00000, 0x00000000cfc00000, 0x00000000cfd00000|  0%| F|  |TAMS 0x00000000cfc00000| PB 0x00000000cfc00000| Untracked |  0
| 253|0x00000000cfd00000, 0x00000000cfd00000, 0x00000000cfe00000|  0%| F|  |TAMS 0x00000000cfd00000| PB 0x00000000cfd00000| Untracked |  0
| 254|0x00000000cfe00000, 0x00000000cfe00000, 0x00000000cff00000|  0%| F|  |TAMS 0x00000000cfe00000| PB 0x00000000cfe00000| Untracked |  0
| 255|0x00000000cff00000, 0x00000000cff00000, 0x00000000d0000000|  0%| F|  |TAMS 0x00000000cff00000| PB 0x00000000cff00000| Untracked |  0
| 256|0x00000000d0000000, 0x00000000d0000000, 0x00000000d0100000|  0%| F|  |TAMS 0x00000000d0000000| PB 0x00000000d0000000| Untracked |  0
| 257|0x00000000d0100000, 0x00000000d0100000, 0x00000000d0200000|  0%| F|  |TAMS 0x00000000d0100000| PB 0x00000000d0100000| Untracked |  0
| 258|0x00000000d0200000, 0x00000000d0200000, 0x00000000d0300000|  0%| F|  |TAMS 0x00000000d0200000| PB 0x00000000d0200000| Untracked |  0
| 259|0x00000000d0300000, 0x00000000d0300000, 0x00000000d0400000|  0%| F|  |TAMS 0x00000000d0300000| PB 0x00000000d0300000| Untracked |  0
| 260|0x00000000d0400000, 0x00000000d0400000, 0x00000000d0500000|  0%| F|  |TAMS 0x00000000d0400000| PB 0x00000000d0400000| Untracked |  0
| 261|0x00000000d0500000, 0x00000000d0500000, 0x00000000d0600000|  0%| F|  |TAMS 0x00000000d0500000| PB 0x00000000d0500000| Untracked |  0
| 262|0x00000000d0600000, 0x00000000d0600000, 0x00000000d0700000|  0%| F|  |TAMS 0x00000000d0600000| PB 0x00000000d0600000| Untracked |  0
| 263|0x00000000d0700000, 0x00000000d0700000, 0x00000000d0800000|  0%| F|  |TAMS 0x00000000d0700000| PB 0x00000000d0700000| Untracked |  0
| 264|0x00000000d0800000, 0x00000000d0800000, 0x00000000d0900000|  0%| F|  |TAMS 0x00000000d0800000| PB 0x00000000d0800000| Untracked |  0
| 265|0x00000000d0900000, 0x00000000d0900000, 0x00000000d0a00000|  0%| F|  |TAMS 0x00000000d0900000| PB 0x00000000d0900000| Untracked |  0
| 266|0x00000000d0a00000, 0x00000000d0a00000, 0x00000000d0b00000|  0%| F|  |TAMS 0x00000000d0a00000| PB 0x00000000d0a00000| Untracked |  0
| 267|0x00000000d0b00000, 0x00000000d0b00000, 0x00000000d0c00000|  0%| F|  |TAMS 0x00000000d0b00000| PB 0x00000000d0b00000| Untracked |  0
| 268|0x00000000d0c00000, 0x00000000d0c00000, 0x00000000d0d00000|  0%| F|  |TAMS 0x00000000d0c00000| PB 0x00000000d0c00000| Untracked |  0
| 269|0x00000000d0d00000, 0x00000000d0d00000, 0x00000000d0e00000|  0%| F|  |TAMS 0x00000000d0d00000| PB 0x00000000d0d00000| Untracked |  0
| 270|0x00000000d0e00000, 0x00000000d0e00000, 0x00000000d0f00000|  0%| F|  |TAMS 0x00000000d0e00000| PB 0x00000000d0e00000| Untracked |  0
| 271|0x00000000d0f00000, 0x00000000d0f00000, 0x00000000d1000000|  0%| F|  |TAMS 0x00000000d0f00000| PB 0x00000000d0f00000| Untracked |  0
| 272|0x00000000d1000000, 0x00000000d1000000, 0x00000000d1100000|  0%| F|  |TAMS 0x00000000d1000000| PB 0x00000000d1000000| Untracked |  0
| 273|0x00000000d1100000, 0x00000000d1100000, 0x00000000d1200000|  0%| F|  |TAMS 0x00000000d1100000| PB 0x00000000d1100000| Untracked |  0
| 274|0x00000000d1200000, 0x00000000d1200000, 0x00000000d1300000|  0%| F|  |TAMS 0x00000000d1200000| PB 0x00000000d1200000| Untracked |  0
| 275|0x00000000d1300000, 0x00000000d1300000, 0x00000000d1400000|  0%| F|  |TAMS 0x00000000d1300000| PB 0x00000000d1300000| Untracked |  0
| 276|0x00000000d1400000, 0x00000000d1400000, 0x00000000d1500000|  0%| F|  |TAMS 0x00000000d1400000| PB 0x00000000d1400000| Untracked |  0
| 277|0x00000000d1500000, 0x00000000d1500000, 0x00000000d1600000|  0%| F|  |TAMS 0x00000000d1500000| PB 0x00000000d1500000| Untracked |  0
| 278|0x00000000d1600000, 0x00000000d1600000, 0x00000000d1700000|  0%| F|  |TAMS 0x00000000d1600000| PB 0x00000000d1600000| Untracked |  0
| 279|0x00000000d1700000, 0x00000000d1700000, 0x00000000d1800000|  0%| F|  |TAMS 0x00000000d1700000| PB 0x00000000d1700000| Untracked |  0
| 280|0x00000000d1800000, 0x00000000d1800000, 0x00000000d1900000|  0%| F|  |TAMS 0x00000000d1800000| PB 0x00000000d1800000| Untracked |  0
| 281|0x00000000d1900000, 0x00000000d1900000, 0x00000000d1a00000|  0%| F|  |TAMS 0x00000000d1900000| PB 0x00000000d1900000| Untracked |  0
| 282|0x00000000d1a00000, 0x00000000d1a00000, 0x00000000d1b00000|  0%| F|  |TAMS 0x00000000d1a00000| PB 0x00000000d1a00000| Untracked |  0
| 283|0x00000000d1b00000, 0x00000000d1b00000, 0x00000000d1c00000|  0%| F|  |TAMS 0x00000000d1b00000| PB 0x00000000d1b00000| Untracked |  0
| 284|0x00000000d1c00000, 0x00000000d1c00000, 0x00000000d1d00000|  0%| F|  |TAMS 0x00000000d1c00000| PB 0x00000000d1c00000| Untracked |  0
| 285|0x00000000d1d00000, 0x00000000d1d00000, 0x00000000d1e00000|  0%| F|  |TAMS 0x00000000d1d00000| PB 0x00000000d1d00000| Untracked |  0
| 286|0x00000000d1e00000, 0x00000000d1e00000, 0x00000000d1f00000|  0%| F|  |TAMS 0x00000000d1e00000| PB 0x00000000d1e00000| Untracked |  0
| 287|0x00000000d1f00000, 0x00000000d1f00000, 0x00000000d2000000|  0%| F|  |TAMS 0x00000000d1f00000| PB 0x00000000d1f00000| Untracked |  0
| 288|0x00000000d2000000, 0x00000000d2000000, 0x00000000d2100000|  0%| F|  |TAMS 0x00000000d2000000| PB 0x00000000d2000000| Untracked |  0
| 289|0x00000000d2100000, 0x00000000d2100000, 0x00000000d2200000|  0%| F|  |TAMS 0x00000000d2100000| PB 0x00000000d2100000| Untracked |  0
| 290|0x00000000d2200000, 0x00000000d2200000, 0x00000000d2300000|  0%| F|  |TAMS 0x00000000d2200000| PB 0x00000000d2200000| Untracked |  0
| 291|0x00000000d2300000, 0x00000000d2300000, 0x00000000d2400000|  0%| F|  |TAMS 0x00000000d2300000| PB 0x00000000d2300000| Untracked |  0
| 292|0x00000000d2400000, 0x00000000d2400000, 0x00000000d2500000|  0%| F|  |TAMS 0x00000000d2400000| PB 0x00000000d2400000| Untracked |  0
| 293|0x00000000d2500000, 0x00000000d2500000, 0x00000000d2600000|  0%| F|  |TAMS 0x00000000d2500000| PB 0x00000000d2500000| Untracked |  0
| 294|0x00000000d2600000, 0x00000000d2600000, 0x00000000d2700000|  0%| F|  |TAMS 0x00000000d2600000| PB 0x00000000d2600000| Untracked |  0
| 295|0x00000000d2700000, 0x00000000d2700000, 0x00000000d2800000|  0%| F|  |TAMS 0x00000000d2700000| PB 0x00000000d2700000| Untracked |  0
| 296|0x00000000d2800000, 0x00000000d2800000, 0x00000000d2900000|  0%| F|  |TAMS 0x00000000d2800000| PB 0x00000000d2800000| Untracked |  0
| 297|0x00000000d2900000, 0x00000000d2900000, 0x00000000d2a00000|  0%| F|  |TAMS 0x00000000d2900000| PB 0x00000000d2900000| Untracked |  0
| 298|0x00000000d2a00000, 0x00000000d2a00000, 0x00000000d2b00000|  0%| F|  |TAMS 0x00000000d2a00000| PB 0x00000000d2a00000| Untracked |  0
| 299|0x00000000d2b00000, 0x00000000d2b00000, 0x00000000d2c00000|  0%| F|  |TAMS 0x00000000d2b00000| PB 0x00000000d2b00000| Untracked |  0
| 300|0x00000000d2c00000, 0x00000000d2c00000, 0x00000000d2d00000|  0%| F|  |TAMS 0x00000000d2c00000| PB 0x00000000d2c00000| Untracked |  0
| 301|0x00000000d2d00000, 0x00000000d2d00000, 0x00000000d2e00000|  0%| F|  |TAMS 0x00000000d2d00000| PB 0x00000000d2d00000| Untracked |  0
| 302|0x00000000d2e00000, 0x00000000d2e00000, 0x00000000d2f00000|  0%| F|  |TAMS 0x00000000d2e00000| PB 0x00000000d2e00000| Untracked |  0
| 303|0x00000000d2f00000, 0x00000000d2f00000, 0x00000000d3000000|  0%| F|  |TAMS 0x00000000d2f00000| PB 0x00000000d2f00000| Untracked |  0
| 304|0x00000000d3000000, 0x00000000d3000000, 0x00000000d3100000|  0%| F|  |TAMS 0x00000000d3000000| PB 0x00000000d3000000| Untracked |  0
| 305|0x00000000d3100000, 0x00000000d3100000, 0x00000000d3200000|  0%| F|  |TAMS 0x00000000d3100000| PB 0x00000000d3100000| Untracked |  0
| 306|0x00000000d3200000, 0x00000000d3200000, 0x00000000d3300000|  0%| F|  |TAMS 0x00000000d3200000| PB 0x00000000d3200000| Untracked |  0
| 307|0x00000000d3300000, 0x00000000d3300000, 0x00000000d3400000|  0%| F|  |TAMS 0x00000000d3300000| PB 0x00000000d3300000| Untracked |  0
| 308|0x00000000d3400000, 0x00000000d3400000, 0x00000000d3500000|  0%| F|  |TAMS 0x00000000d3400000| PB 0x00000000d3400000| Untracked |  0
| 309|0x00000000d3500000, 0x00000000d3500000, 0x00000000d3600000|  0%| F|  |TAMS 0x00000000d3500000| PB 0x00000000d3500000| Untracked |  0
| 310|0x00000000d3600000, 0x00000000d3600000, 0x00000000d3700000|  0%| F|  |TAMS 0x00000000d3600000| PB 0x00000000d3600000| Untracked |  0
| 311|0x00000000d3700000, 0x00000000d3700000, 0x00000000d3800000|  0%| F|  |TAMS 0x00000000d3700000| PB 0x00000000d3700000| Untracked |  0
| 312|0x00000000d3800000, 0x00000000d3800000, 0x00000000d3900000|  0%| F|  |TAMS 0x00000000d3800000| PB 0x00000000d3800000| Untracked |  0
| 313|0x00000000d3900000, 0x00000000d3900000, 0x00000000d3a00000|  0%| F|  |TAMS 0x00000000d3900000| PB 0x00000000d3900000| Untracked |  0
| 314|0x00000000d3a00000, 0x00000000d3a00000, 0x00000000d3b00000|  0%| F|  |TAMS 0x00000000d3a00000| PB 0x00000000d3a00000| Untracked |  0
| 315|0x00000000d3b00000, 0x00000000d3b00000, 0x00000000d3c00000|  0%| F|  |TAMS 0x00000000d3b00000| PB 0x00000000d3b00000| Untracked |  0
| 316|0x00000000d3c00000, 0x00000000d3c00000, 0x00000000d3d00000|  0%| F|  |TAMS 0x00000000d3c00000| PB 0x00000000d3c00000| Untracked |  0
| 317|0x00000000d3d00000, 0x00000000d3d00000, 0x00000000d3e00000|  0%| F|  |TAMS 0x00000000d3d00000| PB 0x00000000d3d00000| Untracked |  0
| 318|0x00000000d3e00000, 0x00000000d3e00000, 0x00000000d3f00000|  0%| F|  |TAMS 0x00000000d3e00000| PB 0x00000000d3e00000| Untracked |  0
| 319|0x00000000d3f00000, 0x00000000d3f00000, 0x00000000d4000000|  0%| F|  |TAMS 0x00000000d3f00000| PB 0x00000000d3f00000| Untracked |  0
| 320|0x00000000d4000000, 0x00000000d4000000, 0x00000000d4100000|  0%| F|  |TAMS 0x00000000d4000000| PB 0x00000000d4000000| Untracked |  0
| 321|0x00000000d4100000, 0x00000000d4100000, 0x00000000d4200000|  0%| F|  |TAMS 0x00000000d4100000| PB 0x00000000d4100000| Untracked |  0
| 322|0x00000000d4200000, 0x00000000d4200000, 0x00000000d4300000|  0%| F|  |TAMS 0x00000000d4200000| PB 0x00000000d4200000| Untracked |  0
| 323|0x00000000d4300000, 0x00000000d4300000, 0x00000000d4400000|  0%| F|  |TAMS 0x00000000d4300000| PB 0x00000000d4300000| Untracked |  0
| 324|0x00000000d4400000, 0x00000000d4400000, 0x00000000d4500000|  0%| F|  |TAMS 0x00000000d4400000| PB 0x00000000d4400000| Untracked |  0
| 325|0x00000000d4500000, 0x00000000d4500000, 0x00000000d4600000|  0%| F|  |TAMS 0x00000000d4500000| PB 0x00000000d4500000| Untracked |  0
| 326|0x00000000d4600000, 0x00000000d4600000, 0x00000000d4700000|  0%| F|  |TAMS 0x00000000d4600000| PB 0x00000000d4600000| Untracked |  0
| 327|0x00000000d4700000, 0x00000000d4700000, 0x00000000d4800000|  0%| F|  |TAMS 0x00000000d4700000| PB 0x00000000d4700000| Untracked |  0
| 328|0x00000000d4800000, 0x00000000d4800000, 0x00000000d4900000|  0%| F|  |TAMS 0x00000000d4800000| PB 0x00000000d4800000| Untracked |  0
| 329|0x00000000d4900000, 0x00000000d4900000, 0x00000000d4a00000|  0%| F|  |TAMS 0x00000000d4900000| PB 0x00000000d4900000| Untracked |  0
| 330|0x00000000d4a00000, 0x00000000d4a00000, 0x00000000d4b00000|  0%| F|  |TAMS 0x00000000d4a00000| PB 0x00000000d4a00000| Untracked |  0
| 331|0x00000000d4b00000, 0x00000000d4b00000, 0x00000000d4c00000|  0%| F|  |TAMS 0x00000000d4b00000| PB 0x00000000d4b00000| Untracked |  0
| 332|0x00000000d4c00000, 0x00000000d4c00000, 0x00000000d4d00000|  0%| F|  |TAMS 0x00000000d4c00000| PB 0x00000000d4c00000| Untracked |  0
| 333|0x00000000d4d00000, 0x00000000d4d00000, 0x00000000d4e00000|  0%| F|  |TAMS 0x00000000d4d00000| PB 0x00000000d4d00000| Untracked |  0
| 334|0x00000000d4e00000, 0x00000000d4e00000, 0x00000000d4f00000|  0%| F|  |TAMS 0x00000000d4e00000| PB 0x00000000d4e00000| Untracked |  0
| 335|0x00000000d4f00000, 0x00000000d4f00000, 0x00000000d5000000|  0%| F|  |TAMS 0x00000000d4f00000| PB 0x00000000d4f00000| Untracked |  0
| 336|0x00000000d5000000, 0x00000000d5000000, 0x00000000d5100000|  0%| F|  |TAMS 0x00000000d5000000| PB 0x00000000d5000000| Untracked |  0
| 337|0x00000000d5100000, 0x00000000d5100000, 0x00000000d5200000|  0%| F|  |TAMS 0x00000000d5100000| PB 0x00000000d5100000| Untracked |  0
| 338|0x00000000d5200000, 0x00000000d5200000, 0x00000000d5300000|  0%| F|  |TAMS 0x00000000d5200000| PB 0x00000000d5200000| Untracked |  0
| 339|0x00000000d5300000, 0x00000000d5300000, 0x00000000d5400000|  0%| F|  |TAMS 0x00000000d5300000| PB 0x00000000d5300000| Untracked |  0
| 340|0x00000000d5400000, 0x00000000d5400000, 0x00000000d5500000|  0%| F|  |TAMS 0x00000000d5400000| PB 0x00000000d5400000| Untracked |  0
| 341|0x00000000d5500000, 0x00000000d5500000, 0x00000000d5600000|  0%| F|  |TAMS 0x00000000d5500000| PB 0x00000000d5500000| Untracked |  0
| 342|0x00000000d5600000, 0x00000000d5600000, 0x00000000d5700000|  0%| F|  |TAMS 0x00000000d5600000| PB 0x00000000d5600000| Untracked |  0
| 343|0x00000000d5700000, 0x00000000d5700000, 0x00000000d5800000|  0%| F|  |TAMS 0x00000000d5700000| PB 0x00000000d5700000| Untracked |  0
| 344|0x00000000d5800000, 0x00000000d5800000, 0x00000000d5900000|  0%| F|  |TAMS 0x00000000d5800000| PB 0x00000000d5800000| Untracked |  0
| 345|0x00000000d5900000, 0x00000000d5900000, 0x00000000d5a00000|  0%| F|  |TAMS 0x00000000d5900000| PB 0x00000000d5900000| Untracked |  0
| 346|0x00000000d5a00000, 0x00000000d5a00000, 0x00000000d5b00000|  0%| F|  |TAMS 0x00000000d5a00000| PB 0x00000000d5a00000| Untracked |  0
| 347|0x00000000d5b00000, 0x00000000d5b00000, 0x00000000d5c00000|  0%| F|  |TAMS 0x00000000d5b00000| PB 0x00000000d5b00000| Untracked |  0
| 348|0x00000000d5c00000, 0x00000000d5c00000, 0x00000000d5d00000|  0%| F|  |TAMS 0x00000000d5c00000| PB 0x00000000d5c00000| Untracked |  0
| 349|0x00000000d5d00000, 0x00000000d5d00000, 0x00000000d5e00000|  0%| F|  |TAMS 0x00000000d5d00000| PB 0x00000000d5d00000| Untracked |  0
| 350|0x00000000d5e00000, 0x00000000d5e00000, 0x00000000d5f00000|  0%| F|  |TAMS 0x00000000d5e00000| PB 0x00000000d5e00000| Untracked |  0
| 351|0x00000000d5f00000, 0x00000000d5f00000, 0x00000000d6000000|  0%| F|  |TAMS 0x00000000d5f00000| PB 0x00000000d5f00000| Untracked |  0
| 352|0x00000000d6000000, 0x00000000d6000000, 0x00000000d6100000|  0%| F|  |TAMS 0x00000000d6000000| PB 0x00000000d6000000| Untracked |  0
| 353|0x00000000d6100000, 0x00000000d6100000, 0x00000000d6200000|  0%| F|  |TAMS 0x00000000d6100000| PB 0x00000000d6100000| Untracked |  0
| 354|0x00000000d6200000, 0x00000000d6200000, 0x00000000d6300000|  0%| F|  |TAMS 0x00000000d6200000| PB 0x00000000d6200000| Untracked |  0
| 355|0x00000000d6300000, 0x00000000d6300000, 0x00000000d6400000|  0%| F|  |TAMS 0x00000000d6300000| PB 0x00000000d6300000| Untracked |  0
| 356|0x00000000d6400000, 0x00000000d6400000, 0x00000000d6500000|  0%| F|  |TAMS 0x00000000d6400000| PB 0x00000000d6400000| Untracked |  0
| 357|0x00000000d6500000, 0x00000000d6500000, 0x00000000d6600000|  0%| F|  |TAMS 0x00000000d6500000| PB 0x00000000d6500000| Untracked |  0
| 358|0x00000000d6600000, 0x00000000d6600000, 0x00000000d6700000|  0%| F|  |TAMS 0x00000000d6600000| PB 0x00000000d6600000| Untracked |  0
| 359|0x00000000d6700000, 0x00000000d6700000, 0x00000000d6800000|  0%| F|  |TAMS 0x00000000d6700000| PB 0x00000000d6700000| Untracked |  0
| 360|0x00000000d6800000, 0x00000000d6800000, 0x00000000d6900000|  0%| F|  |TAMS 0x00000000d6800000| PB 0x00000000d6800000| Untracked |  0
| 361|0x00000000d6900000, 0x00000000d6900000, 0x00000000d6a00000|  0%| F|  |TAMS 0x00000000d6900000| PB 0x00000000d6900000| Untracked |  0
| 362|0x00000000d6a00000, 0x00000000d6a91940, 0x00000000d6b00000| 56%| S|CS|TAMS 0x00000000d6a00000| PB 0x00000000d6a00000| Complete |  0
| 363|0x00000000d6b00000, 0x00000000d6c00000, 0x00000000d6c00000|100%| S|CS|TAMS 0x00000000d6b00000| PB 0x00000000d6b00000| Complete |  0
| 364|0x00000000d6c00000, 0x00000000d6d00000, 0x00000000d6d00000|100%| S|CS|TAMS 0x00000000d6c00000| PB 0x00000000d6c00000| Complete |  0
| 365|0x00000000d6d00000, 0x00000000d6e00000, 0x00000000d6e00000|100%| S|CS|TAMS 0x00000000d6d00000| PB 0x00000000d6d00000| Complete |  0
| 366|0x00000000d6e00000, 0x00000000d6f00000, 0x00000000d6f00000|100%| S|CS|TAMS 0x00000000d6e00000| PB 0x00000000d6e00000| Complete |  0
| 367|0x00000000d6f00000, 0x00000000d6f00000, 0x00000000d7000000|  0%| F|  |TAMS 0x00000000d6f00000| PB 0x00000000d6f00000| Untracked |  0
| 368|0x00000000d7000000, 0x00000000d7000000, 0x00000000d7100000|  0%| F|  |TAMS 0x00000000d7000000| PB 0x00000000d7000000| Untracked |  0
| 369|0x00000000d7100000, 0x00000000d7100000, 0x00000000d7200000|  0%| F|  |TAMS 0x00000000d7100000| PB 0x00000000d7100000| Untracked |  0
| 370|0x00000000d7200000, 0x00000000d7200000, 0x00000000d7300000|  0%| F|  |TAMS 0x00000000d7200000| PB 0x00000000d7200000| Untracked |  0
| 371|0x00000000d7300000, 0x00000000d7300000, 0x00000000d7400000|  0%| F|  |TAMS 0x00000000d7300000| PB 0x00000000d7300000| Untracked |  0
| 372|0x00000000d7400000, 0x00000000d7400000, 0x00000000d7500000|  0%| F|  |TAMS 0x00000000d7400000| PB 0x00000000d7400000| Untracked |  0
| 373|0x00000000d7500000, 0x00000000d7500000, 0x00000000d7600000|  0%| F|  |TAMS 0x00000000d7500000| PB 0x00000000d7500000| Untracked |  0
| 374|0x00000000d7600000, 0x00000000d7600000, 0x00000000d7700000|  0%| F|  |TAMS 0x00000000d7600000| PB 0x00000000d7600000| Untracked |  0
| 375|0x00000000d7700000, 0x00000000d7700000, 0x00000000d7800000|  0%| F|  |TAMS 0x00000000d7700000| PB 0x00000000d7700000| Untracked |  0
| 376|0x00000000d7800000, 0x00000000d7800000, 0x00000000d7900000|  0%| F|  |TAMS 0x00000000d7800000| PB 0x00000000d7800000| Untracked |  0
| 377|0x00000000d7900000, 0x00000000d7900000, 0x00000000d7a00000|  0%| F|  |TAMS 0x00000000d7900000| PB 0x00000000d7900000| Untracked |  0
| 378|0x00000000d7a00000, 0x00000000d7a00000, 0x00000000d7b00000|  0%| F|  |TAMS 0x00000000d7a00000| PB 0x00000000d7a00000| Untracked |  0
| 379|0x00000000d7b00000, 0x00000000d7b00000, 0x00000000d7c00000|  0%| F|  |TAMS 0x00000000d7b00000| PB 0x00000000d7b00000| Untracked |  0
| 380|0x00000000d7c00000, 0x00000000d7c00000, 0x00000000d7d00000|  0%| F|  |TAMS 0x00000000d7c00000| PB 0x00000000d7c00000| Untracked |  0
| 381|0x00000000d7d00000, 0x00000000d7d00000, 0x00000000d7e00000|  0%| F|  |TAMS 0x00000000d7d00000| PB 0x00000000d7d00000| Untracked |  0
| 382|0x00000000d7e00000, 0x00000000d7e00000, 0x00000000d7f00000|  0%| F|  |TAMS 0x00000000d7e00000| PB 0x00000000d7e00000| Untracked |  0
| 383|0x00000000d7f00000, 0x00000000d7f00000, 0x00000000d8000000|  0%| F|  |TAMS 0x00000000d7f00000| PB 0x00000000d7f00000| Untracked |  0
| 384|0x00000000d8000000, 0x00000000d8000000, 0x00000000d8100000|  0%| F|  |TAMS 0x00000000d8000000| PB 0x00000000d8000000| Untracked |  0
| 385|0x00000000d8100000, 0x00000000d8100000, 0x00000000d8200000|  0%| F|  |TAMS 0x00000000d8100000| PB 0x00000000d8100000| Untracked |  0
| 386|0x00000000d8200000, 0x00000000d8200000, 0x00000000d8300000|  0%| F|  |TAMS 0x00000000d8200000| PB 0x00000000d8200000| Untracked |  0
| 387|0x00000000d8300000, 0x00000000d8300000, 0x00000000d8400000|  0%| F|  |TAMS 0x00000000d8300000| PB 0x00000000d8300000| Untracked |  0
| 388|0x00000000d8400000, 0x00000000d8400000, 0x00000000d8500000|  0%| F|  |TAMS 0x00000000d8400000| PB 0x00000000d8400000| Untracked |  0
| 389|0x00000000d8500000, 0x00000000d8500000, 0x00000000d8600000|  0%| F|  |TAMS 0x00000000d8500000| PB 0x00000000d8500000| Untracked |  0
| 390|0x00000000d8600000, 0x00000000d8600000, 0x00000000d8700000|  0%| F|  |TAMS 0x00000000d8600000| PB 0x00000000d8600000| Untracked |  0
| 391|0x00000000d8700000, 0x00000000d8700000, 0x00000000d8800000|  0%| F|  |TAMS 0x00000000d8700000| PB 0x00000000d8700000| Untracked |  0
| 392|0x00000000d8800000, 0x00000000d8800000, 0x00000000d8900000|  0%| F|  |TAMS 0x00000000d8800000| PB 0x00000000d8800000| Untracked |  0
| 393|0x00000000d8900000, 0x00000000d8900000, 0x00000000d8a00000|  0%| F|  |TAMS 0x00000000d8900000| PB 0x00000000d8900000| Untracked |  0
| 394|0x00000000d8a00000, 0x00000000d8a00000, 0x00000000d8b00000|  0%| F|  |TAMS 0x00000000d8a00000| PB 0x00000000d8a00000| Untracked |  0
| 395|0x00000000d8b00000, 0x00000000d8c00000, 0x00000000d8c00000|100%| E|  |TAMS 0x00000000d8b00000| PB 0x00000000d8b00000| Complete |  0
| 396|0x00000000d8c00000, 0x00000000d8d00000, 0x00000000d8d00000|100%| E|CS|TAMS 0x00000000d8c00000| PB 0x00000000d8c00000| Complete |  0
| 397|0x00000000d8d00000, 0x00000000d8e00000, 0x00000000d8e00000|100%| E|CS|TAMS 0x00000000d8d00000| PB 0x00000000d8d00000| Complete |  0
| 398|0x00000000d8e00000, 0x00000000d8f00000, 0x00000000d8f00000|100%| E|CS|TAMS 0x00000000d8e00000| PB 0x00000000d8e00000| Complete |  0
| 399|0x00000000d8f00000, 0x00000000d9000000, 0x00000000d9000000|100%| E|CS|TAMS 0x00000000d8f00000| PB 0x00000000d8f00000| Complete |  0
| 400|0x00000000d9000000, 0x00000000d9100000, 0x00000000d9100000|100%| E|CS|TAMS 0x00000000d9000000| PB 0x00000000d9000000| Complete |  0
| 401|0x00000000d9100000, 0x00000000d9200000, 0x00000000d9200000|100%| E|CS|TAMS 0x00000000d9100000| PB 0x00000000d9100000| Complete |  0
| 402|0x00000000d9200000, 0x00000000d9300000, 0x00000000d9300000|100%| E|CS|TAMS 0x00000000d9200000| PB 0x00000000d9200000| Complete |  0
| 403|0x00000000d9300000, 0x00000000d9400000, 0x00000000d9400000|100%| E|CS|TAMS 0x00000000d9300000| PB 0x00000000d9300000| Complete |  0
| 404|0x00000000d9400000, 0x00000000d9500000, 0x00000000d9500000|100%| E|CS|TAMS 0x00000000d9400000| PB 0x00000000d9400000| Complete |  0
| 405|0x00000000d9500000, 0x00000000d9600000, 0x00000000d9600000|100%| E|CS|TAMS 0x00000000d9500000| PB 0x00000000d9500000| Complete |  0
| 406|0x00000000d9600000, 0x00000000d9700000, 0x00000000d9700000|100%| E|CS|TAMS 0x00000000d9600000| PB 0x00000000d9600000| Complete |  0
| 407|0x00000000d9700000, 0x00000000d9800000, 0x00000000d9800000|100%| E|CS|TAMS 0x00000000d9700000| PB 0x00000000d9700000| Complete |  0
| 408|0x00000000d9800000, 0x00000000d9900000, 0x00000000d9900000|100%| E|CS|TAMS 0x00000000d9800000| PB 0x00000000d9800000| Complete |  0
| 409|0x00000000d9900000, 0x00000000d9a00000, 0x00000000d9a00000|100%| E|CS|TAMS 0x00000000d9900000| PB 0x00000000d9900000| Complete |  0
| 410|0x00000000d9a00000, 0x00000000d9b00000, 0x00000000d9b00000|100%| E|CS|TAMS 0x00000000d9a00000| PB 0x00000000d9a00000| Complete |  0
| 411|0x00000000d9b00000, 0x00000000d9c00000, 0x00000000d9c00000|100%| E|CS|TAMS 0x00000000d9b00000| PB 0x00000000d9b00000| Complete |  0
| 412|0x00000000d9c00000, 0x00000000d9d00000, 0x00000000d9d00000|100%| E|CS|TAMS 0x00000000d9c00000| PB 0x00000000d9c00000| Complete |  0
| 413|0x00000000d9d00000, 0x00000000d9e00000, 0x00000000d9e00000|100%| E|CS|TAMS 0x00000000d9d00000| PB 0x00000000d9d00000| Complete |  0
|1022|0x00000000ffe00000, 0x00000000fff00000, 0x00000000fff00000|100%| O|  |TAMS 0x00000000ffe00000| PB 0x00000000ffe00000| Untracked |  0
|1023|0x00000000fff00000, 0x00000000fff1c318, 0x0000000100000000| 11%| O|  |TAMS 0x00000000fff00000| PB 0x00000000fff00000| Untracked |  0

Card table byte_map: [0x000002831d9c0000,0x000002831dbc0000] _byte_map_base: 0x000002831d3c0000

Marking Bits: (CMBitMap*) 0x0000028305478810
 Bits: [0x000002831dbc0000, 0x000002831ebc0000)

Polling page: 0x0000028304a40000

Metaspace:

Usage:
  Non-class:     12.59 MB used.
      Class:      1.47 MB used.
       Both:     14.06 MB used.

Virtual space:
  Non-class space:       64.00 MB reserved,      12.88 MB ( 20%) committed,  1 nodes.
      Class space:        1.00 GB reserved,       1.69 MB ( <1%) committed,  1 nodes.
             Both:        1.06 GB reserved,      14.56 MB (  1%) committed. 

Chunk freelists:
   Non-Class:  2.33 MB
       Class:  14.13 MB
        Both:  16.46 MB

MaxMetaspaceSize: unlimited
CompressedClassSpaceSize: 1.00 GB
Initial GC threshold: 21.00 MB
Current GC threshold: 21.00 MB
CDS: on
 - commit_granule_bytes: 65536.
 - commit_granule_words: 8192.
 - virtual_space_node_default_size: 8388608.
 - enlarge_chunks_in_place: 1.
UseCompressedClassPointers 1, UseCompactObjectHeaders 0
Narrow klass pointer bits 32, Max shift 3
Narrow klass base: 0x0000028322000000, Narrow klass shift: 0
Encoding Range: [0x0000028322000000 - 0x0000028422000000), (4294967296 bytes)
Klass Range:    [0x0000028322000000 - 0x0000028363000000), (1090519040 bytes)
Klass ID Range:  [8 - 1090519033) (1090519025)


Internal statistics:

num_allocs_failed_limit: 0.
num_arena_births: 610.
num_arena_deaths: 0.
num_vsnodes_births: 2.
num_vsnodes_deaths: 0.
num_space_committed: 233.
num_space_uncommitted: 0.
num_chunks_returned_to_freelist: 0.
num_chunks_taken_from_freelist: 1144.
num_chunk_merges: 0.
num_chunk_splits: 686.
num_chunks_enlarged: 374.
num_inconsistent_stats: 0.

CodeHeap 'non-profiled nmethods': size=119232Kb used=1104Kb max_used=1104Kb free=118127Kb
 bounds [0x0000028315ad0000, 0x0000028315d40000, 0x000002831cf40000]
CodeHeap 'profiled nmethods': size=119104Kb used=5749Kb max_used=5749Kb free=113354Kb
 bounds [0x000002830df40000, 0x000002830e4e0000, 0x0000028315390000]
CodeHeap 'non-nmethods': size=7424Kb used=3280Kb max_used=3419Kb free=4143Kb
 bounds [0x0000028315390000, 0x0000028315700000, 0x0000028315ad0000]
CodeCache: size=245760Kb, used=10133Kb, max_used=10272Kb, free=235624Kb
 total_blobs=3887, nmethods=3273, adapters=509, full_count=0
Compilation: enabled, stopped_count=0, restarted_count=0

Compilation events (20 events):
Event: 1.072 Thread 0x0000028321d55850 nmethod 3265 0x000002830e4d8608 code [0x000002830e4d8740, 0x000002830e4d8960]
Event: 1.072 Thread 0x0000028321c95f70 3266       3       java.lang.invoke.IndirectVarHandle::checkAccessModeThenIsDirect (8 bytes)
Event: 1.072 Thread 0x0000028367950860 nmethod 3264 0x000002830e4d8988 code [0x000002830e4d8be0, 0x000002830e4d9ec8]
Event: 1.073 Thread 0x00000283679535c0 3267       3       jdk.internal.foreign.AbstractMemorySegmentImpl::checkEnclosingLayout (68 bytes)
Event: 1.073 Thread 0x0000028321c95f70 nmethod 3266 0x000002830e4d9f88 code [0x000002830e4da120, 0x000002830e4dab80]
Event: 1.074 Thread 0x00000283679535c0 nmethod 3267 0x000002830e4dac08 code [0x000002830e4daee0, 0x000002830e4dcac0]
Event: 1.077 Thread 0x0000028367950860 3268       3       java.lang.Thread::interrupted (7 bytes)
Event: 1.077 Thread 0x0000028321c95f70 3269       3       java.lang.Thread::getAndClearInterrupt (19 bytes)
Event: 1.077 Thread 0x0000028321c95f70 nmethod 3269 0x000002830e4dcb88 code [0x000002830e4dcca0, 0x000002830e4dce20]
Event: 1.077 Thread 0x0000028367950860 nmethod 3268 0x000002830e4dce88 code [0x000002830e4dcfc0, 0x000002830e4dd220]
Event: 1.078 Thread 0x0000028367951780 3270       4       java.util.stream.AbstractPipeline::sourceSpliterator (262 bytes)
Event: 1.080 Thread 0x0000028367951780 nmethod 3270 0x0000028315bd7088 code [0x0000028315bd7180, 0x0000028315bd7328]
Event: 1.080 Thread 0x0000028367951780 3271       4       java.util.stream.AbstractPipeline::wrapSink (37 bytes)
Event: 1.081 Thread 0x0000028321d55850 3272       1       org.kgen.examples.lang.VarDecl::getName (5 bytes)
Event: 1.081 Thread 0x0000028321d55850 nmethod 3272 0x0000028315bd7388 code [0x0000028315bd7480, 0x0000028315bd7548]
Event: 1.081 Thread 0x0000028367951780 nmethod 3271 0x0000028315bd7688 code [0x0000028315bd77a0, 0x0000028315bd78c8]
Event: 1.082 Thread 0x0000028367950860 3273       3       java.util.ArrayList::remove (26 bytes)
Event: 1.082 Thread 0x0000028367950860 nmethod 3273 0x000002830e4dd288 code [0x000002830e4dd3c0, 0x000002830e4dd5e8]
Event: 1.084 Thread 0x0000028367951780 3274  s    4       java.io.ByteArrayOutputStream::write (32 bytes)
Event: 1.088 Thread 0x0000028367951780 nmethod 3274 0x0000028315bd7988 code [0x0000028315bd7ac0, 0x0000028315bd8318]

GC Heap History (2 events):
Event: 0.760 GC heap before
{Heap before GC invocations=0 (full 0):
 garbage-first heap   total reserved 1048576K, committed 425984K, used 50288K [0x00000000c0000000, 0x0000000100000000)
  region size 1024K, 47 young (48128K), 0 survivors (0K)
 Metaspace       used 11620K, committed 11840K, reserved 1114112K
  class space    used 1135K, committed 1216K, reserved 1048576K
}
Event: 0.763 GC heap after
{Heap after GC invocations=1 (full 0):
 garbage-first heap   total reserved 1048576K, committed 425984K, used 5815K [0x00000000c0000000, 0x0000000100000000)
  region size 1024K, 5 young (5120K), 5 survivors (5120K)
 Metaspace       used 11620K, committed 11840K, reserved 1114112K
  class space    used 1135K, committed 1216K, reserved 1048576K
}

Dll operation events (12 events):
Event: 0.005 Loaded shared library C:\Users\ziad\.jdks\azul-24.0.2\bin\java.dll
Event: 0.025 Loaded shared library C:\Users\ziad\.jdks\azul-24.0.2\bin\jsvml.dll
Event: 0.036 Loaded shared library C:\Users\ziad\.jdks\azul-24.0.2\bin\net.dll
Event: 0.038 Loaded shared library C:\Users\ziad\.jdks\azul-24.0.2\bin\nio.dll
Event: 0.041 Loaded shared library C:\Users\ziad\.jdks\azul-24.0.2\bin\zip.dll
Event: 0.078 Loaded shared library C:\Users\ziad\.jdks\azul-24.0.2\bin\verify.dll
Event: 0.082 Loaded shared library C:\Users\ziad\.jdks\azul-24.0.2\bin\jimage.dll
Event: 0.242 Loaded shared library C:\Users\ziad\.jdks\azul-24.0.2\bin\extnet.dll
Event: 0.304 Loaded shared library C:\Users\ziad\.jdks\azul-24.0.2\bin\sunmscapi.dll
Event: 0.778 Loaded shared library C:\Windows\System32\ucrtbase.dll
Event: 0.779 Loaded shared library C:\Users\ziad\.jdks\azul-24.0.2\bin\syslookup.dll
Event: 0.782 Loaded shared library kernel32

Deoptimization events (20 events):
Event: 0.967 Thread 0x00000283030d0db0 Uncommon trap: trap_request=0xffffff5c fr.pc=0x0000028315b25b64 relative=0x0000000000000064
Event: 0.967 Thread 0x00000283030d0db0 Uncommon trap: reason=speculate_null_check action=make_not_entrant pc=0x0000028315b25b64 method=jdk.internal.misc.Unsafe.getIntUnaligned(Ljava/lang/Object;JZ)I @ 5 c2
Event: 0.967 Thread 0x00000283030d0db0 DEOPT PACKING pc=0x0000028315b25b64 sp=0x000000ab5f5fafe0
Event: 0.967 Thread 0x00000283030d0db0 DEOPT UNPACKING pc=0x00000283154b4082 sp=0x000000ab5f5faf60 mode 2
Event: 0.992 Thread 0x00000283030d0db0 Uncommon trap: trap_request=0xffffffd6 fr.pc=0x0000028315bc5a80 relative=0x0000000000000260
Event: 0.992 Thread 0x00000283030d0db0 Uncommon trap: reason=array_check action=maybe_recompile pc=0x0000028315bc5a80 method=java.util.LinkedHashMap.valuesToArray([Ljava/lang/Object;Z)[Ljava/lang/Object; @ 67 c2
Event: 0.993 Thread 0x00000283030d0db0 DEOPT PACKING pc=0x0000028315bc5a80 sp=0x000000ab5f5fcea0
Event: 0.993 Thread 0x00000283030d0db0 DEOPT UNPACKING pc=0x00000283154b4082 sp=0x000000ab5f5fce20 mode 2
Event: 0.993 Thread 0x00000283030d0db0 Uncommon trap: trap_request=0xffffffd6 fr.pc=0x0000028315bc5a80 relative=0x0000000000000260
Event: 0.993 Thread 0x00000283030d0db0 Uncommon trap: reason=array_check action=maybe_recompile pc=0x0000028315bc5a80 method=java.util.LinkedHashMap.valuesToArray([Ljava/lang/Object;Z)[Ljava/lang/Object; @ 67 c2
Event: 0.993 Thread 0x00000283030d0db0 DEOPT PACKING pc=0x0000028315bc5a80 sp=0x000000ab5f5fcc20
Event: 0.993 Thread 0x00000283030d0db0 DEOPT UNPACKING pc=0x00000283154b4082 sp=0x000000ab5f5fcba0 mode 2
Event: 0.993 Thread 0x00000283030d0db0 Uncommon trap: trap_request=0xffffffd6 fr.pc=0x0000028315bc5a80 relative=0x0000000000000260
Event: 0.993 Thread 0x00000283030d0db0 Uncommon trap: reason=array_check action=maybe_recompile pc=0x0000028315bc5a80 method=java.util.LinkedHashMap.valuesToArray([Ljava/lang/Object;Z)[Ljava/lang/Object; @ 67 c2
Event: 0.993 Thread 0x00000283030d0db0 DEOPT PACKING pc=0x0000028315bc5a80 sp=0x000000ab5f5fcc20
Event: 0.993 Thread 0x00000283030d0db0 DEOPT UNPACKING pc=0x00000283154b4082 sp=0x000000ab5f5fcba0 mode 2
Event: 0.993 Thread 0x00000283030d0db0 Uncommon trap: trap_request=0xffffffd6 fr.pc=0x0000028315bc5a80 relative=0x0000000000000260
Event: 0.993 Thread 0x00000283030d0db0 Uncommon trap: reason=array_check action=maybe_recompile pc=0x0000028315bc5a80 method=java.util.LinkedHashMap.valuesToArray([Ljava/lang/Object;Z)[Ljava/lang/Object; @ 67 c2
Event: 0.993 Thread 0x00000283030d0db0 DEOPT PACKING pc=0x0000028315bc5a80 sp=0x000000ab5f5fcea0
Event: 0.993 Thread 0x00000283030d0db0 DEOPT UNPACKING pc=0x00000283154b4082 sp=0x000000ab5f5fce20 mode 2

Classes loaded (20 events):
Event: 0.929 Loading class java/util/AbstractList$SubList done
Event: 0.929 Loading class java/util/AbstractList$RandomAccessSubList done
Event: 0.929 Loading class java/util/AbstractList$SubList$1
Event: 0.930 Loading class java/util/AbstractList$SubList$1 done
Event: 0.931 Loading class java/io/PrintWriter
Event: 0.931 Loading class java/io/PrintWriter done
Event: 0.931 Loading class java/lang/Throwable$WrappedPrintWriter
Event: 0.931 Loading class java/lang/Throwable$PrintStreamOrWriter
Event: 0.931 Loading class java/lang/Throwable$PrintStreamOrWriter done
Event: 0.931 Loading class java/lang/Throwable$WrappedPrintWriter done
Event: 0.933 Loading class java/io/ObjectOutputStream$BlockDataOutputStream
Event: 0.933 Loading class java/io/ObjectOutputStream$BlockDataOutputStream done
Event: 0.933 Loading class java/io/ObjectOutputStream$HandleTable
Event: 0.933 Loading class java/io/ObjectOutputStream$HandleTable done
Event: 0.933 Loading class java/io/ObjectOutputStream$ReplaceTable
Event: 0.934 Loading class java/io/ObjectOutputStream$ReplaceTable done
Event: 0.940 Loading class java/nio/charset/CharacterCodingException
Event: 0.940 Loading class java/nio/charset/CharacterCodingException done
Event: 0.941 Loading class java/util/Collections$EmptyListIterator
Event: 0.941 Loading class java/util/Collections$EmptyListIterator done

Classes unloaded (0 events):
No events

Classes redefined (0 events):
No events

Internal exceptions (20 events):
Event: 0.873 Thread 0x00000283030d0db0 Exception <a 'java/lang/NoSuchMethodError'{0x00000000d9363930}: 'long java.lang.invoke.Invokers$Holder.exactInvoker(java.lang.Object, java.lang.Object)'> (0x00000000d9363930) 
thrown [s\src\hotspot\share\interpreter\linkResolver.cpp, line 805]
Event: 0.873 Thread 0x00000283030d0db0 Exception <a 'java/lang/NoSuchMethodError'{0x00000000d936c520}: 'long java.lang.invoke.DelegatingMethodHandle$Holder.delegate(java.lang.Object, java.lang.Object)'> (0x00000000d936c520) 
thrown [s\src\hotspot\share\interpreter\linkResolver.cpp, line 805]
Event: 0.881 Thread 0x00000283030d0db0 Exception <a 'java/lang/NoSuchMethodError'{0x00000000d93de890}: 'long java.lang.invoke.DirectMethodHandle$Holder.invokeStaticInit(java.lang.Object, long, long, long, long)'> (0x00000000d93de890) 
thrown [s\src\hotspot\share\interpreter\linkResolver.cpp, line 805]
Event: 0.881 Thread 0x00000283030d0db0 Exception <a 'java/lang/NoSuchMethodError'{0x00000000d93e7200}: 'java.lang.Object java.lang.invoke.DirectMethodHandle$Holder.invokeInterface(java.lang.Object, java.lang.Object, long, long)'> (0x00000000d93e7200) 
thrown [s\src\hotspot\share\interpreter\linkResolver.cpp, line 805]
Event: 0.882 Thread 0x00000283030d0db0 Exception <a 'java/lang/NoSuchMethodError'{0x00000000d93efea0}: 'java.lang.Object java.lang.invoke.DirectMethodHandle$Holder.invokeInterface(java.lang.Object, java.lang.Object, long, java.lang.Object)'> (0x00000000d93efea0) 
thrown [s\src\hotspot\share\interpreter\linkResolver.cpp, line 805]
Event: 0.882 Thread 0x00000283030d0db0 Exception <a 'java/lang/NoSuchMethodError'{0x00000000d9200950}: 'void java.lang.invoke.DirectMethodHandle$Holder.invokeStaticInit(java.lang.Object, java.lang.Object, long, java.lang.Object)'> (0x00000000d9200950) 
thrown [s\src\hotspot\share\interpreter\linkResolver.cpp, line 805]
Event: 0.882 Thread 0x00000283030d0db0 Exception <a 'java/lang/NoSuchMethodError'{0x00000000d92092c0}: 'long java.lang.invoke.DirectMethodHandle$Holder.invokeStatic(java.lang.Object, long, long)'> (0x00000000d92092c0) 
thrown [s\src\hotspot\share\interpreter\linkResolver.cpp, line 805]
Event: 0.884 Thread 0x00000283030d0db0 Exception <a 'java/lang/NoSuchMethodError'{0x00000000d9244438}: 'void java.lang.invoke.DelegatingMethodHandle$Holder.reinvoke_L(java.lang.Object, java.lang.Object, java.lang.Object, java.lang.Object, long, long, int)'> (0x00000000d9244438) 
thrown [s\src\hotspot\share\interpreter\linkResolver.cpp, line 805]
Event: 0.885 Thread 0x00000283030d0db0 Exception <a 'java/lang/NoSuchMethodError'{0x00000000d92646d0}: 'java.lang.Object java.lang.invoke.DirectMethodHandle$Holder.invokeStatic(java.lang.Object, java.lang.Object, java.lang.Object, java.lang.Object, java.lang.Object, long)'> (0x00000000d92646d0) 
thrown [s\src\hotspot\share\interpreter\linkResolver.cpp, line 805]
Event: 0.886 Thread 0x00000283030d0db0 Exception <a 'java/lang/NoSuchMethodError'{0x00000000d92889a8}: 'void java.lang.invoke.DelegatingMethodHandle$Holder.reinvoke_L(java.lang.Object, java.lang.Object, java.lang.Object, java.lang.Object, long, long, long)'> (0x00000000d92889a8) 
thrown [s\src\hotspot\share\interpreter\linkResolver.cpp, line 805]
Event: 0.890 Thread 0x00000283030d0db0 Exception <a 'java/lang/NoSuchMethodError'{0x00000000d92b6788}: 'long java.lang.invoke.DirectMethodHandle$Holder.invokeStaticInit(java.lang.Object, java.lang.Object, java.lang.Object)'> (0x00000000d92b6788) 
thrown [s\src\hotspot\share\interpreter\linkResolver.cpp, line 805]
Event: 0.890 Thread 0x00000283030d0db0 Exception <a 'java/lang/NoSuchMethodError'{0x00000000d92c6f38}: 'long java.lang.invoke.DelegatingMethodHandle$Holder.reinvoke_L(java.lang.Object, java.lang.Object, java.lang.Object)'> (0x00000000d92c6f38) 
thrown [s\src\hotspot\share\interpreter\linkResolver.cpp, line 805]
Event: 0.892 Thread 0x00000283030d0db0 Exception <a 'java/lang/NoSuchMethodError'{0x00000000d9101908}: 'long java.lang.invoke.DirectMethodHandle$Holder.invokeStatic(java.lang.Object, java.lang.Object, java.lang.Object, java.lang.Object, long, long)'> (0x00000000d9101908) 
thrown [s\src\hotspot\share\interpreter\linkResolver.cpp, line 805]
Event: 0.892 Thread 0x00000283030d0db0 Exception <a 'java/lang/NoSuchMethodError'{0x00000000d91124a8}: 'long java.lang.invoke.DelegatingMethodHandle$Holder.reinvoke_L(java.lang.Object, java.lang.Object, java.lang.Object, java.lang.Object, long, long)'> (0x00000000d91124a8) 
thrown [s\src\hotspot\share\interpreter\linkResolver.cpp, line 805]
Event: 0.900 Thread 0x00000283030d0db0 Exception <a 'java/lang/NoSuchMethodError'{0x00000000d918d388}: 'long java.lang.invoke.DirectMethodHandle$Holder.invokeStatic(java.lang.Object, java.lang.Object, java.lang.Object, long, long, long)'> (0x00000000d918d388) 
thrown [s\src\hotspot\share\interpreter\linkResolver.cpp, line 805]
Event: 0.900 Thread 0x00000283030d0db0 Exception <a 'java/lang/NoSuchMethodError'{0x00000000d9195ab0}: 'long java.lang.invoke.DirectMethodHandle$Holder.invokeStaticInit(java.lang.Object, java.lang.Object, java.lang.Object, long, long, long)'> (0x00000000d9195ab0) 
thrown [s\src\hotspot\share\interpreter\linkResolver.cpp, line 805]
Event: 0.900 Thread 0x00000283030d0db0 Exception <a 'java/lang/NoSuchMethodError'{0x00000000d91a6540}: 'long java.lang.invoke.DelegatingMethodHandle$Holder.reinvoke_L(java.lang.Object, java.lang.Object, java.lang.Object, long, long, long)'> (0x00000000d91a6540) 
thrown [s\src\hotspot\share\interpreter\linkResolver.cpp, line 805]
Event: 0.942 Thread 0x0000028367a27870 Exception <a 'java/lang/NoSuchMethodError'{0x00000000d8e385d8}: static [Ljava/lang/StackTraceElement;.<clinit>()V> (0x00000000d8e385d8) 
thrown [s\src\hotspot\share\prims\jni.cpp, line 1108]
Event: 0.944 Thread 0x0000028367a27870 Exception <a 'java/lang/NoSuchMethodError'{0x00000000d8e62808}: static [B.<clinit>()V> (0x00000000d8e62808) 
thrown [s\src\hotspot\share\prims\jni.cpp, line 1108]
Event: 0.967 Thread 0x00000283030d0db0 Exception <a 'java/lang/NoSuchMethodError'{0x00000000d8d8eeb0}: 'int java.lang.invoke.DelegatingMethodHandle$Holder.reinvoke_L(java.lang.Object, java.lang.Object, java.lang.Object, java.lang.Object, long, long)'> (0x00000000d8d8eeb0) 
thrown [s\src\hotspot\share\interpreter\linkResolver.cpp, line 805]

VM Operations (20 events):
Event: 0.996 Executing VM operation: HandshakeAllThreads (CloseScopedMemory)
Event: 0.996 Executing VM operation: HandshakeAllThreads (CloseScopedMemory) done
Event: 1.004 Executing VM operation: HandshakeAllThreads (CloseScopedMemory)
Event: 1.004 Executing VM operation: HandshakeAllThreads (CloseScopedMemory) done
Event: 1.011 Executing VM operation: HandshakeAllThreads (CloseScopedMemory)
Event: 1.011 Executing VM operation: HandshakeAllThreads (CloseScopedMemory) done
Event: 1.015 Executing VM operation: HandshakeAllThreads (CloseScopedMemory)
Event: 1.015 Executing VM operation: HandshakeAllThreads (CloseScopedMemory) done
Event: 1.023 Executing VM operation: HandshakeAllThreads (CloseScopedMemory)
Event: 1.023 Executing VM operation: HandshakeAllThreads (CloseScopedMemory) done
Event: 1.032 Executing VM operation: HandshakeAllThreads (CloseScopedMemory)
Event: 1.032 Executing VM operation: HandshakeAllThreads (CloseScopedMemory) done
Event: 1.046 Executing VM operation: HandshakeAllThreads (CloseScopedMemory)
Event: 1.046 Executing VM operation: HandshakeAllThreads (CloseScopedMemory) done
Event: 1.052 Executing VM operation: HandshakeAllThreads (CloseScopedMemory)
Event: 1.052 Executing VM operation: HandshakeAllThreads (CloseScopedMemory) done
Event: 1.060 Executing VM operation: HandshakeAllThreads (CloseScopedMemory)
Event: 1.060 Executing VM operation: HandshakeAllThreads (CloseScopedMemory) done
Event: 1.075 Executing VM operation: HandshakeAllThreads (CloseScopedMemory)
Event: 1.075 Executing VM operation: HandshakeAllThreads (CloseScopedMemory) done

Memory protections (0 events):
No events

Nmethod flushes (0 events):
No events

Events (20 events):
Event: 0.035 Thread 0x00000283030d0db0 Thread added: 0x0000028321df3d50
Event: 0.066 Thread 0x0000028321c95f70 Thread added: 0x0000028321e9d760
Event: 0.226 Thread 0x0000028321c95f70 Thread added: 0x00000283679535c0
Event: 0.226 Thread 0x0000028321c95f70 Thread added: 0x0000028367950860
Event: 0.277 Thread 0x00000283030d0db0 Thread added: 0x00000283679ab520
Event: 0.328 Thread 0x00000283030d0db0 Thread added: 0x0000028367a27870
Event: 0.328 Thread 0x00000283030d0db0 Thread added: 0x0000028367a27fb0
Event: 0.488 Thread 0x0000028321c95f70 Thread added: 0x0000028367951f10
Event: 0.492 Thread 0x0000028321c95f70 Thread added: 0x0000028367950ff0
Event: 0.494 Thread 0x0000028321c95f70 Thread added: 0x00000283679500d0
Event: 0.495 Thread 0x0000028321c95f70 Thread added: 0x0000028367951780
Event: 0.496 Thread 0x0000028321e9d760 Thread added: 0x00000283679526a0
Event: 0.776 Thread 0x00000283679526a0 Thread exited: 0x00000283679526a0
Event: 0.776 Thread 0x0000028367951780 Thread exited: 0x0000028367951780
Event: 0.776 Thread 0x00000283679500d0 Thread exited: 0x00000283679500d0
Event: 0.776 Thread 0x0000028367951f10 Thread exited: 0x0000028367951f10
Event: 0.776 Thread 0x0000028367950ff0 Thread exited: 0x0000028367950ff0
Event: 0.908 Thread 0x0000028321d55850 Thread added: 0x00000283679526a0
Event: 0.941 Thread 0x00000283679535c0 Thread added: 0x0000028367951780
Event: 0.946 Thread 0x0000028367950860 Thread added: 0x0000028367951f10


Dynamic libraries:
0x00007ff6eef40000 - 0x00007ff6eef4e000 	C:\Users\ziad\.jdks\azul-24.0.2\bin\java.exe
0x00007ffc42620000 - 0x00007ffc42883000 	C:\windows\SYSTEM32\ntdll.dll
0x00007ffc420b0000 - 0x00007ffc42177000 	C:\windows\System32\KERNEL32.DLL
0x00007ffc3fbf0000 - 0x00007ffc3ffb9000 	C:\windows\System32\KERNELBASE.dll
0x00007ffc3f960000 - 0x00007ffc3faac000 	C:\windows\System32\ucrtbase.dll
0x00007ffc23480000 - 0x00007ffc23496000 	C:\Users\ziad\.jdks\azul-24.0.2\bin\jli.dll
0x00007ffc20340000 - 0x00007ffc2035e000 	C:\Users\ziad\.jdks\azul-24.0.2\bin\VCRUNTIME140.dll
0x00007ffc40bc0000 - 0x00007ffc40d8a000 	C:\windows\System32\USER32.dll
0x00007ffc402b0000 - 0x00007ffc402d7000 	C:\windows\System32\win32u.dll
0x00007ffc1e680000 - 0x00007ffc1e910000 	C:\windows\WinSxS\amd64_microsoft.windows.common-controls_6595b64144ccf1df_6.0.26100.3323_none_3e088096e3344490\COMCTL32.dll
0x00007ffc42080000 - 0x00007ffc420aa000 	C:\windows\System32\GDI32.dll
0x00007ffc42230000 - 0x00007ffc422d9000 	C:\windows\System32\msvcrt.dll
0x00007ffc3fab0000 - 0x00007ffc3fbe1000 	C:\windows\System32\gdi32full.dll
0x00007ffc3f8b0000 - 0x00007ffc3f953000 	C:\windows\System32\msvcp_win.dll
0x00007ffc41840000 - 0x00007ffc4186f000 	C:\windows\System32\IMM32.DLL
0x00007ffc34290000 - 0x00007ffc3429c000 	C:\Users\ziad\.jdks\azul-24.0.2\bin\vcruntime140_1.dll
0x00007ffbd50d0000 - 0x00007ffbd515d000 	C:\Users\ziad\.jdks\azul-24.0.2\bin\msvcp140.dll
0x00007ffb520a0000 - 0x00007ffb52f1c000 	C:\Users\ziad\.jdks\azul-24.0.2\bin\server\jvm.dll
0x00007ffc42520000 - 0x00007ffc425d2000 	C:\windows\System32\ADVAPI32.dll
0x00007ffc41fd0000 - 0x00007ffc42076000 	C:\windows\System32\sechost.dll
0x00007ffc42400000 - 0x00007ffc42516000 	C:\windows\System32\RPCRT4.dll
0x00007ffc41b60000 - 0x00007ffc41bd4000 	C:\windows\System32\WS2_32.dll
0x00007ffc3e470000 - 0x00007ffc3e4be000 	C:\windows\SYSTEM32\POWRPROF.dll
0x00007ffc2e2b0000 - 0x00007ffc2e2bb000 	C:\windows\SYSTEM32\VERSION.dll
0x00007ffc34450000 - 0x00007ffc34486000 	C:\windows\SYSTEM32\WINMM.dll
0x00007ffc3e450000 - 0x00007ffc3e464000 	C:\windows\SYSTEM32\UMPDC.dll
0x00007ffc3e710000 - 0x00007ffc3e72a000 	C:\windows\SYSTEM32\kernel.appcore.dll
0x00007ffc20330000 - 0x00007ffc2033a000 	C:\Users\ziad\.jdks\azul-24.0.2\bin\jimage.dll
0x00007ffc31e80000 - 0x00007ffc320c1000 	C:\windows\SYSTEM32\DBGHELP.DLL
0x00007ffc40ea0000 - 0x00007ffc41222000 	C:\windows\System32\combase.dll
0x00007ffc41a80000 - 0x00007ffc41b56000 	C:\windows\System32\OLEAUT32.dll
0x00007ffc1df00000 - 0x00007ffc1df39000 	C:\windows\SYSTEM32\dbgcore.DLL
0x00007ffc402e0000 - 0x00007ffc40379000 	C:\windows\System32\bcryptPrimitives.dll
0x00007ffc20310000 - 0x00007ffc2032e000 	C:\Users\ziad\.jdks\azul-24.0.2\bin\java.dll
0x00007ffc41e10000 - 0x00007ffc41fa5000 	C:\windows\System32\ole32.dll
0x00007ffc40440000 - 0x00007ffc40b55000 	C:\windows\System32\SHELL32.dll
0x00007ffc3ffc0000 - 0x00007ffc40128000 	C:\windows\System32\wintypes.dll
0x00007ffc3d4c0000 - 0x00007ffc3dd05000 	C:\windows\SYSTEM32\windows.storage.dll
0x00007ffc42310000 - 0x00007ffc423fb000 	C:\windows\System32\SHCORE.dll
0x00007ffc41920000 - 0x00007ffc4197d000 	C:\windows\System32\shlwapi.dll
0x00007ffc3f730000 - 0x00007ffc3f75f000 	C:\windows\SYSTEM32\profapi.dll
0x00007ffbcee00000 - 0x00007ffbceed7000 	C:\Users\ziad\.jdks\azul-24.0.2\bin\jsvml.dll
0x00007ffc20300000 - 0x00007ffc20310000 	C:\Users\ziad\.jdks\azul-24.0.2\bin\net.dll
0x00007ffc3ec10000 - 0x00007ffc3ec7a000 	C:\windows\system32\mswsock.dll
0x00007ffbddfe0000 - 0x00007ffbddff6000 	C:\Users\ziad\.jdks\azul-24.0.2\bin\nio.dll
0x00007ffbddfc0000 - 0x00007ffbddfd7000 	C:\Users\ziad\.jdks\azul-24.0.2\bin\zip.dll
0x00007ffc20040000 - 0x00007ffc20050000 	C:\Users\ziad\.jdks\azul-24.0.2\bin\verify.dll
0x00007ffbf7c80000 - 0x00007ffbf7c89000 	C:\Users\ziad\.jdks\azul-24.0.2\bin\extnet.dll
0x00007ffbf63a0000 - 0x00007ffbf63ae000 	C:\Users\ziad\.jdks\azul-24.0.2\bin\sunmscapi.dll
0x00007ffc40130000 - 0x00007ffc402a7000 	C:\windows\System32\CRYPT32.dll
0x00007ffc3f110000 - 0x00007ffc3f140000 	C:\windows\SYSTEM32\ncrypt.dll
0x00007ffc3f0c0000 - 0x00007ffc3f0ff000 	C:\windows\SYSTEM32\NTASN1.dll
0x00007ffc300c0000 - 0x00007ffc300c8000 	C:\windows\system32\wshunix.dll
0x00007ffc3efc0000 - 0x00007ffc3efdc000 	C:\windows\SYSTEM32\CRYPTSP.dll
0x00007ffc3e670000 - 0x00007ffc3e6aa000 	C:\windows\system32\rsaenh.dll
0x00007ffc3ecb0000 - 0x00007ffc3ecdb000 	C:\windows\SYSTEM32\USERENV.dll
0x00007ffc3f150000 - 0x00007ffc3f176000 	C:\windows\SYSTEM32\bcrypt.dll
0x00007ffc3ee40000 - 0x00007ffc3ee4c000 	C:\windows\SYSTEM32\CRYPTBASE.dll
0x00007ffc3e0e0000 - 0x00007ffc3e113000 	C:\windows\SYSTEM32\IPHLPAPI.DLL
0x00007ffc40e90000 - 0x00007ffc40e9a000 	C:\windows\System32\NSI.dll
0x00007ffbf4e60000 - 0x00007ffbf4e69000 	C:\Users\ziad\.jdks\azul-24.0.2\bin\syslookup.dll

JVMTI agents: none

dbghelp: loaded successfully - version: 4.0.5 - missing functions: none
symbol engine: initialized successfully - sym options: 0x614 - pdb path: .;C:\Users\ziad\.jdks\azul-24.0.2\bin;C:\windows\SYSTEM32;C:\windows\WinSxS\amd64_microsoft.windows.common-controls_6595b64144ccf1df_6.0.26100.3323_none_3e088096e3344490;C:\Users\ziad\.jdks\azul-24.0.2\bin\server

VM Arguments:
jvm_args: -Dorg.gradle.internal.worker.tmpdir=C:\src\kgen\examples\lang\build\tmp\test\work --enable-native-access=ALL-UNNAMED -Xmx1g -Dfile.encoding=UTF-8 -Duser.country=US -Duser.language=en -Duser.variant -ea 
java_command: worker.org.gradle.process.internal.worker.GradleWorkerMain 'Gradle Test Executor 45'
java_class_path (initial): C:\\Users\\ziad\\.gradle\\caches\\8.14.1\\workerMain\\gradle-worker.jar;C:\\src\\kgen\\examples\\lang\\build\\classes\\kotlin\\test;C:\\src\\kgen\\examples\\lang\\build\\classes\\kotlin\\main;C:\\src\\kgen\\kgen\\build\\libs\\kgen-0.1.0-SNAPSHOT.jar;C:\\Users\\ziad\\.gradle\\caches\\modules-2\\files-2.1\\org.jetbrains.kotlin\\kotlin-test-junit5\\2.1.10\\fc0a18dd6972c35268f29fa357fc2a30c11728b6\\kotlin-test-junit5-2.1.10.jar;C:\\Users\\ziad\\.gradle\\caches\\modules-2\\files-2.1\\org.jetbrains.kotlin\\kotlin-test\\2.1.10\\9a70f7e2e364080626a4f9ec7256290dee15fd5\\kotlin-test-2.1.10.jar;C:\\Users\\ziad\\.gradle\\caches\\modules-2\\files-2.1\\org.jetbrains.kotlin\\kotlin-stdlib\\2.1.10\\d3028429e7151d7a7c1a0d63a4f60eac86a87b91\\kotlin-stdlib-2.1.10.jar;C:\\Users\\ziad\\.gradle\\caches\\modules-2\\files-2.1\\org.jetbrains\\annotations\\13.0\\919f0dfe192fb4e063e7dacadee7f8bb9a2672a9\\annotations-13.0.jar;C:\\Users\\ziad\\.gradle\\caches\\modules-2\\files-2.1\\org.junit.platform\\junit-platform-launcher\\1.10.1\\ce85bf5e38bee0989ded9bd468dd4ff78dc0cfa8\\junit-platform-launcher-1.10.1.jar;C:\\Users\\ziad\\.gradle\\caches\\modules-2\\files-2.1\\org.junit.platform\\junit-platform-engine\\1.10.1\\f32ae4af74fde68414b8a3d2b7cf1fb43824a83a\\junit-platform-engine-1.10.1.jar;C:\\Users\\ziad\\.gradle\\caches\\modules-2\\files-2.1\\org.junit.jupiter\\junit-jupiter-api\\5.10.1\\eb90c7d8bfaae8fdc97b225733fcb595ddd72843\\junit-jupiter-api-5.10.1.jar;C:\\Users\\ziad\\.gradle\\caches\\modules-2\\files-2.1\\org.junit.platform\\junit-platform-commons\\1.10.1\\2bfcd4a4e38b10c671b6916d7e543c20afe25579\\junit-platform-commons-1.10.1.jar;C:\\Users\\ziad\\.gradle\\caches\\modules-2\\files-2.1\\org.junit.jupiter\\junit-jupiter-engine\\5.10.1\\6c9ff773f9aa842b91d1f2fe4658973252ce2428\\junit-jupiter-engine-5.10.1.jar;C:\\Users\\ziad\\.gradle\\caches\\modules-2\\files-2.1\\org.opentest4j\\opentest4j\\1.3.0\\152ea56b3a72f655d4fd677fc0ef2596c3dd5e6e\\opentest4j-1.3.0.jar
Launcher Type: SUN_STANDARD

[Global flags]
     intx CICompilerCount                          = 12                                        {product} {ergonomic}
     uint ConcGCThreads                            = 3                                         {product} {ergonomic}
     uint G1ConcRefinementThreads                  = 13                                        {product} {ergonomic}
   size_t G1HeapRegionSize                         = 1048576                                   {product} {ergonomic}
   size_t InitialHeapSize                          = 434110464                                 {product} {ergonomic}
   size_t MarkStackSize                            = 4194304                                   {product} {ergonomic}
   size_t MarkStackSizeMax                         = 536870912                                 {product} {ergonomic}
   size_t MaxHeapSize                              = 1073741824                                {product} {command line}
   size_t MaxNewSize                               = 643825664                                 {product} {ergonomic}
   size_t MinHeapDeltaBytes                        = 1048576                                   {product} {ergonomic}
   size_t MinHeapSize                              = 8388608                                   {product} {ergonomic}
    uintx NonNMethodCodeHeapSize                   = 7602176                                {pd product} {ergonomic}
    uintx NonProfiledCodeHeapSize                  = 122093568                              {pd product} {ergonomic}
    uintx ProfiledCodeHeapSize                     = 121962496                              {pd product} {ergonomic}
    uintx ReservedCodeCacheSize                    = 251658240                              {pd product} {ergonomic}
     bool SegmentedCodeCache                       = true                                      {product} {ergonomic}
   size_t SoftMaxHeapSize                          = 1073741824                             {manageable} {ergonomic}
     bool UseCompressedOops                        = true                           {product lp64_product} {ergonomic}
     bool UseG1GC                                  = true                                      {product} {ergonomic}
     bool UseLargePagesIndividualAllocation        = false                                  {pd product} {ergonomic}

Logging:
Log output configuration:
 #0: stdout all=warning uptime,level,tags foldmultilines=false
 #1: stderr all=off uptime,level,tags foldmultilines=false

Environment Variables:
JAVA_HOME=C:\Users\ziad\.jdks\azul-24.0.2
PATH=C:\windows\system32;C:\windows;C:\windows\System32\Wbem;C:\windows\System32\WindowsPowerShell\v1.0\;C:\windows\System32\OpenSSH\;C:\Program Files\Microsoft SQL Server\150\Tools\Binn\;C:\Program Files\Microsoft SQL Server\Client SDK\ODBC\170\Tools\Binn\;C:\Program Files\dotnet\;C:\Program Files\Microsoft SQL Server\170\Tools\Binn\;C:\Users\ziad\AppData\Local\Microsoft\WindowsApps;C:\Users\ziad\AppData\Local\Programs\Microsoft VS Code\bin;C:\Users\ziad\.dotnet\tools
USERNAME=ziad
OS=Windows_NT
PROCESSOR_IDENTIFIER=AMD64 Family 25 Model 116 Stepping 1, AuthenticAMD
TMP=C:\Users\ziad\AppData\Local\Temp
TEMP=C:\Users\ziad\AppData\Local\Temp




Periodic native trim disabled

---------------  S Y S T E M  ---------------

OS:
 Windows 11 , 64 bit Build 26100 (10.0.26100.3323)
OS uptime: 10 days 15:22 hours
Hyper-V role detected

CPU: total 16 (initial active 16) (16 cores per cpu, 2 threads per core) family 25 model 116 stepping 1 microcode 0xa704107, cx8, cmov, fxsr, ht, mmx, 3dnowpref, sse, sse2, sse3, ssse3, sse4a, sse4.1, sse4.2, popcnt, lzcnt, tsc, tscinvbit, avx, avx2, aes, erms, clmul, bmi1, bmi2, adx, avx512f, avx512dq, avx512cd, avx512bw, avx512vl, sha, fma, vzeroupper, avx512_vpopcntdq, avx512_vpclmulqdq, avx512_vaes, avx512_vnni, clflush, clflushopt, avx512_vbmi2, avx512_vbmi, hv, rdtscp, rdpid, fsrm, gfni, avx512_bitalg, f16c, cet_ss, avx512_ifma
Processor Information for the first 16 processors :
  Max Mhz: 3801, Current Mhz: 3801, Mhz Limit: 3801

Memory: 4k page, system-wide physical 26421M (6781M free)
TotalPageFile size 38264M (AvailPageFile size 3684M)
current process WorkingSet (physical memory assigned to process): 182M, peak: 188M
current process commit charge ("private bytes"): 600M, peak: 624M

vm_info: OpenJDK 64-Bit Server VM (24.0.2+12) for windows-amd64 JRE (24.0.2+12) (Zulu24.32+13-CA), built on 2025-07-11T12:45:44Z with MS VC++ 17.1 (VS2022)

END.
