#
# A fatal error has been detected by the Java Runtime Environment:
#
#  EXCEPTION_INT_DIVIDE_BY_ZERO (0xc0000094) at pc=0x0000016583f40009, pid=32956, tid=40904
#
# JRE version: OpenJDK Runtime Environment Zulu24.32+13-CA (24.0.2+12) (build 24.0.2+12)
# Java VM: OpenJDK 64-Bit Server VM Zulu24.32+13-CA (24.0.2+12, mixed mode, sharing, tiered, compressed oops, compressed class ptrs, g1 gc, windows-amd64)
# Problematic frame:
# C  0x0000016583f40009
#
# No core dump will be written. Minidumps are not enabled by default on client versions of Windows
#
# If you would like to submit a bug report, please visit:
#   http://www.azul.com/support/
# The crash happened outside the Java Virtual Machine in native code.
# See problematic frame for where to report the bug.
#

---------------  S U M M A R Y ------------

Command Line: -Dorg.gradle.internal.worker.tmpdir=C:\src\kgen\examples\lang\build\tmp\test\work --enable-native-access=ALL-UNNAMED -Xmx512m -Dfile.encoding=UTF-8 -Duser.country=US -Duser.language=en -Duser.variant -ea worker.org.gradle.process.internal.worker.GradleWorkerMain 'Gradle Test Executor 1'

Host: AMD Ryzen 7 7840HS w/ Radeon 780M Graphics     , 16 cores, 25G,  Windows 11 , 64 bit Build 26100 (10.0.26100.3323)
Time: Sat Mar  7 12:56:23 2026 Pacific Standard Time elapsed time: 1.100177 seconds (0d 0h 0m 1s)

---------------  T H R E A D  ---------------

Current thread (0x000001659a301b60):  JavaThread "Test worker"        [_thread_in_native, id=40904, stack(0x0000000585b00000,0x0000000585c00000) (1024K)]

Stack: [0x0000000585b00000,0x0000000585c00000],  sp=0x0000000585bfbcb0,  free space=1007k
Native frames: (J=compiled Java code, j=interpreted, Vv=VM code, C=native code)
C  0x0000016583f40009  (no source info available)

Java frames: (J=compiled Java code, j=interpreted, Vv=VM code)
v  ~RuntimeStub::nep_invoker_blob 0x00000165acacaf68
j  java.lang.invoke.LambdaForm$MH+0x00000165ba194400.invoke(Ljava/lang/Object;JJJ)J+12 java.base@24.0.2
j  java.lang.invoke.LambdaForm$MH+0x00000165ba18f000.invokeExact_MT(Ljava/lang/Object;JJJLjava/lang/Object;)J+23 java.base@24.0.2
j  jdk.internal.foreign.abi.DowncallStub+0x00000165ba194800.invoke(Ljava/lang/foreign/SegmentAllocator;Ljava/lang/foreign/MemorySegment;JJ)J+52 java.base@24.0.2
j  java.lang.invoke.LambdaForm$DMH+0x00000165ba194c00.invokeStatic(Ljava/lang/Object;Ljava/lang/Object;Ljava/lang/Object;JJ)J+16 java.base@24.0.2
j  java.lang.invoke.LambdaForm$MH+0x00000165ba197000.invoke(Ljava/lang/Object;JJ)Ljava/lang/Object;+50 java.base@24.0.2
j  java.lang.invoke.LambdaForm$MH+0x00000165ba196c00.invoke_MT(Ljava/lang/Object;JJLjava/lang/Object;)Ljava/lang/Object;+23 java.base@24.0.2
j  org.kgen.jit.JitEngine$Companion.invokeHandle(Ljava/lang/invoke/MethodHandle;[J)Ljava/lang/Object;+68
j  org.kgen.jit.JitEngine$Companion.access$invokeHandle(Lorg/kgen/jit/JitEngine$Companion;Ljava/lang/invoke/MethodHandle;[J)Ljava/lang/Object;+3
j  org.kgen.jit.JitEngine.call(Ljava/lang/String;[J)J+88
j  org.kgen.examples.lang.JitRunner.run(Ljava/lang/String;Ljava/lang/String;[J)J+35
j  org.kgen.examples.lang.JitRunnerTest.divisionTruncates()V+53
j  java.lang.invoke.DirectMethodHandle$Holder.invokeSpecial(Ljava/lang/Object;Ljava/lang/Object;)V+10 java.base@24.0.2
j  java.lang.invoke.LambdaForm$MH+0x00000165ba089000.invoke(Ljava/lang/Object;Ljava/lang/Object;)Ljava/lang/Object;+31 java.base@24.0.2
j  java.lang.invoke.Invokers$Holder.invokeExact_MT(Ljava/lang/Object;Ljava/lang/Object;Ljava/lang/Object;)Ljava/lang/Object;+19 java.base@24.0.2
j  jdk.internal.reflect.DirectMethodHandleAccessor.invokeImpl(Ljava/lang/Object;[Ljava/lang/Object;)Ljava/lang/Object;+41 java.base@24.0.2
j  jdk.internal.reflect.DirectMethodHandleAccessor.invoke(Ljava/lang/Object;[Ljava/lang/Object;)Ljava/lang/Object;+23 java.base@24.0.2
j  java.lang.reflect.Method.invoke(Ljava/lang/Object;[Ljava/lang/Object;)Ljava/lang/Object;+102 java.base@24.0.2
j  org.junit.platform.commons.util.ReflectionUtils.invokeMethod(Ljava/lang/reflect/Method;Ljava/lang/Object;[Ljava/lang/Object;)Ljava/lang/Object;+42
j  org.junit.jupiter.engine.execution.MethodInvocation.proceed()Ljava/lang/Object;+16
j  org.junit.jupiter.engine.execution.InvocationInterceptorChain$ValidatingInvocation.proceed()Ljava/lang/Object;+8
j  org.junit.jupiter.engine.extension.TimeoutExtension.intercept(Lorg/junit/jupiter/api/extension/InvocationInterceptor$Invocation;Lorg/junit/jupiter/api/extension/ReflectiveInvocationContext;Lorg/junit/jupiter/api/extension/ExtensionContext;Lorg/junit/jupiter/engine/extension/TimeoutDuration;Lorg/junit/jupiter/engine/extension/TimeoutExtension$TimeoutProvider;)Ljava/lang/Object;+28
j  org.junit.jupiter.engine.extension.TimeoutExtension.interceptTestableMethod(Lorg/junit/jupiter/api/extension/InvocationInterceptor$Invocation;Lorg/junit/jupiter/api/extension/ReflectiveInvocationContext;Lorg/junit/jupiter/api/extension/ExtensionContext;Lorg/junit/jupiter/engine/extension/TimeoutExtension$TimeoutProvider;)Ljava/lang/Object;+31
j  org.junit.jupiter.engine.extension.TimeoutExtension.interceptTestMethod(Lorg/junit/jupiter/api/extension/InvocationInterceptor$Invocation;Lorg/junit/jupiter/api/extension/ReflectiveInvocationContext;Lorg/junit/jupiter/api/extension/ExtensionContext;)V+9
j  org.junit.jupiter.engine.descriptor.TestMethodTestDescriptor$$Lambda+0x00000165ba0bf6d0.apply(Lorg/junit/jupiter/api/extension/InvocationInterceptor;Lorg/junit/jupiter/api/extension/InvocationInterceptor$Invocation;Lorg/junit/jupiter/api/extension/ReflectiveInvocationContext;Lorg/junit/jupiter/api/extension/ExtensionContext;)V+5
j  org.junit.jupiter.engine.execution.InterceptingExecutableInvoker$ReflectiveInterceptorCall.lambda$ofVoidMethod$0(Lorg/junit/jupiter/engine/execution/InterceptingExecutableInvoker$ReflectiveInterceptorCall$VoidMethodInterceptorCall;Lorg/junit/jupiter/api/extension/InvocationInterceptor;Lorg/junit/jupiter/api/extension/InvocationInterceptor$Invocation;Lorg/junit/jupiter/api/extension/ReflectiveInvocationContext;Lorg/junit/jupiter/api/extension/ExtensionContext;)Ljava/lang/Void;+6
j  org.junit.jupiter.engine.execution.InterceptingExecutableInvoker$ReflectiveInterceptorCall$$Lambda+0x00000165ba0bf900.apply(Lorg/junit/jupiter/api/extension/InvocationInterceptor;Lorg/junit/jupiter/api/extension/InvocationInterceptor$Invocation;Lorg/junit/jupiter/api/extension/ReflectiveInvocationContext;Lorg/junit/jupiter/api/extension/ExtensionContext;)Ljava/lang/Object;+9
j  org.junit.jupiter.engine.execution.InterceptingExecutableInvoker.lambda$invoke$0(Lorg/junit/jupiter/engine/execution/InterceptingExecutableInvoker$ReflectiveInterceptorCall;Lorg/junit/jupiter/api/extension/ReflectiveInvocationContext;Lorg/junit/jupiter/api/extension/ExtensionContext;Lorg/junit/jupiter/api/extension/InvocationInterceptor;Lorg/junit/jupiter/api/extension/InvocationInterceptor$Invocation;)Ljava/lang/Object;+6
j  org.junit.jupiter.engine.execution.InterceptingExecutableInvoker$$Lambda+0x00000165ba126820.apply(Lorg/junit/jupiter/api/extension/InvocationInterceptor;Lorg/junit/jupiter/api/extension/InvocationInterceptor$Invocation;)Ljava/lang/Object;+14
j  org.junit.jupiter.engine.execution.InvocationInterceptorChain$InterceptedInvocation.proceed()Ljava/lang/Object;+12
j  org.junit.jupiter.engine.execution.InvocationInterceptorChain.proceed(Lorg/junit/jupiter/api/extension/InvocationInterceptor$Invocation;)Ljava/lang/Object;+1
j  org.junit.jupiter.engine.execution.InvocationInterceptorChain.chainAndInvoke(Lorg/junit/jupiter/api/extension/InvocationInterceptor$Invocation;Lorg/junit/jupiter/engine/execution/InvocationInterceptorChain$InterceptorCall;Ljava/util/List;)Ljava/lang/Object;+24
j  org.junit.jupiter.engine.execution.InvocationInterceptorChain.invoke(Lorg/junit/jupiter/api/extension/InvocationInterceptor$Invocation;Lorg/junit/jupiter/engine/extension/ExtensionRegistry;Lorg/junit/jupiter/engine/execution/InvocationInterceptorChain$InterceptorCall;)Ljava/lang/Object;+31
j  org.junit.jupiter.engine.execution.InterceptingExecutableInvoker.invoke(Lorg/junit/jupiter/api/extension/InvocationInterceptor$Invocation;Lorg/junit/jupiter/api/extension/ReflectiveInvocationContext;Lorg/junit/jupiter/api/extension/ExtensionContext;Lorg/junit/jupiter/engine/extension/ExtensionRegistry;Lorg/junit/jupiter/engine/execution/InterceptingExecutableInvoker$ReflectiveInterceptorCall;)Ljava/lang/Object;+15
j  org.junit.jupiter.engine.execution.InterceptingExecutableInvoker.invoke(Ljava/lang/reflect/Method;Ljava/lang/Object;Lorg/junit/jupiter/api/extension/ExtensionContext;Lorg/junit/jupiter/engine/extension/ExtensionRegistry;Lorg/junit/jupiter/engine/execution/InterceptingExecutableInvoker$ReflectiveInterceptorCall;)Ljava/lang/Object;+55
j  org.junit.jupiter.engine.descriptor.TestMethodTestDescriptor.lambda$invokeTestMethod$7(Lorg/junit/jupiter/api/extension/ExtensionContext;Lorg/junit/jupiter/engine/execution/JupiterEngineExecutionContext;)V+28
j  org.junit.jupiter.engine.descriptor.TestMethodTestDescriptor$$Lambda+0x00000165ba122910.execute()V+12
J 2496 c1 org.junit.platform.engine.support.hierarchical.ThrowableCollector.execute(Lorg/junit/platform/engine/support/hierarchical/ThrowableCollector$Executable;)V (20 bytes) @ 0x00000165a5760cf4 [0x00000165a5760be0+0x0000000000000114]
j  org.junit.jupiter.engine.descriptor.TestMethodTestDescriptor.invokeTestMethod(Lorg/junit/jupiter/engine/execution/JupiterEngineExecutionContext;Lorg/junit/platform/engine/support/hierarchical/Node$DynamicTestExecutor;)V+21
j  org.junit.jupiter.engine.descriptor.TestMethodTestDescriptor.execute(Lorg/junit/jupiter/engine/execution/JupiterEngineExecutionContext;Lorg/junit/platform/engine/support/hierarchical/Node$DynamicTestExecutor;)Lorg/junit/jupiter/engine/execution/JupiterEngineExecutionContext;+44
j  org.junit.jupiter.engine.descriptor.TestMethodTestDescriptor.execute(Lorg/junit/platform/engine/support/hierarchical/EngineExecutionContext;Lorg/junit/platform/engine/support/hierarchical/Node$DynamicTestExecutor;)Lorg/junit/platform/engine/support/hierarchical/EngineExecutionContext;+6
j  org.junit.platform.engine.support.hierarchical.NodeTestTask.lambda$executeRecursively$6()V+79
j  org.junit.platform.engine.support.hierarchical.NodeTestTask$$Lambda+0x00000165ba117d20.execute()V+4
J 2496 c1 org.junit.platform.engine.support.hierarchical.ThrowableCollector.execute(Lorg/junit/platform/engine/support/hierarchical/ThrowableCollector$Executable;)V (20 bytes) @ 0x00000165a5760cf4 [0x00000165a5760be0+0x0000000000000114]
j  org.junit.platform.engine.support.hierarchical.NodeTestTask.lambda$executeRecursively$8(Lorg/junit/platform/engine/support/hierarchical/EngineExecutionContext;)V+15
j  org.junit.platform.engine.support.hierarchical.NodeTestTask$$Lambda+0x00000165ba117ae8.invoke(Lorg/junit/platform/engine/support/hierarchical/EngineExecutionContext;)V+5
j  org.junit.platform.engine.support.hierarchical.Node.around(Lorg/junit/platform/engine/support/hierarchical/EngineExecutionContext;Lorg/junit/platform/engine/support/hierarchical/Node$Invocation;)V+2
j  org.junit.platform.engine.support.hierarchical.NodeTestTask.lambda$executeRecursively$9()V+14
j  org.junit.platform.engine.support.hierarchical.NodeTestTask$$Lambda+0x00000165ba1178b0.execute()V+4
J 2496 c1 org.junit.platform.engine.support.hierarchical.ThrowableCollector.execute(Lorg/junit/platform/engine/support/hierarchical/ThrowableCollector$Executable;)V (20 bytes) @ 0x00000165a5760cf4 [0x00000165a5760be0+0x0000000000000114]
j  org.junit.platform.engine.support.hierarchical.NodeTestTask.executeRecursively()V+31
j  org.junit.platform.engine.support.hierarchical.NodeTestTask.execute()V+55
j  org.junit.platform.engine.support.hierarchical.SameThreadHierarchicalTestExecutorService$$Lambda+0x00000165ba115930.accept(Ljava/lang/Object;)V+4
J 2046 c1 java.util.ArrayList.forEach(Ljava/util/function/Consumer;)V java.base@24.0.2 (74 bytes) @ 0x00000165a5672aac [0x00000165a5672880+0x000000000000022c]
j  org.junit.platform.engine.support.hierarchical.SameThreadHierarchicalTestExecutorService.invokeAll(Ljava/util/List;)V+6
j  org.junit.platform.engine.support.hierarchical.NodeTestTask.lambda$executeRecursively$6()V+116
j  org.junit.platform.engine.support.hierarchical.NodeTestTask$$Lambda+0x00000165ba117d20.execute()V+4
J 2496 c1 org.junit.platform.engine.support.hierarchical.ThrowableCollector.execute(Lorg/junit/platform/engine/support/hierarchical/ThrowableCollector$Executable;)V (20 bytes) @ 0x00000165a5760cf4 [0x00000165a5760be0+0x0000000000000114]
j  org.junit.platform.engine.support.hierarchical.NodeTestTask.lambda$executeRecursively$8(Lorg/junit/platform/engine/support/hierarchical/EngineExecutionContext;)V+15
j  org.junit.platform.engine.support.hierarchical.NodeTestTask$$Lambda+0x00000165ba117ae8.invoke(Lorg/junit/platform/engine/support/hierarchical/EngineExecutionContext;)V+5
j  org.junit.platform.engine.support.hierarchical.Node.around(Lorg/junit/platform/engine/support/hierarchical/EngineExecutionContext;Lorg/junit/platform/engine/support/hierarchical/Node$Invocation;)V+2
j  org.junit.platform.engine.support.hierarchical.NodeTestTask.lambda$executeRecursively$9()V+14
j  org.junit.platform.engine.support.hierarchical.NodeTestTask$$Lambda+0x00000165ba1178b0.execute()V+4
J 2496 c1 org.junit.platform.engine.support.hierarchical.ThrowableCollector.execute(Lorg/junit/platform/engine/support/hierarchical/ThrowableCollector$Executable;)V (20 bytes) @ 0x00000165a5760cf4 [0x00000165a5760be0+0x0000000000000114]
j  org.junit.platform.engine.support.hierarchical.NodeTestTask.executeRecursively()V+31
j  org.junit.platform.engine.support.hierarchical.NodeTestTask.execute()V+55
j  org.junit.platform.engine.support.hierarchical.SameThreadHierarchicalTestExecutorService$$Lambda+0x00000165ba115930.accept(Ljava/lang/Object;)V+4
J 2046 c1 java.util.ArrayList.forEach(Ljava/util/function/Consumer;)V java.base@24.0.2 (74 bytes) @ 0x00000165a5672aac [0x00000165a5672880+0x000000000000022c]
j  org.junit.platform.engine.support.hierarchical.SameThreadHierarchicalTestExecutorService.invokeAll(Ljava/util/List;)V+6
j  org.junit.platform.engine.support.hierarchical.NodeTestTask.lambda$executeRecursively$6()V+116
j  org.junit.platform.engine.support.hierarchical.NodeTestTask$$Lambda+0x00000165ba117d20.execute()V+4
j  org.junit.platform.engine.support.hierarchical.ThrowableCollector.execute(Lorg/junit/platform/engine/support/hierarchical/ThrowableCollector$Executable;)V+1
j  org.junit.platform.engine.support.hierarchical.NodeTestTask.lambda$executeRecursively$8(Lorg/junit/platform/engine/support/hierarchical/EngineExecutionContext;)V+15
j  org.junit.platform.engine.support.hierarchical.NodeTestTask$$Lambda+0x00000165ba117ae8.invoke(Lorg/junit/platform/engine/support/hierarchical/EngineExecutionContext;)V+5
j  org.junit.platform.engine.support.hierarchical.Node.around(Lorg/junit/platform/engine/support/hierarchical/EngineExecutionContext;Lorg/junit/platform/engine/support/hierarchical/Node$Invocation;)V+2
j  org.junit.platform.engine.support.hierarchical.NodeTestTask.lambda$executeRecursively$9()V+14
j  org.junit.platform.engine.support.hierarchical.NodeTestTask$$Lambda+0x00000165ba1178b0.execute()V+4
j  org.junit.platform.engine.support.hierarchical.ThrowableCollector.execute(Lorg/junit/platform/engine/support/hierarchical/ThrowableCollector$Executable;)V+1
j  org.junit.platform.engine.support.hierarchical.NodeTestTask.executeRecursively()V+31
j  org.junit.platform.engine.support.hierarchical.NodeTestTask.execute()V+55
j  org.junit.platform.engine.support.hierarchical.SameThreadHierarchicalTestExecutorService.submit(Lorg/junit/platform/engine/support/hierarchical/HierarchicalTestExecutorService$TestTask;)Ljava/util/concurrent/Future;+1
j  org.junit.platform.engine.support.hierarchical.HierarchicalTestExecutor.execute()Ljava/util/concurrent/Future;+74
j  org.junit.platform.engine.support.hierarchical.HierarchicalTestEngine.execute(Lorg/junit/platform/engine/ExecutionRequest;)V+31
j  org.junit.platform.launcher.core.EngineExecutionOrchestrator.execute(Lorg/junit/platform/engine/TestDescriptor;Lorg/junit/platform/engine/EngineExecutionListener;Lorg/junit/platform/engine/ConfigurationParameters;Lorg/junit/platform/engine/TestEngine;)V+24
j  org.junit.platform.launcher.core.EngineExecutionOrchestrator.execute(Lorg/junit/platform/launcher/core/LauncherDiscoveryResult;Lorg/junit/platform/engine/EngineExecutionListener;)V+115
j  org.junit.platform.launcher.core.EngineExecutionOrchestrator.execute(Lorg/junit/platform/launcher/core/InternalTestPlan;Lorg/junit/platform/engine/EngineExecutionListener;Lorg/junit/platform/launcher/TestExecutionListener;)V+55
j  org.junit.platform.launcher.core.EngineExecutionOrchestrator.lambda$execute$0(Lorg/junit/platform/launcher/core/InternalTestPlan;Lorg/junit/platform/launcher/TestExecutionListener;)V+6
j  org.junit.platform.launcher.core.EngineExecutionOrchestrator$$Lambda+0x00000165ba107460.accept(Ljava/lang/Object;)V+12
j  org.junit.platform.launcher.core.EngineExecutionOrchestrator.withInterceptedStreams(Lorg/junit/platform/engine/ConfigurationParameters;Lorg/junit/platform/launcher/core/ListenerRegistry;Ljava/util/function/Consumer;)V+51
j  org.junit.platform.launcher.core.EngineExecutionOrchestrator.execute(Lorg/junit/platform/launcher/core/InternalTestPlan;[Lorg/junit/platform/launcher/TestExecutionListener;)V+23
j  org.junit.platform.launcher.core.DefaultLauncher.execute(Lorg/junit/platform/launcher/core/InternalTestPlan;[Lorg/junit/platform/launcher/TestExecutionListener;)V+6
j  org.junit.platform.launcher.core.DefaultLauncher.execute(Lorg/junit/platform/launcher/LauncherDiscoveryRequest;[Lorg/junit/platform/launcher/TestExecutionListener;)V+34
j  org.junit.platform.launcher.core.DelegatingLauncher.execute(Lorg/junit/platform/launcher/LauncherDiscoveryRequest;[Lorg/junit/platform/launcher/TestExecutionListener;)V+6
j  org.gradle.api.internal.tasks.testing.junitplatform.JUnitPlatformTestClassProcessor$CollectAllTestClassesExecutor.processAllTestClasses()V+94
j  org.gradle.api.internal.tasks.testing.junitplatform.JUnitPlatformTestClassProcessor$CollectAllTestClassesExecutor.access$000(Lorg/gradle/api/internal/tasks/testing/junitplatform/JUnitPlatformTestClassProcessor$CollectAllTestClassesExecutor;)V+1
j  org.gradle.api.internal.tasks.testing.junitplatform.JUnitPlatformTestClassProcessor.stop()V+4
j  org.gradle.api.internal.tasks.testing.SuiteTestClassProcessor.stop()V+4
j  java.lang.invoke.LambdaForm$DMH+0x00000165ba088800.invokeInterface(Ljava/lang/Object;Ljava/lang/Object;)V+21 java.base@24.0.2
j  java.lang.invoke.LambdaForm$MH+0x00000165ba089000.invoke(Ljava/lang/Object;Ljava/lang/Object;)Ljava/lang/Object;+31 java.base@24.0.2
j  java.lang.invoke.Invokers$Holder.invokeExact_MT(Ljava/lang/Object;Ljava/lang/Object;Ljava/lang/Object;)Ljava/lang/Object;+19 java.base@24.0.2
j  jdk.internal.reflect.DirectMethodHandleAccessor.invokeImpl(Ljava/lang/Object;[Ljava/lang/Object;)Ljava/lang/Object;+41 java.base@24.0.2
j  jdk.internal.reflect.DirectMethodHandleAccessor.invoke(Ljava/lang/Object;[Ljava/lang/Object;)Ljava/lang/Object;+23 java.base@24.0.2
j  java.lang.reflect.Method.invoke(Ljava/lang/Object;[Ljava/lang/Object;)Ljava/lang/Object;+102 java.base@24.0.2
j  org.gradle.internal.dispatch.ReflectionDispatch.dispatch(Lorg/gradle/internal/dispatch/MethodInvocation;)V+19
j  org.gradle.internal.dispatch.ReflectionDispatch.dispatch(Ljava/lang/Object;)V+5
j  org.gradle.internal.dispatch.ContextClassLoaderDispatch.dispatch(Ljava/lang/Object;)V+22
j  org.gradle.internal.dispatch.ProxyDispatchAdapter$DispatchingInvocationHandler.invoke(Ljava/lang/Object;Ljava/lang/reflect/Method;[Ljava/lang/Object;)Ljava/lang/Object;+177
j  jdk.proxy1.$Proxy4.stop()V+9 jdk.proxy1
j  org.gradle.api.internal.tasks.testing.worker.TestWorker$3.run()V+7
j  org.gradle.api.internal.tasks.testing.worker.TestWorker.executeAndMaintainThreadName(Ljava/lang/Runnable;)V+1
j  org.gradle.api.internal.tasks.testing.worker.TestWorker.execute(Lorg/gradle/process/internal/worker/WorkerProcessContext;)V+76
j  org.gradle.api.internal.tasks.testing.worker.TestWorker.execute(Ljava/lang/Object;)V+5
j  org.gradle.process.internal.worker.child.ActionExecutionWorker.execute(Lorg/gradle/process/internal/worker/WorkerProcessContext;)V+65
j  org.gradle.process.internal.worker.child.SystemApplicationClassLoaderWorker.call()Ljava/lang/Void;+270
j  org.gradle.process.internal.worker.child.SystemApplicationClassLoaderWorker.call()Ljava/lang/Object;+1
j  worker.org.gradle.process.internal.worker.GradleWorkerMain.run()V+250
j  worker.org.gradle.process.internal.worker.GradleWorkerMain.main([Ljava/lang/String;)V+7
v  ~StubRoutines::call_stub 0x00000165ac780fcd

siginfo: EXCEPTION_INT_DIVIDE_BY_ZERO (0xc0000094)


Registers:
RAX=0x000000000000000a, RBX=0x00000165fad112d0, RCX=0x000000000000000a, RDX=0x0000000000000000
RSP=0x0000000585bfbcb0, RBP=0x0000000585bfbcb0, RSI=0x0000000000000004, RDI=0x00000000f8e007c8
R8 =0x000000000000000a, R9 =0x0000000000000003, R10=0x0000016583f40000, R11=0x00000165acfcb460
R12=0x0000000000000000, R13=0x0000000585bfbcf0, R14=0x0000000585bfbdb8, R15=0x000001659a301b60
RIP=0x0000016583f40009, EFLAGS=0x0000000000010206

XMM[0]=0x0000000000000000 0x0000000000000000
XMM[1]=0x0000000000000000 0x0000000000000000
XMM[2]=0x0000000000000000 0x3ff5555555555555
XMM[3]=0x0000000000000000 0x3ff0000000000000
XMM[4]=0x0000000000000000 0x0000000000000000
XMM[5]=0x0000000000000000 0x0000000000000000
XMM[6]=0x0000000000000000 0x459176a54847ac12
XMM[7]=0x0000000000000000 0x256d17ae5486ab2d
XMM[8]=0x0000000000000000 0xf852d9749b5b6777
XMM[9]=0x0000000000000000 0x1a7dad2524e20570
XMM[10]=0x0000000000000000 0x000000000a64584b
XMM[11]=0x0000000000000000 0x26400c3b4b2211ab
XMM[12]=0x0000000000000000 0x0000000024e20570
XMM[13]=0x0000000000000000 0x0000000000000000
XMM[14]=0x0000000000000000 0x0000000000000000
XMM[15]=0x0000000000000000 0x0000000000000000
  MXCSR=0x00001fa0


Register to memory mapping:

RAX=0x000000000000000a is an unknown value
RBX={method} {0x00000165fad112d8} 'linkToNative' '(JJJLjava/lang/Object;)J' in 'java/lang/invoke/MethodHandle'
RCX=0x000000000000000a is an unknown value
RDX=0x0 is null
RSP=0x0000000585bfbcb0 is pointing into the stack for thread: 0x000001659a301b60
RBP=0x0000000585bfbcb0 is pointing into the stack for thread: 0x000001659a301b60
RSI=0x0000000000000004 is an unknown value
RDI=0x00000000f8e007c8 is an oop: jdk.internal.foreign.abi.NativeEntryPoint 
{0x00000000f8e007c8} - klass: 'jdk/internal/foreign/abi/NativeEntryPoint' - flags: 

 - ---- fields (total size 3 words):
 - private final 'methodType' 'Ljava/lang/invoke/MethodType;' @12  a 'java/lang/invoke/MethodType'{0x00000000f92e4760} = (JJJ)J (0xf92e4760)
 - private final 'downcallStubAddress' 'J' @16  1536200322912 (0x00000165acacaf60)
R8 =0x000000000000000a is an unknown value
R9 =0x0000000000000003 is an unknown value
R10=0x0000016583f40000 points into unknown readable memory: 0x48c18b48ec8b4855 | 55 48 8b ec 48 8b c1 48
R11=0x00000165acfcb460 is at entry_point+0 in (nmethod*)0x00000165acfcb388
Compiled method (n/a) 1128 2882     n 0       java.lang.invoke.MethodHandle::linkToNative(JJJL)J (native)
 total in heap  [0x00000165acfcb388,0x00000165acfcb468] = 224
 main code      [0x00000165acfcb460,0x00000165acfcb467] = 7
 stub code      [0x00000165acfcb467,0x00000165acfcb468] = 1
R12=0x0 is null
R13=0x0000000585bfbcf0 is pointing into the stack for thread: 0x000001659a301b60
R14=0x0000000585bfbdb8 is pointing into the stack for thread: 0x000001659a301b60
R15=0x000001659a301b60 is a thread

Top of Stack: (sp=0x0000000585bfbcb0)
0x0000000585bfbcb0:   0000000585bfbce0 00000165acacafa1   ............e...
0x0000000585bfbcc0:   0000010000000000 fffffffffffffff7   ................
0x0000000585bfbcd0:   00000165fabcaa88 0000000000000002   ....e...........
0x0000000585bfbce0:   0000000585bfbd70 00000165ac7888f6   p.........x.e...
0x0000000585bfbcf0:   00000000f8e007c8 0000000000000003   ................
0x0000000585bfbd00:   0000000000000000 000000000000000a   ................
0x0000000585bfbd10:   0000000000000000 0000016583f40000   ............e...
0x0000000585bfbd20:   0000000000000000 fffffffffffffff7   ................
0x0000000585bfbd30:   00000165fac37a54 0000000000000009   Tz..e...........
0x0000000585bfbd40:   00000165fac37bf8 0000000000000000   .{..e...........
0x0000000585bfbd50:   00000000f8e080b0 00000165fac37a60   ........`z..e...
0x0000000585bfbd60:   fffffffffffffff0 0000000585bfbd88   ................
0x0000000585bfbd70:   0000000585bfbe08 00000165ac7888f6   ..........x.e...
0x0000000585bfbd80:   00000000f8e007c8 0000000000000003   ................
0x0000000585bfbd90:   0000000000000000 000000000000000a   ................
0x0000000585bfbda0:   0000000000000000 0000016583f40000   ............e...
0x0000000585bfbdb0:   0000000000000000 00000000f8e081d8   ................
0x0000000585bfbdc0:   fffffffffffffff7 00000165fac2b29f   ............e...
0x0000000585bfbdd0:   0000000000000009 00000165fac2b460   ........`...e...
0x0000000585bfbde0:   0000000000000000 00000000f90f7258   ........Xr......
0x0000000585bfbdf0:   00000165fac2b2b0 fffffffffffffff0   ....e...........
0x0000000585bfbe00:   0000000585bfbe18 0000000585bfbea0   ................
0x0000000585bfbe10:   00000165ac7888f6 00000000f92e4760   ..x.e...`G......
0x0000000585bfbe20:   0000000000000003 0000000000000000   ................
0x0000000585bfbe30:   000000000000000a 0000000000000000   ................
0x0000000585bfbe40:   0000016583f40000 0000000000000000   ....e...........
0x0000000585bfbe50:   00000000f8e081d8 fffffffffffffff7   ................
0x0000000585bfbe60:   00000165fac383a4 0000000000000011   ....e...........
0x0000000585bfbe70:   00000165fac385a8 0000000000000000   ....e...........
0x0000000585bfbe80:   00000000f8e11ff0 00000165fac383e8   ............e...
0x0000000585bfbe90:   ffffffffffffffef 0000000585bfbef8   ................
0x0000000585bfbea0:   0000000585bfbf78 00000165ac7888f6   x.........x.e...

Instructions: (pc=0x0000016583f40009)
  0x0000016583f3ff09:   ?? ?? ?? ?? ?? ?? ?? ?? ?? ?? ?? ?? ?? ?? ?? ??
  0x0000016583f3ff19:   ?? ?? ?? ?? ?? ?? ?? ?? ?? ?? ?? ?? ?? ?? ?? ??
  0x0000016583f3ff29:   ?? ?? ?? ?? ?? ?? ?? ?? ?? ?? ?? ?? ?? ?? ?? ??
  0x0000016583f3ff39:   ?? ?? ?? ?? ?? ?? ?? ?? ?? ?? ?? ?? ?? ?? ?? ??
  0x0000016583f3ff49:   ?? ?? ?? ?? ?? ?? ?? ?? ?? ?? ?? ?? ?? ?? ?? ??
  0x0000016583f3ff59:   ?? ?? ?? ?? ?? ?? ?? ?? ?? ?? ?? ?? ?? ?? ?? ??
  0x0000016583f3ff69:   ?? ?? ?? ?? ?? ?? ?? ?? ?? ?? ?? ?? ?? ?? ?? ??
  0x0000016583f3ff79:   ?? ?? ?? ?? ?? ?? ?? ?? ?? ?? ?? ?? ?? ?? ?? ??
  0x0000016583f3ff89:   ?? ?? ?? ?? ?? ?? ?? ?? ?? ?? ?? ?? ?? ?? ?? ??
  0x0000016583f3ff99:   ?? ?? ?? ?? ?? ?? ?? ?? ?? ?? ?? ?? ?? ?? ?? ??
  0x0000016583f3ffa9:   ?? ?? ?? ?? ?? ?? ?? ?? ?? ?? ?? ?? ?? ?? ?? ??
  0x0000016583f3ffb9:   ?? ?? ?? ?? ?? ?? ?? ?? ?? ?? ?? ?? ?? ?? ?? ??
  0x0000016583f3ffc9:   ?? ?? ?? ?? ?? ?? ?? ?? ?? ?? ?? ?? ?? ?? ?? ??
  0x0000016583f3ffd9:   ?? ?? ?? ?? ?? ?? ?? ?? ?? ?? ?? ?? ?? ?? ?? ??
  0x0000016583f3ffe9:   ?? ?? ?? ?? ?? ?? ?? ?? ?? ?? ?? ?? ?? ?? ?? ??
  0x0000016583f3fff9:   ?? ?? ?? ?? ?? ?? ?? 55 48 8b ec 48 8b c1 48 99
=>0x0000016583f40009:   48 f7 fa 48 8b f0 48 8b c6 5d c3 00 00 00 00 00
  0x0000016583f40019:   00 00 00 00 00 00 00 00 00 00 00 00 00 00 00 00
  0x0000016583f40029:   00 00 00 00 00 00 00 00 00 00 00 00 00 00 00 00
  0x0000016583f40039:   00 00 00 00 00 00 00 00 00 00 00 00 00 00 00 00
  0x0000016583f40049:   00 00 00 00 00 00 00 00 00 00 00 00 00 00 00 00
  0x0000016583f40059:   00 00 00 00 00 00 00 00 00 00 00 00 00 00 00 00
  0x0000016583f40069:   00 00 00 00 00 00 00 00 00 00 00 00 00 00 00 00
  0x0000016583f40079:   00 00 00 00 00 00 00 00 00 00 00 00 00 00 00 00
  0x0000016583f40089:   00 00 00 00 00 00 00 00 00 00 00 00 00 00 00 00
  0x0000016583f40099:   00 00 00 00 00 00 00 00 00 00 00 00 00 00 00 00
  0x0000016583f400a9:   00 00 00 00 00 00 00 00 00 00 00 00 00 00 00 00
  0x0000016583f400b9:   00 00 00 00 00 00 00 00 00 00 00 00 00 00 00 00
  0x0000016583f400c9:   00 00 00 00 00 00 00 00 00 00 00 00 00 00 00 00
  0x0000016583f400d9:   00 00 00 00 00 00 00 00 00 00 00 00 00 00 00 00
  0x0000016583f400e9:   00 00 00 00 00 00 00 00 00 00 00 00 00 00 00 00
  0x0000016583f400f9:   00 00 00 00 00 00 00 00 00 00 00 00 00 00 00 00


Stack slot to memory mapping:

stack at sp + 0 slots: 0x0000000585bfbce0 is pointing into the stack for thread: 0x000001659a301b60
stack at sp + 1 slots: 0x00000165acacafa1 is at code_begin+65 in 
[CodeBlob (0x00000165acacaf08)]
Framesize: 6
Runtime Stub (0x00000165acacaf08): nep_invoker_blob
--------------------------------------------------------------------------------
Decoding CodeBlob, name: nep_invoker_blob, at  [0x00000165acacaf60, 0x00000165acacb068]  264 bytes
[MachCode]
  0x00000165acacaf60: 5548 8bec | 4883 ec20 | c5f8 7749 | 89af b803 | 0000 49ba | 68af acac | 6501 0000 | 4d89 97b0 
  0x00000165acacaf80: 0300 0049 | 89a7 a803 | 0000 41c7 | 8754 0400 | 0004 0000 | 004c 8bd2 | 498b d149 | 8bc8 41ff 
  0x00000165acacafa0: d2c5 f877 | 41c7 8754 | 0400 0005 | 0000 00f0 | 8344 24c0 | 0049 3b6f | 280f 874d | 0000 0041 
  0x00000165acacafc0: 83bf 5004 | 0000 000f | 853f 0000 | 0041 c787 | 5404 0000 | 0800 0000 | 4183 bfd0 | 0400 0002 
  0x00000165acacafe0: 0f84 5300 | 0000 49c7 | 87a8 0300 | 0000 0000 | 0049 c787 | b803 0000 | 0000 0000 | 49c7 87b0 
  0x00000165acacb000: 0300 0000 | 0000 00c5 | f877 c9c3 | 4889 0424 | 498b cfc5 | f877 4c8b | e448 83ec | 2048 83e4 
  0x00000165acacb020: f048 b8f0 | a54d 52fb | 7f00 00ff | d049 8be4 | 4d33 e448 | 8b04 24eb | 9448 8904 | 24c5 f877 
  0x00000165acacb040: 4c8b e448 | 83ec 2048 | 83e4 f048 | b860 7485 | 52fb 7f00 | 00ff d049 | 8be4 4d33 | e448 8b04 
  0x00000165acacb060: 24eb 83f4 | f4f4 f4f4 
[/MachCode]
--------------------------------------------------------------------------------
stack at sp + 2 slots: 0x0000010000000000 is an unknown value
stack at sp + 3 slots: 0xfffffffffffffff7 is an unknown value
stack at sp + 4 slots: 0x00000165fabcaa88 is pointing into metadata
stack at sp + 5 slots: 0x0000000000000002 is an unknown value
stack at sp + 6 slots: 0x0000000585bfbd70 is pointing into the stack for thread: 0x000001659a301b60
stack at sp + 7 slots: 0x00000165ac7888f6 is at code_begin+1526 in an Interpreter codelet
return entry points  [0x00000165ac788300, 0x00000165ac788f90]  3216 bytes

Lock stack of current Java thread (top to bottom):

--------------------------------------------------------------------------------
Decoding CodeBlob, name: nep_invoker_blob, at  [0x00000165acacaf60, 0x00000165acacb068]  264 bytes
[MachCode]
  0x00000165acacaf60: 5548 8bec | 4883 ec20 | c5f8 7749 | 89af b803 | 0000 49ba | 68af acac | 6501 0000 | 4d89 97b0 
  0x00000165acacaf80: 0300 0049 | 89a7 a803 | 0000 41c7 | 8754 0400 | 0004 0000 | 004c 8bd2 | 498b d149 | 8bc8 41ff 
  0x00000165acacafa0: d2c5 f877 | 41c7 8754 | 0400 0005 | 0000 00f0 | 8344 24c0 | 0049 3b6f | 280f 874d | 0000 0041 
  0x00000165acacafc0: 83bf 5004 | 0000 000f | 853f 0000 | 0041 c787 | 5404 0000 | 0800 0000 | 4183 bfd0 | 0400 0002 
  0x00000165acacafe0: 0f84 5300 | 0000 49c7 | 87a8 0300 | 0000 0000 | 0049 c787 | b803 0000 | 0000 0000 | 49c7 87b0 
  0x00000165acacb000: 0300 0000 | 0000 00c5 | f877 c9c3 | 4889 0424 | 498b cfc5 | f877 4c8b | e448 83ec | 2048 83e4 
  0x00000165acacb020: f048 b8f0 | a54d 52fb | 7f00 00ff | d049 8be4 | 4d33 e448 | 8b04 24eb | 9448 8904 | 24c5 f877 
  0x00000165acacb040: 4c8b e448 | 83ec 2048 | 83e4 f048 | b860 7485 | 52fb 7f00 | 00ff d049 | 8be4 4d33 | e448 8b04 
  0x00000165acacb060: 24eb 83f4 | f4f4 f4f4 
[/MachCode]
--------------------------------------------------------------------------------


Compiled method (c1) 1139 2496   !   3       org.junit.platform.engine.support.hierarchical.ThrowableCollector::execute (20 bytes)
 total in heap  [0x00000165a5760a88,0x00000165a5760ff8] = 1392
 relocation     [0x00000165a5760b60,0x00000165a5760bd0] = 112
 main code      [0x00000165a5760be0,0x00000165a5760f70] = 912
 stub code      [0x00000165a5760f70,0x00000165a5760fd8] = 104
 oops           [0x00000165a5760fd8,0x00000165a5760fe0] = 8
 metadata       [0x00000165a5760fe0,0x00000165a5760ff8] = 24
 immutable data [0x0000016581fe55a0,0x0000016581fe56c8] = 296
 dependencies   [0x0000016581fe55a0,0x0000016581fe55a8] = 8
 nul chk table  [0x0000016581fe55a8,0x0000016581fe55b8] = 16
 handler table  [0x0000016581fe55b8,0x0000016581fe55e8] = 48
 scopes pcs     [0x0000016581fe55e8,0x0000016581fe5668] = 128
 scopes data    [0x0000016581fe5668,0x0000016581fe56c8] = 96

[Constant Pool (empty)]

[MachCode]
[Instructions begin]
  0x00000165a5760be0: 660f 1f84 | 0000 0000 | 0066 0f1f | 8400 0000 | 0000 448b | 5208 443b 

  0x00000165a5760bf8: ;   {runtime_call Shared Runtime ic_miss_blob}
  0x00000165a5760bf8: 5008 0f85 | 60dd 0607 
[Verified Entry Point]
  0x00000165a5760c00: 8984 2400 | 80ff ff55 | 4883 ec40 | 4181 7f20 | 0100 0000 

  0x00000165a5760c14: ;   {runtime_call StubRoutines (final stubs)}
  0x00000165a5760c14: 7405 e845 

  0x00000165a5760c18: ;   {metadata(method data for {method} {0x00000165fa718dc8} 'execute' '(Lorg/junit/platform/engine/support/hierarchical/ThrowableCollector$Executable;)V' in 'org/junit/platform/engine/support/hierarchical/ThrowableCollector')}
  0x00000165a5760c18: 7005 0748 | be68 519a | fa65 0100 | 008b becc | 0000 0083 | c702 89be | cc00 0000 | 81e7 fe07 
  0x00000165a5760c38: 0000 85ff | 0f84 9202 | 0000 4889 | 5424 2849 | 3b00 498b 

  0x00000165a5760c4c: ;   {metadata(method data for {method} {0x00000165fa718dc8} 'execute' '(Lorg/junit/platform/engine/support/hierarchical/ThrowableCollector$Executable;)V' in 'org/junit/platform/engine/support/hierarchical/ThrowableCollector')}
  0x00000165a5760c4c: f048 bf68 | 519a fa65 | 0100 008b | 7608 49ba | 0000 00b9 | 6501 0000 | 4903 f248 | 3bb7 1801 
  0x00000165a5760c6c: 0000 750d | 4883 8720 | 0100 0001 | e960 0000 | 0048 3bb7 | 2801 0000 | 750d 4883 | 8730 0100 
  0x00000165a5760c8c: 0001 e94a | 0000 0048 | 83bf 1801 | 0000 0075 | 1748 89b7 | 1801 0000 | 48c7 8720 | 0100 0001 
  0x00000165a5760cac: 0000 00e9 | 2900 0000 | 4883 bf28 | 0100 0000 | 7517 4889 | b728 0100 | 0048 c787 | 3001 0000 
  0x00000165a5760ccc: 0100 0000 | e908 0000 | 0048 8387 | 1001 0000 | 0149 8bd0 | 0f1f 4400 | 0048 b840 | 051a 8165 
  0x00000165a5760cec: ;   {virtual_call}
  0x00000165a5760cec: 0100 00e8 

  0x00000165a5760cf0: ; ImmutableOopMap {[40]=Oop }
                      ;*invokeinterface execute {reexecute=0 rethrow=0 return_oop=0}
                      ; - org.junit.platform.engine.support.hierarchical.ThrowableCollector::execute@1 (line 73)
  0x00000165a5760cf0: ccc3 1407 

  0x00000165a5760cf4: ;   {post_call_nop}
  0x00000165a5760cf4: 0f1f 8400 | 6c02 0000 | e9b3 0100 | 0049 8b87 | 0805 0000 | 4d33 d24d | 8997 0805 | 0000 4d33 
  0x00000165a5760d14: d24d 8997 | 1005 0000 

  0x00000165a5760d1c: ;   {metadata(method data for {method} {0x00000165fa718dc8} 'execute' '(Lorg/junit/platform/engine/support/hierarchical/ThrowableCollector$Executable;)V' in 'org/junit/platform/engine/support/hierarchical/ThrowableCollector')}
  0x00000165a5760d1c: 48ba 6851 | 9afa 6501 | 0000 4883 | 8258 0100 

  0x00000165a5760d2c: ;   {metadata(method data for {method} {0x00000165fa72fc50} 'rethrowIfUnrecoverable' '(Ljava/lang/Throwable;)V' in 'org/junit/platform/commons/util/UnrecoverableExceptions')}
  0x00000165a5760d2c: 0001 48ba | 3053 9afa | 6501 0000 | 8bb2 cc00 | 0000 83c6 | 0289 b2cc | 0000 0081 | e6fe ff1f 
  0x00000165a5760d4c: 0085 f60f | 84a5 0100 | 0048 85c0 

  0x00000165a5760d58: ;   {metadata(method data for {method} {0x00000165fa72fc50} 'rethrowIfUnrecoverable' '(Ljava/lang/Throwable;)V' in 'org/junit/platform/commons/util/UnrecoverableExceptions')}
  0x00000165a5760d58: 48bf 3053 | 9afa 6501 | 0000 750c | 808f 0901 | 0000 01e9 | ae00 0000 | 8b58 0849 | ba00 0000 
  0x00000165a5760d78: b965 0100 | 0049 03da | 483b 9f18 | 0100 0075 | 0d48 8387 | 2001 0000 | 01e9 6000 | 0000 483b 
  0x00000165a5760d98: 9f28 0100 | 0075 0d48 | 8387 3001 | 0000 01e9 | 4a00 0000 | 4883 bf18 | 0100 0000 | 7517 4889 
  0x00000165a5760db8: 9f18 0100 | 0048 c787 | 2001 0000 | 0100 0000 | e929 0000 | 0048 83bf | 2801 0000 | 0075 1748 
  0x00000165a5760dd8: 899f 2801 | 0000 48c7 | 8730 0100 | 0001 0000 | 00e9 0800 | 0000 4883 | 8710 0100 

  0x00000165a5760df4: ;   {metadata('java/lang/OutOfMemoryError')}
  0x00000165a5760df4: 0001 48bb | a851 1cb9 | 6501 0000 | 8b70 0849 | ba00 0000 | b965 0100 | 0049 03f2 | 483b de0f 
  0x00000165a5760e14: 8505 0000 | 00e9 0500 | 0000 4833 | d2eb 05ba | 0100 0000 

  0x00000165a5760e28: ;   {metadata(method data for {method} {0x00000165fa72fc50} 'rethrowIfUnrecoverable' '(Ljava/lang/Throwable;)V' in 'org/junit/platform/commons/util/UnrecoverableExceptions')}
  0x00000165a5760e28: 85d2 48ba | 3053 9afa | 6501 0000 | be50 0100 | 0075 05be | 4001 0000 | 488b 3c32 | 488d 7f01 
  0x00000165a5760e48: 4889 3c32 | 0f85 0a00 | 0000 4889 | 4424 30e9 | 1800 0000 | 488b d048 | 8944 2430 

  0x00000165a5760e64: ;   {static_call}
  0x00000165a5760e64: 6666 90e8 

  0x00000165a5760e68: ; ImmutableOopMap {[40]=Oop [48]=Oop }
                      ;*invokestatic throwAsUncheckedException {reexecute=0 rethrow=0 return_oop=0}
                      ; - org.junit.platform.commons.util.UnrecoverableExceptions::rethrowIfUnrecoverable@8 (line 52)
                      ; - org.junit.platform.engine.support.hierarchical.ThrowableCollector::execute@11 (line 76)
  0x00000165a5760e68: f4e9 0607 

  0x00000165a5760e6c: ;   {post_call_nop}
  0x00000165a5760e6c: 0f1f 8400 | e403 0001 | 488b 4424 | 3048 8b54 | 2428 4c8b 

  0x00000165a5760e80: ;   {metadata(method data for {method} {0x00000165fa718dc8} 'execute' '(Lorg/junit/platform/engine/support/hierarchical/ThrowableCollector$Executable;)V' in 'org/junit/platform/engine/support/hierarchical/ThrowableCollector')}
  0x00000165a5760e80: c248 be68 | 519a fa65 | 0100 0048 | 8386 6801 | 0000 014c 

  0x00000165a5760e94: ;   {optimized virtual_call}
  0x00000165a5760e94: 8bc0 90e8 

  0x00000165a5760e98: ; ImmutableOopMap {}
                      ;*invokespecial add {reexecute=0 rethrow=0 return_oop=0}
                      ; - org.junit.platform.engine.support.hierarchical.ThrowableCollector::execute@16 (line 77)
  0x00000165a5760e98: c4df 0607 

  0x00000165a5760e9c: ;   {post_call_nop}
  0x00000165a5760e9c: 0f1f 8400 | 1404 0002 | 4883 c440 

  0x00000165a5760ea8: ;   {poll_return}
  0x00000165a5760ea8: 5d49 3b67 | 280f 8768 | 0000 00c3 

  0x00000165a5760eb4: ;   {metadata(method data for {method} {0x00000165fa718dc8} 'execute' '(Lorg/junit/platform/engine/support/hierarchical/ThrowableCollector$Executable;)V' in 'org/junit/platform/engine/support/hierarchical/ThrowableCollector')}
  0x00000165a5760eb4: 48be 6851 | 9afa 6501 | 0000 ff86 | 4001 0000 | 4883 c440 

  0x00000165a5760ec8: ;   {poll_return}
  0x00000165a5760ec8: 5d49 3b67 | 280f 875e | 0000 00c3 

  0x00000165a5760ed4: ;   {metadata({method} {0x00000165fa718dc8} 'execute' '(Lorg/junit/platform/engine/support/hierarchical/ThrowableCollector$Executable;)V' in 'org/junit/platform/engine/support/hierarchical/ThrowableCollector')}
  0x00000165a5760ed4: 49ba c08d | 71fa 6501 | 0000 4c89 | 5424 0848 | c704 24ff 

  0x00000165a5760ee8: ;   {runtime_call C1 Runtime counter_overflow_blob}
  0x00000165a5760ee8: ffff ffe8 

  0x00000165a5760eec: ; ImmutableOopMap {rdx=Oop r8=Oop }
                      ;*synchronization entry
                      ; - org.junit.platform.engine.support.hierarchical.ThrowableCollector::execute@-1 (line 73)
  0x00000165a5760eec: f01a 1407 | e94d fdff 

  0x00000165a5760ef4: ;   {runtime_call C1 Runtime throw_null_pointer_exception_blob}
  0x00000165a5760ef4: ffe8 e6b6 

  0x00000165a5760ef8: ; ImmutableOopMap {r8=Oop [40]=Oop }
                      ;*invokeinterface execute {reexecute=0 rethrow=0 return_oop=0}
                      ; - org.junit.platform.engine.support.hierarchical.ThrowableCollector::execute@1 (line 73)
                      ;   {metadata({method} {0x00000165fa72fc50} 'rethrowIfUnrecoverable' '(Ljava/lang/Throwable;)V' in 'org/junit/platform/commons/util/UnrecoverableExceptions')}
  0x00000165a5760ef8: 1307 49ba | 48fc 72fa | 6501 0000 | 4c89 5424 | 0848 c704 | 24ff ffff 

  0x00000165a5760f10: ;   {runtime_call C1 Runtime counter_overflow_blob}
  0x00000165a5760f10: ffe8 ca1a 

  0x00000165a5760f14: ; ImmutableOopMap {rax=Oop [40]=Oop }
                      ;*synchronization entry
                      ; - org.junit.platform.commons.util.UnrecoverableExceptions::rethrowIfUnrecoverable@-1 (line 51)
                      ; - org.junit.platform.engine.support.hierarchical.ThrowableCollector::execute@11 (line 76)
  0x00000165a5760f14: 1407 e93a 

  0x00000165a5760f18: ;   {internal_word}
  0x00000165a5760f18: feff ff49 | baa9 0e76 | a565 0100 | 004d 8997 | 6004 0000 

  0x00000165a5760f2c: ;   {runtime_call SafepointBlob}
  0x00000165a5760f2c: e9af 6507 

  0x00000165a5760f30: ;   {internal_word}
  0x00000165a5760f30: 0749 bac9 | 0e76 a565 | 0100 004d | 8997 6004 

  0x00000165a5760f40: ;   {runtime_call SafepointBlob}
  0x00000165a5760f40: 0000 e999 | 6507 0749 | 8b87 0805 | 0000 49c7 | 8708 0500 | 0000 0000 | 0049 c787 | 1005 0000 
  0x00000165a5760f60: 0000 0000 | 4883 c440 

  0x00000165a5760f68: ;   {runtime_call C1 Runtime unwind_exception_blob}
  0x00000165a5760f68: 5de9 f2a1 | 1307 f4f4 
[Stub Code]
  0x00000165a5760f70: ;   {no_reloc}
  0x00000165a5760f70: 0f1f 4400 

  0x00000165a5760f74: ;   {static_stub}
  0x00000165a5760f74: 0048 bb00 | 0000 0000 

  0x00000165a5760f7c: ;   {runtime_call nmethod}
  0x00000165a5760f7c: 0000 00e9 | fbff ffff 

  0x00000165a5760f84: ;   {static_stub}
  0x00000165a5760f84: 9048 bb00 | 0000 0000 

  0x00000165a5760f8c: ;   {runtime_call nmethod}
  0x00000165a5760f8c: 0000 00e9 | fbff ffff 

  0x00000165a5760f94: ;   {static_stub}
  0x00000165a5760f94: 48bb 0000 | 0000 0000 

  0x00000165a5760f9c: ;   {runtime_call nmethod}
  0x00000165a5760f9c: 0000 e9fb 

  0x00000165a5760fa0: ;   {runtime_call C1 Runtime handle_exception_from_callee_blob}
  0x00000165a5760fa0: ffff ffe8 | b8dd 1307 

  0x00000165a5760fa8: ;   {external_word}
  0x00000165a5760fa8: 48b9 e034 | b552 fb7f | 0000 4883 

  0x00000165a5760fb4: ;   {runtime_call}
  0x00000165a5760fb4: e4f0 48b8 | 1090 7252 | fb7f 0000 

  0x00000165a5760fc0: ;   {section_word}
  0x00000165a5760fc0: ffd0 f449 | bac3 0f76 | a565 0100 

  0x00000165a5760fcc: ;   {runtime_call DeoptimizationBlob}
  0x00000165a5760fcc: 0041 52e9 | ac4d 0707 | f4f4 f4f4 
[/MachCode]


Compiled method (c1) 1143 2046       3       java.util.ArrayList::forEach (74 bytes)
 total in heap  [0x00000165a5672708,0x00000165a5672e10] = 1800
 relocation     [0x00000165a56727e0,0x00000165a5672878] = 152
 main code      [0x00000165a5672880,0x00000165a5672d90] = 1296
 stub code      [0x00000165a5672d90,0x00000165a5672df8] = 104
 metadata       [0x00000165a5672df8,0x00000165a5672e10] = 24
 immutable data [0x00000165fe9b4340,0x00000165fe9b4558] = 536
 dependencies   [0x00000165fe9b4340,0x00000165fe9b4348] = 8
 nul chk table  [0x00000165fe9b4348,0x00000165fe9b4368] = 32
 scopes pcs     [0x00000165fe9b4368,0x00000165fe9b4488] = 288
 scopes data    [0x00000165fe9b4488,0x00000165fe9b4558] = 208

[Constant Pool (empty)]

[MachCode]
[Instructions begin]
  0x00000165a5672880: 660f 1f84 | 0000 0000 | 0066 0f1f | 8400 0000 | 0000 448b | 5208 443b 

  0x00000165a5672898: ;   {runtime_call Shared Runtime ic_miss_blob}
  0x00000165a5672898: 5008 0f85 | c0c0 1507 
[Verified Entry Point]
  0x00000165a56728a0: 8984 2400 | 80ff ff55 | 4881 ec80 | 0000 0090 | 4181 7f20 | 0100 0000 

  0x00000165a56728b8: ;   {runtime_call StubRoutines (final stubs)}
  0x00000165a56728b8: 7405 e8a1 | 5314 0748 | 8954 2440 | 4c89 4424 

  0x00000165a56728c8: ;   {metadata(method data for {method} {0x00000165b9201c40} 'forEach' '(Ljava/util/function/Consumer;)V' in 'java/util/ArrayList')}
  0x00000165a56728c8: 4848 be78 | 503d fa65 | 0100 008b | becc 0000 | 0083 c702 | 89be cc00 | 0000 81e7 | fe07 0000 
  0x00000165a56728e8: 85ff 0f84 | 6e03 0000 

  0x00000165a56728f0: ;   {metadata(method data for {method} {0x00000165b9201c40} 'forEach' '(Ljava/util/function/Consumer;)V' in 'java/util/ArrayList')}
  0x00000165a56728f0: 48be 7850 | 3dfa 6501 | 0000 4883 | 8610 0100 

  0x00000165a5672900: ;   {metadata(method data for {method} {0x00000165b94512d0} 'requireNonNull' '(Ljava/lang/Object;)Ljava/lang/Object;' in 'java/util/Objects')}
  0x00000165a5672900: 0001 48be | c8e6 01fa | 6501 0000 | 8bbe cc00 | 0000 83c7 | 0289 becc | 0000 0081 | e7fe ff1f 
  0x00000165a5672920: 0085 ff0f | 8456 0300 | 004d 85c0 

  0x00000165a567292c: ;   {metadata(method data for {method} {0x00000165b94512d0} 'requireNonNull' '(Ljava/lang/Object;)Ljava/lang/Object;' in 'java/util/Objects')}
  0x00000165a567292c: 48be c8e6 | 01fa 6501 | 0000 bf20 | 0100 0074 | 05bf 1001 | 0000 488b | 1c3e 488d | 5b01 4889 
  0x00000165a567294c: 1c3e 0f84 | 7202 0000 | 8b72 0c89 | 7424 3c8b | 7a14 4889 | 7c24 588b | 5a10 895c | 2450 b800 
  0x00000165a567296c: 0000 00e9 | 9b01 0000 | 0f1f 4000 

  0x00000165a5672978: ;   {metadata(method data for {method} {0x00000165b9201c40} 'forEach' '(Ljava/util/function/Consumer;)V' in 'java/util/ArrayList')}
  0x00000165a5672978: 3bc3 49b9 | 7850 3dfa | 6501 0000 | 41bb 4001 | 0000 7d06 | 41bb 5001 | 0000 4f8b | 2c19 4d8d 
  0x00000165a5672998: 6d01 4f89 | 2c19 0f8d | 9a01 0000 

  0x00000165a56729a4: ;   {metadata(method data for {method} {0x00000165b9201c40} 'forEach' '(Ljava/util/function/Consumer;)V' in 'java/util/ArrayList')}
  0x00000165a56729a4: 48b9 7850 | 3dfa 6501 | 0000 4883 | 8160 0100 

  0x00000165a56729b4: ;   {metadata(method data for {method} {0x00000165b9202c68} 'elementAt' '([Ljava/lang/Object;I)Ljava/lang/Object;' in 'java/util/ArrayList')}
  0x00000165a56729b4: 0001 48b9 | a0d5 3bfa | 6501 0000 | 448b 89cc | 0000 0041 | 83c1 0244 | 8989 cc00 | 0000 4181 
  0x00000165a56729d4: e1fe ff1f | 0045 85c9 | 0f84 be02 | 0000 3b47 | 0c0f 83e0 | 0200 0048 | 63c8 8b4c | 8f10 493b 
  0x00000165a56729f4: 004d 8bc8 

  0x00000165a56729f8: ;   {metadata(method data for {method} {0x00000165b9201c40} 'forEach' '(Ljava/util/function/Consumer;)V' in 'java/util/ArrayList')}
  0x00000165a56729f8: 49bb 7850 | 3dfa 6501 | 0000 458b | 4908 49ba | 0000 00b9 | 6501 0000 | 4d03 ca4d | 3b8b 7801 
  0x00000165a5672a18: 0000 750d | 4983 8380 | 0100 0001 | e960 0000 | 004d 3b8b | 8801 0000 | 750d 4983 | 8390 0100 
  0x00000165a5672a38: 0001 e94a | 0000 0049 | 83bb 7801 | 0000 0075 | 174d 898b | 7801 0000 | 49c7 8380 | 0100 0001 
  0x00000165a5672a58: 0000 00e9 | 2900 0000 | 4983 bb88 | 0100 0000 | 7517 4d89 | 8b88 0100 | 0049 c783 | 9001 0000 
  0x00000165a5672a78: 0100 0000 | e908 0000 | 0049 8383 | 7001 0000 | 014d 8bc8 | 4c8b c149 | 8bd1 8944 | 2438 0f1f 
  0x00000165a5672a98: 8000 0000 | 0048 b880 | 3299 fe65 

  0x00000165a5672aa4: ;   {virtual_call}
  0x00000165a5672aa4: 0100 00e8 

  0x00000165a5672aa8: ; ImmutableOopMap {[64]=Oop [72]=Oop [88]=Oop }
                      ;*invokeinterface accept {reexecute=0 rethrow=0 return_oop=0}
                      ; - java.util.ArrayList::forEach@46 (line 1604)
  0x00000165a5672aa8: 14a6 2307 

  0x00000165a5672aac: ;   {post_call_nop}
  0x00000165a5672aac: 0f1f 8400 | a403 0000 | 8b44 2438 

  0x00000165a5672ab8: ;   {metadata(method data for {method} {0x00000165b9201c40} 'forEach' '(Ljava/util/function/Consumer;)V' in 'java/util/ArrayList')}
  0x00000165a5672ab8: ffc0 48ba | 7850 3dfa | 6501 0000 | 8bb2 d000 | 0000 83c6 | 0289 b2d0 | 0000 0081 | e6fe 3f00 
  0x00000165a5672ad8: 0085 f60f | 84fd 0100 | 004d 8b57 

  0x00000165a5672ae4: ; ImmutableOopMap {[64]=Oop [72]=Oop [88]=Oop }
                      ;*goto {reexecute=1 rethrow=0 return_oop=0}
                      ; - (reexecute) java.util.ArrayList::forEach@54 (line 1603)
                      ;   {poll}
  0x00000165a5672ae4: 3041 8502 

  0x00000165a5672ae8: ;   {metadata(method data for {method} {0x00000165b9201c40} 'forEach' '(Ljava/util/function/Consumer;)V' in 'java/util/ArrayList')}
  0x00000165a5672ae8: 48ba 7850 | 3dfa 6501 | 0000 ff82 | a001 0000 | 8b5c 2450 | 488b 7c24 | 588b 7424 | 3c4c 8b44 
  0x00000165a5672b08: 2448 488b | 5424 408b | 4a0c 3bce 

  0x00000165a5672b14: ;   {metadata(method data for {method} {0x00000165b9201c40} 'forEach' '(Ljava/util/function/Consumer;)V' in 'java/util/ArrayList')}
  0x00000165a5672b14: 49b9 7850 | 3dfa 6501 | 0000 41bb | 3001 0000 | 7406 41bb | 2001 0000 | 4f8b 2c19 | 4d8d 6d01 
  0x00000165a5672b34: 4f89 2c19 | 0f84 3afe | ffff 3bce 

  0x00000165a5672b40: ;   {metadata(method data for {method} {0x00000165b9201c40} 'forEach' '(Ljava/util/function/Consumer;)V' in 'java/util/ArrayList')}
  0x00000165a5672b40: 48ba 7850 | 3dfa 6501 | 0000 b8c8 | 0100 0075 | 05b8 b801 | 0000 488b | 3402 488d | 7601 4889 
  0x00000165a5672b60: 3402 0f85 | 1300 0000 | 4881 c480 | 0000 005d 

  0x00000165a5672b70: ;   {poll_return}
  0x00000165a5672b70: 493b 6728 | 0f87 8501 | 0000 c30f | 1f44 0000 

  0x00000165a5672b80: ;   {no_reloc}
  0x00000165a5672b80: e99f 0100 | 0000 0000 | 0000 e99f | 0100 0048 

  0x00000165a5672b90: ;   {metadata(method data for {method} {0x00000165b9201c40} 'forEach' '(Ljava/util/function/Consumer;)V' in 'java/util/ArrayList')}
  0x00000165a5672b90: 8bd0 48be | 7850 3dfa | 6501 0000 | 4883 86d8 | 0100 0001 | 488b d048 | 8944 2460 

  0x00000165a5672bac: ;   {optimized virtual_call}
  0x00000165a5672bac: 6666 90e8 

  0x00000165a5672bb0: ; ImmutableOopMap {[96]=Oop }
                      ;*invokespecial <init> {reexecute=0 rethrow=0 return_oop=0}
                      ; - java.util.ArrayList::forEach@69 (line 1606)
  0x00000165a5672bb0: acc2 1507 

  0x00000165a5672bb4: ;   {post_call_nop}
  0x00000165a5672bb4: 0f1f 8400 | ac04 0002 | 488b 4424 | 60e9 b801 | 0000 6690 

  0x00000165a5672bc8: ;   {no_reloc}
  0x00000165a5672bc8: e97d 0100 | 0000 0000 | 0000 498b | 87c8 0100 | 0048 8d78 | 3049 3bbf | d801 0000 | 0f87 6a01 
  0x00000165a5672be8: 0000 4989 | bfc8 0100 | 0048 c700 | 0100 0000 | 488b ca49 | ba00 0000 | b965 0100 | 0049 2bca 
  0x00000165a5672c08: 8948 0848 | 33c9 8948 | 0c48 33c9 | 4889 4810 | 4889 4818 | 4889 4820 | 4889 4828 

  0x00000165a5672c24: ;   {metadata(method data for {method} {0x00000165b94512d0} 'requireNonNull' '(Ljava/lang/Object;)Ljava/lang/Object;' in 'java/util/Objects')}
  0x00000165a5672c24: 488b d048 | bec8 e601 | fa65 0100 | 0048 8386 | 3001 0000 | 0148 8bd0 | 4889 4424 | 6866 0f1f 
  0x00000165a5672c44: ;   {optimized virtual_call}
  0x00000165a5672c44: 4400 00e8 

  0x00000165a5672c48: ; ImmutableOopMap {[64]=Oop [72]=Oop [104]=Oop }
                      ;*invokespecial <init> {reexecute=0 rethrow=0 return_oop=0}
                      ; - java.util.Objects::requireNonNull@8 (line 220)
                      ; - java.util.ArrayList::forEach@1 (line 1599)
  0x00000165a5672c48: 14c2 1507 

  0x00000165a5672c4c: ;   {post_call_nop}
  0x00000165a5672c4c: 0f1f 8400 | 4405 0003 | 488b 4424 | 68e9 2001 

  0x00000165a5672c5c: ;   {metadata({method} {0x00000165b9201c40} 'forEach' '(Ljava/util/function/Consumer;)V' in 'java/util/ArrayList')}
  0x00000165a5672c5c: 0000 49ba | 381c 20b9 | 6501 0000 | 4c89 5424 | 0848 c704 | 24ff ffff 

  0x00000165a5672c74: ;   {runtime_call C1 Runtime counter_overflow_blob}
  0x00000165a5672c74: ffe8 66fd 

  0x00000165a5672c78: ; ImmutableOopMap {rdx=Oop r8=Oop [64]=Oop [72]=Oop }
                      ;*synchronization entry
                      ; - java.util.ArrayList::forEach@-1 (line 1599)
  0x00000165a5672c78: 2207 e971 

  0x00000165a5672c7c: ;   {metadata({method} {0x00000165b94512d0} 'requireNonNull' '(Ljava/lang/Object;)Ljava/lang/Object;' in 'java/util/Objects')}
  0x00000165a5672c7c: fcff ff49 | bac8 1245 | b965 0100 | 004c 8954 | 2408 48c7 | 0424 ffff 

  0x00000165a5672c94: ;   {runtime_call C1 Runtime counter_overflow_blob}
  0x00000165a5672c94: ffff e845 

  0x00000165a5672c98: ; ImmutableOopMap {rdx=Oop r8=Oop [64]=Oop [72]=Oop }
                      ;*synchronization entry
                      ; - java.util.Objects::requireNonNull@-1 (line 219)
                      ; - java.util.ArrayList::forEach@1 (line 1599)
  0x00000165a5672c98: fd22 07e9 | 89fc ffff 

  0x00000165a5672ca0: ;   {metadata({method} {0x00000165b9202c68} 'elementAt' '([Ljava/lang/Object;I)Ljava/lang/Object;' in 'java/util/ArrayList')}
  0x00000165a5672ca0: 49ba 602c | 20b9 6501 | 0000 4c89 | 5424 0848 | c704 24ff 

  0x00000165a5672cb4: ;   {runtime_call C1 Runtime counter_overflow_blob}
  0x00000165a5672cb4: ffff ffe8 

  0x00000165a5672cb8: ; ImmutableOopMap {r8=Oop rdi=Oop [64]=Oop [72]=Oop [88]=Oop }
                      ;*synchronization entry
                      ; - java.util.ArrayList::elementAt@-1 (line 417)
                      ; - java.util.ArrayList::forEach@43 (line 1604)
  0x00000165a5672cb8: 24fd 2207 | e921 fdff 

  0x00000165a5672cc0: ;   {runtime_call C1 Runtime throw_null_pointer_exception_blob}
  0x00000165a5672cc0: ffe8 1a99 

  0x00000165a5672cc4: ; ImmutableOopMap {r8=Oop rdi=Oop [64]=Oop [72]=Oop [88]=Oop }
                      ;*aaload {reexecute=0 rethrow=0 return_oop=0}
                      ; - java.util.ArrayList::elementAt@2 (line 417)
                      ; - java.util.ArrayList::forEach@43 (line 1604)
                      ;   {runtime_call C1 Runtime throw_null_pointer_exception_blob}
  0x00000165a5672cc4: 2207 e815 

  0x00000165a5672cc8: ; ImmutableOopMap {r8=Oop rdi=Oop [64]=Oop [72]=Oop [88]=Oop }
                      ;*aaload {reexecute=0 rethrow=0 return_oop=0}
                      ; - java.util.ArrayList::elementAt@2 (line 417)
                      ; - java.util.ArrayList::forEach@43 (line 1604)
  0x00000165a5672cc8: 9922 0748 | 8904 2448 | 897c 2408 

  0x00000165a5672cd4: ;   {runtime_call C1 Runtime throw_range_check_failed_blob}
  0x00000165a5672cd4: e887 8a22 

  0x00000165a5672cd8: ; ImmutableOopMap {r8=Oop rdi=Oop [64]=Oop [72]=Oop [88]=Oop }
                      ;*aaload {reexecute=0 rethrow=0 return_oop=0}
                      ; - java.util.ArrayList::elementAt@2 (line 417)
                      ; - java.util.ArrayList::forEach@43 (line 1604)
                      ;   {runtime_call C1 Runtime throw_null_pointer_exception_blob}
  0x00000165a5672cd8: 07e8 0299 

  0x00000165a5672cdc: ; ImmutableOopMap {r8=Oop rdi=Oop rcx=Oop [64]=Oop [72]=Oop [88]=Oop }
                      ;*invokeinterface accept {reexecute=0 rethrow=0 return_oop=0}
                      ; - java.util.ArrayList::forEach@46 (line 1604)
                      ;   {metadata({method} {0x00000165b9201c40} 'forEach' '(Ljava/util/function/Consumer;)V' in 'java/util/ArrayList')}
  0x00000165a5672cdc: 2207 49ba | 381c 20b9 | 6501 0000 | 4c89 5424 | 0848 c704 | 2436 0000 

  0x00000165a5672cf4: ;   {runtime_call C1 Runtime counter_overflow_blob}
  0x00000165a5672cf4: 00e8 e6fc 

  0x00000165a5672cf8: ; ImmutableOopMap {[64]=Oop [72]=Oop [88]=Oop }
                      ;*goto {reexecute=1 rethrow=0 return_oop=0}
                      ; - (reexecute) java.util.ArrayList::forEach@54 (line 1603)
  0x00000165a5672cf8: 2207 e9e2 

  0x00000165a5672cfc: ;   {internal_word}
  0x00000165a5672cfc: fdff ff49 | ba70 2b67 | a565 0100 | 004d 8997 | 6004 0000 

  0x00000165a5672d10: ;   {runtime_call SafepointBlob}
  0x00000165a5672d10: e9cb 4716 

  0x00000165a5672d14: ;   {metadata(nullptr)}
  0x00000165a5672d14: 0748 ba00 | 0000 0000 | 0000 00b8 | 000f 050a 

  0x00000165a5672d24: ;   {runtime_call C1 Runtime load_klass_patching_blob}
  0x00000165a5672d24: e837 e622 

  0x00000165a5672d28: ; ImmutableOopMap {}
                      ;*new {reexecute=1 rethrow=0 return_oop=0}
                      ; - (reexecute) java.util.ArrayList::forEach@65 (line 1606)
  0x00000165a5672d28: 07e9 52fe | ffff 488b 

  0x00000165a5672d30: ;   {runtime_call C1 Runtime new_instance_blob}
  0x00000165a5672d30: d2e8 aaa4 

  0x00000165a5672d34: ; ImmutableOopMap {}
                      ;*new {reexecute=0 rethrow=0 return_oop=0}
                      ; - java.util.ArrayList::forEach@65 (line 1606)
  0x00000165a5672d34: 2207 e954 

  0x00000165a5672d38: ;   {metadata(nullptr)}
  0x00000165a5672d38: feff ff48 | ba00 0000 | 0000 0000 | 00b8 000f 

  0x00000165a5672d48: ;   {runtime_call C1 Runtime load_klass_patching_blob}
  0x00000165a5672d48: 050a e811 

  0x00000165a5672d4c: ; ImmutableOopMap {[64]=Oop [72]=Oop }
                      ;*new {reexecute=1 rethrow=0 return_oop=0}
                      ; - (reexecute) java.util.Objects::requireNonNull@4 (line 220)
                      ; - java.util.ArrayList::forEach@1 (line 1599)
  0x00000165a5672d4c: e622 07e9 | 74fe ffff 

  0x00000165a5672d54: ;   {runtime_call C1 Runtime fast_new_instance_blob}
  0x00000165a5672d54: 488b d2e8 

  0x00000165a5672d58: ; ImmutableOopMap {[64]=Oop [72]=Oop }
                      ;*new {reexecute=0 rethrow=0 return_oop=0}
                      ; - java.util.Objects::requireNonNull@4 (line 220)
                      ; - java.util.ArrayList::forEach@1 (line 1599)
  0x00000165a5672d58: 04a8 2207 | e9c3 feff | ff49 8b87 | 0805 0000 | 49c7 8708 | 0500 0000 | 0000 0049 | c787 1005 
  0x00000165a5672d78: 0000 0000 | 0000 4881 | c480 0000 

  0x00000165a5672d84: ;   {runtime_call C1 Runtime unwind_exception_blob}
  0x00000165a5672d84: 005d e9d5 | 8322 07f4 | f4f4 f4f4 
[Stub Code]
  0x00000165a5672d90: ;   {no_reloc}
  0x00000165a5672d90: 0f1f 4400 

  0x00000165a5672d94: ;   {static_stub}
  0x00000165a5672d94: 0048 bb00 | 0000 0000 

  0x00000165a5672d9c: ;   {runtime_call nmethod}
  0x00000165a5672d9c: 0000 00e9 | fbff ffff 

  0x00000165a5672da4: ;   {static_stub}
  0x00000165a5672da4: 9048 bb00 | 0000 0000 

  0x00000165a5672dac: ;   {runtime_call nmethod}
  0x00000165a5672dac: 0000 00e9 | fbff ffff 

  0x00000165a5672db4: ;   {static_stub}
  0x00000165a5672db4: 48bb 0000 | 0000 0000 

  0x00000165a5672dbc: ;   {runtime_call nmethod}
  0x00000165a5672dbc: 0000 e9fb 

  0x00000165a5672dc0: ;   {runtime_call C1 Runtime handle_exception_from_callee_blob}
  0x00000165a5672dc0: ffff ffe8 | 98bf 2207 

  0x00000165a5672dc8: ;   {external_word}
  0x00000165a5672dc8: 48b9 e034 | b552 fb7f | 0000 4883 

  0x00000165a5672dd4: ;   {runtime_call}
  0x00000165a5672dd4: e4f0 48b8 | 1090 7252 | fb7f 0000 

  0x00000165a5672de0: ;   {section_word}
  0x00000165a5672de0: ffd0 f449 | bae3 2d67 | a565 0100 

  0x00000165a5672dec: ;   {runtime_call DeoptimizationBlob}
  0x00000165a5672dec: 0041 52e9 | 8c2f 1607 | f4f4 f4f4 
[/MachCode]


---------------  P R O C E S S  ---------------

Threads class SMR info:
_java_thread_list=0x00000165fe87dc20, length=22, elements={
0x000001659a301b60, 0x00000165b8631ce0, 0x00000165b8632620, 0x00000165b8632d60,
0x00000165b86334a0, 0x00000165b8637d20, 0x00000165b8638590, 0x00000165b863b140,
0x00000165b8656e50, 0x00000165b8592fb0, 0x00000165b8798a00, 0x00000165b87ae3d0,
0x00000165b87b7b60, 0x00000165b88742b0, 0x00000165b88fed70, 0x00000165fe797f80,
0x00000165fe872460, 0x00000165fe867dd0, 0x00000165fe872fb0, 0x00000165feb7ea30,
0x00000165feb7f3d0, 0x00000165fea0a560
}

Java Threads: ( => current thread )
=>0x000001659a301b60 JavaThread "Test worker"                       [_thread_in_native, id=40904, stack(0x0000000585b00000,0x0000000585c00000) (1024K)]
  0x00000165b8631ce0 JavaThread "Reference Handler"          daemon [_thread_blocked, id=26056, stack(0x0000000586300000,0x0000000586400000) (1024K)]
  0x00000165b8632620 JavaThread "Finalizer"                  daemon [_thread_blocked, id=33772, stack(0x0000000586400000,0x0000000586500000) (1024K)]
  0x00000165b8632d60 JavaThread "Signal Dispatcher"          daemon [_thread_blocked, id=38548, stack(0x0000000586500000,0x0000000586600000) (1024K)]
  0x00000165b86334a0 JavaThread "Attach Listener"            daemon [_thread_blocked, id=36816, stack(0x0000000586600000,0x0000000586700000) (1024K)]
  0x00000165b8637d20 JavaThread "Service Thread"             daemon [_thread_blocked, id=28684, stack(0x0000000586700000,0x0000000586800000) (1024K)]
  0x00000165b8638590 JavaThread "Monitor Deflation Thread"   daemon [_thread_blocked, id=39644, stack(0x0000000586800000,0x0000000586900000) (1024K)]
  0x00000165b863b140 JavaThread "C2 CompilerThread0"         daemon [_thread_blocked, id=4896, stack(0x0000000586900000,0x0000000586a00000) (1024K)]
  0x00000165b8656e50 JavaThread "C1 CompilerThread0"         daemon [_thread_blocked, id=40848, stack(0x0000000586a00000,0x0000000586b00000) (1024K)]
  0x00000165b8592fb0 JavaThread "C1 CompilerThread1"         daemon [_thread_blocked, id=36036, stack(0x0000000586b00000,0x0000000586c00000) (1024K)]
  0x00000165b8798a00 JavaThread "C1 CompilerThread2"         daemon [_thread_blocked, id=39248, stack(0x0000000586c00000,0x0000000586d00000) (1024K)]
  0x00000165b87ae3d0 JavaThread "Notification Thread"        daemon [_thread_blocked, id=36428, stack(0x0000000586d00000,0x0000000586e00000) (1024K)]
  0x00000165b87b7b60 JavaThread "Common-Cleaner"             daemon [_thread_blocked, id=41380, stack(0x0000000586e00000,0x0000000586f00000) (1024K)]
  0x00000165b88742b0 JavaThread "C2 CompilerThread1"         daemon [_thread_blocked, id=29368, stack(0x0000000586f00000,0x0000000587000000) (1024K)]
  0x00000165b88fed70 JavaThread "C2 CompilerThread2"         daemon [_thread_in_native, id=37292, stack(0x0000000587000000,0x0000000587100000) (1024K)]
  0x00000165fe797f80 JavaThread "C1 CompilerThread3"         daemon [_thread_blocked, id=33104, stack(0x0000000587100000,0x0000000587200000) (1024K)]
  0x00000165fe872460 JavaThread "/127.0.0.1:55181 to /127.0.0.1:55180 workers"        [_thread_blocked, id=38208, stack(0x0000000587300000,0x0000000587400000) (1024K)]
  0x00000165fe867dd0 JavaThread "/127.0.0.1:55181 to /127.0.0.1:55180 workers Thread 2"        [_thread_blocked, id=13012, stack(0x0000000587400000,0x0000000587500000) (1024K)]
  0x00000165fe872fb0 JavaThread "/127.0.0.1:55181 to /127.0.0.1:55180 workers Thread 3"        [_thread_in_native, id=38936, stack(0x0000000587500000,0x0000000587600000) (1024K)]
  0x00000165feb7ea30 JavaThread "C2 CompilerThread3"         daemon [_thread_blocked, id=36520, stack(0x0000000587600000,0x0000000587700000) (1024K)]
  0x00000165feb7f3d0 JavaThread "C2 CompilerThread4"         daemon [_thread_blocked, id=25788, stack(0x0000000587700000,0x0000000587800000) (1024K)]
  0x00000165fea0a560 JavaThread "C2 CompilerThread5"         daemon [_thread_in_native, id=36720, stack(0x0000000587800000,0x0000000587900000) (1024K)]
Total: 22

Other Threads:
  0x00000165b859c5f0 VMThread "VM Thread"                           [id=41136, stack(0x0000000586200000,0x0000000586300000) (1024K)]
  0x00000165b8621090 WatcherThread "VM Periodic Task Thread"        [id=12768, stack(0x0000000586100000,0x0000000586200000) (1024K)]
  0x000001659c859870 WorkerThread "GC Thread#0"                     [id=19332, stack(0x0000000585c00000,0x0000000585d00000) (1024K)]
  0x00000165815fe2a0 WorkerThread "GC Thread#1"                     [id=41536, stack(0x0000000587900000,0x0000000587a00000) (1024K)]
  0x0000016582a3eb20 WorkerThread "GC Thread#2"                     [id=35692, stack(0x0000000587a00000,0x0000000587b00000) (1024K)]
  0x000001658042c770 WorkerThread "GC Thread#3"                     [id=39840, stack(0x0000000587b00000,0x0000000587c00000) (1024K)]
  0x00000165feaacd60 WorkerThread "GC Thread#4"                     [id=27664, stack(0x0000000587c00000,0x0000000587d00000) (1024K)]
  0x00000165feaad110 WorkerThread "GC Thread#5"                     [id=41792, stack(0x0000000587d00000,0x0000000587e00000) (1024K)]
  0x000001658131be50 WorkerThread "GC Thread#6"                     [id=36308, stack(0x0000000587e00000,0x0000000587f00000) (1024K)]
  0x00000165ff556090 WorkerThread "GC Thread#7"                     [id=41968, stack(0x0000000587f00000,0x0000000588000000) (1024K)]
  0x00000165ff557300 WorkerThread "GC Thread#8"                     [id=41424, stack(0x0000000588000000,0x0000000588100000) (1024K)]
  0x00000165ff555ce0 WorkerThread "GC Thread#9"                     [id=22688, stack(0x0000000588100000,0x0000000588200000) (1024K)]
  0x000001659c85f7d0 ConcurrentGCThread "G1 Main Marker"            [id=40228, stack(0x0000000585d00000,0x0000000585e00000) (1024K)]
  0x000001659c861f90 WorkerThread "G1 Conc#0"                       [id=25872, stack(0x0000000585e00000,0x0000000585f00000) (1024K)]
  0x00000165b84e7b50 ConcurrentGCThread "G1 Refine#0"               [id=29052, stack(0x0000000585f00000,0x0000000586000000) (1024K)]
  0x00000165b84e7f90 ConcurrentGCThread "G1 Service"                [id=37776, stack(0x0000000586000000,0x0000000586100000) (1024K)]
Total: 16

Threads with active compile tasks:
C2 CompilerThread2  1151 2602       4       java.lang.invoke.MethodType::methodType (69 bytes)
C2 CompilerThread5  1151 2610       4       java.lang.invoke.MethodType::makeImpl (155 bytes)
Total: 2

VM state: not at safepoint (normal execution)

VM Mutex/Monitor currently owned by a thread: None

Heap address: 0x00000000e0000000, size: 512 MB, Compressed Oops mode: 32-bit

CDS archive(s) mapped at: [0x00000165b9000000-0x00000165b9d40000-0x00000165b9d40000), size 13893632, SharedBaseAddress: 0x00000165b9000000, ArchiveRelocationMode: 1.
Compressed class space mapped at: 0x00000165ba000000-0x00000165fa000000, reserved size: 1073741824
UseCompressedClassPointers 1, UseCompactObjectHeaders 0
Narrow klass pointer bits 32, Max shift 3
Narrow klass base: 0x00000165b9000000, Narrow klass shift: 0
Encoding Range: [0x00000165b9000000 - 0x00000166b9000000), (4294967296 bytes)
Klass Range:    [0x00000165b9000000 - 0x00000165fa000000), (1090519040 bytes)
Klass ID Range:  [8 - 1090519033) (1090519025)

GC Precious Log:
 CardTable entry size: 512
 Card Set container configuration: InlinePtr #cards 5 size 8 Array Of Cards #cards 10 size 36 Howl #buckets 4 coarsen threshold 1843 Howl Bitmap #cards 512 size 80 coarsen threshold 460 Card regions per heap region 1 cards per card region 2048
 CPUs: 16 total, 16 available
 Memory: 26421M
 Large Page Support: Disabled
 NUMA Support: Disabled
 Compressed Oops: Enabled (32-bit)
 Heap Region Size: 1M
 Heap Min Capacity: 8M
 Heap Initial Capacity: 414M
 Heap Max Capacity: 512M
 Pre-touch: Disabled
 Parallel Workers: 13
 Concurrent Workers: 3
 Concurrent Refinement Workers: 13
 Periodic GC: Disabled

Heap:
 garbage-first heap   total reserved 524288K, committed 425984K, used 22323K [0x00000000e0000000, 0x0000000100000000)
  region size 1024K, 22 young (22528K), 5 survivors (5120K)
 Metaspace       used 13893K, committed 14400K, reserved 1114112K
  class space    used 1456K, committed 1664K, reserved 1048576K

Heap Regions: E=young(eden), S=young(survivor), O=old, HS=humongous(starts), HC=humongous(continues), CS=collection set, F=free, TAMS=top-at-mark-start, PB=parsable bottom
|   0|0x00000000e0000000, 0x00000000e0000000, 0x00000000e0100000|  0%| F|  |TAMS 0x00000000e0000000| PB 0x00000000e0000000| Untracked |  0
|   1|0x00000000e0100000, 0x00000000e0100000, 0x00000000e0200000|  0%| F|  |TAMS 0x00000000e0100000| PB 0x00000000e0100000| Untracked |  0
|   2|0x00000000e0200000, 0x00000000e0200000, 0x00000000e0300000|  0%| F|  |TAMS 0x00000000e0200000| PB 0x00000000e0200000| Untracked |  0
|   3|0x00000000e0300000, 0x00000000e0300000, 0x00000000e0400000|  0%| F|  |TAMS 0x00000000e0300000| PB 0x00000000e0300000| Untracked |  0
|   4|0x00000000e0400000, 0x00000000e0400000, 0x00000000e0500000|  0%| F|  |TAMS 0x00000000e0400000| PB 0x00000000e0400000| Untracked |  0
|   5|0x00000000e0500000, 0x00000000e0500000, 0x00000000e0600000|  0%| F|  |TAMS 0x00000000e0500000| PB 0x00000000e0500000| Untracked |  0
|   6|0x00000000e0600000, 0x00000000e0600000, 0x00000000e0700000|  0%| F|  |TAMS 0x00000000e0600000| PB 0x00000000e0600000| Untracked |  0
|   7|0x00000000e0700000, 0x00000000e0700000, 0x00000000e0800000|  0%| F|  |TAMS 0x00000000e0700000| PB 0x00000000e0700000| Untracked |  0
|   8|0x00000000e0800000, 0x00000000e0800000, 0x00000000e0900000|  0%| F|  |TAMS 0x00000000e0800000| PB 0x00000000e0800000| Untracked |  0
|   9|0x00000000e0900000, 0x00000000e0900000, 0x00000000e0a00000|  0%| F|  |TAMS 0x00000000e0900000| PB 0x00000000e0900000| Untracked |  0
|  10|0x00000000e0a00000, 0x00000000e0a00000, 0x00000000e0b00000|  0%| F|  |TAMS 0x00000000e0a00000| PB 0x00000000e0a00000| Untracked |  0
|  11|0x00000000e0b00000, 0x00000000e0b00000, 0x00000000e0c00000|  0%| F|  |TAMS 0x00000000e0b00000| PB 0x00000000e0b00000| Untracked |  0
|  12|0x00000000e0c00000, 0x00000000e0c00000, 0x00000000e0d00000|  0%| F|  |TAMS 0x00000000e0c00000| PB 0x00000000e0c00000| Untracked |  0
|  13|0x00000000e0d00000, 0x00000000e0d00000, 0x00000000e0e00000|  0%| F|  |TAMS 0x00000000e0d00000| PB 0x00000000e0d00000| Untracked |  0
|  14|0x00000000e0e00000, 0x00000000e0e00000, 0x00000000e0f00000|  0%| F|  |TAMS 0x00000000e0e00000| PB 0x00000000e0e00000| Untracked |  0
|  15|0x00000000e0f00000, 0x00000000e0f00000, 0x00000000e1000000|  0%| F|  |TAMS 0x00000000e0f00000| PB 0x00000000e0f00000| Untracked |  0
|  16|0x00000000e1000000, 0x00000000e1000000, 0x00000000e1100000|  0%| F|  |TAMS 0x00000000e1000000| PB 0x00000000e1000000| Untracked |  0
|  17|0x00000000e1100000, 0x00000000e1100000, 0x00000000e1200000|  0%| F|  |TAMS 0x00000000e1100000| PB 0x00000000e1100000| Untracked |  0
|  18|0x00000000e1200000, 0x00000000e1200000, 0x00000000e1300000|  0%| F|  |TAMS 0x00000000e1200000| PB 0x00000000e1200000| Untracked |  0
|  19|0x00000000e1300000, 0x00000000e1300000, 0x00000000e1400000|  0%| F|  |TAMS 0x00000000e1300000| PB 0x00000000e1300000| Untracked |  0
|  20|0x00000000e1400000, 0x00000000e1400000, 0x00000000e1500000|  0%| F|  |TAMS 0x00000000e1400000| PB 0x00000000e1400000| Untracked |  0
|  21|0x00000000e1500000, 0x00000000e1500000, 0x00000000e1600000|  0%| F|  |TAMS 0x00000000e1500000| PB 0x00000000e1500000| Untracked |  0
|  22|0x00000000e1600000, 0x00000000e1600000, 0x00000000e1700000|  0%| F|  |TAMS 0x00000000e1600000| PB 0x00000000e1600000| Untracked |  0
|  23|0x00000000e1700000, 0x00000000e1700000, 0x00000000e1800000|  0%| F|  |TAMS 0x00000000e1700000| PB 0x00000000e1700000| Untracked |  0
|  24|0x00000000e1800000, 0x00000000e1800000, 0x00000000e1900000|  0%| F|  |TAMS 0x00000000e1800000| PB 0x00000000e1800000| Untracked |  0
|  25|0x00000000e1900000, 0x00000000e1900000, 0x00000000e1a00000|  0%| F|  |TAMS 0x00000000e1900000| PB 0x00000000e1900000| Untracked |  0
|  26|0x00000000e1a00000, 0x00000000e1a00000, 0x00000000e1b00000|  0%| F|  |TAMS 0x00000000e1a00000| PB 0x00000000e1a00000| Untracked |  0
|  27|0x00000000e1b00000, 0x00000000e1b00000, 0x00000000e1c00000|  0%| F|  |TAMS 0x00000000e1b00000| PB 0x00000000e1b00000| Untracked |  0
|  28|0x00000000e1c00000, 0x00000000e1c00000, 0x00000000e1d00000|  0%| F|  |TAMS 0x00000000e1c00000| PB 0x00000000e1c00000| Untracked |  0
|  29|0x00000000e1d00000, 0x00000000e1d00000, 0x00000000e1e00000|  0%| F|  |TAMS 0x00000000e1d00000| PB 0x00000000e1d00000| Untracked |  0
|  30|0x00000000e1e00000, 0x00000000e1e00000, 0x00000000e1f00000|  0%| F|  |TAMS 0x00000000e1e00000| PB 0x00000000e1e00000| Untracked |  0
|  31|0x00000000e1f00000, 0x00000000e1f00000, 0x00000000e2000000|  0%| F|  |TAMS 0x00000000e1f00000| PB 0x00000000e1f00000| Untracked |  0
|  32|0x00000000e2000000, 0x00000000e2000000, 0x00000000e2100000|  0%| F|  |TAMS 0x00000000e2000000| PB 0x00000000e2000000| Untracked |  0
|  33|0x00000000e2100000, 0x00000000e2100000, 0x00000000e2200000|  0%| F|  |TAMS 0x00000000e2100000| PB 0x00000000e2100000| Untracked |  0
|  34|0x00000000e2200000, 0x00000000e2200000, 0x00000000e2300000|  0%| F|  |TAMS 0x00000000e2200000| PB 0x00000000e2200000| Untracked |  0
|  35|0x00000000e2300000, 0x00000000e2300000, 0x00000000e2400000|  0%| F|  |TAMS 0x00000000e2300000| PB 0x00000000e2300000| Untracked |  0
|  36|0x00000000e2400000, 0x00000000e2400000, 0x00000000e2500000|  0%| F|  |TAMS 0x00000000e2400000| PB 0x00000000e2400000| Untracked |  0
|  37|0x00000000e2500000, 0x00000000e2500000, 0x00000000e2600000|  0%| F|  |TAMS 0x00000000e2500000| PB 0x00000000e2500000| Untracked |  0
|  38|0x00000000e2600000, 0x00000000e2600000, 0x00000000e2700000|  0%| F|  |TAMS 0x00000000e2600000| PB 0x00000000e2600000| Untracked |  0
|  39|0x00000000e2700000, 0x00000000e2700000, 0x00000000e2800000|  0%| F|  |TAMS 0x00000000e2700000| PB 0x00000000e2700000| Untracked |  0
|  40|0x00000000e2800000, 0x00000000e2800000, 0x00000000e2900000|  0%| F|  |TAMS 0x00000000e2800000| PB 0x00000000e2800000| Untracked |  0
|  41|0x00000000e2900000, 0x00000000e2900000, 0x00000000e2a00000|  0%| F|  |TAMS 0x00000000e2900000| PB 0x00000000e2900000| Untracked |  0
|  42|0x00000000e2a00000, 0x00000000e2a00000, 0x00000000e2b00000|  0%| F|  |TAMS 0x00000000e2a00000| PB 0x00000000e2a00000| Untracked |  0
|  43|0x00000000e2b00000, 0x00000000e2b00000, 0x00000000e2c00000|  0%| F|  |TAMS 0x00000000e2b00000| PB 0x00000000e2b00000| Untracked |  0
|  44|0x00000000e2c00000, 0x00000000e2c00000, 0x00000000e2d00000|  0%| F|  |TAMS 0x00000000e2c00000| PB 0x00000000e2c00000| Untracked |  0
|  45|0x00000000e2d00000, 0x00000000e2d00000, 0x00000000e2e00000|  0%| F|  |TAMS 0x00000000e2d00000| PB 0x00000000e2d00000| Untracked |  0
|  46|0x00000000e2e00000, 0x00000000e2e00000, 0x00000000e2f00000|  0%| F|  |TAMS 0x00000000e2e00000| PB 0x00000000e2e00000| Untracked |  0
|  47|0x00000000e2f00000, 0x00000000e2f00000, 0x00000000e3000000|  0%| F|  |TAMS 0x00000000e2f00000| PB 0x00000000e2f00000| Untracked |  0
|  48|0x00000000e3000000, 0x00000000e3000000, 0x00000000e3100000|  0%| F|  |TAMS 0x00000000e3000000| PB 0x00000000e3000000| Untracked |  0
|  49|0x00000000e3100000, 0x00000000e3100000, 0x00000000e3200000|  0%| F|  |TAMS 0x00000000e3100000| PB 0x00000000e3100000| Untracked |  0
|  50|0x00000000e3200000, 0x00000000e3200000, 0x00000000e3300000|  0%| F|  |TAMS 0x00000000e3200000| PB 0x00000000e3200000| Untracked |  0
|  51|0x00000000e3300000, 0x00000000e3300000, 0x00000000e3400000|  0%| F|  |TAMS 0x00000000e3300000| PB 0x00000000e3300000| Untracked |  0
|  52|0x00000000e3400000, 0x00000000e3400000, 0x00000000e3500000|  0%| F|  |TAMS 0x00000000e3400000| PB 0x00000000e3400000| Untracked |  0
|  53|0x00000000e3500000, 0x00000000e3500000, 0x00000000e3600000|  0%| F|  |TAMS 0x00000000e3500000| PB 0x00000000e3500000| Untracked |  0
|  54|0x00000000e3600000, 0x00000000e3600000, 0x00000000e3700000|  0%| F|  |TAMS 0x00000000e3600000| PB 0x00000000e3600000| Untracked |  0
|  55|0x00000000e3700000, 0x00000000e3700000, 0x00000000e3800000|  0%| F|  |TAMS 0x00000000e3700000| PB 0x00000000e3700000| Untracked |  0
|  56|0x00000000e3800000, 0x00000000e3800000, 0x00000000e3900000|  0%| F|  |TAMS 0x00000000e3800000| PB 0x00000000e3800000| Untracked |  0
|  57|0x00000000e3900000, 0x00000000e3900000, 0x00000000e3a00000|  0%| F|  |TAMS 0x00000000e3900000| PB 0x00000000e3900000| Untracked |  0
|  58|0x00000000e3a00000, 0x00000000e3a00000, 0x00000000e3b00000|  0%| F|  |TAMS 0x00000000e3a00000| PB 0x00000000e3a00000| Untracked |  0
|  59|0x00000000e3b00000, 0x00000000e3b00000, 0x00000000e3c00000|  0%| F|  |TAMS 0x00000000e3b00000| PB 0x00000000e3b00000| Untracked |  0
|  60|0x00000000e3c00000, 0x00000000e3c00000, 0x00000000e3d00000|  0%| F|  |TAMS 0x00000000e3c00000| PB 0x00000000e3c00000| Untracked |  0
|  61|0x00000000e3d00000, 0x00000000e3d00000, 0x00000000e3e00000|  0%| F|  |TAMS 0x00000000e3d00000| PB 0x00000000e3d00000| Untracked |  0
|  62|0x00000000e3e00000, 0x00000000e3e00000, 0x00000000e3f00000|  0%| F|  |TAMS 0x00000000e3e00000| PB 0x00000000e3e00000| Untracked |  0
|  63|0x00000000e3f00000, 0x00000000e3f00000, 0x00000000e4000000|  0%| F|  |TAMS 0x00000000e3f00000| PB 0x00000000e3f00000| Untracked |  0
|  64|0x00000000e4000000, 0x00000000e4000000, 0x00000000e4100000|  0%| F|  |TAMS 0x00000000e4000000| PB 0x00000000e4000000| Untracked |  0
|  65|0x00000000e4100000, 0x00000000e4100000, 0x00000000e4200000|  0%| F|  |TAMS 0x00000000e4100000| PB 0x00000000e4100000| Untracked |  0
|  66|0x00000000e4200000, 0x00000000e4200000, 0x00000000e4300000|  0%| F|  |TAMS 0x00000000e4200000| PB 0x00000000e4200000| Untracked |  0
|  67|0x00000000e4300000, 0x00000000e4300000, 0x00000000e4400000|  0%| F|  |TAMS 0x00000000e4300000| PB 0x00000000e4300000| Untracked |  0
|  68|0x00000000e4400000, 0x00000000e4400000, 0x00000000e4500000|  0%| F|  |TAMS 0x00000000e4400000| PB 0x00000000e4400000| Untracked |  0
|  69|0x00000000e4500000, 0x00000000e4500000, 0x00000000e4600000|  0%| F|  |TAMS 0x00000000e4500000| PB 0x00000000e4500000| Untracked |  0
|  70|0x00000000e4600000, 0x00000000e4600000, 0x00000000e4700000|  0%| F|  |TAMS 0x00000000e4600000| PB 0x00000000e4600000| Untracked |  0
|  71|0x00000000e4700000, 0x00000000e4700000, 0x00000000e4800000|  0%| F|  |TAMS 0x00000000e4700000| PB 0x00000000e4700000| Untracked |  0
|  72|0x00000000e4800000, 0x00000000e4800000, 0x00000000e4900000|  0%| F|  |TAMS 0x00000000e4800000| PB 0x00000000e4800000| Untracked |  0
|  73|0x00000000e4900000, 0x00000000e4900000, 0x00000000e4a00000|  0%| F|  |TAMS 0x00000000e4900000| PB 0x00000000e4900000| Untracked |  0
|  74|0x00000000e4a00000, 0x00000000e4a00000, 0x00000000e4b00000|  0%| F|  |TAMS 0x00000000e4a00000| PB 0x00000000e4a00000| Untracked |  0
|  75|0x00000000e4b00000, 0x00000000e4b00000, 0x00000000e4c00000|  0%| F|  |TAMS 0x00000000e4b00000| PB 0x00000000e4b00000| Untracked |  0
|  76|0x00000000e4c00000, 0x00000000e4c00000, 0x00000000e4d00000|  0%| F|  |TAMS 0x00000000e4c00000| PB 0x00000000e4c00000| Untracked |  0
|  77|0x00000000e4d00000, 0x00000000e4d00000, 0x00000000e4e00000|  0%| F|  |TAMS 0x00000000e4d00000| PB 0x00000000e4d00000| Untracked |  0
|  78|0x00000000e4e00000, 0x00000000e4e00000, 0x00000000e4f00000|  0%| F|  |TAMS 0x00000000e4e00000| PB 0x00000000e4e00000| Untracked |  0
|  79|0x00000000e4f00000, 0x00000000e4f00000, 0x00000000e5000000|  0%| F|  |TAMS 0x00000000e4f00000| PB 0x00000000e4f00000| Untracked |  0
|  80|0x00000000e5000000, 0x00000000e5000000, 0x00000000e5100000|  0%| F|  |TAMS 0x00000000e5000000| PB 0x00000000e5000000| Untracked |  0
|  81|0x00000000e5100000, 0x00000000e5100000, 0x00000000e5200000|  0%| F|  |TAMS 0x00000000e5100000| PB 0x00000000e5100000| Untracked |  0
|  82|0x00000000e5200000, 0x00000000e5200000, 0x00000000e5300000|  0%| F|  |TAMS 0x00000000e5200000| PB 0x00000000e5200000| Untracked |  0
|  83|0x00000000e5300000, 0x00000000e5300000, 0x00000000e5400000|  0%| F|  |TAMS 0x00000000e5300000| PB 0x00000000e5300000| Untracked |  0
|  84|0x00000000e5400000, 0x00000000e5400000, 0x00000000e5500000|  0%| F|  |TAMS 0x00000000e5400000| PB 0x00000000e5400000| Untracked |  0
|  85|0x00000000e5500000, 0x00000000e5500000, 0x00000000e5600000|  0%| F|  |TAMS 0x00000000e5500000| PB 0x00000000e5500000| Untracked |  0
|  86|0x00000000e5600000, 0x00000000e5600000, 0x00000000e5700000|  0%| F|  |TAMS 0x00000000e5600000| PB 0x00000000e5600000| Untracked |  0
|  87|0x00000000e5700000, 0x00000000e5700000, 0x00000000e5800000|  0%| F|  |TAMS 0x00000000e5700000| PB 0x00000000e5700000| Untracked |  0
|  88|0x00000000e5800000, 0x00000000e5800000, 0x00000000e5900000|  0%| F|  |TAMS 0x00000000e5800000| PB 0x00000000e5800000| Untracked |  0
|  89|0x00000000e5900000, 0x00000000e5900000, 0x00000000e5a00000|  0%| F|  |TAMS 0x00000000e5900000| PB 0x00000000e5900000| Untracked |  0
|  90|0x00000000e5a00000, 0x00000000e5a00000, 0x00000000e5b00000|  0%| F|  |TAMS 0x00000000e5a00000| PB 0x00000000e5a00000| Untracked |  0
|  91|0x00000000e5b00000, 0x00000000e5b00000, 0x00000000e5c00000|  0%| F|  |TAMS 0x00000000e5b00000| PB 0x00000000e5b00000| Untracked |  0
|  92|0x00000000e5c00000, 0x00000000e5c00000, 0x00000000e5d00000|  0%| F|  |TAMS 0x00000000e5c00000| PB 0x00000000e5c00000| Untracked |  0
|  93|0x00000000e5d00000, 0x00000000e5d00000, 0x00000000e5e00000|  0%| F|  |TAMS 0x00000000e5d00000| PB 0x00000000e5d00000| Untracked |  0
|  94|0x00000000e5e00000, 0x00000000e5e00000, 0x00000000e5f00000|  0%| F|  |TAMS 0x00000000e5e00000| PB 0x00000000e5e00000| Untracked |  0
|  95|0x00000000e5f00000, 0x00000000e5f00000, 0x00000000e6000000|  0%| F|  |TAMS 0x00000000e5f00000| PB 0x00000000e5f00000| Untracked |  0
|  96|0x00000000e6000000, 0x00000000e6000000, 0x00000000e6100000|  0%| F|  |TAMS 0x00000000e6000000| PB 0x00000000e6000000| Untracked |  0
|  97|0x00000000e6100000, 0x00000000e6100000, 0x00000000e6200000|  0%| F|  |TAMS 0x00000000e6100000| PB 0x00000000e6100000| Untracked |  0
|  98|0x00000000e6200000, 0x00000000e6200000, 0x00000000e6300000|  0%| F|  |TAMS 0x00000000e6200000| PB 0x00000000e6200000| Untracked |  0
|  99|0x00000000e6300000, 0x00000000e6300000, 0x00000000e6400000|  0%| F|  |TAMS 0x00000000e6300000| PB 0x00000000e6300000| Untracked |  0
| 100|0x00000000e6400000, 0x00000000e6400000, 0x00000000e6500000|  0%| F|  |TAMS 0x00000000e6400000| PB 0x00000000e6400000| Untracked |  0
| 101|0x00000000e6500000, 0x00000000e6500000, 0x00000000e6600000|  0%| F|  |TAMS 0x00000000e6500000| PB 0x00000000e6500000| Untracked |  0
| 102|0x00000000e6600000, 0x00000000e6600000, 0x00000000e6700000|  0%| F|  |TAMS 0x00000000e6600000| PB 0x00000000e6600000| Untracked |  0
| 103|0x00000000e6700000, 0x00000000e6700000, 0x00000000e6800000|  0%| F|  |TAMS 0x00000000e6700000| PB 0x00000000e6700000| Untracked |  0
| 104|0x00000000e6800000, 0x00000000e6800000, 0x00000000e6900000|  0%| F|  |TAMS 0x00000000e6800000| PB 0x00000000e6800000| Untracked |  0
| 105|0x00000000e6900000, 0x00000000e6900000, 0x00000000e6a00000|  0%| F|  |TAMS 0x00000000e6900000| PB 0x00000000e6900000| Untracked |  0
| 106|0x00000000e6a00000, 0x00000000e6a00000, 0x00000000e6b00000|  0%| F|  |TAMS 0x00000000e6a00000| PB 0x00000000e6a00000| Untracked |  0
| 107|0x00000000e6b00000, 0x00000000e6b00000, 0x00000000e6c00000|  0%| F|  |TAMS 0x00000000e6b00000| PB 0x00000000e6b00000| Untracked |  0
| 108|0x00000000e6c00000, 0x00000000e6c00000, 0x00000000e6d00000|  0%| F|  |TAMS 0x00000000e6c00000| PB 0x00000000e6c00000| Untracked |  0
| 109|0x00000000e6d00000, 0x00000000e6d00000, 0x00000000e6e00000|  0%| F|  |TAMS 0x00000000e6d00000| PB 0x00000000e6d00000| Untracked |  0
| 110|0x00000000e6e00000, 0x00000000e6e00000, 0x00000000e6f00000|  0%| F|  |TAMS 0x00000000e6e00000| PB 0x00000000e6e00000| Untracked |  0
| 111|0x00000000e6f00000, 0x00000000e6f00000, 0x00000000e7000000|  0%| F|  |TAMS 0x00000000e6f00000| PB 0x00000000e6f00000| Untracked |  0
| 112|0x00000000e7000000, 0x00000000e7000000, 0x00000000e7100000|  0%| F|  |TAMS 0x00000000e7000000| PB 0x00000000e7000000| Untracked |  0
| 113|0x00000000e7100000, 0x00000000e7100000, 0x00000000e7200000|  0%| F|  |TAMS 0x00000000e7100000| PB 0x00000000e7100000| Untracked |  0
| 114|0x00000000e7200000, 0x00000000e7200000, 0x00000000e7300000|  0%| F|  |TAMS 0x00000000e7200000| PB 0x00000000e7200000| Untracked |  0
| 115|0x00000000e7300000, 0x00000000e7300000, 0x00000000e7400000|  0%| F|  |TAMS 0x00000000e7300000| PB 0x00000000e7300000| Untracked |  0
| 116|0x00000000e7400000, 0x00000000e7400000, 0x00000000e7500000|  0%| F|  |TAMS 0x00000000e7400000| PB 0x00000000e7400000| Untracked |  0
| 117|0x00000000e7500000, 0x00000000e7500000, 0x00000000e7600000|  0%| F|  |TAMS 0x00000000e7500000| PB 0x00000000e7500000| Untracked |  0
| 118|0x00000000e7600000, 0x00000000e7600000, 0x00000000e7700000|  0%| F|  |TAMS 0x00000000e7600000| PB 0x00000000e7600000| Untracked |  0
| 119|0x00000000e7700000, 0x00000000e7700000, 0x00000000e7800000|  0%| F|  |TAMS 0x00000000e7700000| PB 0x00000000e7700000| Untracked |  0
| 120|0x00000000e7800000, 0x00000000e7800000, 0x00000000e7900000|  0%| F|  |TAMS 0x00000000e7800000| PB 0x00000000e7800000| Untracked |  0
| 121|0x00000000e7900000, 0x00000000e7900000, 0x00000000e7a00000|  0%| F|  |TAMS 0x00000000e7900000| PB 0x00000000e7900000| Untracked |  0
| 122|0x00000000e7a00000, 0x00000000e7a00000, 0x00000000e7b00000|  0%| F|  |TAMS 0x00000000e7a00000| PB 0x00000000e7a00000| Untracked |  0
| 123|0x00000000e7b00000, 0x00000000e7b00000, 0x00000000e7c00000|  0%| F|  |TAMS 0x00000000e7b00000| PB 0x00000000e7b00000| Untracked |  0
| 124|0x00000000e7c00000, 0x00000000e7c00000, 0x00000000e7d00000|  0%| F|  |TAMS 0x00000000e7c00000| PB 0x00000000e7c00000| Untracked |  0
| 125|0x00000000e7d00000, 0x00000000e7d00000, 0x00000000e7e00000|  0%| F|  |TAMS 0x00000000e7d00000| PB 0x00000000e7d00000| Untracked |  0
| 126|0x00000000e7e00000, 0x00000000e7e00000, 0x00000000e7f00000|  0%| F|  |TAMS 0x00000000e7e00000| PB 0x00000000e7e00000| Untracked |  0
| 127|0x00000000e7f00000, 0x00000000e7f00000, 0x00000000e8000000|  0%| F|  |TAMS 0x00000000e7f00000| PB 0x00000000e7f00000| Untracked |  0
| 128|0x00000000e8000000, 0x00000000e8000000, 0x00000000e8100000|  0%| F|  |TAMS 0x00000000e8000000| PB 0x00000000e8000000| Untracked |  0
| 129|0x00000000e8100000, 0x00000000e8100000, 0x00000000e8200000|  0%| F|  |TAMS 0x00000000e8100000| PB 0x00000000e8100000| Untracked |  0
| 130|0x00000000e8200000, 0x00000000e8200000, 0x00000000e8300000|  0%| F|  |TAMS 0x00000000e8200000| PB 0x00000000e8200000| Untracked |  0
| 131|0x00000000e8300000, 0x00000000e8300000, 0x00000000e8400000|  0%| F|  |TAMS 0x00000000e8300000| PB 0x00000000e8300000| Untracked |  0
| 132|0x00000000e8400000, 0x00000000e8400000, 0x00000000e8500000|  0%| F|  |TAMS 0x00000000e8400000| PB 0x00000000e8400000| Untracked |  0
| 133|0x00000000e8500000, 0x00000000e8500000, 0x00000000e8600000|  0%| F|  |TAMS 0x00000000e8500000| PB 0x00000000e8500000| Untracked |  0
| 134|0x00000000e8600000, 0x00000000e8600000, 0x00000000e8700000|  0%| F|  |TAMS 0x00000000e8600000| PB 0x00000000e8600000| Untracked |  0
| 135|0x00000000e8700000, 0x00000000e8700000, 0x00000000e8800000|  0%| F|  |TAMS 0x00000000e8700000| PB 0x00000000e8700000| Untracked |  0
| 136|0x00000000e8800000, 0x00000000e8800000, 0x00000000e8900000|  0%| F|  |TAMS 0x00000000e8800000| PB 0x00000000e8800000| Untracked |  0
| 137|0x00000000e8900000, 0x00000000e8900000, 0x00000000e8a00000|  0%| F|  |TAMS 0x00000000e8900000| PB 0x00000000e8900000| Untracked |  0
| 138|0x00000000e8a00000, 0x00000000e8a00000, 0x00000000e8b00000|  0%| F|  |TAMS 0x00000000e8a00000| PB 0x00000000e8a00000| Untracked |  0
| 139|0x00000000e8b00000, 0x00000000e8b00000, 0x00000000e8c00000|  0%| F|  |TAMS 0x00000000e8b00000| PB 0x00000000e8b00000| Untracked |  0
| 140|0x00000000e8c00000, 0x00000000e8c00000, 0x00000000e8d00000|  0%| F|  |TAMS 0x00000000e8c00000| PB 0x00000000e8c00000| Untracked |  0
| 141|0x00000000e8d00000, 0x00000000e8d00000, 0x00000000e8e00000|  0%| F|  |TAMS 0x00000000e8d00000| PB 0x00000000e8d00000| Untracked |  0
| 142|0x00000000e8e00000, 0x00000000e8e00000, 0x00000000e8f00000|  0%| F|  |TAMS 0x00000000e8e00000| PB 0x00000000e8e00000| Untracked |  0
| 143|0x00000000e8f00000, 0x00000000e8f00000, 0x00000000e9000000|  0%| F|  |TAMS 0x00000000e8f00000| PB 0x00000000e8f00000| Untracked |  0
| 144|0x00000000e9000000, 0x00000000e9000000, 0x00000000e9100000|  0%| F|  |TAMS 0x00000000e9000000| PB 0x00000000e9000000| Untracked |  0
| 145|0x00000000e9100000, 0x00000000e9100000, 0x00000000e9200000|  0%| F|  |TAMS 0x00000000e9100000| PB 0x00000000e9100000| Untracked |  0
| 146|0x00000000e9200000, 0x00000000e9200000, 0x00000000e9300000|  0%| F|  |TAMS 0x00000000e9200000| PB 0x00000000e9200000| Untracked |  0
| 147|0x00000000e9300000, 0x00000000e9300000, 0x00000000e9400000|  0%| F|  |TAMS 0x00000000e9300000| PB 0x00000000e9300000| Untracked |  0
| 148|0x00000000e9400000, 0x00000000e9400000, 0x00000000e9500000|  0%| F|  |TAMS 0x00000000e9400000| PB 0x00000000e9400000| Untracked |  0
| 149|0x00000000e9500000, 0x00000000e9500000, 0x00000000e9600000|  0%| F|  |TAMS 0x00000000e9500000| PB 0x00000000e9500000| Untracked |  0
| 150|0x00000000e9600000, 0x00000000e9600000, 0x00000000e9700000|  0%| F|  |TAMS 0x00000000e9600000| PB 0x00000000e9600000| Untracked |  0
| 151|0x00000000e9700000, 0x00000000e9700000, 0x00000000e9800000|  0%| F|  |TAMS 0x00000000e9700000| PB 0x00000000e9700000| Untracked |  0
| 152|0x00000000e9800000, 0x00000000e9800000, 0x00000000e9900000|  0%| F|  |TAMS 0x00000000e9800000| PB 0x00000000e9800000| Untracked |  0
| 153|0x00000000e9900000, 0x00000000e9900000, 0x00000000e9a00000|  0%| F|  |TAMS 0x00000000e9900000| PB 0x00000000e9900000| Untracked |  0
| 154|0x00000000e9a00000, 0x00000000e9a00000, 0x00000000e9b00000|  0%| F|  |TAMS 0x00000000e9a00000| PB 0x00000000e9a00000| Untracked |  0
| 155|0x00000000e9b00000, 0x00000000e9b00000, 0x00000000e9c00000|  0%| F|  |TAMS 0x00000000e9b00000| PB 0x00000000e9b00000| Untracked |  0
| 156|0x00000000e9c00000, 0x00000000e9c00000, 0x00000000e9d00000|  0%| F|  |TAMS 0x00000000e9c00000| PB 0x00000000e9c00000| Untracked |  0
| 157|0x00000000e9d00000, 0x00000000e9d00000, 0x00000000e9e00000|  0%| F|  |TAMS 0x00000000e9d00000| PB 0x00000000e9d00000| Untracked |  0
| 158|0x00000000e9e00000, 0x00000000e9e00000, 0x00000000e9f00000|  0%| F|  |TAMS 0x00000000e9e00000| PB 0x00000000e9e00000| Untracked |  0
| 159|0x00000000e9f00000, 0x00000000e9f00000, 0x00000000ea000000|  0%| F|  |TAMS 0x00000000e9f00000| PB 0x00000000e9f00000| Untracked |  0
| 160|0x00000000ea000000, 0x00000000ea000000, 0x00000000ea100000|  0%| F|  |TAMS 0x00000000ea000000| PB 0x00000000ea000000| Untracked |  0
| 161|0x00000000ea100000, 0x00000000ea100000, 0x00000000ea200000|  0%| F|  |TAMS 0x00000000ea100000| PB 0x00000000ea100000| Untracked |  0
| 162|0x00000000ea200000, 0x00000000ea200000, 0x00000000ea300000|  0%| F|  |TAMS 0x00000000ea200000| PB 0x00000000ea200000| Untracked |  0
| 163|0x00000000ea300000, 0x00000000ea300000, 0x00000000ea400000|  0%| F|  |TAMS 0x00000000ea300000| PB 0x00000000ea300000| Untracked |  0
| 164|0x00000000ea400000, 0x00000000ea400000, 0x00000000ea500000|  0%| F|  |TAMS 0x00000000ea400000| PB 0x00000000ea400000| Untracked |  0
| 165|0x00000000ea500000, 0x00000000ea500000, 0x00000000ea600000|  0%| F|  |TAMS 0x00000000ea500000| PB 0x00000000ea500000| Untracked |  0
| 166|0x00000000ea600000, 0x00000000ea600000, 0x00000000ea700000|  0%| F|  |TAMS 0x00000000ea600000| PB 0x00000000ea600000| Untracked |  0
| 167|0x00000000ea700000, 0x00000000ea700000, 0x00000000ea800000|  0%| F|  |TAMS 0x00000000ea700000| PB 0x00000000ea700000| Untracked |  0
| 168|0x00000000ea800000, 0x00000000ea800000, 0x00000000ea900000|  0%| F|  |TAMS 0x00000000ea800000| PB 0x00000000ea800000| Untracked |  0
| 169|0x00000000ea900000, 0x00000000ea900000, 0x00000000eaa00000|  0%| F|  |TAMS 0x00000000ea900000| PB 0x00000000ea900000| Untracked |  0
| 170|0x00000000eaa00000, 0x00000000eaa00000, 0x00000000eab00000|  0%| F|  |TAMS 0x00000000eaa00000| PB 0x00000000eaa00000| Untracked |  0
| 171|0x00000000eab00000, 0x00000000eab00000, 0x00000000eac00000|  0%| F|  |TAMS 0x00000000eab00000| PB 0x00000000eab00000| Untracked |  0
| 172|0x00000000eac00000, 0x00000000eac00000, 0x00000000ead00000|  0%| F|  |TAMS 0x00000000eac00000| PB 0x00000000eac00000| Untracked |  0
| 173|0x00000000ead00000, 0x00000000ead00000, 0x00000000eae00000|  0%| F|  |TAMS 0x00000000ead00000| PB 0x00000000ead00000| Untracked |  0
| 174|0x00000000eae00000, 0x00000000eae00000, 0x00000000eaf00000|  0%| F|  |TAMS 0x00000000eae00000| PB 0x00000000eae00000| Untracked |  0
| 175|0x00000000eaf00000, 0x00000000eaf00000, 0x00000000eb000000|  0%| F|  |TAMS 0x00000000eaf00000| PB 0x00000000eaf00000| Untracked |  0
| 176|0x00000000eb000000, 0x00000000eb000000, 0x00000000eb100000|  0%| F|  |TAMS 0x00000000eb000000| PB 0x00000000eb000000| Untracked |  0
| 177|0x00000000eb100000, 0x00000000eb100000, 0x00000000eb200000|  0%| F|  |TAMS 0x00000000eb100000| PB 0x00000000eb100000| Untracked |  0
| 178|0x00000000eb200000, 0x00000000eb200000, 0x00000000eb300000|  0%| F|  |TAMS 0x00000000eb200000| PB 0x00000000eb200000| Untracked |  0
| 179|0x00000000eb300000, 0x00000000eb300000, 0x00000000eb400000|  0%| F|  |TAMS 0x00000000eb300000| PB 0x00000000eb300000| Untracked |  0
| 180|0x00000000eb400000, 0x00000000eb400000, 0x00000000eb500000|  0%| F|  |TAMS 0x00000000eb400000| PB 0x00000000eb400000| Untracked |  0
| 181|0x00000000eb500000, 0x00000000eb500000, 0x00000000eb600000|  0%| F|  |TAMS 0x00000000eb500000| PB 0x00000000eb500000| Untracked |  0
| 182|0x00000000eb600000, 0x00000000eb600000, 0x00000000eb700000|  0%| F|  |TAMS 0x00000000eb600000| PB 0x00000000eb600000| Untracked |  0
| 183|0x00000000eb700000, 0x00000000eb700000, 0x00000000eb800000|  0%| F|  |TAMS 0x00000000eb700000| PB 0x00000000eb700000| Untracked |  0
| 184|0x00000000eb800000, 0x00000000eb800000, 0x00000000eb900000|  0%| F|  |TAMS 0x00000000eb800000| PB 0x00000000eb800000| Untracked |  0
| 185|0x00000000eb900000, 0x00000000eb900000, 0x00000000eba00000|  0%| F|  |TAMS 0x00000000eb900000| PB 0x00000000eb900000| Untracked |  0
| 186|0x00000000eba00000, 0x00000000eba00000, 0x00000000ebb00000|  0%| F|  |TAMS 0x00000000eba00000| PB 0x00000000eba00000| Untracked |  0
| 187|0x00000000ebb00000, 0x00000000ebb00000, 0x00000000ebc00000|  0%| F|  |TAMS 0x00000000ebb00000| PB 0x00000000ebb00000| Untracked |  0
| 188|0x00000000ebc00000, 0x00000000ebc00000, 0x00000000ebd00000|  0%| F|  |TAMS 0x00000000ebc00000| PB 0x00000000ebc00000| Untracked |  0
| 189|0x00000000ebd00000, 0x00000000ebd00000, 0x00000000ebe00000|  0%| F|  |TAMS 0x00000000ebd00000| PB 0x00000000ebd00000| Untracked |  0
| 190|0x00000000ebe00000, 0x00000000ebe00000, 0x00000000ebf00000|  0%| F|  |TAMS 0x00000000ebe00000| PB 0x00000000ebe00000| Untracked |  0
| 191|0x00000000ebf00000, 0x00000000ebf00000, 0x00000000ec000000|  0%| F|  |TAMS 0x00000000ebf00000| PB 0x00000000ebf00000| Untracked |  0
| 192|0x00000000ec000000, 0x00000000ec000000, 0x00000000ec100000|  0%| F|  |TAMS 0x00000000ec000000| PB 0x00000000ec000000| Untracked |  0
| 193|0x00000000ec100000, 0x00000000ec100000, 0x00000000ec200000|  0%| F|  |TAMS 0x00000000ec100000| PB 0x00000000ec100000| Untracked |  0
| 194|0x00000000ec200000, 0x00000000ec200000, 0x00000000ec300000|  0%| F|  |TAMS 0x00000000ec200000| PB 0x00000000ec200000| Untracked |  0
| 195|0x00000000ec300000, 0x00000000ec300000, 0x00000000ec400000|  0%| F|  |TAMS 0x00000000ec300000| PB 0x00000000ec300000| Untracked |  0
| 196|0x00000000ec400000, 0x00000000ec400000, 0x00000000ec500000|  0%| F|  |TAMS 0x00000000ec400000| PB 0x00000000ec400000| Untracked |  0
| 197|0x00000000ec500000, 0x00000000ec500000, 0x00000000ec600000|  0%| F|  |TAMS 0x00000000ec500000| PB 0x00000000ec500000| Untracked |  0
| 198|0x00000000ec600000, 0x00000000ec600000, 0x00000000ec700000|  0%| F|  |TAMS 0x00000000ec600000| PB 0x00000000ec600000| Untracked |  0
| 199|0x00000000ec700000, 0x00000000ec700000, 0x00000000ec800000|  0%| F|  |TAMS 0x00000000ec700000| PB 0x00000000ec700000| Untracked |  0
| 200|0x00000000ec800000, 0x00000000ec800000, 0x00000000ec900000|  0%| F|  |TAMS 0x00000000ec800000| PB 0x00000000ec800000| Untracked |  0
| 201|0x00000000ec900000, 0x00000000ec900000, 0x00000000eca00000|  0%| F|  |TAMS 0x00000000ec900000| PB 0x00000000ec900000| Untracked |  0
| 202|0x00000000eca00000, 0x00000000eca00000, 0x00000000ecb00000|  0%| F|  |TAMS 0x00000000eca00000| PB 0x00000000eca00000| Untracked |  0
| 203|0x00000000ecb00000, 0x00000000ecb00000, 0x00000000ecc00000|  0%| F|  |TAMS 0x00000000ecb00000| PB 0x00000000ecb00000| Untracked |  0
| 204|0x00000000ecc00000, 0x00000000ecc00000, 0x00000000ecd00000|  0%| F|  |TAMS 0x00000000ecc00000| PB 0x00000000ecc00000| Untracked |  0
| 205|0x00000000ecd00000, 0x00000000ecd00000, 0x00000000ece00000|  0%| F|  |TAMS 0x00000000ecd00000| PB 0x00000000ecd00000| Untracked |  0
| 206|0x00000000ece00000, 0x00000000ece00000, 0x00000000ecf00000|  0%| F|  |TAMS 0x00000000ece00000| PB 0x00000000ece00000| Untracked |  0
| 207|0x00000000ecf00000, 0x00000000ecf00000, 0x00000000ed000000|  0%| F|  |TAMS 0x00000000ecf00000| PB 0x00000000ecf00000| Untracked |  0
| 208|0x00000000ed000000, 0x00000000ed000000, 0x00000000ed100000|  0%| F|  |TAMS 0x00000000ed000000| PB 0x00000000ed000000| Untracked |  0
| 209|0x00000000ed100000, 0x00000000ed100000, 0x00000000ed200000|  0%| F|  |TAMS 0x00000000ed100000| PB 0x00000000ed100000| Untracked |  0
| 210|0x00000000ed200000, 0x00000000ed200000, 0x00000000ed300000|  0%| F|  |TAMS 0x00000000ed200000| PB 0x00000000ed200000| Untracked |  0
| 211|0x00000000ed300000, 0x00000000ed300000, 0x00000000ed400000|  0%| F|  |TAMS 0x00000000ed300000| PB 0x00000000ed300000| Untracked |  0
| 212|0x00000000ed400000, 0x00000000ed400000, 0x00000000ed500000|  0%| F|  |TAMS 0x00000000ed400000| PB 0x00000000ed400000| Untracked |  0
| 213|0x00000000ed500000, 0x00000000ed500000, 0x00000000ed600000|  0%| F|  |TAMS 0x00000000ed500000| PB 0x00000000ed500000| Untracked |  0
| 214|0x00000000ed600000, 0x00000000ed600000, 0x00000000ed700000|  0%| F|  |TAMS 0x00000000ed600000| PB 0x00000000ed600000| Untracked |  0
| 215|0x00000000ed700000, 0x00000000ed700000, 0x00000000ed800000|  0%| F|  |TAMS 0x00000000ed700000| PB 0x00000000ed700000| Untracked |  0
| 216|0x00000000ed800000, 0x00000000ed800000, 0x00000000ed900000|  0%| F|  |TAMS 0x00000000ed800000| PB 0x00000000ed800000| Untracked |  0
| 217|0x00000000ed900000, 0x00000000ed900000, 0x00000000eda00000|  0%| F|  |TAMS 0x00000000ed900000| PB 0x00000000ed900000| Untracked |  0
| 218|0x00000000eda00000, 0x00000000eda00000, 0x00000000edb00000|  0%| F|  |TAMS 0x00000000eda00000| PB 0x00000000eda00000| Untracked |  0
| 219|0x00000000edb00000, 0x00000000edb00000, 0x00000000edc00000|  0%| F|  |TAMS 0x00000000edb00000| PB 0x00000000edb00000| Untracked |  0
| 220|0x00000000edc00000, 0x00000000edc00000, 0x00000000edd00000|  0%| F|  |TAMS 0x00000000edc00000| PB 0x00000000edc00000| Untracked |  0
| 221|0x00000000edd00000, 0x00000000edd00000, 0x00000000ede00000|  0%| F|  |TAMS 0x00000000edd00000| PB 0x00000000edd00000| Untracked |  0
| 222|0x00000000ede00000, 0x00000000ede00000, 0x00000000edf00000|  0%| F|  |TAMS 0x00000000ede00000| PB 0x00000000ede00000| Untracked |  0
| 223|0x00000000edf00000, 0x00000000edf00000, 0x00000000ee000000|  0%| F|  |TAMS 0x00000000edf00000| PB 0x00000000edf00000| Untracked |  0
| 224|0x00000000ee000000, 0x00000000ee000000, 0x00000000ee100000|  0%| F|  |TAMS 0x00000000ee000000| PB 0x00000000ee000000| Untracked |  0
| 225|0x00000000ee100000, 0x00000000ee100000, 0x00000000ee200000|  0%| F|  |TAMS 0x00000000ee100000| PB 0x00000000ee100000| Untracked |  0
| 226|0x00000000ee200000, 0x00000000ee200000, 0x00000000ee300000|  0%| F|  |TAMS 0x00000000ee200000| PB 0x00000000ee200000| Untracked |  0
| 227|0x00000000ee300000, 0x00000000ee300000, 0x00000000ee400000|  0%| F|  |TAMS 0x00000000ee300000| PB 0x00000000ee300000| Untracked |  0
| 228|0x00000000ee400000, 0x00000000ee400000, 0x00000000ee500000|  0%| F|  |TAMS 0x00000000ee400000| PB 0x00000000ee400000| Untracked |  0
| 229|0x00000000ee500000, 0x00000000ee500000, 0x00000000ee600000|  0%| F|  |TAMS 0x00000000ee500000| PB 0x00000000ee500000| Untracked |  0
| 230|0x00000000ee600000, 0x00000000ee600000, 0x00000000ee700000|  0%| F|  |TAMS 0x00000000ee600000| PB 0x00000000ee600000| Untracked |  0
| 231|0x00000000ee700000, 0x00000000ee700000, 0x00000000ee800000|  0%| F|  |TAMS 0x00000000ee700000| PB 0x00000000ee700000| Untracked |  0
| 232|0x00000000ee800000, 0x00000000ee800000, 0x00000000ee900000|  0%| F|  |TAMS 0x00000000ee800000| PB 0x00000000ee800000| Untracked |  0
| 233|0x00000000ee900000, 0x00000000ee900000, 0x00000000eea00000|  0%| F|  |TAMS 0x00000000ee900000| PB 0x00000000ee900000| Untracked |  0
| 234|0x00000000eea00000, 0x00000000eea00000, 0x00000000eeb00000|  0%| F|  |TAMS 0x00000000eea00000| PB 0x00000000eea00000| Untracked |  0
| 235|0x00000000eeb00000, 0x00000000eeb00000, 0x00000000eec00000|  0%| F|  |TAMS 0x00000000eeb00000| PB 0x00000000eeb00000| Untracked |  0
| 236|0x00000000eec00000, 0x00000000eec00000, 0x00000000eed00000|  0%| F|  |TAMS 0x00000000eec00000| PB 0x00000000eec00000| Untracked |  0
| 237|0x00000000eed00000, 0x00000000eed00000, 0x00000000eee00000|  0%| F|  |TAMS 0x00000000eed00000| PB 0x00000000eed00000| Untracked |  0
| 238|0x00000000eee00000, 0x00000000eee00000, 0x00000000eef00000|  0%| F|  |TAMS 0x00000000eee00000| PB 0x00000000eee00000| Untracked |  0
| 239|0x00000000eef00000, 0x00000000eef00000, 0x00000000ef000000|  0%| F|  |TAMS 0x00000000eef00000| PB 0x00000000eef00000| Untracked |  0
| 240|0x00000000ef000000, 0x00000000ef000000, 0x00000000ef100000|  0%| F|  |TAMS 0x00000000ef000000| PB 0x00000000ef000000| Untracked |  0
| 241|0x00000000ef100000, 0x00000000ef100000, 0x00000000ef200000|  0%| F|  |TAMS 0x00000000ef100000| PB 0x00000000ef100000| Untracked |  0
| 242|0x00000000ef200000, 0x00000000ef200000, 0x00000000ef300000|  0%| F|  |TAMS 0x00000000ef200000| PB 0x00000000ef200000| Untracked |  0
| 243|0x00000000ef300000, 0x00000000ef300000, 0x00000000ef400000|  0%| F|  |TAMS 0x00000000ef300000| PB 0x00000000ef300000| Untracked |  0
| 244|0x00000000ef400000, 0x00000000ef400000, 0x00000000ef500000|  0%| F|  |TAMS 0x00000000ef400000| PB 0x00000000ef400000| Untracked |  0
| 245|0x00000000ef500000, 0x00000000ef500000, 0x00000000ef600000|  0%| F|  |TAMS 0x00000000ef500000| PB 0x00000000ef500000| Untracked |  0
| 246|0x00000000ef600000, 0x00000000ef600000, 0x00000000ef700000|  0%| F|  |TAMS 0x00000000ef600000| PB 0x00000000ef600000| Untracked |  0
| 247|0x00000000ef700000, 0x00000000ef700000, 0x00000000ef800000|  0%| F|  |TAMS 0x00000000ef700000| PB 0x00000000ef700000| Untracked |  0
| 248|0x00000000ef800000, 0x00000000ef800000, 0x00000000ef900000|  0%| F|  |TAMS 0x00000000ef800000| PB 0x00000000ef800000| Untracked |  0
| 249|0x00000000ef900000, 0x00000000ef900000, 0x00000000efa00000|  0%| F|  |TAMS 0x00000000ef900000| PB 0x00000000ef900000| Untracked |  0
| 250|0x00000000efa00000, 0x00000000efa00000, 0x00000000efb00000|  0%| F|  |TAMS 0x00000000efa00000| PB 0x00000000efa00000| Untracked |  0
| 251|0x00000000efb00000, 0x00000000efb00000, 0x00000000efc00000|  0%| F|  |TAMS 0x00000000efb00000| PB 0x00000000efb00000| Untracked |  0
| 252|0x00000000efc00000, 0x00000000efc00000, 0x00000000efd00000|  0%| F|  |TAMS 0x00000000efc00000| PB 0x00000000efc00000| Untracked |  0
| 253|0x00000000efd00000, 0x00000000efd00000, 0x00000000efe00000|  0%| F|  |TAMS 0x00000000efd00000| PB 0x00000000efd00000| Untracked |  0
| 254|0x00000000efe00000, 0x00000000efe00000, 0x00000000eff00000|  0%| F|  |TAMS 0x00000000efe00000| PB 0x00000000efe00000| Untracked |  0
| 255|0x00000000eff00000, 0x00000000eff00000, 0x00000000f0000000|  0%| F|  |TAMS 0x00000000eff00000| PB 0x00000000eff00000| Untracked |  0
| 256|0x00000000f0000000, 0x00000000f0000000, 0x00000000f0100000|  0%| F|  |TAMS 0x00000000f0000000| PB 0x00000000f0000000| Untracked |  0
| 257|0x00000000f0100000, 0x00000000f0100000, 0x00000000f0200000|  0%| F|  |TAMS 0x00000000f0100000| PB 0x00000000f0100000| Untracked |  0
| 258|0x00000000f0200000, 0x00000000f0200000, 0x00000000f0300000|  0%| F|  |TAMS 0x00000000f0200000| PB 0x00000000f0200000| Untracked |  0
| 259|0x00000000f0300000, 0x00000000f0300000, 0x00000000f0400000|  0%| F|  |TAMS 0x00000000f0300000| PB 0x00000000f0300000| Untracked |  0
| 260|0x00000000f0400000, 0x00000000f0400000, 0x00000000f0500000|  0%| F|  |TAMS 0x00000000f0400000| PB 0x00000000f0400000| Untracked |  0
| 261|0x00000000f0500000, 0x00000000f0500000, 0x00000000f0600000|  0%| F|  |TAMS 0x00000000f0500000| PB 0x00000000f0500000| Untracked |  0
| 262|0x00000000f0600000, 0x00000000f0600000, 0x00000000f0700000|  0%| F|  |TAMS 0x00000000f0600000| PB 0x00000000f0600000| Untracked |  0
| 263|0x00000000f0700000, 0x00000000f0700000, 0x00000000f0800000|  0%| F|  |TAMS 0x00000000f0700000| PB 0x00000000f0700000| Untracked |  0
| 264|0x00000000f0800000, 0x00000000f0800000, 0x00000000f0900000|  0%| F|  |TAMS 0x00000000f0800000| PB 0x00000000f0800000| Untracked |  0
| 265|0x00000000f0900000, 0x00000000f0900000, 0x00000000f0a00000|  0%| F|  |TAMS 0x00000000f0900000| PB 0x00000000f0900000| Untracked |  0
| 266|0x00000000f0a00000, 0x00000000f0a00000, 0x00000000f0b00000|  0%| F|  |TAMS 0x00000000f0a00000| PB 0x00000000f0a00000| Untracked |  0
| 267|0x00000000f0b00000, 0x00000000f0b00000, 0x00000000f0c00000|  0%| F|  |TAMS 0x00000000f0b00000| PB 0x00000000f0b00000| Untracked |  0
| 268|0x00000000f0c00000, 0x00000000f0c00000, 0x00000000f0d00000|  0%| F|  |TAMS 0x00000000f0c00000| PB 0x00000000f0c00000| Untracked |  0
| 269|0x00000000f0d00000, 0x00000000f0d00000, 0x00000000f0e00000|  0%| F|  |TAMS 0x00000000f0d00000| PB 0x00000000f0d00000| Untracked |  0
| 270|0x00000000f0e00000, 0x00000000f0e00000, 0x00000000f0f00000|  0%| F|  |TAMS 0x00000000f0e00000| PB 0x00000000f0e00000| Untracked |  0
| 271|0x00000000f0f00000, 0x00000000f0f00000, 0x00000000f1000000|  0%| F|  |TAMS 0x00000000f0f00000| PB 0x00000000f0f00000| Untracked |  0
| 272|0x00000000f1000000, 0x00000000f1000000, 0x00000000f1100000|  0%| F|  |TAMS 0x00000000f1000000| PB 0x00000000f1000000| Untracked |  0
| 273|0x00000000f1100000, 0x00000000f1100000, 0x00000000f1200000|  0%| F|  |TAMS 0x00000000f1100000| PB 0x00000000f1100000| Untracked |  0
| 274|0x00000000f1200000, 0x00000000f1200000, 0x00000000f1300000|  0%| F|  |TAMS 0x00000000f1200000| PB 0x00000000f1200000| Untracked |  0
| 275|0x00000000f1300000, 0x00000000f1300000, 0x00000000f1400000|  0%| F|  |TAMS 0x00000000f1300000| PB 0x00000000f1300000| Untracked |  0
| 276|0x00000000f1400000, 0x00000000f1400000, 0x00000000f1500000|  0%| F|  |TAMS 0x00000000f1400000| PB 0x00000000f1400000| Untracked |  0
| 277|0x00000000f1500000, 0x00000000f1500000, 0x00000000f1600000|  0%| F|  |TAMS 0x00000000f1500000| PB 0x00000000f1500000| Untracked |  0
| 278|0x00000000f1600000, 0x00000000f1600000, 0x00000000f1700000|  0%| F|  |TAMS 0x00000000f1600000| PB 0x00000000f1600000| Untracked |  0
| 279|0x00000000f1700000, 0x00000000f1700000, 0x00000000f1800000|  0%| F|  |TAMS 0x00000000f1700000| PB 0x00000000f1700000| Untracked |  0
| 280|0x00000000f1800000, 0x00000000f1800000, 0x00000000f1900000|  0%| F|  |TAMS 0x00000000f1800000| PB 0x00000000f1800000| Untracked |  0
| 281|0x00000000f1900000, 0x00000000f1900000, 0x00000000f1a00000|  0%| F|  |TAMS 0x00000000f1900000| PB 0x00000000f1900000| Untracked |  0
| 282|0x00000000f1a00000, 0x00000000f1a00000, 0x00000000f1b00000|  0%| F|  |TAMS 0x00000000f1a00000| PB 0x00000000f1a00000| Untracked |  0
| 283|0x00000000f1b00000, 0x00000000f1b00000, 0x00000000f1c00000|  0%| F|  |TAMS 0x00000000f1b00000| PB 0x00000000f1b00000| Untracked |  0
| 284|0x00000000f1c00000, 0x00000000f1c00000, 0x00000000f1d00000|  0%| F|  |TAMS 0x00000000f1c00000| PB 0x00000000f1c00000| Untracked |  0
| 285|0x00000000f1d00000, 0x00000000f1d00000, 0x00000000f1e00000|  0%| F|  |TAMS 0x00000000f1d00000| PB 0x00000000f1d00000| Untracked |  0
| 286|0x00000000f1e00000, 0x00000000f1e00000, 0x00000000f1f00000|  0%| F|  |TAMS 0x00000000f1e00000| PB 0x00000000f1e00000| Untracked |  0
| 287|0x00000000f1f00000, 0x00000000f1f00000, 0x00000000f2000000|  0%| F|  |TAMS 0x00000000f1f00000| PB 0x00000000f1f00000| Untracked |  0
| 288|0x00000000f2000000, 0x00000000f2000000, 0x00000000f2100000|  0%| F|  |TAMS 0x00000000f2000000| PB 0x00000000f2000000| Untracked |  0
| 289|0x00000000f2100000, 0x00000000f2100000, 0x00000000f2200000|  0%| F|  |TAMS 0x00000000f2100000| PB 0x00000000f2100000| Untracked |  0
| 290|0x00000000f2200000, 0x00000000f2200000, 0x00000000f2300000|  0%| F|  |TAMS 0x00000000f2200000| PB 0x00000000f2200000| Untracked |  0
| 291|0x00000000f2300000, 0x00000000f2300000, 0x00000000f2400000|  0%| F|  |TAMS 0x00000000f2300000| PB 0x00000000f2300000| Untracked |  0
| 292|0x00000000f2400000, 0x00000000f2400000, 0x00000000f2500000|  0%| F|  |TAMS 0x00000000f2400000| PB 0x00000000f2400000| Untracked |  0
| 293|0x00000000f2500000, 0x00000000f2500000, 0x00000000f2600000|  0%| F|  |TAMS 0x00000000f2500000| PB 0x00000000f2500000| Untracked |  0
| 294|0x00000000f2600000, 0x00000000f2600000, 0x00000000f2700000|  0%| F|  |TAMS 0x00000000f2600000| PB 0x00000000f2600000| Untracked |  0
| 295|0x00000000f2700000, 0x00000000f2700000, 0x00000000f2800000|  0%| F|  |TAMS 0x00000000f2700000| PB 0x00000000f2700000| Untracked |  0
| 296|0x00000000f2800000, 0x00000000f2800000, 0x00000000f2900000|  0%| F|  |TAMS 0x00000000f2800000| PB 0x00000000f2800000| Untracked |  0
| 297|0x00000000f2900000, 0x00000000f2900000, 0x00000000f2a00000|  0%| F|  |TAMS 0x00000000f2900000| PB 0x00000000f2900000| Untracked |  0
| 298|0x00000000f2a00000, 0x00000000f2a00000, 0x00000000f2b00000|  0%| F|  |TAMS 0x00000000f2a00000| PB 0x00000000f2a00000| Untracked |  0
| 299|0x00000000f2b00000, 0x00000000f2b00000, 0x00000000f2c00000|  0%| F|  |TAMS 0x00000000f2b00000| PB 0x00000000f2b00000| Untracked |  0
| 300|0x00000000f2c00000, 0x00000000f2c00000, 0x00000000f2d00000|  0%| F|  |TAMS 0x00000000f2c00000| PB 0x00000000f2c00000| Untracked |  0
| 301|0x00000000f2d00000, 0x00000000f2d00000, 0x00000000f2e00000|  0%| F|  |TAMS 0x00000000f2d00000| PB 0x00000000f2d00000| Untracked |  0
| 302|0x00000000f2e00000, 0x00000000f2e00000, 0x00000000f2f00000|  0%| F|  |TAMS 0x00000000f2e00000| PB 0x00000000f2e00000| Untracked |  0
| 303|0x00000000f2f00000, 0x00000000f2f00000, 0x00000000f3000000|  0%| F|  |TAMS 0x00000000f2f00000| PB 0x00000000f2f00000| Untracked |  0
| 304|0x00000000f3000000, 0x00000000f3000000, 0x00000000f3100000|  0%| F|  |TAMS 0x00000000f3000000| PB 0x00000000f3000000| Untracked |  0
| 305|0x00000000f3100000, 0x00000000f3100000, 0x00000000f3200000|  0%| F|  |TAMS 0x00000000f3100000| PB 0x00000000f3100000| Untracked |  0
| 306|0x00000000f3200000, 0x00000000f3200000, 0x00000000f3300000|  0%| F|  |TAMS 0x00000000f3200000| PB 0x00000000f3200000| Untracked |  0
| 307|0x00000000f3300000, 0x00000000f3300000, 0x00000000f3400000|  0%| F|  |TAMS 0x00000000f3300000| PB 0x00000000f3300000| Untracked |  0
| 308|0x00000000f3400000, 0x00000000f3400000, 0x00000000f3500000|  0%| F|  |TAMS 0x00000000f3400000| PB 0x00000000f3400000| Untracked |  0
| 309|0x00000000f3500000, 0x00000000f3500000, 0x00000000f3600000|  0%| F|  |TAMS 0x00000000f3500000| PB 0x00000000f3500000| Untracked |  0
| 310|0x00000000f3600000, 0x00000000f3600000, 0x00000000f3700000|  0%| F|  |TAMS 0x00000000f3600000| PB 0x00000000f3600000| Untracked |  0
| 311|0x00000000f3700000, 0x00000000f3700000, 0x00000000f3800000|  0%| F|  |TAMS 0x00000000f3700000| PB 0x00000000f3700000| Untracked |  0
| 312|0x00000000f3800000, 0x00000000f3800000, 0x00000000f3900000|  0%| F|  |TAMS 0x00000000f3800000| PB 0x00000000f3800000| Untracked |  0
| 313|0x00000000f3900000, 0x00000000f3900000, 0x00000000f3a00000|  0%| F|  |TAMS 0x00000000f3900000| PB 0x00000000f3900000| Untracked |  0
| 314|0x00000000f3a00000, 0x00000000f3a00000, 0x00000000f3b00000|  0%| F|  |TAMS 0x00000000f3a00000| PB 0x00000000f3a00000| Untracked |  0
| 315|0x00000000f3b00000, 0x00000000f3b00000, 0x00000000f3c00000|  0%| F|  |TAMS 0x00000000f3b00000| PB 0x00000000f3b00000| Untracked |  0
| 316|0x00000000f3c00000, 0x00000000f3c00000, 0x00000000f3d00000|  0%| F|  |TAMS 0x00000000f3c00000| PB 0x00000000f3c00000| Untracked |  0
| 317|0x00000000f3d00000, 0x00000000f3d00000, 0x00000000f3e00000|  0%| F|  |TAMS 0x00000000f3d00000| PB 0x00000000f3d00000| Untracked |  0
| 318|0x00000000f3e00000, 0x00000000f3e00000, 0x00000000f3f00000|  0%| F|  |TAMS 0x00000000f3e00000| PB 0x00000000f3e00000| Untracked |  0
| 319|0x00000000f3f00000, 0x00000000f3f00000, 0x00000000f4000000|  0%| F|  |TAMS 0x00000000f3f00000| PB 0x00000000f3f00000| Untracked |  0
| 320|0x00000000f4000000, 0x00000000f4000000, 0x00000000f4100000|  0%| F|  |TAMS 0x00000000f4000000| PB 0x00000000f4000000| Untracked |  0
| 321|0x00000000f4100000, 0x00000000f4100000, 0x00000000f4200000|  0%| F|  |TAMS 0x00000000f4100000| PB 0x00000000f4100000| Untracked |  0
| 322|0x00000000f4200000, 0x00000000f4200000, 0x00000000f4300000|  0%| F|  |TAMS 0x00000000f4200000| PB 0x00000000f4200000| Untracked |  0
| 323|0x00000000f4300000, 0x00000000f4300000, 0x00000000f4400000|  0%| F|  |TAMS 0x00000000f4300000| PB 0x00000000f4300000| Untracked |  0
| 324|0x00000000f4400000, 0x00000000f4400000, 0x00000000f4500000|  0%| F|  |TAMS 0x00000000f4400000| PB 0x00000000f4400000| Untracked |  0
| 325|0x00000000f4500000, 0x00000000f4500000, 0x00000000f4600000|  0%| F|  |TAMS 0x00000000f4500000| PB 0x00000000f4500000| Untracked |  0
| 326|0x00000000f4600000, 0x00000000f4600000, 0x00000000f4700000|  0%| F|  |TAMS 0x00000000f4600000| PB 0x00000000f4600000| Untracked |  0
| 327|0x00000000f4700000, 0x00000000f4700000, 0x00000000f4800000|  0%| F|  |TAMS 0x00000000f4700000| PB 0x00000000f4700000| Untracked |  0
| 328|0x00000000f4800000, 0x00000000f4800000, 0x00000000f4900000|  0%| F|  |TAMS 0x00000000f4800000| PB 0x00000000f4800000| Untracked |  0
| 329|0x00000000f4900000, 0x00000000f4900000, 0x00000000f4a00000|  0%| F|  |TAMS 0x00000000f4900000| PB 0x00000000f4900000| Untracked |  0
| 330|0x00000000f4a00000, 0x00000000f4a00000, 0x00000000f4b00000|  0%| F|  |TAMS 0x00000000f4a00000| PB 0x00000000f4a00000| Untracked |  0
| 331|0x00000000f4b00000, 0x00000000f4b00000, 0x00000000f4c00000|  0%| F|  |TAMS 0x00000000f4b00000| PB 0x00000000f4b00000| Untracked |  0
| 332|0x00000000f4c00000, 0x00000000f4c00000, 0x00000000f4d00000|  0%| F|  |TAMS 0x00000000f4c00000| PB 0x00000000f4c00000| Untracked |  0
| 333|0x00000000f4d00000, 0x00000000f4d00000, 0x00000000f4e00000|  0%| F|  |TAMS 0x00000000f4d00000| PB 0x00000000f4d00000| Untracked |  0
| 334|0x00000000f4e00000, 0x00000000f4e00000, 0x00000000f4f00000|  0%| F|  |TAMS 0x00000000f4e00000| PB 0x00000000f4e00000| Untracked |  0
| 335|0x00000000f4f00000, 0x00000000f4f00000, 0x00000000f5000000|  0%| F|  |TAMS 0x00000000f4f00000| PB 0x00000000f4f00000| Untracked |  0
| 336|0x00000000f5000000, 0x00000000f5000000, 0x00000000f5100000|  0%| F|  |TAMS 0x00000000f5000000| PB 0x00000000f5000000| Untracked |  0
| 337|0x00000000f5100000, 0x00000000f5100000, 0x00000000f5200000|  0%| F|  |TAMS 0x00000000f5100000| PB 0x00000000f5100000| Untracked |  0
| 338|0x00000000f5200000, 0x00000000f5200000, 0x00000000f5300000|  0%| F|  |TAMS 0x00000000f5200000| PB 0x00000000f5200000| Untracked |  0
| 339|0x00000000f5300000, 0x00000000f5300000, 0x00000000f5400000|  0%| F|  |TAMS 0x00000000f5300000| PB 0x00000000f5300000| Untracked |  0
| 340|0x00000000f5400000, 0x00000000f5400000, 0x00000000f5500000|  0%| F|  |TAMS 0x00000000f5400000| PB 0x00000000f5400000| Untracked |  0
| 341|0x00000000f5500000, 0x00000000f5500000, 0x00000000f5600000|  0%| F|  |TAMS 0x00000000f5500000| PB 0x00000000f5500000| Untracked |  0
| 342|0x00000000f5600000, 0x00000000f5600000, 0x00000000f5700000|  0%| F|  |TAMS 0x00000000f5600000| PB 0x00000000f5600000| Untracked |  0
| 343|0x00000000f5700000, 0x00000000f5700000, 0x00000000f5800000|  0%| F|  |TAMS 0x00000000f5700000| PB 0x00000000f5700000| Untracked |  0
| 344|0x00000000f5800000, 0x00000000f5800000, 0x00000000f5900000|  0%| F|  |TAMS 0x00000000f5800000| PB 0x00000000f5800000| Untracked |  0
| 345|0x00000000f5900000, 0x00000000f5900000, 0x00000000f5a00000|  0%| F|  |TAMS 0x00000000f5900000| PB 0x00000000f5900000| Untracked |  0
| 346|0x00000000f5a00000, 0x00000000f5a00000, 0x00000000f5b00000|  0%| F|  |TAMS 0x00000000f5a00000| PB 0x00000000f5a00000| Untracked |  0
| 347|0x00000000f5b00000, 0x00000000f5b00000, 0x00000000f5c00000|  0%| F|  |TAMS 0x00000000f5b00000| PB 0x00000000f5b00000| Untracked |  0
| 348|0x00000000f5c00000, 0x00000000f5c00000, 0x00000000f5d00000|  0%| F|  |TAMS 0x00000000f5c00000| PB 0x00000000f5c00000| Untracked |  0
| 349|0x00000000f5d00000, 0x00000000f5d00000, 0x00000000f5e00000|  0%| F|  |TAMS 0x00000000f5d00000| PB 0x00000000f5d00000| Untracked |  0
| 350|0x00000000f5e00000, 0x00000000f5e00000, 0x00000000f5f00000|  0%| F|  |TAMS 0x00000000f5e00000| PB 0x00000000f5e00000| Untracked |  0
| 351|0x00000000f5f00000, 0x00000000f5f00000, 0x00000000f6000000|  0%| F|  |TAMS 0x00000000f5f00000| PB 0x00000000f5f00000| Untracked |  0
| 352|0x00000000f6000000, 0x00000000f6000000, 0x00000000f6100000|  0%| F|  |TAMS 0x00000000f6000000| PB 0x00000000f6000000| Untracked |  0
| 353|0x00000000f6100000, 0x00000000f6100000, 0x00000000f6200000|  0%| F|  |TAMS 0x00000000f6100000| PB 0x00000000f6100000| Untracked |  0
| 354|0x00000000f6200000, 0x00000000f6200000, 0x00000000f6300000|  0%| F|  |TAMS 0x00000000f6200000| PB 0x00000000f6200000| Untracked |  0
| 355|0x00000000f6300000, 0x00000000f6300000, 0x00000000f6400000|  0%| F|  |TAMS 0x00000000f6300000| PB 0x00000000f6300000| Untracked |  0
| 356|0x00000000f6400000, 0x00000000f6400000, 0x00000000f6500000|  0%| F|  |TAMS 0x00000000f6400000| PB 0x00000000f6400000| Untracked |  0
| 357|0x00000000f6500000, 0x00000000f6500000, 0x00000000f6600000|  0%| F|  |TAMS 0x00000000f6500000| PB 0x00000000f6500000| Untracked |  0
| 358|0x00000000f6600000, 0x00000000f6600000, 0x00000000f6700000|  0%| F|  |TAMS 0x00000000f6600000| PB 0x00000000f6600000| Untracked |  0
| 359|0x00000000f6700000, 0x00000000f6700000, 0x00000000f6800000|  0%| F|  |TAMS 0x00000000f6700000| PB 0x00000000f6700000| Untracked |  0
| 360|0x00000000f6800000, 0x00000000f6800000, 0x00000000f6900000|  0%| F|  |TAMS 0x00000000f6800000| PB 0x00000000f6800000| Untracked |  0
| 361|0x00000000f6900000, 0x00000000f6900000, 0x00000000f6a00000|  0%| F|  |TAMS 0x00000000f6900000| PB 0x00000000f6900000| Untracked |  0
| 362|0x00000000f6a00000, 0x00000000f6ab0c60, 0x00000000f6b00000| 69%| S|CS|TAMS 0x00000000f6a00000| PB 0x00000000f6a00000| Complete |  0
| 363|0x00000000f6b00000, 0x00000000f6c00000, 0x00000000f6c00000|100%| S|CS|TAMS 0x00000000f6b00000| PB 0x00000000f6b00000| Complete |  0
| 364|0x00000000f6c00000, 0x00000000f6d00000, 0x00000000f6d00000|100%| S|CS|TAMS 0x00000000f6c00000| PB 0x00000000f6c00000| Complete |  0
| 365|0x00000000f6d00000, 0x00000000f6e00000, 0x00000000f6e00000|100%| S|CS|TAMS 0x00000000f6d00000| PB 0x00000000f6d00000| Complete |  0
| 366|0x00000000f6e00000, 0x00000000f6f00000, 0x00000000f6f00000|100%| S|CS|TAMS 0x00000000f6e00000| PB 0x00000000f6e00000| Complete |  0
| 367|0x00000000f6f00000, 0x00000000f6f00000, 0x00000000f7000000|  0%| F|  |TAMS 0x00000000f6f00000| PB 0x00000000f6f00000| Untracked |  0
| 368|0x00000000f7000000, 0x00000000f7000000, 0x00000000f7100000|  0%| F|  |TAMS 0x00000000f7000000| PB 0x00000000f7000000| Untracked |  0
| 369|0x00000000f7100000, 0x00000000f7100000, 0x00000000f7200000|  0%| F|  |TAMS 0x00000000f7100000| PB 0x00000000f7100000| Untracked |  0
| 370|0x00000000f7200000, 0x00000000f7200000, 0x00000000f7300000|  0%| F|  |TAMS 0x00000000f7200000| PB 0x00000000f7200000| Untracked |  0
| 371|0x00000000f7300000, 0x00000000f7300000, 0x00000000f7400000|  0%| F|  |TAMS 0x00000000f7300000| PB 0x00000000f7300000| Untracked |  0
| 372|0x00000000f7400000, 0x00000000f7400000, 0x00000000f7500000|  0%| F|  |TAMS 0x00000000f7400000| PB 0x00000000f7400000| Untracked |  0
| 373|0x00000000f7500000, 0x00000000f7500000, 0x00000000f7600000|  0%| F|  |TAMS 0x00000000f7500000| PB 0x00000000f7500000| Untracked |  0
| 374|0x00000000f7600000, 0x00000000f7600000, 0x00000000f7700000|  0%| F|  |TAMS 0x00000000f7600000| PB 0x00000000f7600000| Untracked |  0
| 375|0x00000000f7700000, 0x00000000f7700000, 0x00000000f7800000|  0%| F|  |TAMS 0x00000000f7700000| PB 0x00000000f7700000| Untracked |  0
| 376|0x00000000f7800000, 0x00000000f7800000, 0x00000000f7900000|  0%| F|  |TAMS 0x00000000f7800000| PB 0x00000000f7800000| Untracked |  0
| 377|0x00000000f7900000, 0x00000000f7900000, 0x00000000f7a00000|  0%| F|  |TAMS 0x00000000f7900000| PB 0x00000000f7900000| Untracked |  0
| 378|0x00000000f7a00000, 0x00000000f7a00000, 0x00000000f7b00000|  0%| F|  |TAMS 0x00000000f7a00000| PB 0x00000000f7a00000| Untracked |  0
| 379|0x00000000f7b00000, 0x00000000f7b00000, 0x00000000f7c00000|  0%| F|  |TAMS 0x00000000f7b00000| PB 0x00000000f7b00000| Untracked |  0
| 380|0x00000000f7c00000, 0x00000000f7c00000, 0x00000000f7d00000|  0%| F|  |TAMS 0x00000000f7c00000| PB 0x00000000f7c00000| Untracked |  0
| 381|0x00000000f7d00000, 0x00000000f7d00000, 0x00000000f7e00000|  0%| F|  |TAMS 0x00000000f7d00000| PB 0x00000000f7d00000| Untracked |  0
| 382|0x00000000f7e00000, 0x00000000f7e00000, 0x00000000f7f00000|  0%| F|  |TAMS 0x00000000f7e00000| PB 0x00000000f7e00000| Untracked |  0
| 383|0x00000000f7f00000, 0x00000000f7f00000, 0x00000000f8000000|  0%| F|  |TAMS 0x00000000f7f00000| PB 0x00000000f7f00000| Untracked |  0
| 384|0x00000000f8000000, 0x00000000f8000000, 0x00000000f8100000|  0%| F|  |TAMS 0x00000000f8000000| PB 0x00000000f8000000| Untracked |  0
| 385|0x00000000f8100000, 0x00000000f8100000, 0x00000000f8200000|  0%| F|  |TAMS 0x00000000f8100000| PB 0x00000000f8100000| Untracked |  0
| 386|0x00000000f8200000, 0x00000000f8200000, 0x00000000f8300000|  0%| F|  |TAMS 0x00000000f8200000| PB 0x00000000f8200000| Untracked |  0
| 387|0x00000000f8300000, 0x00000000f8300000, 0x00000000f8400000|  0%| F|  |TAMS 0x00000000f8300000| PB 0x00000000f8300000| Untracked |  0
| 388|0x00000000f8400000, 0x00000000f8400000, 0x00000000f8500000|  0%| F|  |TAMS 0x00000000f8400000| PB 0x00000000f8400000| Untracked |  0
| 389|0x00000000f8500000, 0x00000000f8500000, 0x00000000f8600000|  0%| F|  |TAMS 0x00000000f8500000| PB 0x00000000f8500000| Untracked |  0
| 390|0x00000000f8600000, 0x00000000f8600000, 0x00000000f8700000|  0%| F|  |TAMS 0x00000000f8600000| PB 0x00000000f8600000| Untracked |  0
| 391|0x00000000f8700000, 0x00000000f8700000, 0x00000000f8800000|  0%| F|  |TAMS 0x00000000f8700000| PB 0x00000000f8700000| Untracked |  0
| 392|0x00000000f8800000, 0x00000000f8800000, 0x00000000f8900000|  0%| F|  |TAMS 0x00000000f8800000| PB 0x00000000f8800000| Untracked |  0
| 393|0x00000000f8900000, 0x00000000f8900000, 0x00000000f8a00000|  0%| F|  |TAMS 0x00000000f8900000| PB 0x00000000f8900000| Untracked |  0
| 394|0x00000000f8a00000, 0x00000000f8a00000, 0x00000000f8b00000|  0%| F|  |TAMS 0x00000000f8a00000| PB 0x00000000f8a00000| Untracked |  0
| 395|0x00000000f8b00000, 0x00000000f8b00000, 0x00000000f8c00000|  0%| F|  |TAMS 0x00000000f8b00000| PB 0x00000000f8b00000| Untracked |  0
| 396|0x00000000f8c00000, 0x00000000f8c00000, 0x00000000f8d00000|  0%| F|  |TAMS 0x00000000f8c00000| PB 0x00000000f8c00000| Untracked |  0
| 397|0x00000000f8d00000, 0x00000000f8df2650, 0x00000000f8e00000| 94%| E|  |TAMS 0x00000000f8d00000| PB 0x00000000f8d00000| Complete |  0
| 398|0x00000000f8e00000, 0x00000000f8f00000, 0x00000000f8f00000|100%| E|CS|TAMS 0x00000000f8e00000| PB 0x00000000f8e00000| Complete |  0
| 399|0x00000000f8f00000, 0x00000000f9000000, 0x00000000f9000000|100%| E|CS|TAMS 0x00000000f8f00000| PB 0x00000000f8f00000| Complete |  0
| 400|0x00000000f9000000, 0x00000000f9100000, 0x00000000f9100000|100%| E|CS|TAMS 0x00000000f9000000| PB 0x00000000f9000000| Complete |  0
| 401|0x00000000f9100000, 0x00000000f9200000, 0x00000000f9200000|100%| E|CS|TAMS 0x00000000f9100000| PB 0x00000000f9100000| Complete |  0
| 402|0x00000000f9200000, 0x00000000f9300000, 0x00000000f9300000|100%| E|CS|TAMS 0x00000000f9200000| PB 0x00000000f9200000| Complete |  0
| 403|0x00000000f9300000, 0x00000000f9400000, 0x00000000f9400000|100%| E|CS|TAMS 0x00000000f9300000| PB 0x00000000f9300000| Complete |  0
| 404|0x00000000f9400000, 0x00000000f9500000, 0x00000000f9500000|100%| E|CS|TAMS 0x00000000f9400000| PB 0x00000000f9400000| Complete |  0
| 405|0x00000000f9500000, 0x00000000f9600000, 0x00000000f9600000|100%| E|CS|TAMS 0x00000000f9500000| PB 0x00000000f9500000| Complete |  0
| 406|0x00000000f9600000, 0x00000000f9700000, 0x00000000f9700000|100%| E|CS|TAMS 0x00000000f9600000| PB 0x00000000f9600000| Complete |  0
| 407|0x00000000f9700000, 0x00000000f9800000, 0x00000000f9800000|100%| E|CS|TAMS 0x00000000f9700000| PB 0x00000000f9700000| Complete |  0
| 408|0x00000000f9800000, 0x00000000f9900000, 0x00000000f9900000|100%| E|CS|TAMS 0x00000000f9800000| PB 0x00000000f9800000| Complete |  0
| 409|0x00000000f9900000, 0x00000000f9a00000, 0x00000000f9a00000|100%| E|CS|TAMS 0x00000000f9900000| PB 0x00000000f9900000| Complete |  0
| 410|0x00000000f9a00000, 0x00000000f9b00000, 0x00000000f9b00000|100%| E|CS|TAMS 0x00000000f9a00000| PB 0x00000000f9a00000| Complete |  0
| 411|0x00000000f9b00000, 0x00000000f9c00000, 0x00000000f9c00000|100%| E|CS|TAMS 0x00000000f9b00000| PB 0x00000000f9b00000| Complete |  0
| 412|0x00000000f9c00000, 0x00000000f9d00000, 0x00000000f9d00000|100%| E|CS|TAMS 0x00000000f9c00000| PB 0x00000000f9c00000| Complete |  0
| 413|0x00000000f9d00000, 0x00000000f9e00000, 0x00000000f9e00000|100%| E|CS|TAMS 0x00000000f9d00000| PB 0x00000000f9d00000| Complete |  0
| 510|0x00000000ffe00000, 0x00000000fff00000, 0x00000000fff00000|100%| O|  |TAMS 0x00000000ffe00000| PB 0x00000000ffe00000| Untracked |  0
| 511|0x00000000fff00000, 0x00000000fff1c318, 0x0000000100000000| 11%| O|  |TAMS 0x00000000fff00000| PB 0x00000000fff00000| Untracked |  0

Card table byte_map: [0x00000165b4cc0000,0x00000165b4dc0000] _byte_map_base: 0x00000165b45c0000

Marking Bits: (CMBitMap*) 0x000001659c859e90
 Bits: [0x00000165b4dc0000, 0x00000165b55c0000)

Polling page: 0x000001659a5f0000

Metaspace:

Usage:
  Non-class:     12.14 MB used.
      Class:      1.42 MB used.
       Both:     13.57 MB used.

Virtual space:
  Non-class space:       64.00 MB reserved,      12.44 MB ( 19%) committed,  1 nodes.
      Class space:        1.00 GB reserved,       1.62 MB ( <1%) committed,  1 nodes.
             Both:        1.06 GB reserved,      14.06 MB (  1%) committed. 

Chunk freelists:
   Non-Class:  2.72 MB
       Class:  14.41 MB
        Both:  17.13 MB

MaxMetaspaceSize: unlimited
CompressedClassSpaceSize: 1.00 GB
Initial GC threshold: 21.00 MB
Current GC threshold: 21.00 MB
CDS: on
 - commit_granule_bytes: 65536.
 - commit_granule_words: 8192.
 - virtual_space_node_default_size: 8388608.
 - enlarge_chunks_in_place: 1.
UseCompressedClassPointers 1, UseCompactObjectHeaders 0
Narrow klass pointer bits 32, Max shift 3
Narrow klass base: 0x00000165b9000000, Narrow klass shift: 0
Encoding Range: [0x00000165b9000000 - 0x00000166b9000000), (4294967296 bytes)
Klass Range:    [0x00000165b9000000 - 0x00000165fa000000), (1090519040 bytes)
Klass ID Range:  [8 - 1090519033) (1090519025)


Internal statistics:

num_allocs_failed_limit: 0.
num_arena_births: 604.
num_arena_deaths: 0.
num_vsnodes_births: 2.
num_vsnodes_deaths: 0.
num_space_committed: 225.
num_space_uncommitted: 0.
num_chunks_returned_to_freelist: 0.
num_chunks_taken_from_freelist: 1072.
num_chunk_merges: 0.
num_chunk_splits: 666.
num_chunks_enlarged: 397.
num_inconsistent_stats: 0.

CodeHeap 'non-profiled nmethods': size=119232Kb used=1121Kb max_used=1121Kb free=118111Kb
 bounds [0x00000165acec0000, 0x00000165ad130000, 0x00000165b4330000]
CodeHeap 'profiled nmethods': size=119104Kb used=4966Kb max_used=4966Kb free=114137Kb
 bounds [0x00000165a5330000, 0x00000165a5810000, 0x00000165ac780000]
CodeHeap 'non-nmethods': size=7424Kb used=3273Kb max_used=3352Kb free=4150Kb
 bounds [0x00000165ac780000, 0x00000165acad0000, 0x00000165acec0000]
CodeCache: size=245760Kb, used=9360Kb, max_used=9439Kb, free=236398Kb
 total_blobs=3619, nmethods=3005, adapters=509, full_count=0
Compilation: enabled, stopped_count=0, restarted_count=0

Compilation events (20 events):
Event: 1.092 Thread 0x00000165b8798a00 nmethod 2995 0x00000165acfd0d88 code [0x00000165acfd0e80, 0x00000165acfd0f28]
Event: 1.093 Thread 0x00000165b88742b0 nmethod 2990 0x00000165acfd1088 code [0x00000165acfd11a0, 0x00000165acfd13a0]
Event: 1.093 Thread 0x00000165b8592fb0 2996       3       org.junit.platform.commons.util.CollectionUtils::forEachInReverseOrder (72 bytes)
Event: 1.093 Thread 0x00000165b8592fb0 nmethod 2996 0x00000165a57fcd08 code [0x00000165a57fcee0, 0x00000165a57fd828]
Event: 1.094 Thread 0x00000165b8798a00 2997       3       java.lang.invoke.LambdaFormEditor$TransformKey::of (51 bytes)
Event: 1.094 Thread 0x00000165fe797f80 2998       3       java.lang.invoke.LambdaFormEditor$TransformKey::packedBytes (37 bytes)
Event: 1.094 Thread 0x00000165fe797f80 nmethod 2998 0x00000165a57fd888 code [0x00000165a57fd9a0, 0x00000165a57fdab0]
Event: 1.094 Thread 0x00000165b8798a00 nmethod 2997 0x00000165a57fdb88 code [0x00000165a57fdd00, 0x00000165a57fe1b8]
Event: 1.094 Thread 0x00000165b8592fb0 2999       1       org.kgen.ir.BasicBlock::getLabel (5 bytes)
Event: 1.094 Thread 0x00000165b8592fb0 nmethod 2999 0x00000165acfd1408 code [0x00000165acfd1500, 0x00000165acfd15c8]
Event: 1.094 Thread 0x00000165fe797f80 3000       3       java.util.Arrays$ArrayItr::next (36 bytes)
Event: 1.094 Thread 0x00000165b8592fb0 3002       3       org.kgen.backend.x86.X86EncodingInfo::<init> (87 bytes)
Event: 1.094 Thread 0x00000165b8798a00 3001       3       org.kgen.backend.x86.X86EncodingInfo::<init> (138 bytes)
Event: 1.094 Thread 0x00000165b8656e50 3003       3       org.kgen.backend.x86.asm.X86Assembler::encodeLegacy (1217 bytes)
Event: 1.094 Thread 0x00000165fe797f80 nmethod 3000 0x00000165a57fe208 code [0x00000165a57fe340, 0x00000165a57fe588]
Event: 1.094 Thread 0x00000165fe797f80 3004       3       kotlin.collections.CollectionsKt__CollectionsKt::emptyList (7 bytes)
Event: 1.094 Thread 0x00000165fe797f80 nmethod 3004 0x00000165a57fe608 code [0x00000165a57fe720, 0x00000165a57fe810]
Event: 1.094 Thread 0x00000165b8798a00 nmethod 3001 0x00000165a57fe908 code [0x00000165a57fea40, 0x00000165a57fee78]
Event: 1.094 Thread 0x00000165fe797f80 3006       3       java.lang.invoke.LambdaForm$MH/0x00000165ba165400::invoke (54 bytes)
Event: 1.094 Thread 0x00000165b8798a00 3007       3       java.lang.runtime.ObjectMethods::hashCombiner (7 bytes)

GC Heap History (2 events):
Event: 0.896 GC heap before
{Heap before GC invocations=0 (full 0):
 garbage-first heap   total reserved 524288K, committed 425984K, used 50288K [0x00000000e0000000, 0x0000000100000000)
  region size 1024K, 47 young (48128K), 0 survivors (0K)
 Metaspace       used 10592K, committed 10880K, reserved 1114112K
  class space    used 1066K, committed 1216K, reserved 1048576K
}
Event: 0.898 GC heap after
{Heap after GC invocations=1 (full 0):
 garbage-first heap   total reserved 524288K, committed 425984K, used 5939K [0x00000000e0000000, 0x0000000100000000)
  region size 1024K, 5 young (5120K), 5 survivors (5120K)
 Metaspace       used 10592K, committed 10880K, reserved 1114112K
  class space    used 1066K, committed 1216K, reserved 1048576K
}

Dll operation events (12 events):
Event: 0.006 Loaded shared library C:\Users\ziad\.jdks\azul-24.0.2\bin\java.dll
Event: 0.022 Loaded shared library C:\Users\ziad\.jdks\azul-24.0.2\bin\jsvml.dll
Event: 0.033 Loaded shared library C:\Users\ziad\.jdks\azul-24.0.2\bin\net.dll
Event: 0.034 Loaded shared library C:\Users\ziad\.jdks\azul-24.0.2\bin\nio.dll
Event: 0.036 Loaded shared library C:\Users\ziad\.jdks\azul-24.0.2\bin\zip.dll
Event: 0.074 Loaded shared library C:\Users\ziad\.jdks\azul-24.0.2\bin\verify.dll
Event: 0.078 Loaded shared library C:\Users\ziad\.jdks\azul-24.0.2\bin\jimage.dll
Event: 0.254 Loaded shared library C:\Users\ziad\.jdks\azul-24.0.2\bin\extnet.dll
Event: 0.311 Loaded shared library C:\Users\ziad\.jdks\azul-24.0.2\bin\sunmscapi.dll
Event: 0.968 Loaded shared library C:\Windows\System32\ucrtbase.dll
Event: 0.969 Loaded shared library C:\Users\ziad\.jdks\azul-24.0.2\bin\syslookup.dll
Event: 0.971 Loaded shared library kernel32

Deoptimization events (20 events):
Event: 0.972 Thread 0x000001659a301b60 DEOPT PACKING pc=0x00000165acf0d2e0 sp=0x0000000585bfbb50
Event: 0.972 Thread 0x000001659a301b60 DEOPT UNPACKING pc=0x00000165ac8a6302 sp=0x0000000585bfbab8 mode 2
Event: 0.973 Thread 0x000001659a301b60 Uncommon trap: trap_request=0xffffff4d fr.pc=0x00000165acf188ec relative=0x00000000000000cc
Event: 0.973 Thread 0x000001659a301b60 Uncommon trap: reason=unstable_if action=reinterpret pc=0x00000165acf188ec method=jdk.internal.classfile.impl.RawBytecodeHelper.next()Z @ 46 c2
Event: 0.973 Thread 0x000001659a301b60 DEOPT PACKING pc=0x00000165acf188ec sp=0x0000000585bfa1c0
Event: 0.973 Thread 0x000001659a301b60 DEOPT UNPACKING pc=0x00000165ac8a6302 sp=0x0000000585bfa148 mode 2
Event: 0.973 Thread 0x000001659a301b60 DEOPT PACKING pc=0x00000165a559e9bc sp=0x0000000585bfa740
Event: 0.973 Thread 0x000001659a301b60 DEOPT UNPACKING pc=0x00000165ac7d6642 sp=0x0000000585bf9c38 mode 0
Event: 1.000 Thread 0x000001659a301b60 Uncommon trap: trap_request=0xffffffc6 fr.pc=0x00000165acf0d2e0 relative=0x00000000000002a0
Event: 1.000 Thread 0x000001659a301b60 Uncommon trap: reason=bimorphic_or_optimized_type_check action=maybe_recompile pc=0x00000165acf0d2e0 method=java.util.HashMap.getNode(Ljava/lang/Object;)Ljava/util/HashMap$Node; @ 128 c2
Event: 1.000 Thread 0x000001659a301b60 DEOPT PACKING pc=0x00000165acf0d2e0 sp=0x0000000585bfbb50
Event: 1.000 Thread 0x000001659a301b60 DEOPT UNPACKING pc=0x00000165ac8a6302 sp=0x0000000585bfbab8 mode 2
Event: 1.015 Thread 0x000001659a301b60 Uncommon trap: trap_request=0xffffffc6 fr.pc=0x00000165acf0d2e0 relative=0x00000000000002a0
Event: 1.015 Thread 0x000001659a301b60 Uncommon trap: reason=bimorphic_or_optimized_type_check action=maybe_recompile pc=0x00000165acf0d2e0 method=java.util.HashMap.getNode(Ljava/lang/Object;)Ljava/util/HashMap$Node; @ 128 c2
Event: 1.015 Thread 0x000001659a301b60 DEOPT PACKING pc=0x00000165acf0d2e0 sp=0x0000000585bfbbf0
Event: 1.015 Thread 0x000001659a301b60 DEOPT UNPACKING pc=0x00000165ac8a6302 sp=0x0000000585bfbb58 mode 2
Event: 1.015 Thread 0x000001659a301b60 Uncommon trap: trap_request=0xffffffcc fr.pc=0x00000165acf94c78 relative=0x00000000000003b8
Event: 1.015 Thread 0x000001659a301b60 Uncommon trap: reason=intrinsic_or_type_checked_inlining action=make_not_entrant pc=0x00000165acf94c78 method=java.util.Arrays.copyOf([Ljava/lang/Object;ILjava/lang/Class;)[Ljava/lang/Object; @ 35 c2
Event: 1.015 Thread 0x000001659a301b60 DEOPT PACKING pc=0x00000165acf94c78 sp=0x0000000585bfa8b0
Event: 1.015 Thread 0x000001659a301b60 DEOPT UNPACKING pc=0x00000165ac8a6302 sp=0x0000000585bfa858 mode 2

Classes loaded (20 events):
Event: 1.049 Loading class java/lang/foreign/MemoryLayout$PathElement
Event: 1.049 Loading class java/lang/foreign/MemoryLayout$PathElement done
Event: 1.049 Loading class jdk/internal/foreign/LayoutPath
Event: 1.049 Loading class jdk/internal/foreign/LayoutPath done
Event: 1.051 Loading class jdk/internal/foreign/Utils$1VarHandleCache
Event: 1.051 Loading class jdk/internal/foreign/Utils$1VarHandleCache done
Event: 1.051 Loading class java/lang/invoke/VarHandleSegmentAsBytes
Event: 1.051 Loading class java/lang/invoke/VarHandleSegmentViewBase
Event: 1.051 Loading class java/lang/invoke/VarHandleSegmentViewBase done
Event: 1.051 Loading class java/lang/invoke/VarHandleSegmentAsBytes done
Event: 1.052 Loading class java/lang/invoke/IndirectVarHandle
Event: 1.052 Loading class java/lang/invoke/IndirectVarHandle done
Event: 1.053 Loading class java/lang/invoke/BoundMethodHandle$Species_LLJ
Event: 1.053 Loading class java/lang/invoke/BoundMethodHandle$Species_LLJ done
Event: 1.054 Loading class java/lang/invoke/VarHandleSegmentAsLongs
Event: 1.055 Loading class java/lang/invoke/VarHandleSegmentAsLongs done
Event: 1.056 Loading class java/lang/invoke/VarHandleSegmentAsInts
Event: 1.056 Loading class java/lang/invoke/VarHandleSegmentAsInts done
Event: 1.085 Loading class java/lang/invoke/MethodHandleImpl$CountingWrapper$1
Event: 1.086 Loading class java/lang/invoke/MethodHandleImpl$CountingWrapper$1 done

Classes unloaded (0 events):
No events

Classes redefined (0 events):
No events

Internal exceptions (20 events):
Event: 1.037 Thread 0x000001659a301b60 Exception <a 'java/lang/NoSuchMethodError'{0x00000000f916eab8}: 'long java.lang.invoke.DelegatingMethodHandle$Holder.delegate(java.lang.Object, java.lang.Object)'> (0x00000000f916eab8) 
thrown [s\src\hotspot\share\interpreter\linkResolver.cpp, line 805]
Event: 1.050 Thread 0x000001659a301b60 Exception <a 'java/lang/NoSuchMethodError'{0x00000000f91cbd28}: 'long java.lang.invoke.DirectMethodHandle$Holder.invokeStaticInit(java.lang.Object, long, long, long, long)'> (0x00000000f91cbd28) 
thrown [s\src\hotspot\share\interpreter\linkResolver.cpp, line 805]
Event: 1.050 Thread 0x000001659a301b60 Exception <a 'java/lang/NoSuchMethodError'{0x00000000f91d4750}: 'java.lang.Object java.lang.invoke.DirectMethodHandle$Holder.invokeInterface(java.lang.Object, java.lang.Object, long, long)'> (0x00000000f91d4750) 
thrown [s\src\hotspot\share\interpreter\linkResolver.cpp, line 805]
Event: 1.050 Thread 0x000001659a301b60 Exception <a 'java/lang/NoSuchMethodError'{0x00000000f91dd3f0}: 'java.lang.Object java.lang.invoke.DirectMethodHandle$Holder.invokeInterface(java.lang.Object, java.lang.Object, long, java.lang.Object)'> (0x00000000f91dd3f0) 
thrown [s\src\hotspot\share\interpreter\linkResolver.cpp, line 805]
Event: 1.050 Thread 0x000001659a301b60 Exception <a 'java/lang/NoSuchMethodError'{0x00000000f91edb58}: 'void java.lang.invoke.DirectMethodHandle$Holder.invokeStaticInit(java.lang.Object, java.lang.Object, long, java.lang.Object)'> (0x00000000f91edb58) 
thrown [s\src\hotspot\share\interpreter\linkResolver.cpp, line 805]
Event: 1.051 Thread 0x000001659a301b60 Exception <a 'java/lang/NoSuchMethodError'{0x00000000f91f64c8}: 'long java.lang.invoke.DirectMethodHandle$Holder.invokeStatic(java.lang.Object, long, long)'> (0x00000000f91f64c8) 
thrown [s\src\hotspot\share\interpreter\linkResolver.cpp, line 805]
Event: 1.053 Thread 0x000001659a301b60 Exception <a 'java/lang/NoSuchMethodError'{0x00000000f90327b0}: 'void java.lang.invoke.DelegatingMethodHandle$Holder.reinvoke_L(java.lang.Object, java.lang.Object, java.lang.Object, java.lang.Object, long, long, int)'> (0x00000000f90327b0) 
thrown [s\src\hotspot\share\interpreter\linkResolver.cpp, line 805]
Event: 1.054 Thread 0x000001659a301b60 Exception <a 'java/lang/NoSuchMethodError'{0x00000000f9052a48}: 'java.lang.Object java.lang.invoke.DirectMethodHandle$Holder.invokeStatic(java.lang.Object, java.lang.Object, java.lang.Object, java.lang.Object, java.lang.Object, long)'> (0x00000000f9052a48) 
thrown [s\src\hotspot\share\interpreter\linkResolver.cpp, line 805]
Event: 1.055 Thread 0x000001659a301b60 Exception <a 'java/lang/NoSuchMethodError'{0x00000000f9076bd0}: 'void java.lang.invoke.DelegatingMethodHandle$Holder.reinvoke_L(java.lang.Object, java.lang.Object, java.lang.Object, java.lang.Object, long, long, long)'> (0x00000000f9076bd0) 
thrown [s\src\hotspot\share\interpreter\linkResolver.cpp, line 805]
Event: 1.057 Thread 0x000001659a301b60 Exception <a 'java/lang/NoSuchMethodError'{0x00000000f90a5360}: 'long java.lang.invoke.DirectMethodHandle$Holder.invokeStaticInit(java.lang.Object, java.lang.Object, java.lang.Object)'> (0x00000000f90a5360) 
thrown [s\src\hotspot\share\interpreter\linkResolver.cpp, line 805]
Event: 1.058 Thread 0x000001659a301b60 Exception <a 'java/lang/NoSuchMethodError'{0x00000000f90b5b10}: 'long java.lang.invoke.DelegatingMethodHandle$Holder.reinvoke_L(java.lang.Object, java.lang.Object, java.lang.Object)'> (0x00000000f90b5b10) 
thrown [s\src\hotspot\share\interpreter\linkResolver.cpp, line 805]
Event: 1.061 Thread 0x000001659a301b60 Exception <a 'java/lang/NoSuchMethodError'{0x00000000f8f085d8}: 'long java.lang.invoke.DelegatingMethodHandle$Holder.reinvoke_L(java.lang.Object, java.lang.Object, java.lang.Object, java.lang.Object, long, long)'> (0x00000000f8f085d8) 
thrown [s\src\hotspot\share\interpreter\linkResolver.cpp, line 805]
Event: 1.069 Thread 0x000001659a301b60 Exception <a 'java/lang/NoSuchMethodError'{0x00000000f8f82fd0}: 'long java.lang.invoke.DirectMethodHandle$Holder.invokeStatic(java.lang.Object, java.lang.Object, java.lang.Object, long, long, long)'> (0x00000000f8f82fd0) 
thrown [s\src\hotspot\share\interpreter\linkResolver.cpp, line 805]
Event: 1.069 Thread 0x000001659a301b60 Exception <a 'java/lang/NoSuchMethodError'{0x00000000f8f8b6f8}: 'long java.lang.invoke.DirectMethodHandle$Holder.invokeStaticInit(java.lang.Object, java.lang.Object, java.lang.Object, long, long, long)'> (0x00000000f8f8b6f8) 
thrown [s\src\hotspot\share\interpreter\linkResolver.cpp, line 805]
Event: 1.069 Thread 0x000001659a301b60 Exception <a 'java/lang/NoSuchMethodError'{0x00000000f8f9c188}: 'long java.lang.invoke.DelegatingMethodHandle$Holder.reinvoke_L(java.lang.Object, java.lang.Object, java.lang.Object, long, long, long)'> (0x00000000f8f9c188) 
thrown [s\src\hotspot\share\interpreter\linkResolver.cpp, line 805]
Event: 1.074 Thread 0x000001659a301b60 Exception <a 'java/lang/NoSuchMethodError'{0x00000000f8e12670}: 'long java.lang.invoke.DirectMethodHandle$Holder.invokeStatic(java.lang.Object, java.lang.Object, java.lang.Object, long, long)'> (0x00000000f8e12670) 
thrown [s\src\hotspot\share\interpreter\linkResolver.cpp, line 805]
Event: 1.074 Thread 0x000001659a301b60 Exception <a 'java/lang/NoSuchMethodError'{0x00000000f8e1ad70}: 'long java.lang.invoke.DirectMethodHandle$Holder.invokeStaticInit(java.lang.Object, java.lang.Object, java.lang.Object, long, long)'> (0x00000000f8e1ad70) 
thrown [s\src\hotspot\share\interpreter\linkResolver.cpp, line 805]
Event: 1.074 Thread 0x000001659a301b60 Exception <a 'java/lang/NoSuchMethodError'{0x00000000f8e23910}: 'long java.lang.invoke.DirectMethodHandle$Holder.invokeSpecial(java.lang.Object, java.lang.Object, java.lang.Object, java.lang.Object, long, long)'> (0x00000000f8e23910) 
thrown [s\src\hotspot\share\interpreter\linkResolver.cpp, line 805]
Event: 1.075 Thread 0x000001659a301b60 Exception <a 'java/lang/NoSuchMethodError'{0x00000000f8e2c018}: 'long java.lang.invoke.DelegatingMethodHandle$Holder.reinvoke_L(java.lang.Object, java.lang.Object, java.lang.Object, long, long)'> (0x00000000f8e2c018) 
thrown [s\src\hotspot\share\interpreter\linkResolver.cpp, line 805]
Event: 1.075 Thread 0x000001659a301b60 Exception <a 'java/lang/NoSuchMethodError'{0x00000000f8e55c40}: 'java.lang.Object java.lang.invoke.Invokers$Holder.invoke_MT(java.lang.Object, long, long, java.lang.Object)'> (0x00000000f8e55c40) 
thrown [s\src\hotspot\share\interpreter\linkResolver.cpp, line 805]

VM Operations (20 events):
Event: 1.071 Executing VM operation: HandshakeAllThreads (CloseScopedMemory)
Event: 1.071 Executing VM operation: HandshakeAllThreads (CloseScopedMemory) done
Event: 1.076 Executing VM operation: HandshakeAllThreads (CloseScopedMemory)
Event: 1.076 Executing VM operation: HandshakeAllThreads (CloseScopedMemory) done
Event: 1.078 Executing VM operation: HandshakeAllThreads (CloseScopedMemory)
Event: 1.078 Executing VM operation: HandshakeAllThreads (CloseScopedMemory) done
Event: 1.081 Executing VM operation: HandshakeAllThreads (CloseScopedMemory)
Event: 1.081 Executing VM operation: HandshakeAllThreads (CloseScopedMemory) done
Event: 1.084 Executing VM operation: HandshakeAllThreads (CloseScopedMemory)
Event: 1.084 Executing VM operation: HandshakeAllThreads (CloseScopedMemory) done
Event: 1.086 Executing VM operation: HandshakeAllThreads (CloseScopedMemory)
Event: 1.086 Executing VM operation: HandshakeAllThreads (CloseScopedMemory) done
Event: 1.088 Executing VM operation: HandshakeAllThreads (CloseScopedMemory)
Event: 1.088 Executing VM operation: HandshakeAllThreads (CloseScopedMemory) done
Event: 1.089 Executing VM operation: HandshakeAllThreads (CloseScopedMemory)
Event: 1.089 Executing VM operation: HandshakeAllThreads (CloseScopedMemory) done
Event: 1.091 Executing VM operation: HandshakeAllThreads (CloseScopedMemory)
Event: 1.091 Executing VM operation: HandshakeAllThreads (CloseScopedMemory) done
Event: 1.093 Executing VM operation: HandshakeAllThreads (CloseScopedMemory)
Event: 1.093 Executing VM operation: HandshakeAllThreads (CloseScopedMemory) done

Memory protections (0 events):
No events

Nmethod flushes (0 events):
No events

Events (20 events):
Event: 0.021 Thread 0x000001659a301b60 Thread added: 0x00000165b8632620
Event: 0.021 Thread 0x000001659a301b60 Thread added: 0x00000165b8632d60
Event: 0.021 Thread 0x000001659a301b60 Thread added: 0x00000165b86334a0
Event: 0.021 Thread 0x000001659a301b60 Thread added: 0x00000165b8637d20
Event: 0.021 Thread 0x000001659a301b60 Thread added: 0x00000165b8638590
Event: 0.021 Thread 0x000001659a301b60 Thread added: 0x00000165b863b140
Event: 0.021 Thread 0x000001659a301b60 Thread added: 0x00000165b8656e50
Event: 0.029 Thread 0x00000165b863b140 Thread added: 0x00000165b8592fb0
Event: 0.030 Thread 0x00000165b8592fb0 Thread added: 0x00000165b8798a00
Event: 0.031 Thread 0x000001659a301b60 Thread added: 0x00000165b87ae3d0
Event: 0.031 Thread 0x000001659a301b60 Thread added: 0x00000165b87b7b60
Event: 0.060 Thread 0x00000165b8798a00 Thread added: 0x00000165b88742b0
Event: 0.062 Thread 0x00000165b88742b0 Thread added: 0x00000165b88fed70
Event: 0.235 Thread 0x00000165b8798a00 Thread added: 0x00000165fe797f80
Event: 0.293 Thread 0x000001659a301b60 Thread added: 0x00000165fe872460
Event: 0.344 Thread 0x000001659a301b60 Thread added: 0x00000165fe867dd0
Event: 0.344 Thread 0x000001659a301b60 Thread added: 0x00000165fe872fb0
Event: 0.520 Thread 0x00000165b8592fb0 Thread added: 0x00000165feb7ea30
Event: 0.521 Thread 0x00000165b8656e50 Thread added: 0x00000165feb7f3d0
Event: 0.528 Thread 0x00000165b8656e50 Thread added: 0x00000165fea0a560


Dynamic libraries:
0x00007ff6eef40000 - 0x00007ff6eef4e000 	C:\Users\ziad\.jdks\azul-24.0.2\bin\java.exe
0x00007ffc42620000 - 0x00007ffc42883000 	C:\windows\SYSTEM32\ntdll.dll
0x00007ffc420b0000 - 0x00007ffc42177000 	C:\windows\System32\KERNEL32.DLL
0x00007ffc3fbf0000 - 0x00007ffc3ffb9000 	C:\windows\System32\KERNELBASE.dll
0x00007ffc3f960000 - 0x00007ffc3faac000 	C:\windows\System32\ucrtbase.dll
0x00007ffc20340000 - 0x00007ffc20356000 	C:\Users\ziad\.jdks\azul-24.0.2\bin\jli.dll
0x00007ffc23480000 - 0x00007ffc2349e000 	C:\Users\ziad\.jdks\azul-24.0.2\bin\VCRUNTIME140.dll
0x00007ffc40bc0000 - 0x00007ffc40d8a000 	C:\windows\System32\USER32.dll
0x00007ffc1e680000 - 0x00007ffc1e910000 	C:\windows\WinSxS\amd64_microsoft.windows.common-controls_6595b64144ccf1df_6.0.26100.3323_none_3e088096e3344490\COMCTL32.dll
0x00007ffc402b0000 - 0x00007ffc402d7000 	C:\windows\System32\win32u.dll
0x00007ffc42230000 - 0x00007ffc422d9000 	C:\windows\System32\msvcrt.dll
0x00007ffc42080000 - 0x00007ffc420aa000 	C:\windows\System32\GDI32.dll
0x00007ffc3fab0000 - 0x00007ffc3fbe1000 	C:\windows\System32\gdi32full.dll
0x00007ffc3f8b0000 - 0x00007ffc3f953000 	C:\windows\System32\msvcp_win.dll
0x00007ffc41840000 - 0x00007ffc4186f000 	C:\windows\System32\IMM32.DLL
0x00007ffc34290000 - 0x00007ffc3429c000 	C:\Users\ziad\.jdks\azul-24.0.2\bin\vcruntime140_1.dll
0x00007ffbd5510000 - 0x00007ffbd559d000 	C:\Users\ziad\.jdks\azul-24.0.2\bin\msvcp140.dll
0x00007ffb520a0000 - 0x00007ffb52f1c000 	C:\Users\ziad\.jdks\azul-24.0.2\bin\server\jvm.dll
0x00007ffc42520000 - 0x00007ffc425d2000 	C:\windows\System32\ADVAPI32.dll
0x00007ffc41fd0000 - 0x00007ffc42076000 	C:\windows\System32\sechost.dll
0x00007ffc42400000 - 0x00007ffc42516000 	C:\windows\System32\RPCRT4.dll
0x00007ffc41b60000 - 0x00007ffc41bd4000 	C:\windows\System32\WS2_32.dll
0x00007ffc3e470000 - 0x00007ffc3e4be000 	C:\windows\SYSTEM32\POWRPROF.dll
0x00007ffc2e2b0000 - 0x00007ffc2e2bb000 	C:\windows\SYSTEM32\VERSION.dll
0x00007ffc34450000 - 0x00007ffc34486000 	C:\windows\SYSTEM32\WINMM.dll
0x00007ffc3e450000 - 0x00007ffc3e464000 	C:\windows\SYSTEM32\UMPDC.dll
0x00007ffc3e710000 - 0x00007ffc3e72a000 	C:\windows\SYSTEM32\kernel.appcore.dll
0x00007ffc20330000 - 0x00007ffc2033a000 	C:\Users\ziad\.jdks\azul-24.0.2\bin\jimage.dll
0x00007ffc31e80000 - 0x00007ffc320c1000 	C:\windows\SYSTEM32\DBGHELP.DLL
0x00007ffc40ea0000 - 0x00007ffc41222000 	C:\windows\System32\combase.dll
0x00007ffc41a80000 - 0x00007ffc41b56000 	C:\windows\System32\OLEAUT32.dll
0x00007ffc1df00000 - 0x00007ffc1df39000 	C:\windows\SYSTEM32\dbgcore.DLL
0x00007ffc402e0000 - 0x00007ffc40379000 	C:\windows\System32\bcryptPrimitives.dll
0x00007ffc20310000 - 0x00007ffc2032e000 	C:\Users\ziad\.jdks\azul-24.0.2\bin\java.dll
0x00007ffc41e10000 - 0x00007ffc41fa5000 	C:\windows\System32\ole32.dll
0x00007ffc40440000 - 0x00007ffc40b55000 	C:\windows\System32\SHELL32.dll
0x00007ffc3ffc0000 - 0x00007ffc40128000 	C:\windows\System32\wintypes.dll
0x00007ffc3d4c0000 - 0x00007ffc3dd05000 	C:\windows\SYSTEM32\windows.storage.dll
0x00007ffc42310000 - 0x00007ffc423fb000 	C:\windows\System32\SHCORE.dll
0x00007ffc41920000 - 0x00007ffc4197d000 	C:\windows\System32\shlwapi.dll
0x00007ffc3f730000 - 0x00007ffc3f75f000 	C:\windows\SYSTEM32\profapi.dll
0x00007ffbcee00000 - 0x00007ffbceed7000 	C:\Users\ziad\.jdks\azul-24.0.2\bin\jsvml.dll
0x00007ffc20300000 - 0x00007ffc20310000 	C:\Users\ziad\.jdks\azul-24.0.2\bin\net.dll
0x00007ffc3ec10000 - 0x00007ffc3ec7a000 	C:\windows\system32\mswsock.dll
0x00007ffbddfe0000 - 0x00007ffbddff6000 	C:\Users\ziad\.jdks\azul-24.0.2\bin\nio.dll
0x00007ffbddfc0000 - 0x00007ffbddfd7000 	C:\Users\ziad\.jdks\azul-24.0.2\bin\zip.dll
0x00007ffc20040000 - 0x00007ffc20050000 	C:\Users\ziad\.jdks\azul-24.0.2\bin\verify.dll
0x00007ffbf7c80000 - 0x00007ffbf7c89000 	C:\Users\ziad\.jdks\azul-24.0.2\bin\extnet.dll
0x00007ffbf63a0000 - 0x00007ffbf63ae000 	C:\Users\ziad\.jdks\azul-24.0.2\bin\sunmscapi.dll
0x00007ffc40130000 - 0x00007ffc402a7000 	C:\windows\System32\CRYPT32.dll
0x00007ffc3f110000 - 0x00007ffc3f140000 	C:\windows\SYSTEM32\ncrypt.dll
0x00007ffc3f0c0000 - 0x00007ffc3f0ff000 	C:\windows\SYSTEM32\NTASN1.dll
0x00007ffc300c0000 - 0x00007ffc300c8000 	C:\windows\system32\wshunix.dll
0x00007ffc3efc0000 - 0x00007ffc3efdc000 	C:\windows\SYSTEM32\CRYPTSP.dll
0x00007ffc3e670000 - 0x00007ffc3e6aa000 	C:\windows\system32\rsaenh.dll
0x00007ffc3ecb0000 - 0x00007ffc3ecdb000 	C:\windows\SYSTEM32\USERENV.dll
0x00007ffc3f150000 - 0x00007ffc3f176000 	C:\windows\SYSTEM32\bcrypt.dll
0x00007ffc3ee40000 - 0x00007ffc3ee4c000 	C:\windows\SYSTEM32\CRYPTBASE.dll
0x00007ffc3e0e0000 - 0x00007ffc3e113000 	C:\windows\SYSTEM32\IPHLPAPI.DLL
0x00007ffc40e90000 - 0x00007ffc40e9a000 	C:\windows\System32\NSI.dll
0x00007ffbf4e60000 - 0x00007ffbf4e69000 	C:\Users\ziad\.jdks\azul-24.0.2\bin\syslookup.dll

JVMTI agents: none

dbghelp: loaded successfully - version: 4.0.5 - missing functions: none
symbol engine: initialized successfully - sym options: 0x614 - pdb path: .;C:\Users\ziad\.jdks\azul-24.0.2\bin;C:\windows\SYSTEM32;C:\windows\WinSxS\amd64_microsoft.windows.common-controls_6595b64144ccf1df_6.0.26100.3323_none_3e088096e3344490;C:\Users\ziad\.jdks\azul-24.0.2\bin\server

VM Arguments:
jvm_args: -Dorg.gradle.internal.worker.tmpdir=C:\src\kgen\examples\lang\build\tmp\test\work --enable-native-access=ALL-UNNAMED -Xmx512m -Dfile.encoding=UTF-8 -Duser.country=US -Duser.language=en -Duser.variant -ea 
java_command: worker.org.gradle.process.internal.worker.GradleWorkerMain 'Gradle Test Executor 1'
java_class_path (initial): C:\\Users\\ziad\\.gradle\\caches\\8.14.1\\workerMain\\gradle-worker.jar;C:\\src\\kgen\\examples\\lang\\build\\classes\\kotlin\\test;C:\\src\\kgen\\examples\\lang\\build\\classes\\kotlin\\main;C:\\src\\kgen\\kgen\\build\\libs\\kgen-0.1.0-SNAPSHOT.jar;C:\\Users\\ziad\\.gradle\\caches\\modules-2\\files-2.1\\org.jetbrains.kotlin\\kotlin-test-junit5\\2.1.10\\fc0a18dd6972c35268f29fa357fc2a30c11728b6\\kotlin-test-junit5-2.1.10.jar;C:\\Users\\ziad\\.gradle\\caches\\modules-2\\files-2.1\\org.jetbrains.kotlin\\kotlin-test\\2.1.10\\9a70f7e2e364080626a4f9ec7256290dee15fd5\\kotlin-test-2.1.10.jar;C:\\Users\\ziad\\.gradle\\caches\\modules-2\\files-2.1\\org.jetbrains.kotlin\\kotlin-stdlib\\2.1.10\\d3028429e7151d7a7c1a0d63a4f60eac86a87b91\\kotlin-stdlib-2.1.10.jar;C:\\Users\\ziad\\.gradle\\caches\\modules-2\\files-2.1\\org.jetbrains\\annotations\\13.0\\919f0dfe192fb4e063e7dacadee7f8bb9a2672a9\\annotations-13.0.jar;C:\\Users\\ziad\\.gradle\\caches\\modules-2\\files-2.1\\org.junit.platform\\junit-platform-launcher\\1.10.1\\ce85bf5e38bee0989ded9bd468dd4ff78dc0cfa8\\junit-platform-launcher-1.10.1.jar;C:\\Users\\ziad\\.gradle\\caches\\modules-2\\files-2.1\\org.junit.platform\\junit-platform-engine\\1.10.1\\f32ae4af74fde68414b8a3d2b7cf1fb43824a83a\\junit-platform-engine-1.10.1.jar;C:\\Users\\ziad\\.gradle\\caches\\modules-2\\files-2.1\\org.junit.jupiter\\junit-jupiter-api\\5.10.1\\eb90c7d8bfaae8fdc97b225733fcb595ddd72843\\junit-jupiter-api-5.10.1.jar;C:\\Users\\ziad\\.gradle\\caches\\modules-2\\files-2.1\\org.junit.platform\\junit-platform-commons\\1.10.1\\2bfcd4a4e38b10c671b6916d7e543c20afe25579\\junit-platform-commons-1.10.1.jar;C:\\Users\\ziad\\.gradle\\caches\\modules-2\\files-2.1\\org.junit.jupiter\\junit-jupiter-engine\\5.10.1\\6c9ff773f9aa842b91d1f2fe4658973252ce2428\\junit-jupiter-engine-5.10.1.jar;C:\\Users\\ziad\\.gradle\\caches\\modules-2\\files-2.1\\org.opentest4j\\opentest4j\\1.3.0\\152ea56b3a72f655d4fd677fc0ef2596c3dd5e6e\\opentest4j-1.3.0.jar
Launcher Type: SUN_STANDARD

[Global flags]
     intx CICompilerCount                          = 12                                        {product} {ergonomic}
     uint ConcGCThreads                            = 3                                         {product} {ergonomic}
     uint G1ConcRefinementThreads                  = 13                                        {product} {ergonomic}
   size_t G1HeapRegionSize                         = 1048576                                   {product} {ergonomic}
   size_t InitialHeapSize                          = 434110464                                 {product} {ergonomic}
   size_t MarkStackSize                            = 4194304                                   {product} {ergonomic}
   size_t MarkStackSizeMax                         = 536870912                                 {product} {ergonomic}
   size_t MaxHeapSize                              = 536870912                                 {product} {command line}
   size_t MaxNewSize                               = 321912832                                 {product} {ergonomic}
   size_t MinHeapDeltaBytes                        = 1048576                                   {product} {ergonomic}
   size_t MinHeapSize                              = 8388608                                   {product} {ergonomic}
    uintx NonNMethodCodeHeapSize                   = 7602176                                {pd product} {ergonomic}
    uintx NonProfiledCodeHeapSize                  = 122093568                              {pd product} {ergonomic}
    uintx ProfiledCodeHeapSize                     = 121962496                              {pd product} {ergonomic}
    uintx ReservedCodeCacheSize                    = 251658240                              {pd product} {ergonomic}
     bool SegmentedCodeCache                       = true                                      {product} {ergonomic}
   size_t SoftMaxHeapSize                          = 536870912                              {manageable} {ergonomic}
     bool UseCompressedOops                        = true                           {product lp64_product} {ergonomic}
     bool UseG1GC                                  = true                                      {product} {ergonomic}
     bool UseLargePagesIndividualAllocation        = false                                  {pd product} {ergonomic}

Logging:
Log output configuration:
 #0: stdout all=warning uptime,level,tags foldmultilines=false
 #1: stderr all=off uptime,level,tags foldmultilines=false

Environment Variables:
JAVA_HOME=C:\Users\ziad\.jdks\azul-24.0.2
PATH=C:\windows\system32;C:\windows;C:\windows\System32\Wbem;C:\windows\System32\WindowsPowerShell\v1.0\;C:\windows\System32\OpenSSH\;C:\Program Files\Microsoft SQL Server\150\Tools\Binn\;C:\Program Files\Microsoft SQL Server\Client SDK\ODBC\170\Tools\Binn\;C:\Program Files\dotnet\;C:\Program Files\Microsoft SQL Server\170\Tools\Binn\;C:\Users\ziad\AppData\Local\Microsoft\WindowsApps;C:\Users\ziad\AppData\Local\Programs\Microsoft VS Code\bin;C:\Users\ziad\.dotnet\tools
USERNAME=ziad
OS=Windows_NT
PROCESSOR_IDENTIFIER=AMD64 Family 25 Model 116 Stepping 1, AuthenticAMD
TMP=C:\Users\ziad\AppData\Local\Temp
TEMP=C:\Users\ziad\AppData\Local\Temp




Periodic native trim disabled

---------------  S Y S T E M  ---------------

OS:
 Windows 11 , 64 bit Build 26100 (10.0.26100.3323)
OS uptime: 10 days 14:47 hours
Hyper-V role detected

CPU: total 16 (initial active 16) (16 cores per cpu, 2 threads per core) family 25 model 116 stepping 1 microcode 0xa704107, cx8, cmov, fxsr, ht, mmx, 3dnowpref, sse, sse2, sse3, ssse3, sse4a, sse4.1, sse4.2, popcnt, lzcnt, tsc, tscinvbit, avx, avx2, aes, erms, clmul, bmi1, bmi2, adx, avx512f, avx512dq, avx512cd, avx512bw, avx512vl, sha, fma, vzeroupper, avx512_vpopcntdq, avx512_vpclmulqdq, avx512_vaes, avx512_vnni, clflush, clflushopt, avx512_vbmi2, avx512_vbmi, hv, rdtscp, rdpid, fsrm, gfni, avx512_bitalg, f16c, cet_ss, avx512_ifma
Processor Information for the first 16 processors :
  Max Mhz: 3801, Current Mhz: 3801, Mhz Limit: 3801

Memory: 4k page, system-wide physical 26421M (8202M free)
TotalPageFile size 38264M (AvailPageFile size 5776M)
current process WorkingSet (physical memory assigned to process): 196M, peak: 202M
current process commit charge ("private bytes"): 613M, peak: 627M

vm_info: OpenJDK 64-Bit Server VM (24.0.2+12) for windows-amd64 JRE (24.0.2+12) (Zulu24.32+13-CA), built on 2025-07-11T12:45:44Z with MS VC++ 17.1 (VS2022)

END.
